{"type":"FeatureCollection","name":"Blue Mesa Reservoir 2019 bathymetric contours","metadata":{"water":"Blue Mesa Reservoir","survey_year":2019,"full_pool_elevation_ft":7519,"depth_reference":"Feet below the published full-pool elevation","vertical_datum":"Reclamation Project Vertical Datum","source":"U.S. Bureau of Reclamation","source_url":"https://www.usbr.gov/tsc/techreferences/reservoir/BlueMesaReservoir2019GISSurface.tif.zip","disclaimer":"Historical survey contours are for planning only and do not represent current depth or navigation hazards."},"features":[{"type":"Feature","properties":{"depth_ft":25,"elevation_ft":7494,"major":false},"geometry":{"type":"LineString","coordinates":[[-107.30303831857519,38.52348793451542],[-107.30375713062328,38.524608674949064],[-107.30373733066818,38.52515178940651],[-107.30394957171313,38.52524626791647],[-107.30436495255098,38.52507523766019],[-107.30457968592255,38.52541975221313],[-107.30500413612786,38.52545579701975],[-107.30613312524052,38.525230715660406],[-107.3049965301531,38.52515511539582],[-107.30390491551778,38.52411202254544],[-107.3038248918674,38.52328935942292],[-107.30324163475757,38.52214475895191],[-107.30223282669651,38.521666362838],[-107.30136409224207,38.52151511831648],[-107.30111722278126,38.52111561571633],[-107.30103630700978,38.520037184737134],[-107.3012469741371,38.519704338557894],[-107.30084377438781,38.518721926077106],[-107.30144815542495,38.5180533820107],[-107.30219197767892,38.51557005646321],[-107.30222550436712,38.51441605814022],[-107.30197383044795,38.51348864896219]]}},{"type":"Feature","properties":{"depth_ft":25,"elevation_ft":7494,"major":false},"geometry":{"type":"LineString","coordinates":[[-107.3013769394159,38.522515037042076],[-107.30178132802993,38.5224853075188],[-107.30284396592945,38.523016280063125],[-107.30304405517144,38.52345005210847]]}},{"type":"Feature","properties":{"depth_ft":25,"elevation_ft":7494,"major":false},"geometry":{"type":"LineString","coordinates":[[-107.29925037081514,38.51365427576024],[-107.29928659843159,38.51509122011021],[-107.29850570555448,38.51612180550883],[-107.29844246332003,38.516946699830264],[-107.29767360190866,38.51778256750308],[-107.29779980907131,38.518274951376],[-107.29710162472448,38.5186153697297],[-107.2981275603449,38.519056091683105],[-107.29849401089407,38.51941762966726],[-107.29901611562185,38.520068635602435],[-107.29904007906026,38.520727391274356],[-107.2994616891846,38.52088561257673],[-107.29986466375637,38.521372691881865],[-107.30002337513625,38.52219512694013],[-107.30122105304204,38.52250603998695]]}},{"type":"Feature","properties":{"depth_ft":25,"elevation_ft":7494,"major":false},"geometry":{"type":"LineString","coordinates":[[-107.30197744072422,38.513427177093455],[-107.3019685220986,38.51293702372985],[-107.30152325019682,38.512449616506416],[-107.30157460528018,38.51195446958356],[-107.30216461733471,38.51161570919346],[-107.30199207100847,38.51095926989551],[-107.30229311453886,38.51029544809651],[-107.30342178049466,38.508959588432845],[-107.30427446660518,38.507298460236434],[-107.3042681847432,38.50630986443675],[-107.3046923330525,38.50547933195939],[-107.30445833183671,38.504988637969014],[-107.30570994329933,38.50299170539811],[-107.30587881678801,38.50150602604428],[-107.30569721953486,38.5001906041855],[-107.30602721140747,38.499691101610274],[-107.3058035543717,38.49920024889757],[-107.30629931017634,38.49869815563338],[-107.30646197488484,38.49787170165846],[-107.30647767614339,38.49770667389278],[-107.30575961574996,38.49726163100732],[-107.30498402525963,38.49542305601379],[-107.30541436729719,38.49426285845751],[-107.30480982802031,38.4941075177834],[-107.30465282852093,38.49361562237463],[-107.30431388730511,38.49345613184048],[-107.30452663205124,38.49262889898418],[-107.30492711845574,38.492128298501164],[-107.3041518445217,38.49098692723104],[-107.30433368899301,38.49064271423887],[-107.30560810087479,38.48997549148651],[-107.30453538940249,38.48949789875282],[-107.30454859239182,38.489332910314886],[-107.30524289072874,38.488827720453884],[-107.30553835777093,38.48734006394507],[-107.30614490274192,38.486012327538695],[-107.30644910354087,38.48435974944314],[-107.30614205434973,38.48288150774491],[-107.30623666447362,38.482385682023256],[-107.30680926957987,38.481388036557824],[-107.30826866918497,38.48004694984352],[-107.30851157686449,38.479548801272394],[-107.3090894075697,38.479210191614094],[-107.3107144091748,38.477579845341666],[-107.3109206296658,38.4774421355688],[-107.31134192120781,38.47751570165001],[-107.31256637500721,38.47635440191533],[-107.31231109634663,38.47569927589121],[-107.31247345639976,38.475202381668055],[-107.31376085922145,38.47454036764032]]}},{"type":"Feature","properties":{"depth_ft":25,"elevation_ft":7494,"major":false},"geometry":{"type":"LineString","coordinates":[[-107.29866207880582,38.51142910244882],[-107.29790159081067,38.51217643142086],[-107.29847965821335,38.512497004316785],[-107.29879393830494,38.51297108705723]]}},{"type":"Feature","properties":{"depth_ft":25,"elevation_ft":7494,"major":false},"geometry":{"type":"LineString","coordinates":[[-107.2993127138231,38.50972067978307],[-107.29877142683391,38.51130123077089]]}},{"type":"Feature","properties":{"depth_ft":25,"elevation_ft":7494,"major":false},"geometry":{"type":"LineString","coordinates":[[-107.30196452772451,38.50082903778831],[-107.30188881885931,38.50181128930437]]}},{"type":"Feature","properties":{"depth_ft":25,"elevation_ft":7494,"major":false},"geometry":{"type":"LineString","coordinates":[[-107.27775682849118,38.50127781949624],[-107.27835954584732,38.50046491943389]]}},{"type":"Feature","properties":{"depth_ft":25,"elevation_ft":7494,"major":false},"geometry":{"type":"LineString","coordinates":[[-107.30115926802132,38.49784042244551],[-107.30179490917695,38.49924002306681]]}},{"type":"Feature","properties":{"depth_ft":25,"elevation_ft":7494,"major":false},"geometry":{"type":"LineString","coordinates":[[-107.300502555516,38.496754265904265],[-107.30060625582345,38.49730394239254],[-107.3010797525381,38.49773062609953]]}},{"type":"Feature","properties":{"depth_ft":25,"elevation_ft":7494,"major":false},"geometry":{"type":"LineString","coordinates":[[-107.27755178381074,38.496571311778204],[-107.277156045807,38.49816121898698],[-107.27657560957,38.49899404832821],[-107.27621192468449,38.500153106616395],[-107.27325716344077,38.50382365946804],[-107.27424550779048,38.50374526019496],[-107.2758739196397,38.50230045677844],[-107.27672336566418,38.50215430193519],[-107.27775073613452,38.501289113717895]]}},{"type":"Feature","properties":{"depth_ft":25,"elevation_ft":7494,"major":false},"geometry":{"type":"LineString","coordinates":[[-107.29873642212986,38.49354873142129],[-107.29865120472094,38.493709176189505],[-107.29945205602827,38.49468540316081],[-107.30002697166108,38.49596628994628]]}},{"type":"Feature","properties":{"depth_ft":25,"elevation_ft":7494,"major":false},"geometry":{"type":"LineString","coordinates":[[-107.27837249838657,38.49371594344731],[-107.27824239041561,38.49484888400206],[-107.2779469688116,38.49518299144796],[-107.27782398805552,38.49580742844369]]}},{"type":"Feature","properties":{"depth_ft":25,"elevation_ft":7494,"major":false},"geometry":{"type":"LineString","coordinates":[[-107.28286956687955,38.493513169786766],[-107.28406855857969,38.49387134459443],[-107.28416090634832,38.49376898522384],[-107.2833085263207,38.49279345079941],[-107.28379557580564,38.49134115897788]]}},{"type":"Feature","properties":{"depth_ft":25,"elevation_ft":7494,"major":false},"geometry":{"type":"LineString","coordinates":[[-107.29872129464046,38.49266222678297],[-107.29874338135274,38.49353880374929]]}},{"type":"Feature","properties":{"depth_ft":25,"elevation_ft":7494,"major":false},"geometry":{"type":"LineString","coordinates":[[-107.29826538152622,38.49121721934502],[-107.29867802252124,38.49252402573783]]}},{"type":"Feature","properties":{"depth_ft":25,"elevation_ft":7494,"major":false},"geometry":{"type":"LineString","coordinates":[[-107.28383895737905,38.49126668888308],[-107.2844049334536,38.49063436815491],[-107.28608710198455,38.489784475973366],[-107.28626068438709,38.489452230000204],[-107.28655160440921,38.487964698478656],[-107.28617960983311,38.48764088515848],[-107.28681073751083,38.4874663474052],[-107.28619534599133,38.48632879417366]]}},{"type":"Feature","properties":{"depth_ft":25,"elevation_ft":7494,"major":false},"geometry":{"type":"LineString","coordinates":[[-107.2795415486762,38.490912070522846],[-107.27898697277894,38.491971037826985]]}},{"type":"Feature","properties":{"depth_ft":25,"elevation_ft":7494,"major":false},"geometry":{"type":"LineString","coordinates":[[-107.28018115278937,38.489390717795764],[-107.28020769285014,38.489875188000944],[-107.27955409617557,38.49036228635607]]}},{"type":"Feature","properties":{"depth_ft":25,"elevation_ft":7494,"major":false},"geometry":{"type":"LineString","coordinates":[[-107.28091024744587,38.48811306184285],[-107.28065698965561,38.488879577880894],[-107.27993908057977,38.48903695150947]]}},{"type":"Feature","properties":{"depth_ft":25,"elevation_ft":7494,"major":false},"geometry":{"type":"LineString","coordinates":[[-107.29732013308987,38.48699740914135],[-107.29739394398248,38.48829092789496],[-107.2977756301335,38.488614555209125],[-107.29811877867621,38.489597909132435],[-107.29823158435143,38.49042006430499],[-107.29801490181457,38.49058821755987],[-107.2982378336796,38.49106055384495]]}},{"type":"Feature","properties":{"depth_ft":25,"elevation_ft":7494,"major":false},"geometry":{"type":"LineString","coordinates":[[-107.06038441875727,38.48996019648621],[-107.06061559473235,38.490940887760665],[-107.06096031319919,38.48991353780758],[-107.06079511999684,38.48955875933984],[-107.06028129115475,38.48959315842684],[-107.06036613731041,38.48990809356176]]}},{"type":"Feature","properties":{"depth_ft":25,"elevation_ft":7494,"major":false},"geometry":{"type":"LineString","coordinates":[[-107.28618601348136,38.486281636010375],[-107.28613913637311,38.48566413124774],[-107.28697784412077,38.48532160221048],[-107.28629436424788,38.48483782389871],[-107.28732381521003,38.48284452713775],[-107.28753761508025,38.48162613943015],[-107.28836249375406,38.48106651977252],[-107.28878508529178,38.4811921325806],[-107.28964208885431,38.481914767281076],[-107.2905877351362,38.48180530923886],[-107.29214027476196,38.48117721873774],[-107.29297983652842,38.48120392367674],[-107.29382572597324,38.4814824592111],[-107.29524058488211,38.48255702973845],[-107.29639982101027,38.484501818540984]]}},{"type":"Feature","properties":{"depth_ft":25,"elevation_ft":7494,"major":false},"geometry":{"type":"LineString","coordinates":[[-107.06007176859212,38.4891016645798],[-107.0613007554603,38.48875552055664],[-107.06360184423632,38.4871368165919]]}},{"type":"Feature","properties":{"depth_ft":25,"elevation_ft":7494,"major":false},"geometry":{"type":"LineString","coordinates":[[-107.05850984909443,38.4889300214283],[-107.05888665276083,38.48860479639278],[-107.0592193003056,38.48911316832801]]}},{"type":"Feature","properties":{"depth_ft":25,"elevation_ft":7494,"major":false},"geometry":{"type":"LineString","coordinates":[[-107.29664533280386,38.485186173593284],[-107.2969784360587,38.48549609515112],[-107.29730313030473,38.48696143729986]]}},{"type":"Feature","properties":{"depth_ft":25,"elevation_ft":7494,"major":false},"geometry":{"type":"LineString","coordinates":[[-107.28170920542297,38.485107181386624],[-107.28115949880019,38.48640011274509],[-107.28113715762292,38.48735617487633]]}},{"type":"Feature","properties":{"depth_ft":25,"elevation_ft":7494,"major":false},"geometry":{"type":"LineString","coordinates":[[-107.04146230666753,38.48786879962734],[-107.04147060256145,38.488229521395155],[-107.04167923458203,38.488030280756114],[-107.04166356437227,38.48745284331221],[-107.04146278550793,38.48786746165244]]}},{"type":"Feature","properties":{"depth_ft":25,"elevation_ft":7494,"major":false},"geometry":{"type":"LineString","coordinates":[[-107.04882739273096,38.48714204940577],[-107.04941267560436,38.486949366048194],[-107.04953352350259,38.48660705266249],[-107.04829666331614,38.487117950467564],[-107.04849773338408,38.487178896400145]]}},{"type":"Feature","properties":{"depth_ft":25,"elevation_ft":7494,"major":false},"geometry":{"type":"LineString","coordinates":[[-107.06462581188951,38.48673326388525],[-107.06701051513919,38.48606269217119],[-107.06932689052618,38.48648908858848],[-107.0703897257338,38.48713426667671],[-107.07186091622046,38.48727392584565],[-107.07395506410077,38.48713035193623],[-107.07542537874069,38.48722996128689],[-107.07627015685229,38.48749506657878],[-107.07794762638147,38.48747753681685],[-107.07835442790709,38.487370460746085],[-107.07856810624816,38.48708330610147],[-107.07940279539356,38.48689187390851],[-107.08003665381563,38.48710276231236],[-107.08067949711348,38.48771930600085],[-107.0817176439461,38.48724454997766],[-107.08505285718181,38.48632148005191],[-107.08589241640898,38.48635043649554],[-107.08693584610242,38.4861157680634],[-107.08749406376297,38.48658618058721],[-107.0883494536169,38.486574427679066],[-107.08778406642091,38.486534244050034],[-107.08770894990228,38.48625367881382],[-107.08798223871304,38.48601461439287],[-107.09174482892875,38.48545308266277],[-107.09202093244171,38.48520570968724],[-107.09340972942897,38.48487445451284],[-107.09425694431755,38.48524681672589],[-107.09486293098199,38.486319950709934],[-107.09512718717578,38.486649503732565],[-107.09533645331308,38.48662872794037],[-107.09565232029352,38.486144279292986],[-107.09547085244631,38.483510381791284],[-107.0958789967312,38.48317519595595],[-107.09797776254835,38.48282270119558],[-107.09945739208058,38.48334028999503],[-107.0997288647837,38.48328674293128],[-107.10052286397722,38.48409276225182],[-107.10090112286039,38.48392961121991],[-107.10064461180944,38.48360361361655],[-107.10075244514375,38.48343734467567],[-107.1018935230927,38.48325675804305],[-107.10143370556167,38.48260402938233],[-107.1020543607306,38.48210110081673],[-107.10319705149516,38.481767430771285],[-107.10382617457843,38.48176627277106],[-107.10446067237676,38.48200429639073],[-107.1044903234111,38.48157297898882],[-107.10548611104291,38.480974879123],[-107.10591117946166,38.48122565230717],[-107.10611564175937,38.48099214262684],[-107.10738059289301,38.481288247154886],[-107.10699086372044,38.48071435625493],[-107.10850268733847,38.478716015957346],[-107.10875894331453,38.47805334637847],[-107.10835395774971,38.477085616556245]]}},{"type":"Feature","properties":{"depth_ft":25,"elevation_ft":7494,"major":false},"geometry":{"type":"LineString","coordinates":[[-107.0412765471698,38.48701407980475],[-107.04226025535124,38.485948275784686],[-107.04288497277535,38.48574183187398],[-107.0449863504542,38.4859322800725],[-107.04647385977357,38.486829109169726],[-107.0479320369487,38.486800599822786]]}},{"type":"Feature","properties":{"depth_ft":25,"elevation_ft":7494,"major":false},"geometry":{"type":"LineString","coordinates":[[-107.05566024624106,38.486659662298464],[-107.05485790372244,38.486050519552755]]}},{"type":"Feature","properties":{"depth_ft":25,"elevation_ft":7494,"major":false},"geometry":{"type":"LineString","coordinates":[[-107.04795120256989,38.48679303063324],[-107.05021173657437,38.48561791572371]]}},{"type":"Feature","properties":{"depth_ft":25,"elevation_ft":7494,"major":false},"geometry":{"type":"LineString","coordinates":[[-107.05484561739394,38.486029804432256],[-107.05379476174073,38.48508134794634]]}},{"type":"Feature","properties":{"depth_ft":25,"elevation_ft":7494,"major":false},"geometry":{"type":"LineString","coordinates":[[-107.0472938031921,38.48597755869318],[-107.04582930618466,38.485338468918606]]}},{"type":"Feature","properties":{"depth_ft":25,"elevation_ft":7494,"major":false},"geometry":{"type":"LineString","coordinates":[[-107.05025803881836,38.48560869381475],[-107.05126622726283,38.48538390771273],[-107.0519713484641,38.4857504724984],[-107.05369081240055,38.48721033409118],[-107.05471166769654,38.48884434479371],[-107.05617835002667,38.48944194140608],[-107.05805980179935,38.48929593234481]]}},{"type":"Feature","properties":{"depth_ft":25,"elevation_ft":7494,"major":false},"geometry":{"type":"LineString","coordinates":[[-107.2753839726674,38.482041439882785],[-107.2758082948323,38.482237368897415],[-107.27642532699925,38.481749297978425],[-107.27782272400857,38.481391802500696]]}},{"type":"Feature","properties":{"depth_ft":25,"elevation_ft":7494,"major":false},"geometry":{"type":"LineString","coordinates":[[-107.27406787334075,38.48210675243242],[-107.27433946380968,38.48220697779512],[-107.27495839138881,38.481794766493685],[-107.27537996547211,38.48203689118915]]}},{"type":"Feature","properties":{"depth_ft":25,"elevation_ft":7494,"major":false},"geometry":{"type":"LineString","coordinates":[[-107.28166146383528,38.48147039494693],[-107.28207141475542,38.482266517685844],[-107.2816984260004,38.483096176235186],[-107.28152933233025,38.4845801005147]]}},{"type":"Feature","properties":{"depth_ft":25,"elevation_ft":7494,"major":false},"geometry":{"type":"LineString","coordinates":[[-107.05356271531869,38.48490198377964],[-107.05234723900249,38.484262459697]]}},{"type":"Feature","properties":{"depth_ft":25,"elevation_ft":7494,"major":false},"geometry":{"type":"LineString","coordinates":[[-107.04492134490177,38.4848240571206],[-107.04411975376937,38.4846518581613],[-107.04203024093182,38.48500890888762],[-107.041489045025,38.48556121521966],[-107.04088544660851,38.48672267884661],[-107.03991703881015,38.48739468008484],[-107.04006448380487,38.48755748885093],[-107.0397827488517,38.487766264364055],[-107.03684502980724,38.487697522679326],[-107.03573879937544,38.487944596269],[-107.03663920513785,38.48787902569373],[-107.03667275291068,38.48809695550237],[-107.03811410651186,38.48819372153661],[-107.03874785262828,38.488404750486715],[-107.0403967144235,38.48837692855212],[-107.03996437587473,38.48821791658482],[-107.04041738424102,38.48801844768683],[-107.0404241492616,38.488331993020886],[-107.04063159429164,38.48822595889025],[-107.04123614867295,38.487084357790394]]}},{"type":"Feature","properties":{"depth_ft":25,"elevation_ft":7494,"major":false},"geometry":{"type":"LineString","coordinates":[[-107.20206747245986,38.48248388243329],[-107.20261834133383,38.482386370035975],[-107.20325293232804,38.48261373849456],[-107.20424300154946,38.48232767545569]]}},{"type":"Feature","properties":{"depth_ft":25,"elevation_ft":7494,"major":false},"geometry":{"type":"LineString","coordinates":[[-107.27879949449712,38.48116345847183],[-107.27994893619345,38.48099904321693]]}},{"type":"Feature","properties":{"depth_ft":25,"elevation_ft":7494,"major":false},"geometry":{"type":"LineString","coordinates":[[-107.20552520606203,38.482103345626655],[-107.20758695362686,38.481446987315074]]}},{"type":"Feature","properties":{"depth_ft":25,"elevation_ft":7494,"major":false},"geometry":{"type":"LineString","coordinates":[[-107.2808717600026,38.48069111705014],[-107.28143447402509,38.48077834771049],[-107.28164166827422,38.481434389168996]]}},{"type":"Feature","properties":{"depth_ft":25,"elevation_ft":7494,"major":false},"geometry":{"type":"LineString","coordinates":[[-107.05138433766145,38.48406121777297],[-107.05023587271673,38.48412602733028],[-107.04926447701004,38.484798148588496],[-107.04854926280575,38.48582000319579],[-107.04792516221137,38.48605420492273],[-107.04729611628497,38.48597793456056]]}},{"type":"Feature","properties":{"depth_ft":25,"elevation_ft":7494,"major":false},"geometry":{"type":"LineString","coordinates":[[-107.20776325485093,38.48141117804709],[-107.2092937139517,38.48089316180031],[-107.21013929794645,38.48117335384838],[-107.21097847853298,38.48118604318241],[-107.21113886604506,38.4805373487141],[-107.21158245805178,38.480135707940704],[-107.21241634599203,38.47992819943906],[-107.21419391843393,38.47900905887675],[-107.21427765206252,38.47834870036904],[-107.21503918152709,38.47817262137536],[-107.21550958630976,38.47774332183196],[-107.21718685019832,38.47772624955403],[-107.2180176839652,38.477393609020666],[-107.21836657960131,38.47664017606341],[-107.21862577005095,38.47651949122303],[-107.21988686096023,38.47663805975747],[-107.220312632118,38.47690199164284],[-107.22091206527875,38.47643751515378],[-107.22238779551746,38.47599378705812],[-107.22343577572327,38.47597132760016],[-107.22428203788533,38.47627961632519],[-107.22491016412445,38.47623863899198],[-107.22551502469805,38.475234902723436],[-107.22840939276112,38.474196309111335]]}},{"type":"Feature","properties":{"depth_ft":25,"elevation_ft":7494,"major":false},"geometry":{"type":"LineString","coordinates":[[-107.19566381946717,38.480967801950904],[-107.19736685422865,38.48203170785618],[-107.19821340356731,38.482353975226644],[-107.19884195042992,38.48232794444862],[-107.19969118912496,38.48276274652673],[-107.2005215500054,38.482404494944994],[-107.2019514082127,38.48251772475055]]}},{"type":"Feature","properties":{"depth_ft":25,"elevation_ft":7494,"major":false},"geometry":{"type":"LineString","coordinates":[[-107.2711296789011,38.47947176796712],[-107.27193089307683,38.479950733809126],[-107.27284241492221,38.48104007498787],[-107.2734758237052,38.48121094941913],[-107.27411485172479,38.4818891078432]]}},{"type":"Feature","properties":{"depth_ft":25,"elevation_ft":7494,"major":false},"geometry":{"type":"LineString","coordinates":[[-107.26945451970329,38.4785291230162],[-107.27112472603761,38.47946874939926]]}},{"type":"Feature","properties":{"depth_ft":25,"elevation_ft":7494,"major":false},"geometry":{"type":"LineString","coordinates":[[-107.17649257134752,38.47806441433181],[-107.1743964310113,38.47730354583075],[-107.17383725601871,38.47844722428415],[-107.17384299619762,38.4792710297412],[-107.17323513137242,38.479774166123576],[-107.17303713091655,38.48027136600435],[-107.17343859135393,38.48117331325376],[-107.17406255455406,38.480951976265935],[-107.17482736961122,38.48008065575272],[-107.17550221512262,38.479743501592736],[-107.17674253499483,38.47824032684288],[-107.17655442930523,38.478078278336866]]}},{"type":"Feature","properties":{"depth_ft":25,"elevation_ft":7494,"major":false},"geometry":{"type":"LineString","coordinates":[[-107.1773280827013,38.47712321206434],[-107.17813051131108,38.47557460204435],[-107.17911510686162,38.47540465175491],[-107.17909955153333,38.47573443356847],[-107.17939548532142,38.47586229233274],[-107.17963118991625,38.475726707032685],[-107.17999798872687,38.47473155262269],[-107.18125691353426,38.47476261205109],[-107.18242451081824,38.47552129225406],[-107.18348733557606,38.4774831491206],[-107.18384465132188,38.47778832567072],[-107.18468931015829,38.477630409660804],[-107.18522281052162,38.47828174285189],[-107.18679928903838,38.47858095235424],[-107.18814873700306,38.47906292617623],[-107.18834286206875,38.47938964649757],[-107.18828178520722,38.48054398629847],[-107.1887177842346,38.480867172136854],[-107.18895644402731,38.48086368427164],[-107.18940326596403,38.48019803992828],[-107.19018014763944,38.479657791472626],[-107.19060257921097,38.47978466368487],[-107.19097411100981,38.48033984270522],[-107.19146026477361,38.48057949047433],[-107.19354174220949,38.47991804160359],[-107.1950193283988,38.48032172436918],[-107.19559477608891,38.48087866475059]]}},{"type":"Feature","properties":{"depth_ft":25,"elevation_ft":7494,"major":false},"geometry":{"type":"LineString","coordinates":[[-107.26788162517784,38.4755649511601],[-107.26770411600853,38.47737897392267],[-107.26801125136761,38.478198179796294],[-107.26841612533613,38.4783212523749]]}},{"type":"Feature","properties":{"depth_ft":25,"elevation_ft":7494,"major":false},"geometry":{"type":"LineString","coordinates":[[-107.3138125751613,38.47452223843835],[-107.31461365914134,38.474180095399234],[-107.3148031761549,38.47342910506959],[-107.31515086710725,38.47318296177676],[-107.31375182250943,38.473316959979236],[-107.3135485075564,38.4730433402104],[-107.314238222545,38.47270294749702],[-107.31450404727079,38.47203964291074],[-107.31517637030517,38.47161132161369],[-107.31584577458291,38.47152421660657],[-107.31501243215823,38.470878179769976],[-107.31512520197872,38.4700524951589],[-107.31617253660585,38.46955446828214],[-107.31677117098468,38.46953227743729]]}},{"type":"Feature","properties":{"depth_ft":25,"elevation_ft":7494,"major":false},"geometry":{"type":"LineString","coordinates":[[-107.10833343169983,38.477038023099084],[-107.10827052210975,38.47674194051491],[-107.108562389574,38.47640832682843],[-107.108945229137,38.47626976733849],[-107.10929826549639,38.47639808076641],[-107.10949573496777,38.47721920850562],[-107.10892021218142,38.47805110110933],[-107.10937598161959,38.47903340807278],[-107.11028489806043,38.479882313143904],[-107.11134670893722,38.48046968854648],[-107.11196988621926,38.48020562822215],[-107.11197547449471,38.47998582991172],[-107.1107726273043,38.47851962162574],[-107.11070292962681,38.477861490538245],[-107.11105126653973,38.47667011766527],[-107.1125554169918,38.47536401888918],[-107.1162583818652,38.47300542246057],[-107.11683448519659,38.472764567955466],[-107.11720720830237,38.472827370799905]]}},{"type":"Feature","properties":{"depth_ft":25,"elevation_ft":7494,"major":false},"geometry":{"type":"LineString","coordinates":[[-107.22909882452436,38.47384360632184],[-107.22967304017446,38.47374733342565],[-107.22972969023397,38.47399894371572],[-107.22875136093003,38.4756613806803],[-107.22878733060327,38.475990401691696],[-107.22910189846387,38.476140652712196],[-107.2301344753776,38.475482409592296],[-107.23077837885731,38.475301477481125],[-107.2315715293273,38.47420943029762],[-107.23219401534845,38.47393682518228],[-107.23324287413412,38.473951844309184],[-107.23394252443056,38.47377102196889],[-107.23550700382563,38.4722007480079],[-107.23571481612919,38.472123337627885],[-107.23594029804867,38.47277280353882],[-107.23698902311614,38.472782961857384],[-107.23724497556827,38.47190883873975],[-107.23842646316696,38.471533007563686],[-107.23966705317399,38.47081210257972],[-107.24113525124116,38.47082719523086],[-107.24175869781477,38.47059662616765],[-107.24218107023606,38.470719329222945],[-107.2451124841896,38.47054564588259],[-107.24654910194657,38.47094467300847]]}},{"type":"Feature","properties":{"depth_ft":25,"elevation_ft":7494,"major":false},"geometry":{"type":"LineString","coordinates":[[-107.1755713485525,38.47397723042071],[-107.17537878919507,38.47448323736249],[-107.17460551835967,38.474975760873924],[-107.17455019668225,38.476294784486356],[-107.17544101799551,38.477135450631636],[-107.17669103511187,38.47758196285284]]}},{"type":"Feature","properties":{"depth_ft":25,"elevation_ft":7494,"major":false},"geometry":{"type":"LineString","coordinates":[[-107.24786103432007,38.471096763659745],[-107.24848390736831,38.47121508193327],[-107.24994703359154,38.471022681185325],[-107.2522378112328,38.47037777041274],[-107.25266393534137,38.469863396860596],[-107.25327077713693,38.46974724451606],[-107.25409824647465,38.469287996823596],[-107.25560686673283,38.4693243760355],[-107.25620808841197,38.46981580037296],[-107.25875775058492,38.47117228357628],[-107.25919259236633,38.47179976507002],[-107.25960435941143,38.47149050494188],[-107.26002344636386,38.47147838241749],[-107.26066461358108,38.471968680932946],[-107.26110038744115,38.47263307314432],[-107.26193721083754,38.47255356436343],[-107.26261595896977,38.474565435909426],[-107.26349432724471,38.47332377789115],[-107.26573171374366,38.47336125854018],[-107.26615598351634,38.47355826057829],[-107.2665915323478,38.47421107924096],[-107.26741909360892,38.47375682164832],[-107.26784276821532,38.473929494343324],[-107.2680366563603,38.474243048286034],[-107.26788173871763,38.47556251941004]]}},{"type":"Feature","properties":{"depth_ft":25,"elevation_ft":7494,"major":false},"geometry":{"type":"LineString","coordinates":[[-107.10084835971253,38.47321994545576],[-107.09945745433318,38.47398113593102],[-107.0979950885519,38.47422634772374],[-107.09652219978105,38.47400132189159],[-107.09568806986233,38.474209107287464],[-107.0942211469893,38.474250937944014],[-107.0935745855803,38.47346766362099],[-107.09303496994733,38.47415180545691],[-107.09150926016989,38.47488508286949],[-107.0864804140154,38.47505825712481],[-107.08374384583145,38.47458387263754],[-107.08164753698989,38.47461256124804],[-107.08058530790017,38.47399104600832],[-107.07911700551732,38.4739704986306],[-107.07800933608935,38.473534105581194]]}},{"type":"Feature","properties":{"depth_ft":25,"elevation_ft":7494,"major":false},"geometry":{"type":"LineString","coordinates":[[-107.07620919737468,38.473558675203336],[-107.07345416490483,38.47391845935094],[-107.07262421363849,38.474318823485156],[-107.07136343858093,38.4741999539737],[-107.06822861363274,38.47468111231369],[-107.06738555227135,38.474485896356434],[-107.06683976258859,38.4753338455572],[-107.06685908602478,38.47665177754934],[-107.0664601942183,38.4771515083278],[-107.06478917853819,38.47799801927742],[-107.0642444189944,38.47849971724717],[-107.06253320172563,38.48231267331875],[-107.06176469795969,38.48462989920672],[-107.06120717154906,38.48529652856833],[-107.06095272920157,38.4861238359799],[-107.0598955765152,38.48678549630619],[-107.05907459208734,38.48760672056305],[-107.05739430007272,38.487494934536755],[-107.05612708874972,38.48709010892699],[-107.05571088558972,38.48669810742835]]}},{"type":"Feature","properties":{"depth_ft":25,"elevation_ft":7494,"major":false},"geometry":{"type":"LineString","coordinates":[[-107.24660509002176,38.470955423181536],[-107.24783262689186,38.471090044322956]]}},{"type":"Feature","properties":{"depth_ft":25,"elevation_ft":7494,"major":false},"geometry":{"type":"LineString","coordinates":[[-107.11746407514858,38.472787459159846],[-107.11755690429992,38.47199859667404],[-107.11785705686964,38.47162222248046]]}},{"type":"Feature","properties":{"depth_ft":25,"elevation_ft":7494,"major":false},"geometry":{"type":"LineString","coordinates":[[-107.31681071459211,38.469531655637454],[-107.31781776191906,38.468285868657354],[-107.31792400966665,38.467866317040745],[-107.31883782459403,38.46752952406309]]}},{"type":"Feature","properties":{"depth_ft":25,"elevation_ft":7494,"major":false},"geometry":{"type":"LineString","coordinates":[[-107.14350011842292,38.47151767678092],[-107.14382147513338,38.471792704806504],[-107.14387168175985,38.47220216834521],[-107.14449287554586,38.47186015748499],[-107.14397984811791,38.470307461219186],[-107.14403501403454,38.47018857220672],[-107.14445764930674,38.47033045329158],[-107.1446125710828,38.47013368023584],[-107.14483042507008,38.46897714203277],[-107.14524631108492,38.46815688470713],[-107.14712959679728,38.46799135887621],[-107.14797967040802,38.4684837565685],[-107.14856080677716,38.46793531551861],[-107.14916983135284,38.467761847266885],[-107.14921067254473,38.4673114327286]]}},{"type":"Feature","properties":{"depth_ft":25,"elevation_ft":7494,"major":false},"geometry":{"type":"LineString","coordinates":[[-107.11793310328751,38.47126816390203],[-107.11810078218255,38.47050799876351],[-107.11883456378439,38.46986301592995]]}},{"type":"Feature","properties":{"depth_ft":25,"elevation_ft":7494,"major":false},"geometry":{"type":"LineString","coordinates":[[-107.2312939021405,38.469489929130035],[-107.23166157433906,38.468367499126394],[-107.23205240637648,38.46809866790518],[-107.23247239382665,38.46812439284862],[-107.23308264450341,38.468510971553584],[-107.23369519081649,38.47014957905318],[-107.23337278181155,38.47066477289591],[-107.23130492223429,38.471862282673186],[-107.231091608484,38.471712908823704],[-107.23100756908887,38.471178553117916],[-107.2312501173492,38.469601711578]]}},{"type":"Feature","properties":{"depth_ft":25,"elevation_ft":7494,"major":false},"geometry":{"type":"LineString","coordinates":[[-107.31888212122621,38.46752167208862],[-107.31986929238815,38.46719024318783]]}},{"type":"Feature","properties":{"depth_ft":25,"elevation_ft":7494,"major":false},"geometry":{"type":"LineString","coordinates":[[-107.31989495189072,38.467176157137594],[-107.32154430599063,38.466491033706404],[-107.32144763761265,38.466162992095114],[-107.32195079832151,38.46590718426108],[-107.3219737078737,38.46533078290109],[-107.32243773634238,38.46482911554948],[-107.32271280198083,38.46400086188077],[-107.32318714700962,38.463828594325555],[-107.32313144710079,38.463499907543756],[-107.32480190145425,38.462603814644],[-107.32596734764817,38.46164250757886],[-107.32637428571573,38.46048259400298],[-107.3262058805207,38.46011230650384],[-107.32703159046164,38.459606463900855],[-107.32849603616985,38.45948218149391],[-107.32892171024481,38.4597302557729],[-107.32951750671442,38.45843465418902],[-107.33144727852176,38.457106618275944],[-107.33239352054666,38.45612736766589],[-107.3330209232038,38.45606694663117],[-107.3340345999794,38.45640643673144]]}},{"type":"Feature","properties":{"depth_ft":25,"elevation_ft":7494,"major":false},"geometry":{"type":"LineString","coordinates":[[-107.11889160035864,38.46983781775841],[-107.11948878094873,38.469603843122066],[-107.11970133562153,38.469730530982126],[-107.12006114002136,38.46949187340741],[-107.12071630590779,38.46825715175605]]}},{"type":"Feature","properties":{"depth_ft":25,"elevation_ft":7494,"major":false},"geometry":{"type":"LineString","coordinates":[[-107.12074090245169,38.46814276327944],[-107.12068787009454,38.46700414507988],[-107.1215253808316,38.46695198957785],[-107.12420509876333,38.46582465440281]]}},{"type":"Feature","properties":{"depth_ft":25,"elevation_ft":7494,"major":false},"geometry":{"type":"LineString","coordinates":[[-107.16073851368154,38.46712473680874],[-107.16095558066463,38.4674425344607],[-107.16171058973232,38.46560483644234],[-107.16173404206332,38.464853414529706]]}},{"type":"Feature","properties":{"depth_ft":25,"elevation_ft":7494,"major":false},"geometry":{"type":"LineString","coordinates":[[-107.14924120154946,38.46724123221138],[-107.14939507568366,38.466217179891764]]}},{"type":"Feature","properties":{"depth_ft":25,"elevation_ft":7494,"major":false},"geometry":{"type":"LineString","coordinates":[[-107.13640799064555,38.46712587956267],[-107.13959170839925,38.468448861752584],[-107.14001927929858,38.46880651200837],[-107.1402425214873,38.46939699891196],[-107.14086786595311,38.46923595842996],[-107.14255245198783,38.46954624981851],[-107.14294387566645,38.47012499982608]]}},{"type":"Feature","properties":{"depth_ft":25,"elevation_ft":7494,"major":false},"geometry":{"type":"LineString","coordinates":[[-107.20533306819445,38.46531714994709],[-107.20549636215681,38.466449787685306],[-107.20518463344244,38.46690115660016],[-107.20267273074612,38.46707817709924],[-107.20079670774564,38.46754313233001],[-107.19891169440967,38.467631173124836],[-107.1961754371813,38.467191917415974],[-107.19471591300002,38.46753821216109],[-107.19220334887135,38.46768913093712],[-107.18758294168961,38.46737271904409],[-107.18654673142204,38.46788836913685],[-107.18506972624073,38.46749627078995],[-107.18421386464287,38.466769060690204],[-107.18375422801834,38.46660391035254],[-107.18323821400627,38.46562276124371],[-107.1834440081584,38.464631094840044],[-107.18311062808574,38.46444139130715],[-107.18266655557119,38.46339156181261],[-107.18226514493581,38.46415237061466]]}},{"type":"Feature","properties":{"depth_ft":25,"elevation_ft":7494,"major":false},"geometry":{"type":"LineString","coordinates":[[-107.17695296191673,38.465632084436415],[-107.17674557488608,38.46637628124483],[-107.17708079618882,38.46670097138704],[-107.17687245165678,38.46686877320921],[-107.17749590678775,38.46784838975712],[-107.17710182935231,38.46818366623385],[-107.17735642782455,38.46850952597263],[-107.17718644262797,38.46867677141245],[-107.17795636781834,38.46915992608724],[-107.17818458293482,38.47047483430219],[-107.17744187651802,38.47097995264763],[-107.17694586751405,38.472634930559536],[-107.17557626137335,38.47396221180049]]}},{"type":"Feature","properties":{"depth_ft":25,"elevation_ft":7494,"major":false},"geometry":{"type":"LineString","coordinates":[[-107.13222726179404,38.46604804947446],[-107.13341114938176,38.466173166201806]]}},{"type":"Feature","properties":{"depth_ft":25,"elevation_ft":7494,"major":false},"geometry":{"type":"LineString","coordinates":[[-107.12721124229533,38.466129982244254],[-107.12906025602742,38.46636542574053],[-107.12938372226077,38.466559586357945],[-107.12950127790792,38.46731548838597],[-107.1312816320857,38.46643611186937]]}},{"type":"Feature","properties":{"depth_ft":25,"elevation_ft":7494,"major":false},"geometry":{"type":"LineString","coordinates":[[-107.12490486291111,38.465838113178236],[-107.12591247543709,38.46624688782706],[-107.12669644082854,38.46614429225399]]}},{"type":"Feature","properties":{"depth_ft":25,"elevation_ft":7494,"major":false},"geometry":{"type":"LineString","coordinates":[[-107.16084422433086,38.465168919896016],[-107.16072596704251,38.4670927141682]]}},{"type":"Feature","properties":{"depth_ft":25,"elevation_ft":7494,"major":false},"geometry":{"type":"LineString","coordinates":[[-107.20784654137822,38.464229385445904],[-107.20692418059052,38.4632979049582],[-107.20720103871092,38.46216615994051]]}},{"type":"Feature","properties":{"depth_ft":25,"elevation_ft":7494,"major":false},"geometry":{"type":"LineString","coordinates":[[-107.1617387629354,38.46477540833521],[-107.16203819264611,38.46428190590186],[-107.1619445746063,38.46345936624266],[-107.16230474377657,38.462348426837984]]}},{"type":"Feature","properties":{"depth_ft":25,"elevation_ft":7494,"major":false},"geometry":{"type":"LineString","coordinates":[[-107.18226459520633,38.46415440996393],[-107.18166067586532,38.465194329647986],[-107.18060774801994,38.464999995255376],[-107.17954849974262,38.46403789716512]]}},{"type":"Feature","properties":{"depth_ft":25,"elevation_ft":7494,"major":false},"geometry":{"type":"LineString","coordinates":[[-107.25181849323548,38.46297751778119],[-107.25052903173516,38.464952352620045],[-107.25062732597412,38.46626910569115],[-107.24898689061831,38.46606682003685],[-107.24856188350377,38.46583588813088],[-107.248551663792,38.465418486213586],[-107.24833830958609,38.46526817876129],[-107.24772078507249,38.46573800462811],[-107.2469134256756,38.46599575976316],[-107.24669662769887,38.466728258046466],[-107.24481667295709,38.467020888986305],[-107.24396302914802,38.466409610059294],[-107.24227571492288,38.466003953027446],[-107.24162988991044,38.46531518560849],[-107.24121573982241,38.46552837254991],[-107.23930949136562,38.46474092168623],[-107.2386697941218,38.4643021981642],[-107.23797247594231,38.46415324428776],[-107.23734185922383,38.46383316938042],[-107.23696741920774,38.46327393944015],[-107.23634202357341,38.46342232212232],[-107.23591496923075,38.463104787678745],[-107.23487721483728,38.46354038689319],[-107.23295610442524,38.46225124137109],[-107.23139752739891,38.46210983013302]]}},{"type":"Feature","properties":{"depth_ft":25,"elevation_ft":7494,"major":false},"geometry":{"type":"LineString","coordinates":[[-107.1761813028122,38.46400427249989],[-107.1762538683579,38.464570860808685],[-107.1768209476247,38.46536969029295]]}},{"type":"Feature","properties":{"depth_ft":25,"elevation_ft":7494,"major":false},"geometry":{"type":"LineString","coordinates":[[-107.14198105884654,38.464539692015514],[-107.14133892889461,38.464083495452975],[-107.14050840706915,38.46271593829352],[-107.14024467288377,38.46278082343777],[-107.14000634028068,38.463690710147496]]}},{"type":"Feature","properties":{"depth_ft":25,"elevation_ft":7494,"major":false},"geometry":{"type":"LineString","coordinates":[[-107.16066591253511,38.46400259313441],[-107.16084367270491,38.46507823605474]]}},{"type":"Feature","properties":{"depth_ft":25,"elevation_ft":7494,"major":false},"geometry":{"type":"LineString","coordinates":[[-107.17932228240014,38.46336419490883],[-107.17865660881264,38.46255864098904],[-107.17846836589312,38.46144014138006]]}},{"type":"Feature","properties":{"depth_ft":25,"elevation_ft":7494,"major":false},"geometry":{"type":"LineString","coordinates":[[-107.20424630224846,38.46272651604565],[-107.20417449241468,38.463668055050945],[-107.20485078149183,38.46382285606515],[-107.20507881426741,38.46444159472275]]}},{"type":"Feature","properties":{"depth_ft":25,"elevation_ft":7494,"major":false},"geometry":{"type":"LineString","coordinates":[[-107.13880825672803,38.463591341584],[-107.13706425921485,38.46315548609799]]}},{"type":"Feature","properties":{"depth_ft":25,"elevation_ft":7494,"major":false},"geometry":{"type":"LineString","coordinates":[[-107.25097540597166,38.46165173149583],[-107.2515383869215,38.46213578912009],[-107.2518222877674,38.46293707400865]]}},{"type":"Feature","properties":{"depth_ft":25,"elevation_ft":7494,"major":false},"geometry":{"type":"LineString","coordinates":[[-107.23120146836327,38.4620535553861],[-107.2298871710825,38.462132455506]]}},{"type":"Feature","properties":{"depth_ft":25,"elevation_ft":7494,"major":false},"geometry":{"type":"LineString","coordinates":[[-107.22978043158531,38.46211039108103],[-107.22892005806058,38.462146932633836],[-107.22605609525142,38.46291749971309],[-107.22458485705218,38.46276945087661],[-107.22394076300921,38.46214401632871],[-107.2231938679919,38.46223248444212],[-107.22143476920277,38.46255772373234],[-107.22019033209065,38.4631203958073],[-107.21684753560827,38.4636140497715],[-107.21456218254504,38.464488478675634],[-107.21246683746543,38.464545096183514],[-107.2125106141553,38.466181254409534],[-107.21292369715451,38.46650468882498],[-107.21127733878225,38.46740481527209],[-107.21064554592682,38.467289730684044],[-107.20948294526853,38.46599589911308]]}},{"type":"Feature","properties":{"depth_ft":25,"elevation_ft":7494,"major":false},"geometry":{"type":"LineString","coordinates":[[-107.15096106564529,38.46265093156314],[-107.15140347840479,38.462397543883654],[-107.15224490875933,38.4625179022199],[-107.15342588893493,38.46325204029091],[-107.1537162263577,38.46357743879647],[-107.15378100706656,38.46547462785751],[-107.15542372999515,38.46398011946145],[-107.15719697526038,38.46394589107705]]}},{"type":"Feature","properties":{"depth_ft":25,"elevation_ft":7494,"major":false},"geometry":{"type":"LineString","coordinates":[[-107.13626093459123,38.46279329624324],[-107.13575385098993,38.46235016479399],[-107.13607483950759,38.46137715940814]]}},{"type":"Feature","properties":{"depth_ft":25,"elevation_ft":7494,"major":false},"geometry":{"type":"LineString","coordinates":[[-107.16230042851868,38.46216302337806],[-107.16226651787527,38.46147740720361],[-107.1627622167531,38.461470273875165]]}},{"type":"Feature","properties":{"depth_ft":25,"elevation_ft":7494,"major":false},"geometry":{"type":"LineString","coordinates":[[-107.14652441653047,38.462406790483854],[-107.14555739524552,38.463458053824475],[-107.14462254996334,38.46337769286136],[-107.14454276884727,38.46492136876164]]}},{"type":"Feature","properties":{"depth_ft":25,"elevation_ft":7494,"major":false},"geometry":{"type":"LineString","coordinates":[[-107.16346816051593,38.46172673419034],[-107.16567254214489,38.46291478086186],[-107.16544812107789,38.46110203073711],[-107.16637854585538,38.46026472699024],[-107.16680537641805,38.46025856953497]]}},{"type":"Feature","properties":{"depth_ft":25,"elevation_ft":7494,"major":false},"geometry":{"type":"LineString","coordinates":[[-107.12732832634013,38.46184806873964],[-107.12663962449896,38.46134989005238],[-107.12415759199769,38.460866008861124],[-107.1234714005088,38.460322016321264],[-107.12116609160077,38.46036109376307],[-107.11921015113279,38.457315217048645],[-107.11900104159201,38.45779944004035]]}},{"type":"Feature","properties":{"depth_ft":25,"elevation_ft":7494,"major":false},"geometry":{"type":"LineString","coordinates":[[-107.13610571020244,38.46133143854542],[-107.1364943255727,38.460691914034065],[-107.13659870795196,38.45986655322643],[-107.13643330538457,38.458721398645594],[-107.13623806935186,38.4593505900918]]}},{"type":"Feature","properties":{"depth_ft":25,"elevation_ft":7494,"major":false},"geometry":{"type":"LineString","coordinates":[[-107.20689535541715,38.45952192304639],[-107.2069047924026,38.458849164355065],[-107.2073996525661,38.45834751521759],[-107.20751785675765,38.45785143176536],[-107.20643994603016,38.45801102720566],[-107.20578565895224,38.456950239609256],[-107.20472166932959,38.456290310127244],[-107.20367006463361,38.45614878515396],[-107.20324458535919,38.455889266191456],[-107.20135433675625,38.455744523355506],[-107.2009483045695,38.45547666987029],[-107.2007170524159,38.45499323475553]]}},{"type":"Feature","properties":{"depth_ft":25,"elevation_ft":7494,"major":false},"geometry":{"type":"LineString","coordinates":[[-107.17825670437324,38.459868341184816],[-107.17777025622483,38.46024196237776],[-107.17725301578405,38.45971064510179]]}},{"type":"Feature","properties":{"depth_ft":25,"elevation_ft":7494,"major":false},"geometry":{"type":"LineString","coordinates":[[-107.15512595110846,38.46017806731673],[-107.15434155165393,38.459613837863586]]}},{"type":"Feature","properties":{"depth_ft":25,"elevation_ft":7494,"major":false},"geometry":{"type":"LineString","coordinates":[[-107.20311862068786,38.45939867287947],[-107.2039915642808,38.46183939834254]]}},{"type":"Feature","properties":{"depth_ft":25,"elevation_ft":7494,"major":false},"geometry":{"type":"LineString","coordinates":[[-107.14938895499554,38.460072262735046],[-107.14823536016561,38.461392382281545],[-107.14782140184487,38.46162463230267],[-107.14766034835866,38.46053320376086],[-107.14720538169243,38.45975979322473]]}},{"type":"Feature","properties":{"depth_ft":25,"elevation_ft":7494,"major":false},"geometry":{"type":"LineString","coordinates":[[-107.17690809542417,38.45923953559313],[-107.1766869541776,38.45875017403541],[-107.17521641219143,38.457994799944835]]}},{"type":"Feature","properties":{"depth_ft":25,"elevation_ft":7494,"major":false},"geometry":{"type":"LineString","coordinates":[[-107.15162675017561,38.459487905150176],[-107.15056071510585,38.459620718207745]]}},{"type":"Feature","properties":{"depth_ft":25,"elevation_ft":7494,"major":false},"geometry":{"type":"LineString","coordinates":[[-107.14714747078054,38.459675411140495],[-107.1469082945201,38.45955526652527],[-107.1468008268177,38.46038068232062],[-107.14633177469142,38.46066962399797],[-107.14656346848669,38.4612079493222],[-107.14657899573214,38.46229903542567]]}},{"type":"Feature","properties":{"depth_ft":25,"elevation_ft":7494,"major":false},"geometry":{"type":"LineString","coordinates":[[-107.11987314335998,38.45979007851571],[-107.11936471008677,38.46076851417512],[-107.1178387637459,38.461559190383575],[-107.11721310901387,38.46170572780519],[-107.11616441927879,38.46168806329408],[-107.11511822653584,38.46132228629383],[-107.114256795032,38.4607720685919],[-107.11320900254154,38.46079346200524],[-107.11257237276429,38.46045400521679],[-107.11112192080576,38.461213258333586],[-107.11170933000905,38.46202899532313],[-107.11093958857867,38.46242468466904],[-107.10969757624801,38.462716145002325],[-107.10897697811149,38.464703489368006],[-107.10845174273669,38.46520512936791],[-107.10800627499414,38.46636475882415],[-107.1074681509022,38.46686657348316],[-107.10756248594119,38.46735958751821],[-107.1080463270073,38.46801195668305],[-107.10793018151526,38.4684428448219],[-107.10751715027577,38.468723772410044],[-107.10645926186498,38.46885791134134],[-107.10567893814613,38.46919830901473],[-107.10322240547623,38.47055062410461],[-107.10210265113261,38.47155480777473],[-107.10131635621583,38.472717410141634]]}},{"type":"Feature","properties":{"depth_ft":25,"elevation_ft":7494,"major":false},"geometry":{"type":"LineString","coordinates":[[-107.13623274201784,38.4593821633352],[-107.13590016083911,38.46020599982005],[-107.13522607953679,38.460934771430146],[-107.13480944135284,38.46105162887542],[-107.13478010398319,38.46154006568807],[-107.13421004138162,38.462343980314806],[-107.13278345240501,38.46303138920901]]}},{"type":"Feature","properties":{"depth_ft":25,"elevation_ft":7494,"major":false},"geometry":{"type":"LineString","coordinates":[[-107.17179356621097,38.45881103662551],[-107.17265392522157,38.459514928989904],[-107.17311505284532,38.460496917386585],[-107.17371295247949,38.46098258977778],[-107.1739797863949,38.46180261206056],[-107.17478115427446,38.462285330839215],[-107.17594232088958,38.46357165415763]]}},{"type":"Feature","properties":{"depth_ft":25,"elevation_ft":7494,"major":false},"geometry":{"type":"LineString","coordinates":[[-107.33405539504193,38.45553018954562],[-107.33404323386996,38.455252816870264],[-107.3344245113025,38.45491719619096],[-107.3342327008771,38.454270727691366]]}},{"type":"Feature","properties":{"depth_ft":25,"elevation_ft":7494,"major":false},"geometry":{"type":"LineString","coordinates":[[-107.20118622671008,38.45745120507692],[-107.2027989096729,38.4588338420246]]}},{"type":"Feature","properties":{"depth_ft":25,"elevation_ft":7494,"major":false},"geometry":{"type":"LineString","coordinates":[[-107.15947185074967,38.458063334251825],[-107.15834388336788,38.4607098948747],[-107.15701814520642,38.461909769648955]]}},{"type":"Feature","properties":{"depth_ft":25,"elevation_ft":7494,"major":false},"geometry":{"type":"LineString","coordinates":[[-107.2002006502528,38.457465018650936],[-107.2007611589928,38.45724609075665],[-107.20118494830581,38.45745052799624]]}},{"type":"Feature","properties":{"depth_ft":25,"elevation_ft":7494,"major":false},"geometry":{"type":"LineString","coordinates":[[-107.16719495506602,38.45778128658108],[-107.1666024942256,38.45784240045438],[-107.1663785379866,38.45722915017664],[-107.16534898483955,38.45803037819819],[-107.16454933590441,38.45828787385371]]}},{"type":"Feature","properties":{"depth_ft":25,"elevation_ft":7494,"major":false},"geometry":{"type":"LineString","coordinates":[[-107.17221242151848,38.456701334694074],[-107.17160533790579,38.45661487505905],[-107.17138816263049,38.45629308826787],[-107.16940029064459,38.45735403805675]]}},{"type":"Feature","properties":{"depth_ft":25,"elevation_ft":7494,"major":false},"geometry":{"type":"LineString","coordinates":[[-107.16050797591869,38.456882963321995],[-107.16048561446178,38.45624786487067],[-107.15947023558516,38.458050185781836]]}},{"type":"Feature","properties":{"depth_ft":25,"elevation_ft":7494,"major":false},"geometry":{"type":"LineString","coordinates":[[-107.31515296020223,38.45390336534521],[-107.3143003543622,38.4540815422839],[-107.31304597859464,38.45377613217851],[-107.31094372884351,38.452651171803836],[-107.30859073110518,38.45169322999235],[-107.30846733629112,38.451371710375675],[-107.30878473991329,38.45107607051032],[-107.3094165180509,38.45118947146327],[-107.30899885869383,38.449715564240705]]}},{"type":"Feature","properties":{"depth_ft":25,"elevation_ft":7494,"major":false},"geometry":{"type":"LineString","coordinates":[[-107.33398824201643,38.452914895813215],[-107.33376871116556,38.452529700662645],[-107.33319517932388,38.45258737227338]]}},{"type":"Feature","properties":{"depth_ft":25,"elevation_ft":7494,"major":false},"geometry":{"type":"LineString","coordinates":[[-107.33275169325555,38.45263678415232],[-107.33190797669154,38.45314451725255],[-107.33002615107984,38.45373845551592],[-107.32961866296517,38.454199110856926],[-107.3294392279263,38.454831473322926],[-107.32851566898476,38.455505228383345],[-107.32715174075011,38.45610759434644],[-107.32652472961146,38.45618350152315],[-107.32296089334835,38.45619246853267],[-107.32232689907602,38.45599485857126],[-107.32217600653873,38.45560540493112],[-107.32154626566428,38.45528577121437],[-107.32058890270825,38.45360976939006],[-107.3195314559051,38.45324739057812],[-107.31765365439088,38.45360013197062],[-107.31639389366042,38.453525298064676],[-107.31540079743904,38.45386289190146]]}},{"type":"Feature","properties":{"depth_ft":25,"elevation_ft":7494,"major":false},"geometry":{"type":"LineString","coordinates":[[-107.20097218176505,38.45443392904635],[-107.20122908671404,38.45415430666713],[-107.20047970426003,38.45423002863927],[-107.20010319715402,38.45400610378757]]}},{"type":"Feature","properties":{"depth_ft":25,"elevation_ft":7494,"major":false},"geometry":{"type":"LineString","coordinates":[[-107.19991081054148,38.453897556033525],[-107.19903761339114,38.45336266757848]]}},{"type":"Feature","properties":{"depth_ft":25,"elevation_ft":7494,"major":false},"geometry":{"type":"LineString","coordinates":[[-107.19782836941998,38.45393837970003],[-107.19796569529078,38.45420232096373],[-107.19883007612648,38.45453507272769]]}},{"type":"Feature","properties":{"depth_ft":25,"elevation_ft":7494,"major":false},"geometry":{"type":"LineString","coordinates":[[-107.19764551372162,38.45282938715953],[-107.19693424334599,38.45212906158295]]}},{"type":"Feature","properties":{"depth_ft":25,"elevation_ft":7494,"major":false},"geometry":{"type":"LineString","coordinates":[[-107.30366466861864,38.450787674049984],[-107.30190818922063,38.451474216145385],[-107.30161108070448,38.45312667114231],[-107.30404911230318,38.45605469935796],[-107.30430520724875,38.45852243233149],[-107.30542865586898,38.45929399936808],[-107.30584637915743,38.45998139110112],[-107.3057541922555,38.460477178836925],[-107.30525292709991,38.46063639580473],[-107.30489895542095,38.46098489038156],[-107.30437262471224,38.46231136980729],[-107.30453180060597,38.46280323023629],[-107.30532378542911,38.46343962178508],[-107.30535273386793,38.46458478755004],[-107.30414867054212,38.465445729188616],[-107.302248689152,38.466212400471534],[-107.30120500913792,38.46639939500065],[-107.29994289572404,38.46715914990481],[-107.29788936948252,38.46795789654791],[-107.29748109073358,38.46839848426759],[-107.2960598730705,38.46903217962582],[-107.29542323965458,38.46994983812542],[-107.29396870036128,38.47047886889537],[-107.29249715182303,38.47033111907549],[-107.2920682603238,38.469952176034255],[-107.29061117195366,38.47038049868131],[-107.29008919743379,38.46978396650922],[-107.28950762959705,38.469463411999655],[-107.28849173315238,38.469480948987055],[-107.28768367261435,38.46883252094313],[-107.28615019677288,38.46808297509611],[-107.28610096281301,38.468692217115326],[-107.28577571310193,38.46902680777346],[-107.2851309509991,38.46925007886859],[-107.2845004958001,38.46919433568133],[-107.28393440853783,38.46954959679224],[-107.28390626907033,38.470588823382506],[-107.28231268108532,38.47138722063232],[-107.28223573095032,38.471553189041806],[-107.28275750298253,38.47170992108239],[-107.28184521274703,38.47202582785847],[-107.28054650272271,38.47157923272453],[-107.27973634972606,38.4715479888191],[-107.27919346971302,38.471929637956066],[-107.27913097229948,38.472499419940185],[-107.27850621245868,38.47267328222734],[-107.27709807047853,38.47196188474074],[-107.27258356657919,38.470613562649476],[-107.27252095880624,38.47038438022917],[-107.2728022861208,38.470050501852],[-107.27213660408344,38.46950215542215],[-107.26983286962594,38.46961627878742],[-107.26866727323643,38.469289968520286],[-107.26888300651233,38.468462761120286],[-107.26787191901964,38.467819112649956],[-107.26788320020246,38.467092484246905],[-107.26767881300078,38.46730632623381],[-107.26537534409411,38.4674285258192],[-107.26474164788817,38.46724024524499],[-107.2644767312859,38.46688232863602],[-107.2611490963827,38.46610555955992],[-107.26011419699489,38.466652747793816],[-107.2582188199675,38.46631686683604],[-107.25738223216658,38.466403121406096],[-107.25630985170004,38.465427579036486],[-107.25567558582856,38.46521438189828],[-107.25529257347715,38.46537441983775],[-107.2550653826162,38.46598017726173],[-107.25444145446825,38.466187826310076],[-107.25296787066598,38.46594971816565],[-107.25248801964631,38.46541699504307],[-107.25245424382983,38.46508794663422],[-107.25256825372914,38.46459187612207],[-107.25312120673293,38.464089145632386],[-107.25291917789208,38.46343308959826],[-107.25330998955855,38.462803843077324],[-107.25288913822308,38.46277442387656],[-107.25287481002664,38.462158241243074],[-107.25242029733528,38.46212241504641],[-107.25117155224213,38.4611004397432],[-107.25032818245215,38.46090776508923],[-107.25050100650648,38.46129127156022]]}},{"type":"Feature","properties":{"depth_ft":25,"elevation_ft":7494,"major":false},"geometry":{"type":"LineString","coordinates":[[-107.30317307548714,38.45030100282417],[-107.30477953136827,38.45019972361164],[-107.30575792559024,38.45042540474272],[-107.30571365166985,38.45075566127973],[-107.30544846173738,38.45092458878188],[-107.3046140691509,38.45077284538855]]}},{"type":"Feature","properties":{"depth_ft":25,"elevation_ft":7494,"major":false},"geometry":{"type":"LineString","coordinates":[[-107.19671422711897,38.451695394255935],[-107.19734430260677,38.4508454430948]]}},{"type":"Feature","properties":{"depth_ft":25,"elevation_ft":7494,"major":false},"geometry":{"type":"LineString","coordinates":[[-107.19695617257645,38.45059203041465],[-107.19641420499607,38.45076272091305],[-107.19608361348935,38.4503526392044]]}},{"type":"Feature","properties":{"depth_ft":25,"elevation_ft":7494,"major":false},"geometry":{"type":"LineString","coordinates":[[-107.30851866921509,38.44884707202936],[-107.30849159830598,38.4477778202623]]}},{"type":"Feature","properties":{"depth_ft":25,"elevation_ft":7494,"major":false},"geometry":{"type":"LineString","coordinates":[[-107.19428786903343,38.44996337335629],[-107.19532059540738,38.45123069349181]]}},{"type":"Feature","properties":{"depth_ft":25,"elevation_ft":7494,"major":false},"geometry":{"type":"LineString","coordinates":[[-107.30488354380586,38.44780255601075],[-107.30305100693042,38.44816083404497],[-107.30208268999063,38.44801107042261],[-107.30072443887674,38.447340526612464],[-107.29983964093572,38.446563006348434],[-107.29963746761011,38.44579835001936],[-107.29921958465344,38.44558397510089]]}},{"type":"Feature","properties":{"depth_ft":25,"elevation_ft":7494,"major":false},"geometry":{"type":"LineString","coordinates":[[-107.29129575691178,38.44802411108373],[-107.29131442373404,38.448259619686574],[-107.29152493083657,38.4482947473726],[-107.29191032056545,38.44701585726387],[-107.29253132787547,38.44684566155098]]}},{"type":"Feature","properties":{"depth_ft":25,"elevation_ft":7494,"major":false},"geometry":{"type":"LineString","coordinates":[[-107.30851791553755,38.44772394827858],[-107.30848097703344,38.44735829054145],[-107.30784422128592,38.447046805736036],[-107.30777124742923,38.44759261417184],[-107.30723865485012,38.447967909873086],[-107.30640192324937,38.44803799102621],[-107.3049529088346,38.4478014720873]]}},{"type":"Feature","properties":{"depth_ft":25,"elevation_ft":7494,"major":false},"geometry":{"type":"LineString","coordinates":[[-107.1916184593321,38.449397726888925],[-107.19219447129662,38.44961662938271],[-107.19316910288731,38.449658934030516]]}},{"type":"Feature","properties":{"depth_ft":25,"elevation_ft":7494,"major":false},"geometry":{"type":"LineString","coordinates":[[-107.19354524198725,38.44875394369301],[-107.19279505893141,38.448422869632715],[-107.1913844040532,38.448202076984906]]}},{"type":"Feature","properties":{"depth_ft":25,"elevation_ft":7494,"major":false},"geometry":{"type":"LineString","coordinates":[[-107.29107250643507,38.446971757644],[-107.29130561981827,38.447354800285964],[-107.29130713187443,38.447968838348956]]}},{"type":"Feature","properties":{"depth_ft":25,"elevation_ft":7494,"major":false},"geometry":{"type":"LineString","coordinates":[[-107.29693350973038,38.44663682883353],[-107.29774738375103,38.447419499824846],[-107.2972460623558,38.448086429029225],[-107.29823184498612,38.44824987563986],[-107.29909524097248,38.44904633299058],[-107.29911966551268,38.450207890352004],[-107.29953007253152,38.44985630516149],[-107.30015407289078,38.44966214127905],[-107.30113782735087,38.45000319247518],[-107.30102334542455,38.45082888772508],[-107.3012366800099,38.45102847491313],[-107.30308818943762,38.45031585944436]]}},{"type":"Feature","properties":{"depth_ft":25,"elevation_ft":7494,"major":false},"geometry":{"type":"LineString","coordinates":[[-107.29370039227598,38.446658508893435],[-107.29667684730937,38.44644746588505]]}},{"type":"Feature","properties":{"depth_ft":25,"elevation_ft":7494,"major":false},"geometry":{"type":"LineString","coordinates":[[-107.29023704552495,38.446217895984304],[-107.29042136013048,38.44608285409312],[-107.29100003347753,38.446206067474925],[-107.2910604988797,38.446492851446884]]}},{"type":"Feature","properties":{"depth_ft":25,"elevation_ft":7494,"major":false},"geometry":{"type":"LineString","coordinates":[[-107.28915284197078,38.44565163346688],[-107.28957485501859,38.445762457751314],[-107.2897974703332,38.44628118598542],[-107.2901993775458,38.44623111910401]]}},{"type":"Feature","properties":{"depth_ft":25,"elevation_ft":7494,"major":false},"geometry":{"type":"LineString","coordinates":[[-107.1885144640981,38.446885119896464],[-107.18751047941464,38.446559176455985],[-107.1872853255697,38.446119912709456],[-107.18755413119177,38.44573684431943]]}},{"type":"Feature","properties":{"depth_ft":25,"elevation_ft":7494,"major":false},"geometry":{"type":"LineString","coordinates":[[-107.29636670984975,38.44456465874464],[-107.29522259958557,38.444327914512094]]}},{"type":"Feature","properties":{"depth_ft":25,"elevation_ft":7494,"major":false},"geometry":{"type":"LineString","coordinates":[[-107.18624398977427,38.446186771423164],[-107.18668676989347,38.44718415366655]]}},{"type":"Feature","properties":{"depth_ft":25,"elevation_ft":7494,"major":false},"geometry":{"type":"LineString","coordinates":[[-107.29519360949794,38.444324576606554],[-107.29287698175435,38.443699590493594],[-107.29246184415099,38.44338210216229]]}},{"type":"Feature","properties":{"depth_ft":25,"elevation_ft":7494,"major":false},"geometry":{"type":"LineString","coordinates":[[-107.18820115884252,38.44537684976621],[-107.1885693622366,38.444782923543656],[-107.18850999697352,38.44429338053321]]}},{"type":"Feature","properties":{"depth_ft":25,"elevation_ft":7494,"major":false},"geometry":{"type":"LineString","coordinates":[[-107.29216758237,38.44333061440174],[-107.29102145078116,38.4430748840056]]}},{"type":"Feature","properties":{"depth_ft":25,"elevation_ft":7494,"major":false},"geometry":{"type":"LineString","coordinates":[[-107.2909459690588,38.44305380093822],[-107.28949504589856,38.44257653271273],[-107.28905866301844,38.441891151584656],[-107.28842850204218,38.441837661775814],[-107.28779193485144,38.44152814123965],[-107.28764054012717,38.44120206162865]]}},{"type":"Feature","properties":{"depth_ft":25,"elevation_ft":7494,"major":false},"geometry":{"type":"LineString","coordinates":[[-107.28447756672716,38.443102665531285],[-107.28458252219602,38.44383367883861],[-107.28512922751949,38.44401623755424],[-107.28662315654131,38.44508123189022],[-107.28715458519447,38.445112161024205]]}},{"type":"Feature","properties":{"depth_ft":25,"elevation_ft":7494,"major":false},"geometry":{"type":"LineString","coordinates":[[-107.18850478639706,38.4442840837063],[-107.18778216822781,38.44347620468917],[-107.18723042721685,38.44202998641495]]}},{"type":"Feature","properties":{"depth_ft":25,"elevation_ft":7494,"major":false},"geometry":{"type":"LineString","coordinates":[[-107.18697511469185,38.441641533341176],[-107.1856179016837,38.44037702896009],[-107.18458534519515,38.44006253839639],[-107.18335050377388,38.438605529486196]]}},{"type":"Feature","properties":{"depth_ft":25,"elevation_ft":7494,"major":false},"geometry":{"type":"LineString","coordinates":[[-107.1857613915611,38.441564316269684],[-107.18625114617979,38.44201556514062],[-107.18674380730803,38.443440911139064]]}},{"type":"Feature","properties":{"depth_ft":25,"elevation_ft":7494,"major":false},"geometry":{"type":"LineString","coordinates":[[-107.2879580142975,38.439788986385956],[-107.288142049874,38.43876757057569]]}},{"type":"Feature","properties":{"depth_ft":25,"elevation_ft":7494,"major":false},"geometry":{"type":"LineString","coordinates":[[-107.27980190202476,38.439478832077555],[-107.28041120174947,38.43974166895425],[-107.2810558930175,38.44037902177882],[-107.28176699997367,38.44025195866938],[-107.28317933656136,38.44147748636691],[-107.28359838560468,38.44147097190152],[-107.28418883380961,38.442633306171615]]}},{"type":"Feature","properties":{"depth_ft":25,"elevation_ft":7494,"major":false},"geometry":{"type":"LineString","coordinates":[[-107.1842193088994,38.440719718444825],[-107.18570739829349,38.44152916859138]]}},{"type":"Feature","properties":{"depth_ft":25,"elevation_ft":7494,"major":false},"geometry":{"type":"LineString","coordinates":[[-107.28476357309887,38.43886592485943],[-107.28421273268538,38.43856638735891],[-107.28335325325486,38.43726141153335],[-107.28080606266722,38.43713593561221]]}},{"type":"Feature","properties":{"depth_ft":25,"elevation_ft":7494,"major":false},"geometry":{"type":"LineString","coordinates":[[-107.27750139646656,38.437578070203415],[-107.27821465154175,38.437999771516026],[-107.27849220876779,38.4384326254566],[-107.27905282054529,38.43864598777515],[-107.27972383640937,38.439459555375656]]}},{"type":"Feature","properties":{"depth_ft":25,"elevation_ft":7494,"major":false},"geometry":{"type":"LineString","coordinates":[[-107.18250401968139,38.438692480754824],[-107.18330409389574,38.4402459973779]]}},{"type":"Feature","properties":{"depth_ft":25,"elevation_ft":7494,"major":false},"geometry":{"type":"LineString","coordinates":[[-107.28074197127643,38.43711879924509],[-107.27967386087172,38.43682382602645]]}},{"type":"Feature","properties":{"depth_ft":25,"elevation_ft":7494,"major":false},"geometry":{"type":"LineString","coordinates":[[-107.18333830648884,38.43851905617064],[-107.18314718051973,38.43748080859221]]}},{"type":"Feature","properties":{"depth_ft":25,"elevation_ft":7494,"major":false},"geometry":{"type":"LineString","coordinates":[[-107.1822720096329,38.43774047241152],[-107.18246440772917,38.43858136897524]]}},{"type":"Feature","properties":{"depth_ft":25,"elevation_ft":7494,"major":false},"geometry":{"type":"LineString","coordinates":[[-107.183100965191,38.43734119535089],[-107.18291053215549,38.43646184171792],[-107.18221239395126,38.43520856151213],[-107.18135452033539,38.434378162541],[-107.18045135385815,38.43386120658702]]}},{"type":"Feature","properties":{"depth_ft":25,"elevation_ft":7494,"major":false},"geometry":{"type":"LineString","coordinates":[[-107.1816181443629,38.43667433884371],[-107.18207957224811,38.43696828108693],[-107.18222504527938,38.437429332524765]]}},{"type":"Feature","properties":{"depth_ft":25,"elevation_ft":7494,"major":false},"geometry":{"type":"LineString","coordinates":[[-107.18023670781234,38.433819690638295],[-107.17861229105809,38.43362550277297],[-107.17775605220052,38.43286210440499],[-107.17753861559639,38.43323144502453]]}},{"type":"Feature","properties":{"depth_ft":25,"elevation_ft":7494,"major":false},"geometry":{"type":"LineString","coordinates":[[-107.17755556445766,38.433249182599326],[-107.17822102384038,38.433728861667575],[-107.18051815868962,38.434461509645665],[-107.18110762921039,38.4352884803797]]}},{"type":"Feature","properties":{"depth_ft":25,"elevation_ft":7494,"major":false},"geometry":{"type":"LineString","coordinates":[[-107.2747245076201,38.43176124777386],[-107.27377462744545,38.431476810547295],[-107.27352245055599,38.43085233025797]]}},{"type":"Feature","properties":{"depth_ft":25,"elevation_ft":7494,"major":false},"geometry":{"type":"LineString","coordinates":[[-107.27793530454505,38.431551239284],[-107.27769127550036,38.43151443776849],[-107.27603193182107,38.43220908563483],[-107.27483970319734,38.431790007912795]]}},{"type":"Feature","properties":{"depth_ft":25,"elevation_ft":7494,"major":false},"geometry":{"type":"LineString","coordinates":[[-107.27191188714542,38.43143406300265],[-107.2719110864692,38.432164543447094],[-107.27142843130409,38.432500311613104]]}},{"type":"Feature","properties":{"depth_ft":25,"elevation_ft":7494,"major":false},"geometry":{"type":"LineString","coordinates":[[-107.26944174876053,38.42844331347536],[-107.27061403862656,38.42872403991201]]}},{"type":"Feature","properties":{"depth_ft":25,"elevation_ft":7494,"major":false},"geometry":{"type":"LineString","coordinates":[[-107.27404310647839,38.42807606129527],[-107.2739086369482,38.427684789775505],[-107.27341020136687,38.427362883857334]]}},{"type":"Feature","properties":{"depth_ft":25,"elevation_ft":7494,"major":false},"geometry":{"type":"LineString","coordinates":[[-107.27054446632498,38.42779226020483],[-107.26933587294334,38.427095823453094]]}},{"type":"Feature","properties":{"depth_ft":25,"elevation_ft":7494,"major":false},"geometry":{"type":"LineString","coordinates":[[-107.26691575650196,38.427956784252025],[-107.26796007005144,38.42784879984565]]}},{"type":"Feature","properties":{"depth_ft":25,"elevation_ft":7494,"major":false},"geometry":{"type":"LineString","coordinates":[[-107.27189062253655,38.42738621138544],[-107.27131211239771,38.42780839467939],[-107.27095150395623,38.427849750861405]]}},{"type":"Feature","properties":{"depth_ft":25,"elevation_ft":7494,"major":false},"geometry":{"type":"LineString","coordinates":[[-107.27332703356329,38.42731040015413],[-107.27297371090918,38.42720695792148],[-107.27194839674786,38.42737082564954]]}},{"type":"Feature","properties":{"depth_ft":25,"elevation_ft":7494,"major":false},"geometry":{"type":"LineString","coordinates":[[-107.26738837653808,38.42696086711967],[-107.26710446396498,38.427147429503606],[-107.26574328484718,38.427234119198296]]}},{"type":"Feature","properties":{"depth_ft":25,"elevation_ft":7494,"major":false},"geometry":{"type":"LineString","coordinates":[[-107.26353765463126,38.426975701395605],[-107.26355248826765,38.42757672061236],[-107.2644667450116,38.42799423184458],[-107.26462061682325,38.42832144180274],[-107.26483070138211,38.42841999202809],[-107.26579611812964,38.42819920521896]]}},{"type":"Feature","properties":{"depth_ft":25,"elevation_ft":7494,"major":false},"geometry":{"type":"LineString","coordinates":[[-107.2584041895742,38.42275078700756],[-107.25925826177054,38.42378941018923]]}},{"type":"Feature","properties":{"depth_ft":25,"elevation_ft":7494,"major":false},"geometry":{"type":"LineString","coordinates":[[-107.25948212348999,38.420085488769246],[-107.25976852299199,38.41858795926842]]}},{"type":"Feature","properties":{"depth_ft":25,"elevation_ft":7494,"major":false},"geometry":{"type":"LineString","coordinates":[[-107.25869219713206,38.417424292115044],[-107.25902042555158,38.417860939369774],[-107.25892136068565,38.418221821950674]]}},{"type":"Feature","properties":{"depth_ft":25,"elevation_ft":7494,"major":false},"geometry":{"type":"LineString","coordinates":[[-107.25805201937109,38.414869317106486],[-107.25818934608557,38.41401883105302]]}},{"type":"Feature","properties":{"depth_ft":25,"elevation_ft":7494,"major":false},"geometry":{"type":"LineString","coordinates":[[-107.2583992250719,38.413577290042504],[-107.25868839002227,38.41308736728681],[-107.25860313677627,38.41261731253909]]}},{"type":"Feature","properties":{"depth_ft":25,"elevation_ft":7494,"major":false},"geometry":{"type":"LineString","coordinates":[[-107.25753563353982,38.413107059205245],[-107.25719339279296,38.413604472367076],[-107.25675667301081,38.4137758988411],[-107.25718251982768,38.414098978730294],[-107.25728233619783,38.41565934196781]]}},{"type":"Feature","properties":{"depth_ft":25,"elevation_ft":7494,"major":false},"geometry":{"type":"LineString","coordinates":[[-107.25857123048223,38.412508506109596],[-107.25781059011284,38.411694364380885]]}},{"type":"Feature","properties":{"depth_ft":25,"elevation_ft":7494,"major":false},"geometry":{"type":"LineString","coordinates":[[-107.25586415954753,38.41119156116977],[-107.25674949211464,38.41179864487464],[-107.25752232164564,38.41277556399255],[-107.25753791992958,38.41308952529206]]}},{"type":"Feature","properties":{"depth_ft":25,"elevation_ft":7494,"major":false},"geometry":{"type":"LineString","coordinates":[[-107.25384607360351,38.40779276993532],[-107.25319472665204,38.40686205385135],[-107.25216314672157,38.4064306007378]]}},{"type":"Feature","properties":{"depth_ft":25,"elevation_ft":7494,"major":false},"geometry":{"type":"LineString","coordinates":[[-107.2525815805062,38.40748858564947],[-107.2529035204325,38.407902381661216],[-107.25290180962871,38.40922064850848],[-107.25332968794811,38.409758752649815]]}},{"type":"Feature","properties":{"depth_ft":25,"elevation_ft":7494,"major":false},"geometry":{"type":"LineString","coordinates":[[-107.25036877055533,38.40606309677852],[-107.24970387263517,38.40564400217505],[-107.24938685866988,38.405158308687994]]}},{"type":"Feature","properties":{"depth_ft":25,"elevation_ft":7494,"major":false},"geometry":{"type":"LineString","coordinates":[[-107.24877452474644,38.40601842086924],[-107.24955660696553,38.406634914065975]]}},{"type":"Feature","properties":{"depth_ft":25,"elevation_ft":7494,"major":false},"geometry":{"type":"LineString","coordinates":[[-107.2482287916368,38.404753007031246],[-107.24812601365174,38.40520026629874],[-107.24868245406442,38.40591854417173]]}},{"type":"Feature","properties":{"depth_ft":25,"elevation_ft":7494,"major":false},"geometry":{"type":"LineString","coordinates":[[-107.24915275234183,38.40435231507613],[-107.24875422576963,38.403224493077104]]}},{"type":"Feature","properties":{"depth_ft":25,"elevation_ft":7494,"major":false},"geometry":{"type":"LineString","coordinates":[[-107.24739627601694,38.40397508248909],[-107.24723970335403,38.40403352674108],[-107.24753768196075,38.40419379600705],[-107.24831365193846,38.40430658004576],[-107.24832047897165,38.40458569198509]]}},{"type":"Feature","properties":{"depth_ft":25,"elevation_ft":7494,"major":false},"geometry":{"type":"LineString","coordinates":[[-107.24870283901579,38.40308837971088],[-107.24836371529344,38.40228225375395]]}},{"type":"Feature","properties":{"depth_ft":25,"elevation_ft":7494,"major":false},"geometry":{"type":"LineString","coordinates":[[-107.2471597437061,38.39995239536558],[-107.24695967149493,38.39925914915772],[-107.24712902203314,38.39869545763415]]}},{"type":"Feature","properties":{"depth_ft":25,"elevation_ft":7494,"major":false},"geometry":{"type":"LineString","coordinates":[[-107.24722366027662,38.397510120396035],[-107.24650972974021,38.39906971286193]]}},{"type":"Feature","properties":{"depth_ft":25,"elevation_ft":7494,"major":false},"geometry":{"type":"LineString","coordinates":[[-107.24778199941471,38.39705368145854],[-107.24770584756543,38.39658452549981],[-107.24708591597403,38.39565659756883]]}},{"type":"Feature","properties":{"depth_ft":25,"elevation_ft":7494,"major":false},"geometry":{"type":"LineString","coordinates":[[-107.24705320123202,38.395593158174734],[-107.24662838567896,38.394501899953134]]}},{"type":"Feature","properties":{"depth_ft":25,"elevation_ft":7494,"major":false},"geometry":{"type":"LineString","coordinates":[[-107.24640942754237,38.39496423586111],[-107.24685115767242,38.39612558179789]]}},{"type":"Feature","properties":{"depth_ft":25,"elevation_ft":7494,"major":false},"geometry":{"type":"LineString","coordinates":[[-107.24660267140565,38.394300206990856],[-107.24637141373991,38.393408166921255],[-107.24636122292193,38.39429966169355]]}},{"type":"Feature","properties":{"depth_ft":50,"elevation_ft":7469,"major":false},"geometry":{"type":"LineString","coordinates":[[-107.17506868829493,38.47914246509285],[-107.17567925525573,38.478351254971656],[-107.17613996008366,38.47824906877114],[-107.17461210129252,38.477557852335075],[-107.17506868829493,38.47914246509285]]}},{"type":"Feature","properties":{"depth_ft":50,"elevation_ft":7469,"major":false},"geometry":{"type":"LineString","coordinates":[[-107.18321263138068,38.47303814423226],[-107.18301641393964,38.47304100242255],[-107.18309592876771,38.47271441962634],[-107.18329868989241,38.472872112540074],[-107.18321263138068,38.47303814423226]]}},{"type":"Feature","properties":{"depth_ft":50,"elevation_ft":7469,"major":false},"geometry":{"type":"LineString","coordinates":[[-107.23133682341484,38.47199751822121],[-107.23103167128669,38.472002090247834],[-107.23093538962188,38.47183875300609],[-107.23090759263339,38.470026593411106],[-107.23136554452913,38.468207155899925],[-107.2321353859909,38.467371718802646],[-107.2315506712017,38.466886144414566],[-107.23132778149325,38.46557124756185],[-107.2323963425731,38.464989371835294],[-107.23263957970957,38.46522202297419],[-107.2325186699578,38.46703641261867],[-107.2330838203464,38.46739838904673],[-107.23433104228695,38.46695136345952],[-107.23496160061791,38.467014056071726],[-107.23650174664375,38.46796529512686],[-107.23648290116563,38.468624697653176],[-107.2345941328215,38.46915038917544],[-107.23429567331732,38.46948144830698],[-107.23406981189734,38.470473516781745],[-107.23379343358849,38.47071721406866],[-107.23275572488623,38.471159769142744],[-107.23214017351319,38.47171718344275],[-107.23133682341484,38.47199751822121]]}},{"type":"Feature","properties":{"depth_ft":50,"elevation_ft":7469,"major":false},"geometry":{"type":"LineString","coordinates":[[-107.23576874909361,38.469624107488755],[-107.23544825190042,38.46978324603587],[-107.2350881426892,38.46930477065409],[-107.23522484877903,38.469218758915],[-107.23576874909361,38.469624107488755]]}},{"type":"Feature","properties":{"depth_ft":50,"elevation_ft":7469,"major":false},"geometry":{"type":"LineString","coordinates":[[-107.20935463063141,38.46589806709403],[-107.20927704991797,38.46524046483224],[-107.20799115911898,38.464600366502886],[-107.20673527258549,38.463300695837],[-107.20724144932028,38.46065675630289],[-107.20670918901585,38.459181611822],[-107.20707157447063,38.45812297283187],[-107.20623507175509,38.45821098136601],[-107.2053705489566,38.45712554263274],[-107.20474103641033,38.45710175798055],[-107.20452200736142,38.45670867025938],[-107.20389495142591,38.456787693520525],[-107.20299903875019,38.45627034888888],[-107.20104486237838,38.45580480519042],[-107.2005142567314,38.4551535030827],[-107.2006933259181,38.454397272248805],[-107.20027178348393,38.45430223535523],[-107.19879707757877,38.45336620520716],[-107.19751289318704,38.4528895228966],[-107.19693192337796,38.4524049490947],[-107.19656514936563,38.451586444562025],[-107.19725101306074,38.45069079609377],[-107.19634891316905,38.450930506749664],[-107.19491259248645,38.44932103777106],[-107.19279977860427,38.44862203307547],[-107.19069282571776,38.448168878500645],[-107.1887801915808,38.4470673216797],[-107.18751746584408,38.44685492454247],[-107.18698451716601,38.446289084584826],[-107.18702380546013,38.44595895466457],[-107.18825297457285,38.44511710468385],[-107.1882912955742,38.44429265414105],[-107.1875144584101,38.44348011639163],[-107.18680471912961,38.441677925650986],[-107.18532773814026,38.44054604143024],[-107.18444421737928,38.44022937471796],[-107.18335171211521,38.43908800893451],[-107.18329751659654,38.43942220377967],[-107.18432354464927,38.440560690481696],[-107.18626250913346,38.44168584323929],[-107.1866763969359,38.44233891176169],[-107.18724371706844,38.44413969872664],[-107.18781100736744,38.44462922970647],[-107.18632003550533,38.44596923165048],[-107.18646354740166,38.44660790972064],[-107.18689609945753,38.44717192535742],[-107.18879383205781,38.44764430692706],[-107.19056750965014,38.44887314867681],[-107.19135930719868,38.449191113699],[-107.19408382455975,38.44973138888038],[-107.19472187420176,38.45011795660778],[-107.19640136068868,38.4529070771668],[-107.19919017864564,38.454678651422185],[-107.19960888178778,38.455990719879914],[-107.20048721259117,38.45680168661196],[-107.2002723176932,38.457299185318945],[-107.20075873310518,38.45714421349341],[-107.20160603250159,38.457509677207966],[-107.2030351609919,38.45890627452876],[-107.20406944771663,38.46086836679574],[-107.20448366165067,38.4628396006544],[-107.20436552422335,38.46333567963958],[-107.2051121857095,38.46386683050242],[-107.20611218007953,38.46726458948026],[-107.2056197626578,38.467561673074506],[-107.20144719092964,38.46844332768787],[-107.19889001197265,38.468359682502765],[-107.19682082526128,38.46788028730975],[-107.19515494451258,38.46836708040518],[-107.19306583742808,38.468691911814496],[-107.19096848150774,38.46866914209627],[-107.18802579971552,38.46836704496863],[-107.18528711311384,38.467822942971765],[-107.18343951238006,38.466608496366696],[-107.18282689743545,38.465628752992544],[-107.18289545673098,38.46480386446483],[-107.18268307987152,38.46409291023565],[-107.18166753117562,38.465485461125134],[-107.18040008020496,38.465085103139344],[-107.1795045189904,38.46435887423641],[-107.1791047359487,38.46321124022577],[-107.17850874882836,38.4625607892974],[-107.17840618353824,38.46157361247138],[-107.17793249020656,38.460756604318235],[-107.17814583229308,38.460423949911565],[-107.17734622545238,38.46004105669844],[-107.17647872753969,38.4588108920949],[-107.17478092395498,38.45793289393864],[-107.17391452845334,38.45674677235079],[-107.17308065709669,38.45694792973927],[-107.1716084758709,38.456748956417975],[-107.17118374883233,38.45651664306525],[-107.16994418228197,38.45729951300165],[-107.16744215579678,38.45788808465845],[-107.16660592335124,38.4579893601272],[-107.16617636354857,38.457549478989634],[-107.16535281383923,38.45819459806909],[-107.16410702053072,38.45871414545649],[-107.163271675454,38.45885412016243],[-107.1616717202331,38.458519973216404],[-107.16092743861003,38.458530676374906],[-107.16042088863445,38.458043626464175],[-107.16036813828843,38.45738527582236],[-107.16008520172689,38.45705996791989],[-107.15830028665246,38.46144895703833],[-107.15715079445597,38.46204523177621],[-107.15680645916315,38.46201917133589]]}},{"type":"Feature","properties":{"depth_ft":50,"elevation_ft":7469,"major":false},"geometry":{"type":"LineString","coordinates":[[-107.30956983660028,38.46288920985804],[-107.30866356288405,38.46284872979237],[-107.30843155819025,38.462412686450655],[-107.30885802521789,38.4622483050139],[-107.30928056014602,38.46237458070233],[-107.30991191743286,38.462719068817286],[-107.30956983660028,38.46288920985804]]}},{"type":"Feature","properties":{"depth_ft":50,"elevation_ft":7469,"major":false},"geometry":{"type":"LineString","coordinates":[[-107.14279778829665,38.46499690375936],[-107.14129550486841,38.464248888950095],[-107.14052346488218,38.46337147812543],[-107.14011442269883,38.46381936595119],[-107.13948664055943,38.46387222148984],[-107.13716899571513,38.46337809853359],[-107.13574755168007,38.462679806803685],[-107.13552041700882,38.462188693251726],[-107.13625353342128,38.46002560520938],[-107.13502458594216,38.461291346744666],[-107.1344209546422,38.46239871851065],[-107.13359460295136,38.46293609168992],[-107.13276087917637,38.46315153740446],[-107.13192142334638,38.46311633960726],[-107.12859602564299,38.46228651146712]]}},{"type":"Feature","properties":{"depth_ft":50,"elevation_ft":7469,"major":false},"geometry":{"type":"LineString","coordinates":[[-107.1600737521905,38.46365104029643],[-107.16044626923646,38.46357347787334],[-107.16074648904853,38.46380614909917],[-107.16097628242369,38.46495628639662],[-107.16093300739824,38.46647195290304],[-107.16134350434719,38.466091487007525],[-107.16154032019855,38.46544250797531],[-107.16180099313652,38.46329665431821],[-107.16218761087384,38.462302428907336],[-107.1620947620663,38.46147987835006],[-107.162490938973,38.461340308754295],[-107.16321120193396,38.46146381094099],[-107.16502946867844,38.46231071848752],[-107.1652268634496,38.461105220157755],[-107.16624928129444,38.460266591448786],[-107.16686726385991,38.460204307824114],[-107.16790054236988,38.459561981630586],[-107.16917673324448,38.45907088910031],[-107.17061185834874,38.45895554683761],[-107.17144402382627,38.458680213617],[-107.17207517240166,38.45877394478924],[-107.17281479543979,38.45934782207409],[-107.17402011312261,38.46097813937894],[-107.17426576492329,38.46163369029859],[-107.17507154574379,38.46228112081823],[-107.17614912343848,38.46358371397119],[-107.17710809652355,38.46571190835903],[-107.17700947664915,38.46637245102585],[-107.1776715660302,38.4680106170673],[-107.17743089056952,38.4686732227442],[-107.1781866683548,38.469041301822635],[-107.17863668949842,38.47034552109416],[-107.17798841027177,38.47229023961634],[-107.17699028031764,38.47296384159921],[-107.17521593215059,38.474966912903795],[-107.1748497427516,38.476125665434935],[-107.17506920232508,38.47661681758338],[-107.17615610537442,38.477260167811956],[-107.17670499695265,38.477380078563584],[-107.17703905320501,38.47724735696738],[-107.17798290860102,38.47525632071609],[-107.17849939873811,38.47342558447039],[-107.17934971528088,38.4729295739669],[-107.17993834648114,38.4721963947849],[-107.18035467665835,38.47206666246488],[-107.18029564102919,38.472915822125174],[-107.18101930236911,38.47357694051246],[-107.18185994561594,38.47365595450703],[-107.18227620551346,38.47352301905369],[-107.18353884690406,38.47371255731763],[-107.1841632573158,38.47351421890339],[-107.18500932116488,38.4738228125636],[-107.18578446704795,38.47481321008773],[-107.18525527369333,38.475359072760206],[-107.18421006788853,38.47582483692032],[-107.18413024220163,38.47615555649589],[-107.18446082379094,38.476809850208355],[-107.18550219318921,38.47693584922113],[-107.18594188308752,38.4777947195766],[-107.18831889029187,38.47889566210998],[-107.18858800386059,38.47922128639957],[-107.1887217369842,38.48006309432199],[-107.1901728299696,38.47934865123329],[-107.19080538973519,38.4794931229254],[-107.19186920108925,38.48013649522519],[-107.19316349592263,38.47948389284974],[-107.19394690457682,38.47931666466023],[-107.19627932221971,38.48125076066177],[-107.19799757531784,38.48209721338245],[-107.19862724222084,38.4821183552337],[-107.19968475659846,38.48249253266707],[-107.20030894186296,38.482283312222],[-107.20366626148662,38.48235738163249],[-107.20617086128495,38.481852338557815],[-107.20846188324823,38.480906514856486],[-107.20929005183176,38.48074018625944],[-107.21076575849456,38.48106079874768],[-107.21124925008665,38.48020615617329],[-107.2117845775096,38.479818835907274],[-107.2132344283941,38.479352846307535],[-107.21390330822247,38.478848590417826],[-107.2141378324223,38.478185995441365],[-107.21467658677643,38.47798641170498],[-107.21529107757,38.4773770168314],[-107.21655173900835,38.477477357201536],[-107.21712597880497,38.47649383901358],[-107.21882605696433,38.47612820043221],[-107.21912518504776,38.475475437733174],[-107.2194344756526,38.47526874947985],[-107.22021547427181,38.47512965306649],[-107.220534922345,38.47611357270967],[-107.22196422726932,38.475821306272046],[-107.22279320077553,38.47541336817263],[-107.22384274692038,38.47545612881201],[-107.22427327260624,38.47591662857185],[-107.2246947626842,38.47600280622223],[-107.22530015250851,38.47502093312966],[-107.22842145535621,38.47402016959164],[-107.2294224643889,38.47350920362294],[-107.22986413628267,38.472979448324615],[-107.23090274801417,38.4725723441216],[-107.2310638049371,38.47282550707037],[-107.23093710359318,38.47332174411944],[-107.22949029964214,38.47486037350289],[-107.22929872887669,38.47560903226935],[-107.23198042688497,38.47377645892905],[-107.23281506207643,38.473605100252904],[-107.23344761019538,38.47374740378378],[-107.23386181699549,38.47353366239576],[-107.23529061076589,38.47192506713715],[-107.23590944778522,38.47150373605354],[-107.23619633749418,38.47159504088236],[-107.23635000601463,38.47237457325777],[-107.23700109940297,38.47108860597494],[-107.23730803157868,38.47091921149698],[-107.23799459647837,38.47102012510989],[-107.23944817755651,38.47043499724008],[-107.24070202784151,38.470259287463584],[-107.24112493771727,38.47040419407782],[-107.24153934052225,38.47020019957825],[-107.24217285921375,38.47038276264458],[-107.24531872067878,38.47040436552104],[-107.2484795463112,38.4710369700804],[-107.25118839766704,38.47033832206969],[-107.25263899525653,38.46963643540696],[-107.25326571479577,38.46954105152804],[-107.25367094812647,38.46896523423598],[-107.2557708484398,38.46908920840697],[-107.25678149304827,38.469471302420025],[-107.25686947663472,38.46979952567858],[-107.25917418733735,38.471052654202225],[-107.25979403849252,38.47067837312305],[-107.26063850153908,38.470909605447815],[-107.26128761659879,38.47172217579902],[-107.26170598343144,38.47168081398648],[-107.26191951466882,38.47183635520032],[-107.26259532733106,38.47372959909829],[-107.26280849978038,38.47387027833416],[-107.26340694662092,38.472995549922615],[-107.26340152202727,38.472409336588086],[-107.26375278894083,38.47299027132838],[-107.26446638107781,38.4730722580229],[-107.26529463415838,38.4726459878297],[-107.26615702356244,38.473118327720286],[-107.26657862052726,38.47368916781775],[-107.2676216971557,38.47347014730338],[-107.2680448735448,38.47362274615552],[-107.26835199397391,38.47407344181776],[-107.26809485464685,38.476384310105765],[-107.26837525362453,38.47703914313179],[-107.26830593809811,38.478028889672785],[-107.26992122799369,38.47849850291585],[-107.27087260032846,38.47897827026153],[-107.27219708380136,38.47994665178461],[-107.27304872052369,38.48090251742268],[-107.2737888731719,38.48091091594296],[-107.27433001579026,38.48182678873085],[-107.27516440984688,38.481645732070554],[-107.27580275961174,38.482014816041236],[-107.27662812183364,38.48147083711333],[-107.2797600223178,38.480911415064604],[-107.28121696756384,38.480466269834416],[-107.28164382114696,38.4804605149382],[-107.28178400254093,38.48062313501763],[-107.2818572697205,38.48128113110402],[-107.28238435021002,38.48226169145754],[-107.2819595766778,38.48309214960291],[-107.28177644183401,38.484578006505664],[-107.2819166979867,38.48507018834206],[-107.28131451117488,38.48672728643971],[-107.28136285735592,38.487715229949806],[-107.28080066573874,38.489000798338324],[-107.28023710239627,38.48921560932658],[-107.28047690393828,38.489706259518734],[-107.28016792180219,38.49020536343036],[-107.27981815098491,38.4903755317884],[-107.27975435040635,38.49087085849438],[-107.27876508464885,38.49269868319511],[-107.27841944808819,38.49484615979269],[-107.27783535419799,38.49626381405254],[-107.27781528205882,38.497162393188106],[-107.27726228216984,38.49881871085655],[-107.27583743856391,38.50081798568504],[-107.27633681531333,38.50146943781408],[-107.2767086887885,38.50156465878135],[-107.2773300122786,38.501242467327415],[-107.27855478205561,38.499881263465376],[-107.27906104487457,38.49862625786765],[-107.27987332441491,38.497789845702236],[-107.281848931514,38.49396943279971],[-107.282588405511,38.49339736910662],[-107.28358638582469,38.49344828939965],[-107.28299220159326,38.49279833110516],[-107.2833719327757,38.49229812784722],[-107.28362035586231,38.49130560511714],[-107.28409708628273,38.4906391207436],[-107.28522516433931,38.48979779332963],[-107.2849610144823,38.48947231011602],[-107.28547909301939,38.488805181060606],[-107.28553224871384,38.4876508886226],[-107.28624528278006,38.48714552525599],[-107.28594265292048,38.48566716784229],[-107.28647749723766,38.4853293379369],[-107.28609938445945,38.48484083755267],[-107.28715239113498,38.48284717832783],[-107.28717049529733,38.479716047122544],[-107.28747143776128,38.47898272049194],[-107.28850939808258,38.47855872607951],[-107.28892871629522,38.47855427023604],[-107.28929302627445,38.480507109614514],[-107.28993087963985,38.481156358310905],[-107.2904638380406,38.48123086006907],[-107.29212718161725,38.48065557556804],[-107.2931820400278,38.48090452040824],[-107.29413584173233,38.48125593149804],[-107.29587336587782,38.483041543621404],[-107.29597055201278,38.48353437916103],[-107.29738199788835,38.485654601315964],[-107.29762328963676,38.48828736079148],[-107.29798124971587,38.48861135648294],[-107.29838666763817,38.48959374090062],[-107.29826996740451,38.48992512090282],[-107.29844540835788,38.49041673717913],[-107.2982523057218,38.49074930602041],[-107.29903215836102,38.49320890083168],[-107.29889072973887,38.49370544842803],[-107.29990813484237,38.49500786591224],[-107.30076650907414,38.49713666365169],[-107.301424861072,38.497950315825584],[-107.3018595667633,38.498932233286176],[-107.30218121110926,38.500245476581675],[-107.30204695288955,38.50173060972345],[-107.30138314862738,38.503553560526655],[-107.30161406803457,38.50453865498879],[-107.30106722654821,38.50537108737714],[-107.30097153704239,38.50702040010579],[-107.30038483087431,38.50834779642864],[-107.29945792629705,38.50951570320498],[-107.2991802717385,38.5108736781433],[-107.29831126245962,38.51217005964689],[-107.29933546141498,38.51330759850926],[-107.29962141810338,38.514127058338865],[-107.29953181772562,38.515281928053035],[-107.29909129411472,38.51611269463113],[-107.29916616116107,38.51644109386796],[-107.2983264261287,38.517937197391454],[-107.29830726625693,38.518596623825154],[-107.2994180482889,38.52030460562451],[-107.30032267955153,38.521036991787966],[-107.30028017205133,38.522191128899856],[-107.30114792350281,38.52233195359308],[-107.30177520039904,38.522242624914746],[-107.30241537476196,38.52266397540935],[-107.3028354698633,38.52267999688084],[-107.30240247272334,38.52215317399623],[-107.30103452176459,38.52152025239479],[-107.30061899586671,38.52037324882034],[-107.3006625042078,38.519727083511015],[-107.30029174573244,38.51922486948123],[-107.30115812451842,38.51805790061769],[-107.30121495899387,38.516738757533545],[-107.30178098612066,38.515741244486705],[-107.30196225703835,38.51458494370947],[-107.30179066616627,38.513104577991136],[-107.30109513764417,38.51229150473555],[-107.30107386907864,38.51146792508631],[-107.30145845775795,38.511132368439334],[-107.30144694750476,38.51063820116481],[-107.30173779891642,38.510139321912604],[-107.30394867077551,38.50730354473325],[-107.30388908751704,38.50615099845661],[-107.30423776714055,38.50548642766329],[-107.30410803381024,38.504994105553614],[-107.30445539413465,38.503756262905206],[-107.3050044456645,38.503002723937186],[-107.30485639569011,38.50251068868231],[-107.30510136578252,38.50201251649576],[-107.305126329644,38.501023432671055],[-107.30530735092833,38.50019669392444],[-107.30566088278215,38.49969682477866],[-107.305488206898,38.49904039273867],[-107.30587443683496,38.498704794433465],[-107.30580490212746,38.498376316089704],[-107.30610175305343,38.49787733092825],[-107.30533473282901,38.49705041932667],[-107.30478655280562,38.49542613968055],[-107.30517066437123,38.49443144728445],[-107.30452891595007,38.494111903972396],[-107.30398277290347,38.49346130044767],[-107.30408655678004,38.49247098684706],[-107.30448123133104,38.49213526095408],[-107.30386329403615,38.49115621349636],[-107.30392448867853,38.49066091156676],[-107.30508299732516,38.4899836940524],[-107.30405160170181,38.4896702338442],[-107.30389667043504,38.48934308764817],[-107.30408149098358,38.48884585593084],[-107.30463871291342,38.4885075916864],[-107.30456870273647,38.488014338024605],[-107.30492748583106,38.486855259158496],[-107.30552901143774,38.48635151606837],[-107.30563080109273,38.48503166720587],[-107.305925438042,38.48436793400336],[-107.30569409580424,38.48354763740605],[-107.30583867382539,38.48239190202164],[-107.30618374153926,38.48156259757183],[-107.30652996116234,38.48106283864353],[-107.30785750288108,38.48005338317649],[-107.30747480533282,38.4797298050195],[-107.30754225530396,38.479399185239465],[-107.3080249466901,38.47903342398578],[-107.30885858625145,38.47882700434287],[-107.31027659339524,38.47685449390644],[-107.31173451822343,38.47645833398166],[-107.31206196229114,38.476197530678284],[-107.31178926161172,38.475213111774835],[-107.31192155085945,38.47488147239111],[-107.31410349138488,38.47418810622145],[-107.31430014048131,38.47352588824759],[-107.31320207852833,38.473543124760404],[-107.31306092714408,38.47305099203214],[-107.31319280053886,38.472719357576096],[-107.31445165712033,38.47154611784543],[-107.31504523370647,38.47137201234486],[-107.31460557773849,38.47071978761407],[-107.31492370454698,38.46992063820716],[-107.31595648776573,38.46930440045116],[-107.31676980120344,38.46920273362904],[-107.31696069869096,38.46854060102691],[-107.31760539600451,38.46770654715609],[-107.31946794903307,38.46721428962341],[-107.32128962439165,38.46633026596644],[-107.32124572633404,38.46600139231877],[-107.32216954472906,38.46466856292736],[-107.32213160425654,38.46417481276481],[-107.32249711696542,38.46367469879348],[-107.32396305268692,38.46259716224484],[-107.3245863471582,38.46237348015299],[-107.32564417036782,38.46148283216638],[-107.32568238945372,38.46098787928108],[-107.32532689268386,38.46066393083563],[-107.32536405754526,38.45998815323455],[-107.32640345586915,38.459639644005264],[-107.32702077915519,38.459183832416514],[-107.32890687601764,38.45915096099237],[-107.32934823622351,38.45829335914249],[-107.33136569266883,38.45692405163112],[-107.33218242709292,38.45607113892433],[-107.33280765957174,38.455926159218926],[-107.33393598707796,38.45607843582248],[-107.33389338911186,38.45525519584884],[-107.33426441129043,38.45491973851829],[-107.33404136077536,38.45442893035479],[-107.33418457839858,38.4539323066243],[-107.33376569370961,38.45278547446138],[-107.33293567729106,38.4527451382091],[-107.33089556439955,38.45381970109504],[-107.33015133371312,38.453996277856206],[-107.32946859139658,38.45499579136904],[-107.32757399196262,38.456222871101744],[-107.32526966043756,38.456294496062405],[-107.32339250069836,38.45667449733217],[-107.3223381300721,38.45659154443593],[-107.32157237609438,38.45561492507981],[-107.32097888484026,38.455294716687824],[-107.3203986114945,38.45436908385389],[-107.31917646631179,38.45384007121709],[-107.31640288906316,38.45387902911046],[-107.31431494607953,38.45421342378713],[-107.31326464616572,38.454131611950515],[-107.31114218370124,38.45310546631425],[-107.31030648672268,38.45321862116922],[-107.30967343578675,38.45305575175003],[-107.30888937620014,38.45251857828201],[-107.30879690040331,38.45202567942343],[-107.30822178568474,38.451705119131155],[-107.30827147429629,38.45088042979189],[-107.30900574554187,38.45070415031204],[-107.30873636764494,38.44988445719995],[-107.30829543757349,38.44956179628432],[-107.30827278809545,38.44741499028178],[-107.30806117482676,38.44733641304805],[-107.30765477574384,38.44784417941941],[-107.30661760822098,38.44827755468136],[-107.30493176086944,38.4479279827733],[-107.30305676966562,38.4483891400909],[-107.3022145732914,38.448242947254585],[-107.30115521635142,38.44779779735609],[-107.29971472916476,38.446729734709606],[-107.29949597877844,38.445909233159455],[-107.29900596331483,38.44569325988891],[-107.29857467106085,38.44521448478125],[-107.29583281122683,38.44454488309184],[-107.29499335447582,38.444505276620305],[-107.29288190625552,38.443895807396885],[-107.29224213135096,38.44345995398378],[-107.28928857543212,38.442701854421344],[-107.288989624357,38.4421176843355],[-107.28843415160306,38.44206333455105],[-107.28758614626726,38.4416807091171],[-107.28751378258714,38.44082228309404],[-107.28791431888622,38.43949783108133],[-107.28791854923665,38.43821204727058],[-107.28692471278211,38.440376847600945]]}},{"type":"Feature","properties":{"depth_ft":50,"elevation_ft":7469,"major":false},"geometry":{"type":"LineString","coordinates":[[-107.1508871293982,38.46271119049425],[-107.15160831923359,38.462189085468886],[-107.15295417793094,38.462599682268035],[-107.15396400946548,38.46340911478736],[-107.15398625227634,38.464562235457976],[-107.15418404825394,38.46477089632592],[-107.15500336769239,38.46393568280884],[-107.15541933759366,38.463790621257985],[-107.15730743962735,38.463838458569576],[-107.15791410410523,38.46401160611091]]}},{"type":"Feature","properties":{"depth_ft":50,"elevation_ft":7469,"major":false},"geometry":{"type":"LineString","coordinates":[[-107.15663260499771,38.46186239875043],[-107.1564012620373,38.461232095128516],[-107.15563156511146,38.46058401991485]]}},{"type":"Feature","properties":{"depth_ft":50,"elevation_ft":7469,"major":false},"geometry":{"type":"LineString","coordinates":[[-107.12853899749125,38.462280429303085],[-107.12753097586436,38.46213674402835],[-107.12664441659338,38.46156029766889],[-107.12411948991083,38.46116313493159],[-107.12306366521811,38.460831289162314],[-107.12201761635383,38.460929461122355],[-107.12118550652552,38.46121643228865],[-107.1200919388488,38.459220088690216],[-107.11998584109645,38.46108935789006],[-107.1197223432113,38.4614119376795],[-107.11763964800865,38.46202463086849],[-107.11449508835805,38.46203896557356],[-107.11408301138532,38.46249018403808],[-107.11450455173753,38.463637724011626],[-107.11431349706307,38.46429949660209],[-107.113921943514,38.46450968984754],[-107.11266336907306,38.46448409783125],[-107.11141090587563,38.464729305341464],[-107.11051133866174,38.46517643799749],[-107.11039144089645,38.46600956382187],[-107.10894876814952,38.467120121362335],[-107.10888924941317,38.46783544658386],[-107.10857053320558,38.46833421089544],[-107.1073146404452,38.46934034177813],[-107.10682710276964,38.47000622488676],[-107.10567348240427,38.47065563428793],[-107.10379474880243,38.47103057372969],[-107.10201738405782,38.47221509141612],[-107.10070545180808,38.473527768078775],[-107.09883978090578,38.4744905871085],[-107.09696520121405,38.47505727250076],[-107.09382874062975,38.475459797716],[-107.09319853176555,38.47540975327466],[-107.09298012693309,38.4750194237579],[-107.09088967871058,38.47531174454357],[-107.08879091206406,38.475230928361434],[-107.08670214930544,38.47560007588424],[-107.08480394946932,38.47510795452187],[-107.08312259217217,38.47493704116869],[-107.08144642885607,38.4750002684686],[-107.08039220575604,38.47474067770813],[-107.07996376275425,38.47433149621924],[-107.07954596346686,38.4744032805044],[-107.07785438212812,38.473768260134754],[-107.07723186680379,38.474065272443916],[-107.07618399126223,38.47409190186326],[-107.07488178850181,38.47489497066808],[-107.07486433162008,38.47522475758935],[-107.07425589183546,38.47589214633197],[-107.0743530798988,38.47622037121344],[-107.07358502616295,38.47672515629943],[-107.07358548040864,38.4777137969077],[-107.07396479820908,38.47803817990532],[-107.07318096383453,38.478543176958254],[-107.07357591510933,38.47903212291112],[-107.07232045629118,38.47957027334703],[-107.07170399433208,38.48014560739064],[-107.07003237962223,38.48042155332532],[-107.06892290543328,38.48041358433734],[-107.06706061603181,38.480933175644424],[-107.06715447592657,38.48109667710714],[-107.06689582544543,38.4814297329463],[-107.06717747011531,38.48175546238247],[-107.06685583613405,38.482418920752785],[-107.065689994791,38.4829290443972],[-107.06434606791083,38.483935889412535],[-107.06400171156002,38.48476442112995],[-107.06423536658828,38.4850908071901],[-107.06396860876815,38.48525919166561],[-107.0638597241048,38.48583992836302],[-107.06365111645485,38.485891026271226],[-107.06365543032574,38.48608800044432],[-107.0627884222056,38.48626380173686],[-107.06242840553575,38.487092540160035],[-107.0615600830026,38.487763372297565],[-107.06034146899141,38.48799502796985],[-107.05719241581946,38.487854716552846],[-107.05617477145516,38.4873416883304],[-107.05573635739655,38.487347590713604],[-107.05709815000604,38.48815312129858],[-107.05695335957449,38.48831984591007],[-107.05866767460428,38.488181397001185],[-107.05993464511313,38.48857362757472],[-107.06014910628097,38.48878992241797],[-107.06149361720635,38.488423366788794],[-107.06325906641061,38.48714261370758],[-107.06492035949879,38.48638748849278],[-107.06595077251922,38.485556367132766],[-107.06888290895421,38.48537305329489],[-107.07014513690895,38.48554923328792],[-107.07225663316179,38.486195639834264],[-107.07477747178676,38.486381557481884],[-107.07624274718258,38.48625354733451],[-107.07748994019781,38.48574764257583],[-107.07957686678922,38.48528009590054],[-107.08249512947069,38.485666089781205],[-107.0833737295166,38.48626304140663],[-107.08358018889467,38.48611563883162],[-107.09048456587686,38.48536765891896],[-107.09152477048964,38.48498958875817],[-107.09424087032401,38.484526944750286],[-107.09522263449045,38.48334903319346],[-107.09609103311598,38.482855955596],[-107.09797094239815,38.48251796432928],[-107.0992361446116,38.482825669138236],[-107.0998480201175,38.482790767504135],[-107.10022516676696,38.48262077043002],[-107.10068634183182,38.48202998330088],[-107.10402690717146,38.48136637062382],[-107.10547853412045,38.48063790303894],[-107.10631677337098,38.48061063994274],[-107.10661547939392,38.479895698125205],[-107.10741528827354,38.479225473497884],[-107.10798917526483,38.478228835948464],[-107.10778380602078,38.476913489081724],[-107.10789282532473,38.47608809441227],[-107.1089398588946,38.476031429386154],[-107.10936239806094,38.47617073545814],[-107.1097228683788,38.47705126907192],[-107.10952055705813,38.477877965206254],[-107.10977788826382,38.47820393193152],[-107.110035544328,38.47812421091586],[-107.11038944402071,38.477041981509],[-107.11033154817021,38.47588935891772],[-107.11056030903283,38.47506229253244],[-107.11185538737028,38.475133501723036],[-107.11270506352818,38.47486760333162],[-107.11411041789056,38.47418887782193],[-107.11641368177726,38.47270172498119],[-107.1170400701026,38.47258326169704],[-107.11772685817732,38.47150188977021],[-107.11803689931524,38.470305040088576],[-107.11886131776458,38.469673572312004],[-107.11969565762303,38.469480185312754],[-107.12030822763936,38.468754160853074],[-107.1206090142662,38.467836430792],[-107.12042115121106,38.46701518603586],[-107.12068155414738,38.46672583077694],[-107.12131045346004,38.46672056990917],[-107.12380388982223,38.46572488008142],[-107.12464004831938,38.465614018653355],[-107.1261178926448,38.46606003639749],[-107.12695393939312,38.465944238335496],[-107.1290549927807,38.46613468934095],[-107.12947824999156,38.46630623920365],[-107.12970099373923,38.466879065447436],[-107.13219466456702,38.46589833007776],[-107.13450702796052,38.46615972146465],[-107.1359838507275,38.466557836394415],[-107.13704855929257,38.467270809591],[-107.13958792807719,38.468284205221494],[-107.14044631001259,38.46914045838689],[-107.14086282592302,38.46901660679548],[-107.14305883858242,38.46933190182901],[-107.14320182472503,38.47042963113266],[-107.1436381243016,38.47116520610172],[-107.14360973118785,38.469931583093754],[-107.14401805930021,38.4696478107102],[-107.14441344010051,38.46865352398452],[-107.14515081930678,38.467983920071525],[-107.14691534843935,38.46779316346455],[-107.14776206941505,38.46814042511712],[-107.1487971600561,38.467564345338694],[-107.14915407168623,38.4669381878807],[-107.14973343448357,38.46445826358233],[-107.15078799234021,38.4629815391547]]}},{"type":"Feature","properties":{"depth_ft":50,"elevation_ft":7469,"major":false},"geometry":{"type":"LineString","coordinates":[[-107.15550953367074,38.4605508967306],[-107.15448781044499,38.45978197761207],[-107.15300980251735,38.459331292724194],[-107.1496294043307,38.4600107736592],[-107.14829020101465,38.461512879960694],[-107.14761563145765,38.46179319843609],[-107.14743076395064,38.46152513860012],[-107.14746740398893,38.46070073216605],[-107.1471603015873,38.460231771018975],[-107.14666142052275,38.460876999703714],[-107.1467709786751,38.462193652228905],[-107.1466187155026,38.46252537601996],[-107.1457349681443,38.463526628786695],[-107.14493623107968,38.46379796244792],[-107.14465350922003,38.46502501922608],[-107.14399218426247,38.46530937352993]]}},{"type":"Feature","properties":{"depth_ft":50,"elevation_ft":7469,"major":false},"geometry":{"type":"LineString","coordinates":[[-107.28671141668107,38.440678756744596],[-107.2865209148548,38.44099297907819],[-107.28545159141005,38.44014068507855],[-107.2846154879157,38.43888972725899],[-107.28398138744059,38.4385699611921],[-107.28328891492173,38.4374703186619],[-107.28265814072704,38.43739048565039],[-107.2822478881288,38.43774865832858],[-107.27817185137614,38.436517400083666],[-107.27759579354803,38.43553758151506],[-107.27758655018985,38.43505653282034]]}},{"type":"Feature","properties":{"depth_ft":50,"elevation_ft":7469,"major":false},"geometry":{"type":"LineString","coordinates":[[-107.18313695486161,38.43886886533754],[-107.18312461469019,38.43834506379769],[-107.18291333471164,38.43827341489625],[-107.18313695486161,38.43886886533754]]}},{"type":"Feature","properties":{"depth_ft":50,"elevation_ft":7469,"major":false},"geometry":{"type":"LineString","coordinates":[[-107.27635043357148,38.43659024700442],[-107.27699690581508,38.43730182594464],[-107.27793449852899,38.43767452244916],[-107.27925264682557,38.43864290940891],[-107.27971024933736,38.43929498352793],[-107.28053855425219,38.43961177896568],[-107.28104947149674,38.44012144384959],[-107.28126054016478,38.44018027705926],[-107.28167387462187,38.439944925698825],[-107.28282788648549,38.441059493660404],[-107.28380350066472,38.44129112019887],[-107.28469122227267,38.44326457512604],[-107.28470256384429,38.44371855479478],[-107.28662016467746,38.4449616053722],[-107.28725037567801,38.44501605731473],[-107.28808317867453,38.444789826173725],[-107.28977225594927,38.44573075425212],[-107.29000323393372,38.44612727673576],[-107.29041766373471,38.44593537323298],[-107.29126161785547,38.446153798312324],[-107.29118550826144,38.44686231798037],[-107.29150862295822,38.447644502976125],[-107.29176628683918,38.44701809169754],[-107.29274015225631,38.446599872484356],[-107.2954627460708,38.44650104989711],[-107.29650541593185,38.44628490129656],[-107.29803310347164,38.44741505242887],[-107.29810075281955,38.447743563158284],[-107.29781992328697,38.44791271649448],[-107.29863978240594,38.44822951645761],[-107.2993021269662,38.44887832845055],[-107.29931736808753,38.449734298505604],[-107.30014811462395,38.44942571217972],[-107.30078616521541,38.44978909172007],[-107.30151718757982,38.44983249438051],[-107.30171961979005,38.450158901090205],[-107.30164294620745,38.450512935751966],[-107.30393346004455,38.449901090390775],[-107.30582439436077,38.45006922217426],[-107.30609043256611,38.450255423943375],[-107.30604134981256,38.45075053803695],[-107.30563546622552,38.45125123010514],[-107.304390717881,38.45140520670533],[-107.30377424928089,38.451897797963206],[-107.30272639899444,38.45191112407299],[-107.30246008535903,38.45245429807756],[-107.30282348991878,38.45327253746361],[-107.30343797163772,38.45359250985823],[-107.30340024263859,38.45425222742568],[-107.30468732045482,38.456044730671294],[-107.30519118106315,38.45819348186962],[-107.30625320897761,38.45873711915229],[-107.3071232058252,38.459796642719986],[-107.30663495017573,38.46046340849249],[-107.30577971347496,38.46097112665471],[-107.30555641402354,38.461304181301045],[-107.3055527438253,38.46245771435798],[-107.30647053891165,38.462937713635846],[-107.30586965626154,38.463606236810186],[-107.3056106677767,38.46459897832204],[-107.30466231854874,38.465437706994464],[-107.30225647664152,38.46652098170787],[-107.30121098724051,38.46663641573547],[-107.30038667889752,38.46720814555585],[-107.29831396350319,38.4681654100704],[-107.29749165165379,38.46881806017288],[-107.29665836929829,38.46903525773163],[-107.29461329448385,38.471096426466595],[-107.2933515288794,38.47095283430672],[-107.29186841746741,38.47034460580598],[-107.29124700151328,38.47064985801654],[-107.29019908575458,38.470671526296464],[-107.28943438460279,38.47012367317389],[-107.28850644709992,38.47006844963209],[-107.28808180661751,38.46985835818198],[-107.287665113677,38.46996564462824],[-107.28658470639535,38.468688209672635],[-107.28618742368066,38.46957133591986],[-107.28492921804023,38.469568323633396],[-107.28437794157534,38.4698723108295],[-107.28424437946008,38.47069828098421],[-107.28370810438958,38.47120090557885],[-107.28351943098492,38.4718918792783],[-107.28185549743854,38.47243799503608],[-107.28101436500921,38.472343935595205],[-107.28019180741181,38.472573386312284],[-107.28019598039361,38.47273810338985],[-107.28083220498121,38.47305786217268],[-107.28061554222963,38.47316885933797],[-107.27914678422536,38.47313405622747],[-107.27747552886052,38.473388470783085],[-107.27558093543998,38.47309486056968],[-107.27505143648118,38.47281725028885],[-107.27527533879018,38.47215468562485],[-107.2749890553571,38.47182952148568],[-107.27365578689177,38.471570421965495],[-107.2721722513245,38.470884072451696],[-107.27215049393558,38.47006187122654],[-107.27048170432403,38.470413744298746],[-107.26842197783135,38.46945850414576],[-107.26833140519027,38.46880076663072],[-107.26737505567499,38.467991495122476],[-107.26748739180574,38.46766021486004],[-107.26726573982965,38.467560447936954],[-107.26663977302174,38.46768487717636],[-107.26495902968261,38.46755185240662],[-107.26431750989155,38.46704689492552],[-107.2611550552868,38.466347195013036],[-107.26033046248807,38.46691996820373],[-107.25822576852445,38.46659910174524],[-107.25738915436995,38.46668441943582],[-107.25589918166627,38.46578060351699],[-107.25569017834559,38.46580796281483],[-107.25550897297448,38.4663598147635],[-107.25507636786443,38.466427176564096],[-107.25276158517997,38.46608787521808],[-107.25222664470057,38.46525617907807],[-107.25234739798168,38.464430445813],[-107.25282433851937,38.46409365003577],[-107.25260418217388,38.46343786851976],[-107.25286868137295,38.46310429500744],[-107.2525379002233,38.46245019182326],[-107.25160701779264,38.46175860055027],[-107.25137846349334,38.46180865298229],[-107.25194829417624,38.46245913443934],[-107.25195516413,38.46311815162633],[-107.25124439820247,38.46407129558184],[-107.25084360081571,38.465112366235104],[-107.25100198797502,38.46560430681244],[-107.25088058830318,38.466336396884515],[-107.25025605539022,38.46651997068514],[-107.24878522489658,38.46639395630433],[-107.24836221105295,38.46624449580582],[-107.24814179355418,38.46580572105321],[-107.24732206200134,38.466319140755665],[-107.24712288209996,38.46701020986339],[-107.24524361337605,38.46733115141284],[-107.24482388445055,38.46731605130665],[-107.24387412997257,38.46653601477061],[-107.24206884404033,38.46611894706093],[-107.24163992271454,38.46572658326224],[-107.24122513012334,38.4659135148016],[-107.24063548849281,38.465431392999676],[-107.23719699909181,38.46409255424546],[-107.2369743543721,38.46355908977001],[-107.23613963688419,38.46372185364152],[-107.23571346453629,38.4634406460189],[-107.23488272261244,38.46376712009322],[-107.23275182684134,38.46235729312696],[-107.2317038191729,38.462370345580624],[-107.23106972113716,38.46215978676822],[-107.23065492203344,38.46234669827927],[-107.22897835022806,38.4623775027429],[-107.22627276892155,38.46320741070411],[-107.22480084133522,38.46303108504275],[-107.22395393767877,38.46268981472135],[-107.22312486560789,38.46308728064148],[-107.22207855748907,38.46317124711958],[-107.22020696138682,38.46381080353776],[-107.21790581614444,38.464027334044744],[-107.21624986469014,38.46491789282314],[-107.21367371201504,38.46566967164513],[-107.21357272434273,38.46694300409308],[-107.21176476675437,38.46816965480236],[-107.21086723812573,38.4677912098083],[-107.20940033056303,38.46622731417507],[-107.20935464311229,38.46589879396275]]}},{"type":"Feature","properties":{"depth_ft":50,"elevation_ft":7469,"major":false},"geometry":{"type":"LineString","coordinates":[[-107.27756708840437,38.434946680577],[-107.2779000129841,38.434379430483666],[-107.27737199963643,38.43376298379495]]}},{"type":"Feature","properties":{"depth_ft":50,"elevation_ft":7469,"major":false},"geometry":{"type":"LineString","coordinates":[[-107.27732449250807,38.43361973885677],[-107.27709858402267,38.43290873599819],[-107.27748777532035,38.431758682112836],[-107.27603550899151,38.43235299352231],[-107.27392457917588,38.43174308089796],[-107.27340505982968,38.431317705616465],[-107.27343680692259,38.42983418945527],[-107.27400225506824,38.428672037351944],[-107.2738769197752,38.42785005797323],[-107.27351334612663,38.427526080668486],[-107.2729769685931,38.42733824832373],[-107.27214112234775,38.42743539243481],[-107.27143462754222,38.427887550217015],[-107.27089772255353,38.427999669889104],[-107.27026361996808,38.42778149180333],[-107.26961493123318,38.42725632800483],[-107.2683582340275,38.42700161746029],[-107.26543169642115,38.42729867229738],[-107.2648388417628,38.42683508103877],[-107.26460692376988,38.42621121960571]]}},{"type":"Feature","properties":{"depth_ft":50,"elevation_ft":7469,"major":false},"geometry":{"type":"LineString","coordinates":[[-107.27200768823812,38.43135574125917],[-107.27197254034361,38.432328381403906],[-107.2716305197942,38.43266319079642],[-107.27207687692886,38.433294950566435],[-107.27248471599346,38.43283850094287],[-107.27311253564773,38.43280141219441],[-107.27501401421013,38.433415615340856],[-107.2764065856367,38.43423763147064],[-107.27632392019069,38.43552386463859],[-107.2758286910449,38.43572954899495],[-107.27631247289742,38.436517589751126]]}},{"type":"Feature","properties":{"depth_ft":50,"elevation_ft":7469,"major":false},"geometry":{"type":"LineString","coordinates":[[-107.27238827012297,38.430204302145036],[-107.27202389805247,38.43115884150304]]}},{"type":"Feature","properties":{"depth_ft":50,"elevation_ft":7469,"major":false},"geometry":{"type":"LineString","coordinates":[[-107.27279345583374,38.42903273602168],[-107.27241618388412,38.430075879458606]]}},{"type":"Feature","properties":{"depth_ft":50,"elevation_ft":7469,"major":false},"geometry":{"type":"LineString","coordinates":[[-107.26869371244153,38.427685697616745],[-107.27007348229215,38.42856572855687],[-107.27091544146383,38.42871459679225],[-107.27128351853185,38.428586644525815]]}},{"type":"Feature","properties":{"depth_ft":50,"elevation_ft":7469,"major":false},"geometry":{"type":"LineString","coordinates":[[-107.26456016837473,38.42595126159423],[-107.26410359029859,38.424374607081376],[-107.2634717267467,38.423395575490744],[-107.26260493156366,38.423145830879065],[-107.260723468165,38.42332831980683],[-107.25995827916186,38.422954840336544],[-107.25965201882191,38.422366226744394],[-107.25922507889777,38.42214211160676],[-107.25879186165885,38.421160028990634],[-107.25898536606259,38.42082220136917],[-107.25940621678154,38.420893782124516],[-107.26002928632099,38.42064683188111],[-107.25923827495153,38.42049410648239],[-107.25988678575187,38.41768295647813],[-107.25974206053701,38.41719694774266]]}},{"type":"Feature","properties":{"depth_ft":50,"elevation_ft":7469,"major":false},"geometry":{"type":"LineString","coordinates":[[-107.26350625944744,38.425703619323606],[-107.2637352978108,38.4275110644519],[-107.26482507068332,38.42819202034327],[-107.26801564258366,38.42772914373878]]}},{"type":"Feature","properties":{"depth_ft":50,"elevation_ft":7469,"major":false},"geometry":{"type":"LineString","coordinates":[[-107.26162049828675,38.42395233439522],[-107.26220751263214,38.42402509926429],[-107.26294041821919,38.424392372064965],[-107.26350544921848,38.425701394572776]]}},{"type":"Feature","properties":{"depth_ft":50,"elevation_ft":7469,"major":false},"geometry":{"type":"LineString","coordinates":[[-107.25871330042214,38.41970576058508],[-107.25831873152329,38.42199113689572],[-107.25861460613962,38.42281053279981],[-107.25926539294225,38.42368517880709],[-107.26074244780554,38.42409859082325],[-107.26133511228959,38.42394791445928]]}},{"type":"Feature","properties":{"depth_ft":50,"elevation_ft":7469,"major":false},"geometry":{"type":"LineString","coordinates":[[-107.25973400173127,38.41718605031789],[-107.2579025765851,38.41540625968954],[-107.25804048661865,38.413921136839505],[-107.25844628259262,38.4129262748232],[-107.25814256700481,38.412117290610325],[-107.25673705929833,38.41097493275968],[-107.25469246019449,38.40985256592128],[-107.25363317775842,38.40765459780227],[-107.25309478342186,38.40707557674813],[-107.25257553807357,38.40675390077843],[-107.25003682313326,38.406234734089054],[-107.24917777274668,38.405374730764976],[-107.24924907572517,38.4059804546258],[-107.24988380793684,38.406629954657454],[-107.25215139099,38.40703253209029],[-107.25275487141737,38.4074102984156],[-107.25306319401955,38.40789995700551],[-107.2532106988798,38.409380738016694],[-107.25396347622927,38.410193204099464],[-107.25515766572462,38.41083417529776]]}},{"type":"Feature","properties":{"depth_ft":50,"elevation_ft":7469,"major":false},"geometry":{"type":"LineString","coordinates":[[-107.25519234208164,38.41084488157994],[-107.25670956841094,38.411634472120355],[-107.25760397922772,38.41260954056113],[-107.2576459379661,38.413268022976624],[-107.25715050270672,38.41376990545001],[-107.25736414400478,38.41557923697173],[-107.2592191744869,38.417857911205274],[-107.25873930789903,38.41933857463863]]}},{"type":"Feature","properties":{"depth_ft":75,"elevation_ft":7444,"major":false},"geometry":{"type":"LineString","coordinates":[[-107.08122021395889,38.4837241524421],[-107.08142802792392,38.48370339992284],[-107.08080504115614,38.48371192330428],[-107.08122021395889,38.4837241524421]]}},{"type":"Feature","properties":{"depth_ft":75,"elevation_ft":7444,"major":false},"geometry":{"type":"LineString","coordinates":[[-107.08289364237149,38.483528319089764],[-107.08644203840036,38.48276964472764],[-107.08686247301861,38.4828145210592],[-107.08691544132618,38.48247475452528],[-107.08664265195989,38.482359908254104],[-107.08518064290942,38.48263073620833],[-107.08414167713505,38.48306455106679],[-107.08149210024125,38.48353774839623],[-107.08289364237149,38.483528319089764]]}},{"type":"Feature","properties":{"depth_ft":75,"elevation_ft":7444,"major":false},"geometry":{"type":"LineString","coordinates":[[-107.17626442638426,38.47647881708932],[-107.1775022227836,38.47560930731411],[-107.17786509996516,38.474928475733314],[-107.17820289579339,38.473275791704886],[-107.1778540125771,38.4727318101987],[-107.17710976560383,38.47312688520748],[-107.17584143937326,38.474957842806745],[-107.17560694851018,38.47644424334939],[-107.17584750135308,38.47658460127207],[-107.17626442638426,38.47647881708932]]}},{"type":"Feature","properties":{"depth_ft":75,"elevation_ft":7444,"major":false},"geometry":{"type":"LineString","coordinates":[[-107.2314249464561,38.472160977401806],[-107.2313152884407,38.472289847934775],[-107.23056635950746,38.472173839987654],[-107.2304985502687,38.47102139819753],[-107.23089760355792,38.46920284489187],[-107.23085945535087,38.467555620106516],[-107.23113839488687,38.466397983579114],[-107.23078699230102,38.46557935022021],[-107.23073341261512,38.464591475196976],[-107.23112320380618,38.46436628077702],[-107.23238662482672,38.46458876244414],[-107.23295127325592,38.46488778877157],[-107.23314812275527,38.46521439533715],[-107.23305277832178,38.46620450374416],[-107.23327330793214,38.46656643407343],[-107.23453202676725,38.46659341350343],[-107.23751282870806,38.46845606714352],[-107.23913119695996,38.46858486510219],[-107.2392313727089,38.468748137102416],[-107.23711075126481,38.46916680286457],[-107.235872141816,38.46996904412608],[-107.23462020749388,38.47022385804419],[-107.2340067702964,38.47086741814258],[-107.23296885480474,38.47130148941694],[-107.23214554249333,38.47193852704383],[-107.2314249464561,38.472160977401806]]}},{"type":"Feature","properties":{"depth_ft":75,"elevation_ft":7444,"major":false},"geometry":{"type":"LineString","coordinates":[[-107.15930934763009,38.46375387713539],[-107.16023575572919,38.46353699033721],[-107.16076336957974,38.463641129207964],[-107.16111776165533,38.46540059156898],[-107.16132616618347,38.465346161268485],[-107.16163170565859,38.46329908920899],[-107.16203750644958,38.46246936570527],[-107.16207146064966,38.46133340475822],[-107.16290819626245,38.461251815394064],[-107.16459736062086,38.46176219547696],[-107.16525787493057,38.460775218399625],[-107.1681064800057,38.45940286547045],[-107.16935415674166,38.458964588367586],[-107.17123330277977,38.4586345002061],[-107.17228343228723,38.458714499423806],[-107.17281633721007,38.45901824450402],[-107.17402536280879,38.46031895263645],[-107.17465392140159,38.4614578009882],[-107.17655077825201,38.46390744156601],[-107.17773791152412,38.467790197994354],[-107.17769889757385,38.46866933147269],[-107.17834370172274,38.46898952250793],[-107.17893407172187,38.47013439034687],[-107.17819705957812,38.472451987223884],[-107.17839390395261,38.472943461654815],[-107.17869987306979,38.4730333536343],[-107.1791151642241,38.47285913502701],[-107.17972542345123,38.47205901044658],[-107.18096569744486,38.471299761631556],[-107.18296074351215,38.47205314523426],[-107.18390848034782,38.47253367137836],[-107.1837363911297,38.47319718864757],[-107.18436085609432,38.473001376252235],[-107.18520502064129,38.473229708610674],[-107.18626508084824,38.47372036980875],[-107.18643008896306,38.474144676657744],[-107.18686808443225,38.47430306146324],[-107.18650188097216,38.474967519502634],[-107.1853957706698,38.47597232688918],[-107.18596764372431,38.4762935406053],[-107.18634296373592,38.47701833670333],[-107.18698188327954,38.47743322212773],[-107.1874686393486,38.47824896869094],[-107.18847678374868,38.47857293903766],[-107.18994521236083,38.47859214804716],[-107.19206880253662,38.47970971081994],[-107.19302505759377,38.47915636444687],[-107.19414789350672,38.478948974866995],[-107.19457403982025,38.479232237786945],[-107.19482693588667,38.47978906481981],[-107.19629463269152,38.48103765626007],[-107.19797482987963,38.48188497449859],[-107.19967800634403,38.482208969677714],[-107.20177615009534,38.48224783438506],[-107.20302999749906,38.482059834426224],[-107.20366162431526,38.482163039731745],[-107.2061670135053,38.481691315447456],[-107.2090783034578,38.48065535345775],[-107.20991654757282,38.48062920810838],[-107.21055217446772,38.48089945856143],[-107.21143797618261,38.479873803278004],[-107.21303166236206,38.479351727865236],[-107.21404728515272,38.477979253975796],[-107.21462454469925,38.47768443726681],[-107.21507100349716,38.47694544728639],[-107.2154899251314,38.476924960069965],[-107.21591803639302,38.47728689235443],[-107.21635614531192,38.477164392901955],[-107.21641280373854,38.47617487638774],[-107.21672010531562,38.47575778694973],[-107.21734573414047,38.47561302019162],[-107.21776836359794,38.47574700823731],[-107.21797119267325,38.47546127738255],[-107.21859877650584,38.47539794641605],[-107.22025937435781,38.47469135309944],[-107.2206833415681,38.4748808457526],[-107.22091555003706,38.475814758460565],[-107.22175068195071,38.475661991444895],[-107.22216163812169,38.4753115983974],[-107.22320643042968,38.47515745205958],[-107.22383684164323,38.47521151471833],[-107.22447369803686,38.47553241498457],[-107.22529379738575,38.47475790585376],[-107.22643964035467,38.47454248661093],[-107.22840333693253,38.473854011739824],[-107.23068830710871,38.47237651512652],[-107.23131674231696,38.47234981420652],[-107.23152077753824,38.47248910067517],[-107.23141635196055,38.47314978414919],[-107.2310513797656,38.47364959146455],[-107.23098728220086,38.47398011100809],[-107.23114761003444,38.47402298128127],[-107.23197566844404,38.47358027205226],[-107.23343842650438,38.4733690866709],[-107.23569565786886,38.471335132311395],[-107.2362676033318,38.47126441035342],[-107.2365408643161,38.471600001243544],[-107.2367927463797,38.470926958184464],[-107.23725977040918,38.470590377429524],[-107.24005791316256,38.4696416597852],[-107.24027107191199,38.46978414100472],[-107.24089797347233,38.46969556025278],[-107.24237354818973,38.470013902772536],[-107.24531466903166,38.47023858839883],[-107.24673120844487,38.47061235976883],[-107.24847379122293,38.47080192262854],[-107.24908816636965,38.47057670403082],[-107.24929920921704,38.47025720969288],[-107.2511818450398,38.47007111313323],[-107.25220901065347,38.469204003754605],[-107.25345408843629,38.4686730389428],[-107.25450965297252,38.46896377135069],[-107.25576507748531,38.46885448559105],[-107.25780325533653,38.46962054266986],[-107.25873419270033,38.47021575640477],[-107.26061737346554,38.4700526512216],[-107.26095049663274,38.470231741258445],[-107.26065820362103,38.47040097635043],[-107.26168758048445,38.47093485243755],[-107.2621073410146,38.470950166015676],[-107.26230952544503,38.47119970491672],[-107.26226204627355,38.471859552008304],[-107.262578633805,38.473053290295184],[-107.26282720744108,38.47300439616314],[-107.26340971981392,38.47184204216931],[-107.2640106324365,38.471600653645005],[-107.26465082309561,38.47205026000202],[-107.26528006188828,38.47205651271843],[-107.26591778889485,38.47240600018176],[-107.26650337071244,38.47278347141098],[-107.2667797452797,38.473342597819695],[-107.26761186411487,38.473072912160376],[-107.26833051315664,38.473249865794884],[-107.26861312286343,38.473904664218935],[-107.26836479658415,38.475391493544365],[-107.26838356854758,38.47621511106458],[-107.26880382919113,38.476703021605616],[-107.26866770867441,38.47785857201038],[-107.2708996389069,38.47881113772649],[-107.27304112470257,38.48059663313613],[-107.27366867525188,38.48053181721213],[-107.27453181837511,38.48150806990599],[-107.27537058389898,38.48150298937246],[-107.27579670352037,38.48177131911011],[-107.27662400220848,38.48130527546249],[-107.27975673297455,38.480779452931664],[-107.28046594707818,38.480478669127095],[-107.28184116501846,38.480267389626476],[-107.2822543178378,38.48001554012698],[-107.28206708287053,38.480289206950026],[-107.28210967086682,38.481277238942795],[-107.28265385185139,38.482422315890204],[-107.28203570714912,38.48391488298131],[-107.28200648488442,38.48605749269152],[-107.28150945224832,38.487053844448354],[-107.2815431731974,38.48771245046084],[-107.28101083254697,38.48901769701989],[-107.28060915082398,38.48937465923029],[-107.28066607270662,38.489703345090284],[-107.27970409746786,38.49136597654039],[-107.27881775227148,38.4935217794854],[-107.27870114660092,38.49533616914054],[-107.27826114929763,38.49715553442602],[-107.27870962511483,38.497676702621],[-107.27891548220128,38.49751966116938],[-107.27933796832367,38.49763783928878],[-107.27975380744071,38.49748935708059],[-107.2816785870573,38.49397205881241],[-107.2823763677919,38.49330607067033],[-107.28308964351551,38.493126390899455],[-107.28275535990988,38.49280198456736],[-107.28379059263654,38.490643851621286],[-107.28440946133617,38.489975171979836],[-107.28378089553142,38.48965531202367],[-107.28364964143502,38.48899821161248],[-107.2839406919296,38.48833459319298],[-107.28413441440424,38.48811341112226],[-107.28476272181449,38.48807657088845],[-107.28496177486372,38.4876597009647],[-107.28586720162946,38.486986586707815],[-107.28565529165813,38.48633073472997],[-107.28581063466878,38.485504426352406],[-107.2860203538317,38.48533640381119],[-107.28592765436035,38.48484349158124],[-107.28691931839957,38.48285078254828],[-107.28702231511728,38.482025281666644],[-107.28680927629296,38.48038075959764],[-107.28702487414496,38.47889439100997],[-107.28664783542725,38.478405876328566],[-107.28676860170681,38.47741531931444],[-107.28647659625582,38.47709027094952],[-107.28652627095322,38.47659515812678],[-107.2895306843788,38.4767134499083],[-107.28999518559608,38.47703581877623],[-107.28979054050235,38.479675496376395],[-107.29001600671812,38.480098616313526],[-107.29065081677503,38.48032396629203],[-107.29210740124722,38.479867492619455],[-107.2929608806258,38.48044905427295],[-107.29431309908222,38.4809236155155],[-107.29477909114838,38.48174028853747],[-107.29552186404514,38.482212067881896],[-107.29601732992901,38.482874524311],[-107.29708598556533,38.48500007674436],[-107.29770875622725,38.485649518823074],[-107.29787873269707,38.48828338724863],[-107.2985918074097,38.48959054859792],[-107.29844085976792,38.490746372098336],[-107.29921599943316,38.49320603910544],[-107.29916485010732,38.49361617500498],[-107.30003544071067,38.49484110121066],[-107.30096129911469,38.49713362872432],[-107.30160706489323,38.49794747600204],[-107.3020139433487,38.49892982664806],[-107.30231175358682,38.50040822341773],[-107.30211744257942,38.50222385745485],[-107.30153287763659,38.503551227112716],[-107.30174130768428,38.50453667184009],[-107.30124327139907,38.50520356218504],[-107.30106575946199,38.507018932149755],[-107.30049207054483,38.50834612623733],[-107.2995977831209,38.509513526159246],[-107.29938940236907,38.51067024475749],[-107.2985475819919,38.512166383421516],[-107.29958866925618,38.513303657367054],[-107.29995391326871,38.514121882224],[-107.29993197990991,38.51461657018223],[-107.30027622450932,38.51510555677243],[-107.30013837093477,38.51558604387262],[-107.30056197237761,38.51574271941565],[-107.30076119465893,38.51532253728146],[-107.30118566502172,38.51551364624234],[-107.30119159204814,38.514761735086175],[-107.30158426111244,38.51426127017247],[-107.30132717601731,38.51280719392858],[-107.30078855985953,38.51229628056575],[-107.30072430254789,38.51196771708171],[-107.30103621567842,38.5111389472961],[-107.30107123964949,38.51014970846997],[-107.30328308019132,38.507177083987465],[-107.30330320841205,38.50599535717632],[-107.30413946504001,38.50416970350742],[-107.30398669855013,38.50351295850849],[-107.30427313565102,38.502849358766674],[-107.3041355622558,38.50252194144145],[-107.30441889472782,38.50202317202325],[-107.30477441952343,38.499875451541435],[-107.30552064297036,38.497886409701934],[-107.30503018828561,38.49707015827647],[-107.30460411829056,38.495428988219686],[-107.30492839408006,38.49460001320766],[-107.30442627511525,38.49430579814636],[-107.30373696696918,38.49346513679863],[-107.30370615742063,38.49264170629437],[-107.30404924729392,38.49214200467092],[-107.30358499833083,38.49099577448067],[-107.30371346108679,38.49049942291948],[-107.30422678650895,38.49016184595282],[-107.30421579138977,38.48999723532266],[-107.30360921436788,38.48967713854058],[-107.30353578832991,38.48934871989582],[-107.30401237180058,38.48835258807603],[-107.30386071514961,38.488025390769174],[-107.30409620936437,38.487362585769446],[-107.30400417165194,38.486704893452554],[-107.30421906753892,38.48610730229599],[-107.30486561011051,38.48586753176725],[-107.30467011617482,38.48504667333984],[-107.30528250722136,38.48404841475666],[-107.30508091225767,38.483557216940724],[-107.30543053846577,38.48305740835079],[-107.30534143619393,38.4823996711746],[-107.30499248239038,38.48224033988415],[-107.3052698916062,38.481412095090604],[-107.30701420794604,38.48023135560263],[-107.30700170209194,38.48006676880933],[-107.30608998109987,38.47958667516131],[-107.30602632144104,38.47925810548706],[-107.30655018956942,38.47876715312108],[-107.30844208505829,38.478231629630976],[-107.30924375043466,38.477474566767455],[-107.30932394126093,38.477064348012256],[-107.31005195078721,38.476265457791385],[-107.31149116030355,38.47571213308056],[-107.31135369436154,38.475055158092545],[-107.31155717570068,38.47472240311065],[-107.3134991989122,38.4741975921048],[-107.31343560437145,38.473869025062044],[-107.31269542995861,38.47371585674978],[-107.31259843112143,38.47305824829042],[-107.31389540282893,38.47139006918819],[-107.31446742107451,38.47121630509885],[-107.3141952053149,38.47089101446228],[-107.3147104652505,38.46978099885996],[-107.3157411971655,38.46908409378324],[-107.31647329006528,38.46904261301589],[-107.31668278545027,38.46838018851546],[-107.31733256794406,38.467546056238724],[-107.31925499986546,38.467086079082605],[-107.32091289997547,38.46631891045186],[-107.32127377198806,38.46517703608784],[-107.32187067806022,38.46467327627931],[-107.32195444068401,38.46401282397777],[-107.32281970068011,38.463010478060205],[-107.32231261701249,38.46219456347362],[-107.32244145194521,38.46202774832658],[-107.32456704796405,38.46161805774672],[-107.32495736003723,38.46099933484215],[-107.32507678290396,38.4600087505884],[-107.3253579537573,38.45974933012914],[-107.32619094257981,38.459528096902794],[-107.32701480390269,38.458950247971465],[-107.32848398585341,38.459011491347795],[-107.3289762156588,38.45829924971555],[-107.33129709485233,38.45677943287997],[-107.33204887757022,38.455943596636565],[-107.33375162370727,38.455916579351126],[-107.33377154514339,38.455257130135436],[-107.3341429629523,38.454921666923624],[-107.33398584178674,38.45393546208343],[-107.33356826955642,38.45288805438422],[-107.332730452197,38.452917248506175],[-107.33211414673552,38.45340924018507],[-107.33028289219682,38.454323759653775],[-107.32959730857539,38.455158535843445],[-107.32757939999081,38.45643422504442],[-107.32674454776296,38.45658103197191],[-107.3252757311084,38.45653204636112],[-107.32402785732695,38.45692509598715],[-107.32318962090214,38.456939811395024],[-107.32234700633798,38.45678294027101],[-107.3214943049528,38.45623039456006],[-107.32066319325345,38.45652429525639],[-107.31939692619181,38.45619622199105],[-107.31960133436888,38.45599043821116],[-107.32097016282958,38.455789202509486],[-107.32041992847498,38.45520548280829],[-107.31811112497697,38.45510027299079],[-107.31557659261807,38.454362078254974],[-107.3132714703581,38.454400424600394],[-107.31136557734582,38.453647767262176],[-107.31031909498469,38.45371609139281],[-107.30880848340638,38.45284940966161],[-107.3078977049489,38.45187497416384],[-107.30802964251167,38.4507194330621],[-107.30857214693349,38.4505461578346],[-107.30854877865937,38.4500363028519],[-107.30807784417223,38.44956520255386],[-107.30828056595993,38.44772224382601],[-107.30806921922202,38.447654233018106],[-107.30662359237017,38.448514164057165],[-107.30493455404176,38.44803852691025],[-107.30452134618749,38.44827779295335],[-107.30326956276845,38.44851455756563],[-107.3018995864508,38.44834349112934],[-107.30117376894042,38.44802524761838],[-107.29966574817895,38.4469209085456],[-107.29938270721841,38.44657012568564],[-107.2993489995744,38.44607630493137],[-107.29837121550507,38.44526762361866],[-107.29688861141905,38.44485191760341],[-107.29499781194603,38.44468267324886],[-107.29267377217772,38.44395475630222],[-107.29224534432811,38.443588021069566],[-107.28908371606266,38.442891535995344],[-107.28886146467008,38.442386711068764],[-107.28737981357483,38.44181156442277],[-107.287738544828,38.43939462749902],[-107.28753034460463,38.439450569054124],[-107.2869267036999,38.44045644391881]]}},{"type":"Feature","properties":{"depth_ft":75,"elevation_ft":7444,"major":false},"geometry":{"type":"LineString","coordinates":[[-107.15081319302635,38.462771449378096],[-107.15160383359152,38.46199511263051],[-107.15286764579213,38.46224790181996],[-107.15422191460918,38.463240645300836],[-107.15438114322546,38.46422810851467],[-107.15520561401596,38.463615533287495],[-107.15814854103488,38.46394344622727],[-107.15888674218736,38.463743393229]]}},{"type":"Feature","properties":{"depth_ft":75,"elevation_ft":7444,"major":false},"geometry":{"type":"LineString","coordinates":[[-107.19217785487136,38.448915193952224],[-107.19164632591247,38.4488573541858],[-107.19217785487136,38.448915193952224]]}},{"type":"Feature","properties":{"depth_ft":75,"elevation_ft":7444,"major":false},"geometry":{"type":"LineString","coordinates":[[-107.28685105522023,38.44056457332754],[-107.2865226721587,38.441063250868154],[-107.2863477577572,38.44100510541949],[-107.28537895887116,38.44019617862833],[-107.28458542459738,38.439029435150985],[-107.2837447917437,38.43857361565492],[-107.2830829740861,38.437616695147284],[-107.28266298483409,38.437584623071004],[-107.2824631416323,38.43797546433424],[-107.28225405001415,38.43799566382991],[-107.277923709111,38.43652122050658],[-107.27741335173526,38.43537560846437],[-107.2775101115806,38.43471499470997],[-107.27777880126212,38.43438129650834],[-107.2769393389441,38.43291118645571],[-107.27724942619585,38.43208250912972],[-107.2758286881488,38.43246395519956],[-107.27371703223007,38.43182485059873],[-107.27320425142868,38.431320789257],[-107.27310640941359,38.43066316781398],[-107.27331811754154,38.42983601217782],[-107.27391244318996,38.42867341707383],[-107.27372658658345,38.427852367268855],[-107.27340256946943,38.42759906070132],[-107.27297953102196,38.42744151838314],[-107.27235191221641,38.42748480817473],[-107.2713170700981,38.42800838434691],[-107.27069054062888,38.42809586499469],[-107.26941264882943,38.42726819223363],[-107.26899128550482,38.42717786352006],[-107.2677318435877,38.427094491434765],[-107.26710801732125,38.427291111881964],[-107.26543396166403,38.42739035561915],[-107.26472366426317,38.42683684132664],[-107.26411172210385,38.42470404403601],[-107.26345523887832,38.42363625187386],[-107.26281977549789,38.42336038105339],[-107.26135746247321,38.42354494215095],[-107.26016968815183,38.42344595913135],[-107.260498056682,38.42377051392975],[-107.26241454063725,38.42392269424911],[-107.26312765464107,38.42438951321797],[-107.26375878013015,38.426027680418805],[-107.2638725662088,38.42734418712177],[-107.26503153447216,38.42806643276457],[-107.26829502710459,38.427606109561914]]}},{"type":"Feature","properties":{"depth_ft":75,"elevation_ft":7444,"major":false},"geometry":{"type":"LineString","coordinates":[[-107.27272980379712,38.4281517996423],[-107.27295137291215,38.428523396070005],[-107.27287686709963,38.42901888276835],[-107.2720964056519,38.431337795202886],[-107.27211784174621,38.43232615175274],[-107.2718532593992,38.43272895609443],[-107.27206856036501,38.43295963503402],[-107.27248245838082,38.43274749694038],[-107.27311073617774,38.43272890152025],[-107.27437640066759,38.43305852679967],[-107.27652536386836,38.43423580431826],[-107.27652640122504,38.43523804441938],[-107.27613339170254,38.436054425355245],[-107.27642773473752,38.43654424137282],[-107.2770556366496,38.437193705707166],[-107.27901439616564,38.438317017282245],[-107.27977700969221,38.43912917351313],[-107.28061403026811,38.43946995974319],[-107.2812557188067,38.439986906189986],[-107.2816172035831,38.439595144381755],[-107.28187511593256,38.439609746967456],[-107.28295671639513,38.44095602611532],[-107.28316931214802,38.441075874694],[-107.28358584257481,38.44096857333025],[-107.28408264785092,38.441204899076055],[-107.28428934558258,38.44153126874864],[-107.28421103822122,38.44202682268301],[-107.28490899901793,38.44359138921878],[-107.28637619876848,38.444629858006536],[-107.28724722148681,38.444889984453354],[-107.28829210261672,38.44476218958003],[-107.28999638342205,38.44585388702643],[-107.29062417891872,38.44581153967825],[-107.29132449165273,38.44603625424269],[-107.29152715034579,38.44619789270053],[-107.29129844894237,38.44669578481064],[-107.29149581178125,38.447133674334815],[-107.29176364942636,38.446853350923185],[-107.29294676946307,38.44648018343115],[-107.29650361448246,38.446213269818465],[-107.29818629175034,38.44741266767171],[-107.29842442928559,38.44773852392229],[-107.29832376734652,38.44790487312601],[-107.29907713671665,38.44851931957228],[-107.29961134758794,38.44870872917561],[-107.29960617888219,38.44936793761624],[-107.30014205600597,38.44918529945732],[-107.30078326002918,38.44967385233244],[-107.30162041760609,38.449619723040875],[-107.30204676216889,38.44990050305887],[-107.30330451910629,38.449899248508736],[-107.30392912202306,38.44972931546888],[-107.30582234977845,38.449988346862604],[-107.30624758355998,38.45022444380227],[-107.30632384235554,38.45074612079327],[-107.30606818213377,38.45142009777453],[-107.30493679434012,38.452250842594005],[-107.30406607993882,38.45242922686012],[-107.30370073851607,38.45292927859724],[-107.30443826401601,38.453287345195896],[-107.30500569445316,38.45323845909586],[-107.30496319998707,38.45356868748124],[-107.30435460583568,38.454237324138845],[-107.30434146031084,38.45456709381275],[-107.3049816497929,38.45488665673325],[-107.30495469247185,38.45554620673045],[-107.30611395674295,38.4578350388166],[-107.30686525206593,38.45806792309802],[-107.30791463380797,38.45811152329233],[-107.30813789656833,38.458649010032154],[-107.30905895378002,38.45910721645505],[-107.30906926372383,38.45960140208308],[-107.3088687324758,38.459769324528686],[-107.3064500046189,38.46129021196423],[-107.30650755802945,38.461783658831585],[-107.30664645543743,38.46211105136257],[-107.30760856921468,38.46258617821301],[-107.30843287466423,38.46201867212909],[-107.30906082837217,38.46197729365544],[-107.31033040990536,38.462434068290875],[-107.31056364815788,38.46270885673818],[-107.30992814355962,38.463107669746954],[-107.30825554356994,38.46329582364821],[-107.30722220811965,38.463889361726665],[-107.30638324549444,38.46387861173575],[-107.30579664342265,38.464760853876484],[-107.30474890715345,38.46558187670537],[-107.30247196938484,38.4667512765837],[-107.30163342120628,38.466758224347124],[-107.30080349302123,38.46710701493525],[-107.29669318520533,38.46935189692239],[-107.29462466820195,38.4715489990966],[-107.29335866254432,38.47123689161088],[-107.29189220546571,38.47129260991162],[-107.29084970388233,38.47153054180883],[-107.28937777005613,38.471367983544326],[-107.28455719339411,38.471463185816205],[-107.28429984216429,38.47152133205218],[-107.28353073341171,38.47234440829301],[-107.28279949482175,38.47220361755248],[-107.28159397554779,38.472716556148484],[-107.28140451681665,38.47288425867329],[-107.28150374193523,38.47321229167985],[-107.2812503208999,38.47339666126595],[-107.27978789139267,38.473615976111375],[-107.27896329046669,38.47418592582303],[-107.2781221956193,38.4740940283227],[-107.27728957470202,38.47434250046358],[-107.27601432494845,38.473657474314884],[-107.27517441196444,38.473612693728036],[-107.27432072211892,38.47301341273254],[-107.27347844540168,38.47287309728703],[-107.27279476978877,38.4725223337318],[-107.27220118841194,38.47210461912098],[-107.27206858873706,38.47154478667622],[-107.27154267931165,38.4709185855356],[-107.27092112484867,38.471221847065],[-107.26958277148933,38.47059419847437],[-107.26820204079601,38.46962665115824],[-107.26804631273293,38.468805129629764],[-107.26706424303704,38.46789122989775],[-107.26664701874958,38.46797777365768],[-107.26454362197168,38.467711931247585],[-107.26411287125512,38.46725097899202],[-107.26116084469422,38.46658195575545],[-107.26033527542035,38.46711522282231],[-107.25928754590879,38.46714244406735],[-107.25823205452669,38.46685442323686],[-107.25718409698221,38.46687223488049],[-107.25612304046828,38.46635737435343],[-107.25550197356897,38.466681435577755],[-107.25276961338199,38.46641497927635],[-107.2520016237427,38.4654243719616],[-107.25208365822043,38.46459922616008],[-107.25247925361076,38.46393410471092],[-107.25225830746439,38.46266743217098],[-107.25211182065334,38.46328055625553],[-107.25141364807054,38.46411504411501],[-107.25105104902593,38.465109222290614],[-107.25123293127766,38.46593036712987],[-107.25088701379394,38.46659848013389],[-107.24879260062681,38.46669515811576],[-107.2479466740084,38.46640043965234],[-107.24733877221189,38.46726405498769],[-107.24546193338891,38.467684650944285],[-107.24461553756882,38.46737061885365],[-107.24375921974688,38.46664992605911],[-107.24102160572201,38.466165836271706],[-107.24024129455434,38.46560211118712],[-107.2391128593652,38.465276417145255],[-107.23699215308203,38.46429090166813],[-107.23656200980098,38.463846666514655],[-107.23614745384045,38.46404341135536],[-107.23593772587061,38.46404102428164],[-107.23571978538084,38.46370072489917],[-107.23530654759661,38.46395177788193],[-107.23467671528338,38.463917877280785],[-107.23275803356543,38.46261311688061],[-107.23107415261583,38.46234261810781],[-107.22898327866322,38.46258108255506],[-107.2280809396839,38.46298338474888],[-107.22711001379245,38.46314854853406],[-107.22690669224464,38.463410970599895],[-107.22628344446962,38.46364907231866],[-107.2254369432924,38.4633250686043],[-107.22438666144487,38.46324450885639],[-107.22398084489814,38.46380449739388],[-107.21876030932225,38.464684548697406],[-107.21793065636366,38.46505999297733],[-107.21731593994168,38.46565467544749],[-107.2163497879059,38.465959505957855],[-107.21503638407665,38.46677299355447],[-107.21392064577239,38.4681376943313],[-107.2131937583114,38.46862662861235],[-107.21194002633436,38.468808599990155],[-107.21078509700729,38.46818416490732],[-107.20926534892499,38.466394090081614],[-107.20934865154756,38.465667691460496],[-107.20893307679295,38.465080774377924],[-107.20775568403702,38.46460384741617],[-107.2066050950578,38.463467397644656],[-107.20713609299737,38.46049353440951],[-107.20646297287495,38.45918524904647],[-107.20652774238992,38.45852517725566],[-107.20585700191533,38.45853508356393],[-107.20496361648951,38.4576435045216],[-107.20454404795211,38.45763223499625],[-107.20411310232413,38.457144110774806],[-107.20351022845465,38.457086705022355],[-107.20263173938501,38.45656415377776],[-107.20094370048656,38.4561078339251],[-107.2003450952204,38.45532077167662],[-107.20027658028992,38.45450374682911],[-107.20006694292185,38.454503873471126],[-107.19899686656055,38.45358424319457],[-107.19692938098878,38.45256976485078],[-107.19631423922549,38.451590129477395],[-107.19665488227594,38.45109079141361],[-107.1961374527905,38.451098390341556],[-107.19513287814817,38.44977027953042],[-107.19427658010844,38.44931313840713],[-107.19323312854972,38.4492170610628],[-107.19238772984436,38.448925802221936],[-107.19229620059065,38.44901261301678],[-107.19278580481395,38.44933499537084],[-107.19365627143179,38.449381285732876],[-107.19486515240933,38.44996361707255],[-107.19655387336925,38.45290483732692],[-107.1992367846044,38.45451318737378],[-107.19983556745426,38.45598738449179],[-107.20055111521813,38.45663596738939],[-107.2005502581256,38.456965537101645],[-107.20160097230891,38.45729727600194],[-107.20238248039021,38.4579272226737],[-107.2032200363409,38.45890354898559],[-107.20354334374471,38.459625630080346],[-107.20460419239429,38.46069569918642],[-107.2046779887944,38.463244231968154],[-107.20530414512592,38.46381616511263],[-107.20584395485831,38.465785541108986],[-107.20698942312919,38.467416410954755],[-107.20690236015461,38.4680768124262],[-107.20615770164578,38.46858214749235],[-107.20418961586414,38.46913754575751],[-107.20230922264473,38.46942104835079],[-107.19979101938132,38.46933732629365],[-107.19726637948814,38.46898247812998],[-107.19497642529495,38.46968000179615],[-107.1933033732281,38.46986663140881],[-107.19109419453154,38.46929794013009],[-107.18782488807989,38.46873806798502],[-107.1876101569762,38.468524392596066],[-107.18508067968997,38.46796048476349],[-107.18367120303346,38.46726423232531],[-107.18229630453762,38.465966036032185],[-107.1822875560844,38.46510379079896],[-107.1816725883948,38.465700229706634],[-107.18019419802097,38.465246130439986],[-107.17927959051853,38.46436214379311],[-107.17893822134789,38.46337843802634],[-107.17842635272466,38.46272676419939],[-107.17826876595906,38.46157560879425],[-107.17781879731979,38.46059347775137],[-107.17645474073693,38.458965502597884],[-107.17471516018414,38.45800206757416],[-107.17370919215914,38.45693068218386],[-107.17308265604302,38.45703326656512],[-107.17140169891096,38.45687155092701],[-107.17118839453455,38.45671519834329],[-107.16932238801162,38.45760533519315],[-107.16702752034979,38.45808784572159],[-107.16639892767296,38.45810309297087],[-107.16618557717963,38.457944442478194],[-107.16473451564353,38.4586515691199],[-107.16327410492748,38.45895844556981],[-107.16075022983274,38.45861210438779],[-107.16023752245813,38.45804626184269],[-107.16009687410889,38.45756217044381],[-107.15940654594347,38.45888208703628],[-107.15890863581183,38.46056086677832],[-107.15898722901494,38.46103021251916],[-107.15948358824264,38.461517415294345],[-107.15914724078624,38.46180702689009],[-107.15852401966708,38.46205502733815],[-107.15705964971353,38.462195329106095],[-107.15658611931815,38.46188855294361],[-107.1561964774852,38.46113761310752],[-107.15491633211101,38.460179625914186],[-107.15427868959407,38.45980499272773],[-107.15322381815915,38.459519788897076],[-107.15041134081369,38.45999960559632],[-107.14967794831965,38.46030913125944],[-107.14782803525402,38.46191214083091],[-107.14740771621213,38.461868819504915],[-107.14717643865231,38.46093148210603],[-107.14696895333044,38.46102565762281],[-107.1467805314747,38.462523069605474],[-107.1457742761116,38.46377121819189],[-107.14512223021438,38.46402968563528],[-107.14497113353883,38.46485572065257],[-107.14413386110121,38.465374401203235],[-107.14223729082043,38.464959463925766],[-107.14032592744913,38.46389945980472],[-107.13970010562521,38.464037723791115],[-107.13885954016732,38.46395482351909],[-107.1359057080853,38.46314648565796],[-107.13532503998087,38.4626857881494],[-107.13518785838642,38.462193400672064],[-107.13545281618124,38.46168067728438],[-107.13524163605095,38.461614227058064],[-107.13413841352296,38.46286735488255],[-107.13276361971086,38.46327141261534],[-107.1274983782349,38.4622330241152],[-107.12658896290154,38.46182045851733],[-107.12496989978652,38.46168102603614],[-107.12287044963043,38.461872752882236],[-107.12261576609576,38.462041106158644],[-107.12254496461355,38.462536428477044],[-107.12163906197905,38.46272454538617],[-107.12078316467021,38.462066830330286],[-107.12055819219769,38.461289410932224],[-107.12014976152622,38.46176917808296],[-107.11775104638981,38.462603655688234],[-107.11725371475822,38.463498959553874],[-107.11641752126127,38.46360763351845],[-107.11647977176517,38.46492831098816],[-107.11471033762642,38.46610648413759],[-107.11425670018365,38.46660715031261],[-107.11334136013767,38.466652893573105],[-107.1122833752925,38.46622664074437],[-107.11211784970492,38.46663701376416],[-107.11073278854134,38.46715065823068],[-107.10968486018717,38.468318691765596],[-107.10883954589002,38.469978220977495],[-107.1073639189982,38.471231678613016],[-107.10549260735588,38.47193704943847],[-107.10381751639409,38.472044329593544],[-107.10226134821477,38.47254125941349],[-107.10091590231121,38.473561598803705],[-107.09967784770988,38.47422480782739],[-107.09784289307126,38.47639227425907],[-107.09788109441186,38.47672129648374],[-107.09763703643814,38.47696784948938],[-107.09596091790196,38.47703484767998],[-107.09364292305152,38.476529802644194],[-107.09198506894744,38.47741567865396],[-107.0914874907685,38.47713907985577],[-107.09112803263241,38.47659783611253],[-107.08986377748033,38.47632605382086],[-107.08944569394929,38.47638518114396],[-107.08664625734906,38.47720565430164],[-107.08691222086318,38.478025876596405],[-107.08639201522203,38.47869211876152],[-107.0868417725396,38.47934504312734],[-107.08773040140376,38.479497612091556],[-107.08760559354843,38.48015842648715],[-107.0878688559765,38.48091645520241],[-107.08827873340583,38.48048717039897],[-107.08913352117608,38.48120337292119],[-107.08975090759421,38.48067536487389],[-107.08975893103286,38.481035729958684],[-107.08910804873562,38.48195030012774],[-107.08958254123372,38.48253259765097],[-107.0897894649612,38.48240709894671],[-107.08990855128697,38.48160973966894],[-107.09080292821179,38.4808305539343],[-107.09090448415654,38.48143125832845],[-107.09061628123358,38.48186598570606],[-107.09024969531501,38.481934595722116],[-107.09084807866715,38.48285705050911],[-107.09107649580086,38.48291186546509],[-107.09107312052167,38.483544669867705],[-107.09222585813491,38.48322558565611],[-107.09231084770117,38.48262098540532],[-107.09251837577078,38.482522781036735],[-107.09525360519416,38.48292081210268],[-107.0992161429028,38.4819326520262],[-107.09983383177185,38.48142113480074],[-107.1010945653371,38.481530047028954],[-107.10285481590707,38.481266124298244],[-107.10362952771047,38.48076105008609],[-107.10488006360288,38.48057891428791],[-107.1066466602253,38.47923616252905],[-107.10730614336963,38.47807356286417],[-107.10718376763094,38.47708661175149],[-107.10736651774678,38.47609541662941],[-107.10808478088664,38.47530855589592],[-107.1087078026972,38.47503907579654],[-107.1091356437292,38.475576467496076],[-107.10963154462586,38.47573433633778],[-107.11017016948098,38.47479466662662],[-107.11205391910686,38.474638913051535],[-107.11321192910616,38.474201425224656],[-107.11430853123049,38.47352700721933],[-107.11537682110287,38.47321410427687],[-107.11702700239663,38.47200617224481],[-107.1175227964351,38.471504746602825],[-107.11773335426702,38.470513143698014],[-107.1182346116452,38.46977676164765],[-107.11948046456189,38.46923712026588],[-107.12026145570923,38.46850040896787],[-107.120198357427,38.46685353456813],[-107.12129805968725,38.466174639759544],[-107.12442596106456,38.46541980695567],[-107.12547410568716,38.46541094936623],[-107.12632174935388,38.46580470535594],[-107.12841788051462,38.465779549863306],[-107.1294705445621,38.46596852541135],[-107.12989786175723,38.46631796802768],[-107.13177241497715,38.46577107000398],[-107.13261043291182,38.46574200790448],[-107.13617228392106,38.46646365038544],[-107.1406476111037,38.468775708653865],[-107.14232663269972,38.46884455740287],[-107.14295084516137,38.46863471544877],[-107.14359668827684,38.469364880877436],[-107.14377511348795,38.46866260707961],[-107.14440482121596,38.46803626354857],[-107.14648902483857,38.46749087397557],[-107.14733067949827,38.46761874994191],[-107.14872692592604,38.46694428403542],[-107.14967739390076,38.46429428690952],[-107.15078485680368,38.46284588321565]]}},{"type":"Feature","properties":{"depth_ft":75,"elevation_ft":7444,"major":false},"geometry":{"type":"LineString","coordinates":[[-107.26858638309709,38.42760452817933],[-107.27007174677377,38.42849567060811],[-107.27091343239539,38.42863353512892],[-107.27172817963944,38.42839115978888]]}},{"type":"Feature","properties":{"depth_ft":75,"elevation_ft":7444,"major":false},"geometry":{"type":"LineString","coordinates":[[-107.2598929194281,38.42363924489554],[-107.26009000836655,38.42361195419432],[-107.25938791421976,38.42329309344993],[-107.25931778413359,38.423129381601505],[-107.25966742106694,38.42299170287373],[-107.25966147176965,38.42275010669945],[-107.25945120489389,38.42272098512179],[-107.25925742357386,38.42336147795818],[-107.25955065120947,38.42362017452256],[-107.2598929194281,38.42363924489554]]}},{"type":"Feature","properties":{"depth_ft":100,"elevation_ft":7419,"major":true},"geometry":{"type":"LineString","coordinates":[[-107.17706763332984,38.47496268124389],[-107.17778321948099,38.474105775458625],[-107.1780001813617,38.47327873572672],[-107.1778600851426,38.47299025815705],[-107.17723924140941,38.47334096550335],[-107.1768434605479,38.47477852824106],[-107.17706763332984,38.47496268124389]]}},{"type":"Feature","properties":{"depth_ft":100,"elevation_ft":7419,"major":true},"geometry":{"type":"LineString","coordinates":[[-107.10678194391869,38.473324173747415],[-107.10803402352838,38.473054582523154],[-107.10802640123595,38.47271608839876],[-107.10832129857036,38.47262184476135],[-107.10822834244199,38.472372019271255],[-107.1078154545962,38.47266027387618],[-107.1073727274529,38.47263504411403],[-107.10739961321704,38.47281746191493],[-107.10688846447273,38.47280655513184],[-107.10698425970378,38.47299640924157],[-107.10610589490751,38.47314698637475],[-107.10678194391869,38.473324173747415]]}},{"type":"Feature","properties":{"depth_ft":100,"elevation_ft":7419,"major":true},"geometry":{"type":"LineString","coordinates":[[-107.11853060369143,38.46770078882827],[-107.11819033615082,38.4678228188731],[-107.11803731738732,38.46770769794122],[-107.11838521343357,38.46716978940334],[-107.1185947163907,38.46716223753781],[-107.11867821791746,38.46736916914446],[-107.11853060369143,38.46770078882827]]}},{"type":"Feature","properties":{"depth_ft":100,"elevation_ft":7419,"major":true},"geometry":{"type":"LineString","coordinates":[[-107.15924006374932,38.463701380222986],[-107.15980594983856,38.463490110799995],[-107.16065437113448,38.46350624097986],[-107.16098993120147,38.46380264944132],[-107.16109780944731,38.464542768164],[-107.16130379859389,38.464384609706215],[-107.16145454912265,38.46330163701601],[-107.16191627426994,38.46247110970211],[-107.1617448520554,38.46148491190976],[-107.16227360346463,38.461010473272026],[-107.16374167742447,38.46103059461013],[-107.16437866971509,38.46137467426386],[-107.16457682512434,38.460881095110416],[-107.16914423537406,38.45895306845364],[-107.17164876482997,38.45847040900379],[-107.17272536903438,38.45869000646318],[-107.17336110983882,38.45901035483695],[-107.17473584707724,38.460308655291385],[-107.17680397677968,38.46390376700363],[-107.17799908613469,38.46866497220927],[-107.17839122064606,38.46882303474616],[-107.17872676497826,38.46964306893064],[-107.17928600768852,38.47012927588323],[-107.17913864057522,38.47062575122581],[-107.17862998007918,38.47112747579513],[-107.17836220328815,38.472449588559336],[-107.17853118099357,38.47277668968169],[-107.17869617612365,38.47287609091584],[-107.17911067361335,38.47266815766915],[-107.17960956754605,38.47193712964336],[-107.18013729779945,38.47173991169387],[-107.18095967513453,38.47104392013456],[-107.18131002904349,38.47108850891249],[-107.18731723526784,38.47387582830952],[-107.18747846124432,38.474129370990575],[-107.18691320047306,38.47529107170621],[-107.18705116104405,38.47561861386437],[-107.18820918919275,38.47642559182878],[-107.18855706084096,38.47691484357677],[-107.19117590047065,38.477427854074534],[-107.1923518896115,38.479001446712374],[-107.19456110992063,38.478687416477214],[-107.19510319108723,38.479785012807135],[-107.19644122318822,38.48091882707518],[-107.19767363928975,38.481559842517214],[-107.19925170235551,38.48192069741009],[-107.20156316488153,38.4821109012898],[-107.20302353160963,38.48178874903613],[-107.20365666096752,38.48195502674454],[-107.20616256064372,38.48150496976893],[-107.20907563196475,38.48054374440427],[-107.20991338652631,38.480497211267256],[-107.2105463943827,38.480658187933344],[-107.21080256453959,38.4802127700556],[-107.21176471170237,38.47953940578444],[-107.21302677708437,38.47914809895256],[-107.21340295077654,38.478361673342356],[-107.21434954227317,38.47752373840548],[-107.21485359912734,38.47662493138879],[-107.21526961289868,38.47648346850829],[-107.21591003173754,38.476953792197],[-107.21584300415628,38.476348117941974],[-107.21634359985693,38.4758463460216],[-107.21649939591316,38.475299942000014],[-107.21859050601147,38.47505431166193],[-107.22004025774427,38.474300444903434],[-107.22081384425455,38.4744616262744],[-107.22111569206521,38.47541805515251],[-107.22132748215864,38.47550464764795],[-107.22194460296562,38.475007520068644],[-107.22257122004963,38.474904403606544],[-107.22341035683054,38.47491814864819],[-107.22446872073758,38.475326316270746],[-107.22457582322231,38.474899878047076],[-107.22506906844038,38.474562956431164],[-107.22654162287796,38.47432859412827],[-107.22923721035261,38.47306871818293],[-107.2299459863363,38.472347909502],[-107.2301167404521,38.47168623439461],[-107.23009543734915,38.47036831650165],[-107.23052568492545,38.469043636344075],[-107.23039569069019,38.468221685224606],[-107.23006690554595,38.46789704968936],[-107.23048794050156,38.46640772786588],[-107.23023783588836,38.465752355249684],[-107.22882433305232,38.46467635883155],[-107.22881882002008,38.46444861660818],[-107.23111823558091,38.46416131620624],[-107.23238152577868,38.464378554860076],[-107.23303454764265,38.46472175997136],[-107.23431500218325,38.466290871481235],[-107.23687216601482,38.46797855230512],[-107.2379886301966,38.468437277822744],[-107.2391918516945,38.46852007978797],[-107.23963730236329,38.46874202587931],[-107.23732751817748,38.469457902150104],[-107.23349024804749,38.471306112098674],[-107.23270802222315,38.47197696390086],[-107.23280004829832,38.47298638676055],[-107.2342542659499,38.47242413549105],[-107.23538146432186,38.47111294311642],[-107.23601050449194,38.47077393403329],[-107.2390143843046,38.469843033844164],[-107.24046407080877,38.46909942182676],[-107.24131188461071,38.46947154507308],[-107.24284950297414,38.46951751647905],[-107.24847055364654,38.47066969390189],[-107.24883065299466,38.47058060199903],[-107.24908744475401,38.47017246381819],[-107.2511053353951,38.469722248682956],[-107.25324073182951,38.468523458969884],[-107.25450690489966,38.468851918239814],[-107.25576014777197,38.468653977468406],[-107.25660604217427,38.46894493332076],[-107.25723515469932,38.468947238974806],[-107.25766213465172,38.46925640220987],[-107.2582922943072,38.46930111804978],[-107.25871857558558,38.46958163634649],[-107.25934376944947,38.46942464124146],[-107.26148888508094,38.46956441171291],[-107.2633295753571,38.470195457603154],[-107.2632152784955,38.47036198264332],[-107.26256021356201,38.47037197734707],[-107.26297502573382,38.47085999101427],[-107.26261326044539,38.47103029108777],[-107.2625103635395,38.47152620296194],[-107.26255247585858,38.47199352142211],[-107.26276626104514,38.47215923595192],[-107.2635831787354,38.471274011274346],[-107.26420948592813,38.47116188756322],[-107.26569034241801,38.4716881180967],[-107.26675800051578,38.472463726720854],[-107.26698004018925,38.47296257015754],[-107.26760657645153,38.47285929933238],[-107.2685301524128,38.47308202936886],[-107.26886087280106,38.47390087179725],[-107.2685760126692,38.475223479951175],[-107.26865933075808,38.47604610952521],[-107.26912626299324,38.47636852354126],[-107.2692247649221,38.47702613937944],[-107.26899557539858,38.477853553213265],[-107.27046794353134,38.47831646556752],[-107.27303499950656,38.48034996912531],[-107.27387398848737,38.48035443717341],[-107.27473480019113,38.48123686541079],[-107.2757897652266,38.48149234947528],[-107.27641107305774,38.48117638667287],[-107.27829388361366,38.48098814617446],[-107.28153155478479,38.4801326829013],[-107.28196928002104,38.4797963708085],[-107.28217862830087,38.477815764809016],[-107.28260909509473,38.47742560123702],[-107.2829165112683,38.47747481913861],[-107.28254495862717,38.478634021676264],[-107.28271171658004,38.4801144824671],[-107.28239193827292,38.4812728855744],[-107.28285209078729,38.48258403916045],[-107.28227217355847,38.483911236327764],[-107.28227425845617,38.48605336339151],[-107.28053948644147,38.490693983948134],[-107.28003237517764,38.491360921045555],[-107.27985334141626,38.49306816016251],[-107.27920416449076,38.494834082879024],[-107.27926550896375,38.495657045522336],[-107.27993144750464,38.496200785992706],[-107.28290658976329,38.49214052571726],[-107.28371143146263,38.490150728753996],[-107.28336520007987,38.489826508766534],[-107.2832154983176,38.48900491105417],[-107.28432567725612,38.487374005093905],[-107.28501554403734,38.48716452574533],[-107.28535185093266,38.48682976763849],[-107.28528738767984,38.486336418712106],[-107.285816649948,38.485174770188856],[-107.28577913354285,38.48484578671257],[-107.28672737820004,38.482771367822934],[-107.28674393646187,38.4792282985269],[-107.28648008107207,38.47840846994607],[-107.28655071269402,38.47758346989227],[-107.28623872053714,38.47692916674424],[-107.2863681983625,38.47593847555495],[-107.28655310656698,38.47580670991245],[-107.28719027670401,38.47625532684879],[-107.28761118065998,38.47618779148846],[-107.29014301243916,38.476799518135074],[-107.2904922569327,38.477357681173324],[-107.29056370299284,38.47916917341234],[-107.2910444917901,38.479296815730066],[-107.29187724741726,38.479053218042964],[-107.29242741145474,38.47914027972026],[-107.29294113413175,38.479662684660646],[-107.2937875940047,38.47996465892407],[-107.29464332411642,38.48063516392952],[-107.29508852186461,38.481659587602756],[-107.29633300979135,38.48286961768896],[-107.29693137095177,38.48434335296267],[-107.29791586550988,38.48564629690723],[-107.29804684084557,38.488115989885415],[-107.29875485431762,38.48958801106756],[-107.29865886855458,38.49074297947351],[-107.29936572752416,38.49353327239277],[-107.30016336193901,38.494674326775765],[-107.30070399791785,38.49614894456043],[-107.30218623376037,38.498927140500555],[-107.30243777322352,38.50040625841035],[-107.3022570116372,38.502221681454934],[-107.30167343228358,38.50354903649773],[-107.30181674176366,38.50470027827962],[-107.3013480741212,38.505322375118055],[-107.30120551168795,38.50685197251445],[-107.30067794549694,38.50817844893415],[-107.29974097573378,38.509511297012395],[-107.29953471924648,38.51066798283852],[-107.29874372048688,38.51199854977647],[-107.29944250240538,38.51295279602036],[-107.30093140011118,38.51375258604267],[-107.30112508993031,38.5131134911762],[-107.30025845341976,38.512139754407734],[-107.30074763987606,38.510978660455336],[-107.30073144067568,38.50999021967078],[-107.30253075526527,38.50716088032934],[-107.30263086515598,38.506005843559954],[-107.30318379370958,38.50517330861164],[-107.30313339044439,38.50484453030409],[-107.30377987656216,38.50417531515864],[-107.30360346073925,38.503250701842745],[-107.30393327411625,38.50285466308416],[-107.30430835579969,38.50037707449944],[-107.30483380965958,38.49921539495655],[-107.30483103344844,38.49855630904342],[-107.30516101719574,38.49772724440173],[-107.30483921932067,38.49740270502542],[-107.30436018453678,38.49526801426792],[-107.30460010299512,38.49476992171083],[-107.30363034307352,38.49363158300229],[-107.30325996514635,38.493472579985614],[-107.30326233794668,38.49264863172568],[-107.3036975042375,38.49214749454985],[-107.30337049526112,38.491823032928195],[-107.30334431911989,38.49083474787771],[-107.30383377675696,38.49000319834897],[-107.30330646550865,38.48984664505234],[-107.30318991932914,38.48902455230344],[-107.30353526736553,38.488195252286474],[-107.30330836054404,38.487704446360006],[-107.30357585069328,38.48720592546843],[-107.30329484817432,38.486715963785294],[-107.30337937384338,38.48605551588204],[-107.30368128152081,38.485556457570254],[-107.3044644452177,38.4855442317533],[-107.30377369891178,38.4845663216469],[-107.30403260614894,38.484067933453346],[-107.30456309405758,38.48373008635627],[-107.30427489368623,38.4830754573255],[-107.30475692815757,38.48273836571254],[-107.30459329767993,38.48224657425558],[-107.30489894741002,38.48075876029678],[-107.30565670768124,38.48041735774103],[-107.30552701112909,38.47992503736276],[-107.30486128284505,38.47944109037597],[-107.3055620055949,38.477452756140636],[-107.30588340621885,38.47727914007678],[-107.30798064999092,38.47757972074727],[-107.30935871167064,38.47656945628432],[-107.3100338862066,38.475552820959955],[-107.31086158290124,38.47522765392251],[-107.31095284024924,38.47473187627647],[-107.3123776773427,38.47421518881276],[-107.31256121868161,38.474047527253134],[-107.31222940399678,38.47372316684085],[-107.31217506960355,38.47273532389381],[-107.31287770455253,38.47192592049608],[-107.31329198410704,38.47172454348731],[-107.31341380303574,38.47139762878683],[-107.31393926003398,38.47122459809145],[-107.31386174378049,38.47073146730046],[-107.3147039013426,38.469522699768895],[-107.31552797357273,38.468945038263875],[-107.31615339773039,38.468801925245984],[-107.31696640371963,38.46738703257654],[-107.31925009925668,38.46689370796278],[-107.32075579448733,38.46617389725162],[-107.32085228488657,38.46534846252433],[-107.32164707557438,38.464512019317866],[-107.32191803281566,38.46368383245213],[-107.32175429921158,38.463192065925256],[-107.3220182451078,38.462034423631245],[-107.32372426742543,38.46145697654106],[-107.32435264499074,38.46143264850994],[-107.32468239652803,38.46100367811127],[-107.3248871595936,38.46001174614829],[-107.32535358147292,38.4595782546376],[-107.32597830945176,38.459411836071546],[-107.3270107397064,38.45879136962309],[-107.32826579181986,38.458678081567164],[-107.32858704770106,38.45830541051739],[-107.33195920645034,38.456109801921535],[-107.33196890666864,38.455920274204],[-107.33341411256902,38.4557571533671],[-107.33402168694876,38.45492359246508],[-107.33380382863761,38.45389755563543],[-107.33349876135728,38.45311927817253],[-107.33273387039507,38.45305046721266],[-107.33231655515226,38.453467603281624],[-107.33063111940181,38.45431824161414],[-107.33029427760177,38.45498271170848],[-107.32820055054616,38.45612930774397],[-107.32821180420912,38.45656896635768],[-107.32654100555233,38.456819952043844],[-107.32549163187197,38.45677653809175],[-107.32382439748646,38.457167631238846],[-107.32235126951845,38.45695002864017],[-107.32149815292823,38.45638128146906],[-107.32066664621418,38.45665975413578],[-107.32024523377154,38.45657702839612],[-107.31923600365201,38.456146091537256],[-107.3196664860352,38.455809745810946],[-107.3183329468199,38.45557849597957],[-107.31791854890886,38.45583726665097],[-107.31834131409974,38.45632496079321],[-107.31814819806101,38.45655668590842],[-107.31687794670758,38.45607152400173],[-107.31561544969763,38.45589072105557],[-107.3151985419804,38.45598482181848],[-107.3139176898721,38.45508101928442],[-107.31304416273916,38.45492517791936],[-107.31264556357395,38.45451976346041],[-107.31180721730738,38.45452904549221],[-107.31116690117634,38.45408026125537],[-107.31096525088417,38.45439554713362],[-107.31054509875298,38.45436153551406],[-107.3092605242966,38.45330725399097],[-107.30780885242115,38.45302984079749],[-107.30746656599646,38.452705632607106],[-107.30768647917252,38.45237262676931],[-107.30775529552837,38.4505589447221],[-107.30836123825355,38.45021989532797],[-107.30786672399995,38.44956850709757],[-107.30807356252775,38.4478258282472],[-107.3069257577287,38.448429755121815],[-107.30684000362263,38.44878235412227],[-107.30514674563295,38.448140048924884],[-107.3041086614709,38.44853788040449],[-107.30222518901763,38.448663711045754],[-107.30137883340927,38.44835264121608],[-107.29954722740553,38.44706190845632],[-107.29920987996407,38.44624325407553],[-107.29836977265808,38.445401939165784],[-107.29689058848356,38.44493051674842],[-107.29480409020097,38.444828764069456],[-107.29140429593159,38.44348438923718],[-107.28992943163675,38.44318187009339],[-107.2886712280132,38.443160424634414],[-107.2886555926674,38.44253595668373],[-107.28717304930309,38.44198102666429],[-107.28735923877932,38.44000076738547],[-107.28665091230963,38.44100041612446],[-107.28631379392945,38.441092307262835],[-107.28524737846573,38.44019821262876],[-107.28459000550575,38.43921282185946],[-107.28352528156657,38.438542763119344],[-107.28308737256019,38.437792930399375],[-107.282257665374,38.43814058844773],[-107.27776068011818,38.4365237302267],[-107.27730647447261,38.43554203446602],[-107.27764091056211,38.434383419147004],[-107.27680402581173,38.43307804956574],[-107.27691572810285,38.43241720648558],[-107.27583211008651,38.43260163342737],[-107.27456208351003,38.432096338358],[-107.27366787352813,38.43197279317072],[-107.273077084073,38.43137284359117],[-107.27321398927276,38.42983761118367],[-107.27371566431206,38.42917078269237],[-107.27381581579861,38.42867490142],[-107.27362170223022,38.42798452847697],[-107.27332249483382,38.427693792686576],[-107.27250872058328,38.42754150609219],[-107.27131895295018,38.428084336799024],[-107.27069175486729,38.42814486350527],[-107.26899329011692,38.42725883493257],[-107.26773432551593,38.42719481440003],[-107.2658559944728,38.42750791869149],[-107.2652256138659,38.42743957415787],[-107.26461079721858,38.42683856619169],[-107.26390374085176,38.42482714640761],[-107.26362207662908,38.42487630434008],[-107.26409732481501,38.42734075365179],[-107.26502822075174,38.427932284018354],[-107.2685811023086,38.427539190075514],[-107.27000978062898,38.428403741997975],[-107.27091141037232,38.42855195058708],[-107.2723549808709,38.42804675572596]]}},{"type":"Feature","properties":{"depth_ft":100,"elevation_ft":7419,"major":true},"geometry":{"type":"LineString","coordinates":[[-107.27261658350234,38.428066183247445],[-107.27278528258226,38.42805883525348],[-107.2730453128277,38.42852195370908],[-107.27218317376739,38.43133646365598],[-107.27224937092275,38.43232413327875],[-107.2720123963741,38.432657331664586],[-107.27310893671141,38.43265639084622],[-107.27437393161183,38.43295910598716],[-107.27549135656238,38.43342780100413],[-107.2766086249816,38.434234523448914],[-107.2766045560427,38.43522327259007],[-107.27646593228113,38.43588452943719],[-107.27623575139518,38.43605285105687],[-107.2765439959732,38.43654245297672],[-107.27718093075929,38.437191777693464],[-107.27911720785957,38.43828039198874],[-107.27997653267276,38.43912084750971],[-107.28124849081941,38.4396970103547],[-107.28186656111124,38.43926675249591],[-107.28228819156291,38.43936423195131],[-107.28316414751924,38.44086896055512],[-107.2835806378927,38.44076010289878],[-107.28435277858443,38.441200725953934],[-107.28448143199117,38.44235220805703],[-107.28511927075833,38.443617786233396],[-107.28682398490963,38.44472988512434],[-107.28829077063982,38.4447089814187],[-107.29020204964543,38.44569615793418],[-107.29146717518968,38.44599180194332],[-107.29171852915223,38.44619492411305],[-107.29142122526332,38.44652909897505],[-107.2914887067047,38.44685036571156],[-107.29294460264691,38.446393852947224],[-107.29650181303668,38.44614163834047],[-107.29713804247329,38.446434551766444],[-107.29912386886501,38.44838675925196],[-107.29977933457724,38.448541329797955],[-107.2999301918813,38.44909660502654],[-107.30034955560323,38.44910080290905],[-107.30078011195198,38.44954897782177],[-107.30182690691717,38.449495191408545],[-107.30204239059869,38.44972721840333],[-107.30267237790778,38.44977059114982],[-107.30497707981137,38.449721508129585],[-107.3060316161807,38.44997389323431],[-107.30647092138561,38.45074382069281],[-107.3060868803452,38.45215960021484],[-107.30457929571968,38.45275077466916],[-107.30569018407475,38.453052817929596],[-107.3059016568293,38.45338923758804],[-107.30580034096864,38.45372038592057],[-107.30510453490187,38.45422560774912],[-107.3053044030477,38.45437828968723],[-107.30644481516093,38.454204655973584],[-107.30761822026449,38.45468353641369],[-107.30824248751657,38.454499074104206],[-107.30902624370955,38.454988169942894],[-107.30889304902665,38.455353001339574],[-107.30826800555064,38.455507035212655],[-107.30741141936359,38.454795958530354],[-107.3062461986702,38.454537326282534],[-107.30606040466607,38.45602327140281],[-107.30619067785865,38.456264448060146],[-107.30658967194435,38.456344559896436],[-107.3062745058791,38.45667905283707],[-107.30656609360322,38.45716883993345],[-107.30705523748131,38.45729046894899],[-107.30789071911508,38.457166744622214],[-107.31018172157427,38.45656774835966],[-107.31166569400787,38.45721481752553],[-107.31193560141085,38.45757909088934],[-107.31105088237629,38.45777279306277],[-107.31084877493068,38.458090479896974],[-107.3127860988364,38.46005705925504],[-107.3125795269682,38.460178807671575],[-107.31089449773725,38.45987381770179],[-107.31045819078396,38.46023877314914],[-107.31090165983704,38.4607261697098],[-107.3088244089616,38.460921016884086],[-107.30765731888624,38.461436109574365],[-107.3080073484383,38.461774090034694],[-107.30886257859274,38.46158202681607],[-107.31098113719442,38.462207965777594],[-107.31127972167099,38.46253284976754],[-107.31102659171079,38.46286638300554],[-107.31014176713956,38.46326363442117],[-107.30847463251304,38.46366774331916],[-107.30723112446816,38.4642417129306],[-107.30660238825692,38.46425297722277],[-107.30532534204599,38.46542734846386],[-107.30309547095462,38.46653181203381],[-107.30268601421723,38.466924156463264],[-107.30163837080056,38.46695441907636],[-107.29977275954724,38.4678083755513],[-107.2969403090105,38.469512835728466],[-107.29565284538003,38.47074186709115],[-107.2948436482336,38.47191842850505],[-107.29421472662209,38.471925013787335],[-107.29357807483525,38.471623832231955],[-107.2918945899307,38.47138763470407],[-107.29168951239983,38.471571629589654],[-107.29085376689252,38.47169255293708],[-107.29022015730328,38.47151205458063],[-107.28686715048471,38.471596009458956],[-107.28581433107908,38.47142216332198],[-107.28509510419605,38.4716738298666],[-107.28478438428739,38.472163246015704],[-107.28415900435427,38.472311651787585],[-107.28416917255994,38.47271862050451],[-107.28396182241428,38.47281258315953],[-107.28269505863922,38.472469021481345],[-107.28184430686156,38.47287747744503],[-107.28166941132673,38.473384298925126],[-107.28063143440698,38.47380617871092],[-107.27979438478306,38.473876499530995],[-107.27918188796481,38.47454295922098],[-107.2785555398701,38.474653768298985],[-107.27806440206747,38.47507786291941],[-107.2775193954561,38.47515071543509],[-107.27666373031283,38.4744735913391],[-107.27603780257178,38.47460141998433],[-107.2761909941056,38.47477711315882],[-107.27583685667013,38.474953533643465],[-107.27455363906424,38.4739477475755],[-107.27200326455262,38.472578988809],[-107.2713458802232,38.471438341903024],[-107.27091360472974,38.47172727570105],[-107.27069243248341,38.471401103284386],[-107.26822475687426,38.46995586538952],[-107.26786627618719,38.4693022272778],[-107.26794135400228,38.46897151664465],[-107.2675048262476,38.46874851110055],[-107.26707060652534,38.46814840089583],[-107.26475999295586,38.46798261182141],[-107.26390988332732,38.4675219409754],[-107.26286978442201,38.46785849733136],[-107.26222549714568,38.46724088900333],[-107.26116707385864,38.46683454694356],[-107.26054747535306,38.4672174387353],[-107.25929178578242,38.46731455192899],[-107.25823653387017,38.467036361712594],[-107.2571908595783,38.46714707615537],[-107.2561335871001,38.46678626529093],[-107.25550863184554,38.46695229725573],[-107.25256718775763,38.46671049115017],[-107.25220564420508,38.46575083865734],[-107.25177171434309,38.46542785816701],[-107.25207456862972,38.46372431335943],[-107.25161607602136,38.464111975216774],[-107.25122705510917,38.46510655456945],[-107.25138963417167,38.46609277211356],[-107.25099728013176,38.46675784040312],[-107.24838310934572,38.46709811860155],[-107.24795879837993,38.46689579735291],[-107.24755352265727,38.46747126429755],[-107.24546778599034,38.46792410397641],[-107.24483335843014,38.46770381218918],[-107.2437635181519,38.466825965249384],[-107.24102995916054,38.466508487078904],[-107.2393403210863,38.46600678410647],[-107.2385070378681,38.46562822045634],[-107.23723604271194,38.46465865974997],[-107.23667563358147,38.464502305283865],[-107.23657148473842,38.46423633094253],[-107.2359467770189,38.46441339301439],[-107.23551942305603,38.4640836990877],[-107.23468158531293,38.46411837922316],[-107.23370244715935,38.463558281353],[-107.23276062344335,38.46271986384126],[-107.23107840723108,38.46251815163983],[-107.22857146903931,38.46289182900279],[-107.2281588064286,38.463167471169136],[-107.22753164764586,38.46324363304469],[-107.22712256595197,38.46366759612477],[-107.2262917818573,38.463993997334285],[-107.22544368489451,38.4636041129619],[-107.22502463167498,38.46361583557925],[-107.22487131151847,38.46369046672514],[-107.2251032479741,38.46385178312567],[-107.22503950956768,38.46423179422252],[-107.22482821550723,38.46416454945197],[-107.22483409470865,38.46440798100421],[-107.22359164406988,38.46505322522497],[-107.22024842219312,38.465532096788394],[-107.21879643875114,38.466185752733665],[-107.21814731306269,38.46708624290784],[-107.21732748182818,38.46759276913478],[-107.21706378827673,38.46842058406185],[-107.21647771406877,38.468758850656435],[-107.21610901311112,38.469588223152535],[-107.21629149189725,38.47024462921516],[-107.21514433005211,38.47126764906451],[-107.2142529555077,38.4709340083432],[-107.21153097606451,38.46923901049986],[-107.20916004327461,38.46654789269718],[-107.20914626981876,38.46540717845986],[-107.20875552997734,38.46508340044063],[-107.20701492109453,38.46452462181111],[-107.20680856487424,38.46428828578955],[-107.2061754948738,38.46297940651083],[-107.20668401239662,38.46198322286524],[-107.20702172722967,38.46049522433324],[-107.20612350718142,38.459025484191734],[-107.2056607997715,38.45903231676519],[-107.20504662651109,38.45871182567959],[-107.20462389342003,38.45789417067174],[-107.20390950574975,38.457397788436424],[-107.20157833107854,38.456346896606135],[-107.20052592455998,38.4561714380663],[-107.2006168126233,38.45581110751702],[-107.20015804233944,38.45532352480225],[-107.1998533001284,38.45433569236896],[-107.19896455086166,38.453693299144696],[-107.19730587585305,38.45299970658808],[-107.19666553345941,38.45251830065943],[-107.19667245218166,38.452809577615156],[-107.19719446510513,38.453224984071944],[-107.19858404215105,38.45385551259346],[-107.19950148837765,38.454509293326915],[-107.19960843172166,38.45516683394727],[-107.20024734980234,38.4563108815749],[-107.20268064485028,38.45792282843314],[-107.20372179243338,38.459555264963036],[-107.20460422082876,38.46015353170256],[-107.20565307758542,38.46017743591065],[-107.2058800669598,38.46034730910356],[-107.20587660584218,38.460758187985085],[-107.20512696864968,38.46167665674947],[-107.2048734306502,38.46316340696342],[-107.20549501846718,38.4638133475821],[-107.20580060539709,38.465127066111876],[-107.20621990641342,38.46577998968584],[-107.20727028665928,38.46643612752889],[-107.20815379118895,38.46641052933034],[-107.20805750854652,38.46707106814308],[-107.20838703523101,38.46838442691139],[-107.20756982095244,38.470194278166325],[-107.20759006065526,38.471040707684686],[-107.20676926638531,38.471792262212404],[-107.20613530135707,38.471587556981305],[-107.20551294851845,38.47186890431773],[-107.20402909871301,38.47119802348873],[-107.20277346806641,38.47130314131187],[-107.20150947061197,38.47105725382083],[-107.19942070095074,38.47139847090949],[-107.1990083240409,38.47169281096635],[-107.1977572177099,38.471988850703184],[-107.19585588392869,38.471394709862324],[-107.19312546839987,38.471207056808744],[-107.19214574890454,38.47060077096704],[-107.19122380418274,38.47059638122911],[-107.18984979844389,38.4698104814524],[-107.18804549917151,38.46920044331027],[-107.1859429609432,38.46895863512846],[-107.18420567747704,38.46923377892553],[-107.18639721141089,38.46986092533044],[-107.18575786411509,38.47000013826538],[-107.18473731519602,38.469885140430016],[-107.18394474292197,38.469567138248486],[-107.18375649456958,38.46940510366508],[-107.18402442706414,38.46907164277677],[-107.18320425846699,38.468414099413096],[-107.18215742571013,38.46848073253975],[-107.18188109376325,38.46827897244696],[-107.18165428403559,38.46729360614013],[-107.18110288465293,38.466972074570016],[-107.18122672724095,38.46631116083843],[-107.18180372575534,38.465973207323],[-107.18104724750694,38.465856416665225],[-107.1804207651972,38.46596420712235],[-107.17950507675918,38.465017977593206],[-107.17825681149664,38.46272922716227],[-107.17797693792572,38.461250292153274],[-107.17626178220196,38.45896830258311],[-107.17457346611931,38.458026367205754],[-107.17371337977167,38.45710938780761],[-107.1711942698318,38.45696630439445],[-107.16974155582588,38.45759983709924],[-107.16724087599756,38.45824661701836],[-107.16598450728367,38.45831224882813],[-107.16474065557676,38.45891499592254],[-107.16390463056925,38.45902583658843],[-107.16049955346885,38.458701604625304],[-107.16010912987787,38.45808946551173],[-107.15924516968394,38.45970829079945],[-107.15935800684403,38.46053055601241],[-107.1592095167334,38.460697465901546],[-107.15980484117516,38.46167757750504],[-107.15936272469192,38.462057690778856],[-107.15853135177977,38.46237076620482],[-107.15706220624614,38.462305517120434],[-107.15651853503024,38.46188952201753],[-107.15583000575747,38.46091073001202],[-107.15407016933572,38.45985394685872],[-107.15260042204534,38.459760220678525],[-107.15010122452595,38.46033358923293],[-107.14824599159748,38.46185305972976],[-107.14741417320887,38.462148751245074],[-107.14719933712452,38.46192434762784],[-107.14710943149451,38.462353604207685],[-107.1454182487725,38.46435502360649],[-107.14521509243032,38.46485224693518],[-107.1441355004741,38.46544561160387],[-107.1421977358511,38.4652247279366],[-107.13991413722982,38.464227855459875],[-107.1380242554292,38.46410207458591],[-107.136338789366,38.46374684509627],[-107.13501838810076,38.463349233894235],[-107.13485312214257,38.46295990760117],[-107.13339463452238,38.463359954336305],[-107.13255679816363,38.463395728939986],[-107.12931772458695,38.46260588808827],[-107.12602705351806,38.46207028975779],[-107.1249839197623,38.46229723072686],[-107.12317687189267,38.4631866561286],[-107.12323396125036,38.46351540604753],[-107.12250057937698,38.463731361623246],[-107.12162342815837,38.463043694893706],[-107.12080349501032,38.46286016526452],[-107.12058808111047,38.46260665700697],[-107.12052345870902,38.46289435303829],[-107.1194244248862,38.46340409118859],[-107.11845525532475,38.464241551245806],[-107.11856913979969,38.46473428342137],[-107.11837585990318,38.465396094403616],[-107.11790840674942,38.46606174469502],[-107.11730504651109,38.468047502116136],[-107.11568772228672,38.46841943410418],[-107.11462528429925,38.467798016847084],[-107.11359585766328,38.467769811433435],[-107.11275105865603,38.46836731043598],[-107.11046814353853,38.46941097824913],[-107.10964930026321,38.47029288933081],[-107.10919483920604,38.47112670233396],[-107.10952466300134,38.47128688401515],[-107.10893494986183,38.4716246482202],[-107.1086302340505,38.47159576211045],[-107.10821687971321,38.472128971475456],[-107.10907292516265,38.47263061162762],[-107.10972482222957,38.472107973658915],[-107.10969808147968,38.47245702055939],[-107.10677083850216,38.47511504799321],[-107.10682461898834,38.47522071767324],[-107.10972108956763,38.473477706512284],[-107.11095536248324,38.472419128186054],[-107.11129446402562,38.472580422727624],[-107.11078070700822,38.47291713711227],[-107.11070092493017,38.47324780053955],[-107.11139143690431,38.47315902802581],[-107.11202392561447,38.47331028198217],[-107.11257458093785,38.473715994469636],[-107.11390814940421,38.47317738959223],[-107.11495721602124,38.473204304201076],[-107.11534522135553,38.473018191885664],[-107.11702100330295,38.4717412401677],[-107.11742845122507,38.47121464844816],[-107.1174994219383,38.47051641874237],[-107.11801574204262,38.46937124460082],[-107.11864352145676,38.469315552644524],[-107.11884124330106,38.46878801166896],[-107.11947193404707,38.46886095122256],[-107.12000411583963,38.4685040174242],[-107.11962985969424,38.466578995215976],[-107.12128595659807,38.465641505809124],[-107.12191021773752,38.465432432334694],[-107.12316730468372,38.4653915949764],[-107.1244108209786,38.464754171267195],[-107.12736512576681,38.465586339867514],[-107.1298833621313,38.46568263908895],[-107.13155474646278,38.46542098040587],[-107.13302434062031,38.465504392486196],[-107.13639962372173,38.46640189790334],[-107.1385233601007,38.46757914623083],[-107.14084854771036,38.46839518468638],[-107.1425214393181,38.468197888943514],[-107.14314171586109,38.46781725247614],[-107.14335543185004,38.46799277186912],[-107.14376661304601,38.46763764871053],[-107.14502156328219,38.46750267213094],[-107.14793547189238,38.46656839110066],[-107.14893559287495,38.465458314471874],[-107.1494873245812,38.464297000704406],[-107.15160149446237,38.46189396113784],[-107.15244059037224,38.461913662386806],[-107.1533898113954,38.4622638946627],[-107.15444869925871,38.46290784385449],[-107.15478584158025,38.46359645547865],[-107.15541009952905,38.4633920668331],[-107.15814619277667,38.46384230361063],[-107.15896409745758,38.46368033754783]]}},{"type":"Feature","properties":{"depth_ft":125,"elevation_ft":7394,"major":false},"geometry":{"type":"LineString","coordinates":[[-107.30022091166994,38.51054018558822],[-107.30028691836445,38.50983236077406],[-107.30081839373837,38.50927408333873],[-107.30144361520735,38.507836955536355],[-107.30210461961282,38.507002741936745],[-107.30219522157097,38.50563806056562],[-107.30327018472912,38.50434804963703],[-107.30329933113647,38.50319411907829],[-107.3039060256553,38.50170161230052],[-107.3036665296872,38.50088143819859],[-107.30416532284133,38.49922583104729],[-107.30455786990007,38.498890138650715],[-107.30477356327849,38.4977332948381],[-107.30450865688589,38.49757264853652],[-107.30452356378918,38.49625415740299],[-107.30409979659912,38.495272078934924],[-107.30426877215717,38.494775094421826],[-107.30385586119255,38.494616757152535],[-107.30337950933232,38.493800279297],[-107.30282114567952,38.49347942563138],[-107.30300686678464,38.493146964080964],[-107.30293231441726,38.49265378036099],[-107.30329318674131,38.49231858591563],[-107.30296211844812,38.49084071085504],[-107.30331682785331,38.49017604785248],[-107.3028067228114,38.48985444157398],[-107.3031485705517,38.48820128626561],[-107.30293119898717,38.48771033086721],[-107.30302330817727,38.485566724959554],[-107.30315081546924,38.485332706664515],[-107.30369735111134,38.48522664227167],[-107.30329844696932,38.48457373860667],[-107.30329035668487,38.48407951816252],[-107.30381410247352,38.48357699751982],[-107.30354033693402,38.48308692369427],[-107.30398482418525,38.48258563909315],[-107.30423511322068,38.48076912681729],[-107.30518878375662,38.480095103828624],[-107.30438363883943,38.47994289646252],[-107.3040306414462,38.47961884339102],[-107.30447813997266,38.47862316274558],[-107.30467705457816,38.47713701600054],[-107.30608021452744,38.476768991553776],[-107.30755581713463,38.477070366996124],[-107.3079845834514,38.47692052968486],[-107.30868775461528,38.476250395727526],[-107.30890658625387,38.4755878405595],[-107.30953295613342,38.47491890343097],[-107.3101449370885,38.47490931794621],[-107.31021173296477,38.47429606154675],[-107.3114910943153,38.474229091618646],[-107.31142872220781,38.47373572195707],[-107.31195206290411,38.47257403874936],[-107.31238029641032,38.47223775741363],[-107.31244951084187,38.47157918302966],[-107.31364342120577,38.47106445962369],[-107.31342949394558,38.47057346973268],[-107.31447523779049,38.46940357381877],[-107.31563453009889,38.468726231496014],[-107.31565816840356,38.468396294766556],[-107.31654333982004,38.46764485244451],[-107.31674152203296,38.467192728847394],[-107.31924321040766,38.46662328764574],[-107.32048366238995,38.465931464623324],[-107.32050821078111,38.465353884788534],[-107.32133700427055,38.464516907968374],[-107.32129219402375,38.46352891746864],[-107.32166301937364,38.462040025462215],[-107.3226793967551,38.46159258410836],[-107.32330725478643,38.461547850848625],[-107.32371880337936,38.46124299682223],[-107.32434641788731,38.46118887022689],[-107.32473758445978,38.46001410883039],[-107.32514322875923,38.45955118177742],[-107.32692267667882,38.458661309884995],[-107.32804964340134,38.45842451459369],[-107.33011619420138,38.45725272026946],[-107.33196799356726,38.45588467417714],[-107.33322128013377,38.45570484009799],[-107.33394666062699,38.454760000372936],[-107.33338424431093,38.45328587903027],[-107.33273821298643,38.45321971192586],[-107.33232979582414,38.45364336402306],[-107.33153041356972,38.45397442014607],[-107.33109683689062,38.45461480002535],[-107.33067847078236,38.45465096939586],[-107.33048001236861,38.45508753966161],[-107.3296489570531,38.455381743676604],[-107.32841169668994,38.45618771776067],[-107.32821660010029,38.45675633080702],[-107.32425223172169,38.457501472884225],[-107.32363606316443,38.458002617187404],[-107.32322993431909,38.457401386846456],[-107.32278139057868,38.457373803149906],[-107.3222724194475,38.457581278001186],[-107.32195858638762,38.4579936923669],[-107.32091018791158,38.45798905498154],[-107.32048237430254,38.45765551196105],[-107.32006645107086,38.45778841609198],[-107.31964419675397,38.45767287767419],[-107.31923032574416,38.45788641432405],[-107.31901811223895,38.45778598030991],[-107.31860430160414,38.45800198509248],[-107.31664345018665,38.45734036968363],[-107.31627190831168,38.45697254379991],[-107.3155046985933,38.456863924107566],[-107.31392024667768,38.45518169737768],[-107.31307903454137,38.45507838800256],[-107.31244211777148,38.45476408476916],[-107.31181867653316,38.45498079687871],[-107.31136653210322,38.454621931586495],[-107.31097255149223,38.454683490434576],[-107.31042246139798,38.4544719490401],[-107.30905224206205,38.45336093157099],[-107.3077927647241,38.453296678067325],[-107.30715532764538,38.45296023324969],[-107.30709479577078,38.452546666970235],[-107.30739737490114,38.4522123684268],[-107.30761332020653,38.45105551341684],[-107.30747307525844,38.450398578951365],[-107.30815980919402,38.450223048656156],[-107.30768299376855,38.449571382607914],[-107.30806021690982,38.44808243794545],[-107.30786863940946,38.44801163401402],[-107.30714005239977,38.44842640257938],[-107.30705187101591,38.448870862845396],[-107.30684389801559,38.44893631602665],[-107.30514922241584,38.44823805950743],[-107.30432120886532,38.44865347779758],[-107.30243894989879,38.448827509413135],[-107.30159236599,38.448677847487055],[-107.30073855260687,38.44790040592535],[-107.29946320787427,38.44720205581116],[-107.29904204211527,38.446245868409555],[-107.29783897235434,38.445275909535866],[-107.29689291195696,38.44502288732287],[-107.29479456860687,38.44493630879404],[-107.29140762852728,38.44361728632575],[-107.2899335617789,38.44334670806886],[-107.28864421009669,38.44344128662774],[-107.28842680088295,38.442785527099446],[-107.28803174927283,38.442735091366316],[-107.28691982520064,38.44198494476479],[-107.28713916640186,38.44057075972934],[-107.28652615090974,38.44120236018588],[-107.28631674402097,38.44121029017328],[-107.2851345563547,38.44019995653971],[-107.2844445994745,38.43922193056217],[-107.28340405915326,38.43857887776649],[-107.28309294740453,38.438016298456006],[-107.28288093436728,38.437919430319205],[-107.28267891582679,38.43822308250039],[-107.28225993121943,38.43823141639151],[-107.2776109982145,38.43652603427472],[-107.27720653310257,38.4355435725093],[-107.2775026004236,38.434385548076826],[-107.276696758935,38.433244481017276],[-107.27667337340492,38.4327200813774],[-107.27583479792365,38.43270977548526],[-107.27351294948605,38.43204620113689],[-107.27299792727281,38.43148873818039],[-107.2729575106061,38.4305006730526],[-107.27370224452683,38.42867664594693],[-107.27347557001656,38.42802100368865],[-107.27298493105296,38.42765914745773],[-107.27235621817579,38.42765840604687],[-107.27132072337496,38.42815575389552],[-107.27069296910734,38.42819386201593],[-107.2694186812682,38.427511798970485],[-107.2684358484317,38.427274391475514],[-107.26585908274716,38.42763288288113],[-107.26501941326522,38.427575729682886],[-107.26480467652179,38.42736630403076],[-107.26469816479633,38.427496353549394],[-107.26544473387642,38.42782634636189],[-107.26878972299303,38.42750107091154],[-107.27006678905865,38.42829554097167],[-107.27090892906385,38.42845183455453],[-107.27215514404907,38.42800075203465],[-107.2727829238934,38.427963766659936],[-107.27312397050568,38.4286855268701],[-107.27229186881749,38.431334795525395],[-107.27229644960286,38.43248819168955],[-107.27500507065632,38.433055617515386],[-107.27669188609187,38.43423324251954],[-107.27658993865846,38.43588262183816],[-107.27634047195886,38.43605124035422],[-107.2769818566128,38.43686527873293],[-107.28037552981917,38.43911994845807],[-107.28124292381654,38.439473730696335],[-107.28186333342569,38.439137341772394],[-107.28239697488401,38.4392535500827],[-107.28315648089057,38.440561804834424],[-107.28357430191026,38.44050631726777],[-107.28459358885927,38.44119700525672],[-107.28462525958344,38.442349985750056],[-107.2851594633328,38.44349520013597],[-107.28625585154897,38.444302156331986],[-107.28685249370899,38.4446224904171],[-107.28850053006482,38.44471472805336],[-107.29019879503862,38.44556628723459],[-107.29125224060948,38.44577983445659],[-107.29187281874597,38.4461925306068],[-107.29156932924255,38.44652680182272],[-107.29169227283303,38.4466089205216],[-107.29440503965596,38.44611884221737],[-107.29629026938417,38.44606514314474],[-107.29707638641734,38.44627646837043],[-107.29874101218164,38.447898376187744],[-107.2992818765117,38.4483252858119],[-107.29992367241674,38.44853908067813],[-107.30077714310625,38.44943121247169],[-107.30182558366428,38.44944273238168],[-107.30266986031907,38.449670831024235],[-107.30518204012284,38.44953668756634],[-107.30590097753085,38.449764039478104],[-107.30644797362311,38.45041461511326],[-107.30656125039617,38.45156631917205],[-107.30613903666341,38.45256161508089],[-107.30553408346341,38.452735854689834],[-107.30619049016613,38.4533847217034],[-107.30624881568221,38.45371337417239],[-107.30602809406246,38.45388160752551],[-107.3073995250786,38.45432591099422],[-107.30844781276723,38.45432845369623],[-107.30908926346402,38.45482263438822],[-107.30960444637418,38.45530867835303],[-107.30969694654199,38.45580157637655],[-107.30890769671092,38.45647306743385],[-107.30955117511662,38.45650489248242],[-107.31037721576779,38.45600920921122],[-107.31164337809678,38.456335016298574],[-107.31226994418138,38.45624097421295],[-107.31260241407568,38.455920805232815],[-107.31289031121398,38.45590276159012],[-107.31320117553211,38.456240973428336],[-107.31316032472438,38.45673596211634],[-107.31284575872068,38.45690568153486],[-107.31354506082721,38.457883400338474],[-107.31305985726496,38.45822058146231],[-107.31295117811688,38.45855185207902],[-107.31426771182706,38.45902553108858],[-107.31455527856077,38.46000970988584],[-107.31417632783753,38.46067479169097],[-107.31323034196399,38.461038615218605],[-107.31281098210225,38.46103740708677],[-107.31217257192672,38.460666292765964],[-107.31176453104183,38.461111191415185],[-107.30917689870083,38.461247540175144],[-107.31178678250234,38.461988334486406],[-107.31200897710342,38.462356631552275],[-107.31184477458027,38.462688771827224],[-107.31031486188063,38.463371885119905],[-107.3068177681497,38.46447852005619],[-107.30620708524417,38.4650840023835],[-107.30335883018024,38.466611535761736],[-107.30283126134593,38.467114115736344],[-107.30185106638926,38.46707388087299],[-107.29998361602544,38.46785489818012],[-107.29709358519345,38.46966474948019],[-107.29649800464935,38.47067318745796],[-107.29566635385238,38.47127907468189],[-107.29506048432255,38.472202479704414],[-107.29443326578864,38.47227693840181],[-107.29358760379093,38.47200321625194],[-107.2925373186643,38.471931280212104],[-107.29211234186917,38.47170871647696],[-107.29190691464902,38.471878790664434],[-107.29086047625754,38.47196008494137],[-107.28959272571116,38.471577944775056],[-107.2868693628388,38.471684422992254],[-107.2858157543516,38.471479076055374],[-107.28542518101926,38.47263154576393],[-107.28438704861493,38.473045911339646],[-107.28333272620186,38.47281247310832],[-107.28208003308536,38.473032601440714],[-107.28202327646487,38.473369061700595],[-107.28167440832696,38.4735845742316],[-107.27944196221887,38.474562312827175],[-107.27878478822564,38.47543838758108],[-107.27585142922112,38.47553949120936],[-107.27521690435547,38.47532194198221],[-107.27350803920605,38.474064661997964],[-107.27266352523344,38.47383465330655],[-107.27222679666824,38.47313646646363],[-107.27158993177046,38.4728232706911],[-107.27116549153338,38.47188819586377],[-107.27070245705916,38.471895292750155],[-107.27047946451557,38.47140436680532],[-107.26940019261977,38.4709265565782],[-107.26802922437545,38.469958857627496],[-107.26775220759241,38.46897441073716],[-107.26734609157796,38.46881584268935],[-107.2668640989864,38.4682767621579],[-107.2645552633309,38.46818307161402],[-107.26391841194209,38.4678672302477],[-107.26352592294309,38.46837987242035],[-107.26312323599763,38.4683860181408],[-107.26175939518403,38.46774769953423],[-107.26117328769429,38.46708651477363],[-107.26055228124201,38.46741238276668],[-107.25929489260469,38.46744066566485],[-107.25824030991807,38.46718973355649],[-107.25719945822644,38.46749653407633],[-107.2561442334382,38.467219205677424],[-107.25236657855956,38.467080096159684],[-107.25213058069765,38.46591675741062],[-107.25157974943217,38.46543076865473],[-107.25168191354322,38.46481226120832],[-107.251415068639,38.465103704555254],[-107.2515645298242,38.46609012074779],[-107.25130609482565,38.46691794011118],[-107.2486089141116,38.46775668824992],[-107.24797397675434,38.46751592081927],[-107.24756475315023,38.46793019798742],[-107.24652232192842,38.468174633044235],[-107.24495510022703,38.46800271479346],[-107.24355575413787,38.466904379354894],[-107.242088277021,38.46691558723816],[-107.2416709909898,38.46700051565736],[-107.2414680917968,38.46727853900733],[-107.23999146941021,38.4669147002352],[-107.23894166026147,38.46685652704609],[-107.23808812944752,38.46624770075719],[-107.2372082594306,38.46515341702209],[-107.23658807068064,38.46491843093529],[-107.23636783074967,38.46448379383317],[-107.2357450471976,38.46474013434952],[-107.23531589764175,38.46433658374107],[-107.23426509978789,38.46423593562362],[-107.23255290319986,38.4628000679802],[-107.2319259592091,38.462884784758174],[-107.23108224241938,38.46267638004929],[-107.22983135109855,38.462969632136286],[-107.22919974273368,38.46286188267785],[-107.22771793162389,38.46348315248368],[-107.22702724892423,38.46398781770574],[-107.22589237251673,38.46416955623169],[-107.22609997886553,38.4647332235728],[-107.2263540210098,38.46482177675977],[-107.22589350446121,38.46486552000969],[-107.22503740808617,38.46583011919119],[-107.22383738804207,38.46654763491235],[-107.22258418261366,38.466748913985526],[-107.22187163813446,38.4670307986206],[-107.22176030616136,38.46736414319703],[-107.22026886702912,38.467878570206956],[-107.22004269179922,38.468211496048184],[-107.22021605917516,38.46886803202189],[-107.22002774051765,38.469529952674286],[-107.21931628971251,38.470360249741944],[-107.21869255651876,38.47058171253422],[-107.21815075119565,38.4717000091812],[-107.21706365643392,38.472603226912085],[-107.21644185054956,38.47290596498562],[-107.21517711739216,38.4726327366824],[-107.2141295424409,38.472670070938285],[-107.21306859851471,38.4721501554602],[-107.21284415147115,38.47153503656505],[-107.21117630170781,38.47114439287516],[-107.21083464708177,38.470325557456235],[-107.2112797049551,38.469824629762854],[-107.21094577728151,38.46950001716207],[-107.21078404600854,38.46867851728233],[-107.20955556469747,38.46754324844471],[-107.20901545240885,38.46656256569907],[-107.20902293486438,38.46540900293305],[-107.20855771571513,38.465086325953955],[-107.20765285372836,38.46489777140746],[-107.20702766086592,38.46505762010788],[-107.206599142053,38.46495049460594],[-107.20638231986862,38.46380024575507],[-107.20571452290632,38.46298621329261],[-107.20673663765764,38.46132333032845],[-107.20689925176508,38.46049703396415],[-107.20669434237685,38.45988359226233],[-107.2060517433098,38.459312996489274],[-107.20500438431465,38.459351311124564],[-107.2047391615139,38.45904592062014],[-107.20455553541677,38.45811358365409],[-107.20412601080348,38.45768514295893],[-107.20116068333579,38.456415920002634],[-107.20073231706718,38.456468521265776],[-107.20287069770224,38.45779361206959],[-107.20414791046025,38.459713758634955],[-107.20481170651222,38.460062559198136],[-107.20564822841953,38.45997438320152],[-107.20620864432543,38.46034245681898],[-107.20613259547446,38.461002694965885],[-107.2050049825418,38.462667129433605],[-107.20506491179607,38.46316058114867],[-107.20571550540792,38.46397487127422],[-107.20609105450751,38.46528755618946],[-107.20683498609131,38.4657687994043],[-107.20791240332937,38.46559020373519],[-107.20831410689662,38.466245563164286],[-107.20851686163881,38.467558612908576],[-107.20951062187957,38.46869736568276],[-107.20953845650094,38.47017996392815],[-107.20930766230657,38.470677715157166],[-107.20981616290723,38.471823643841404],[-107.21296986708944,38.47293038594878],[-107.21352199818018,38.47356767220635],[-107.21478004250154,38.47356195139106],[-107.21478468324543,38.47375520490862],[-107.21374159627574,38.47398023546018],[-107.21247452084629,38.47360966992972],[-107.20975784149108,38.47400146434321],[-107.20919543707895,38.47381017434055],[-107.20890687017427,38.47349254427302],[-107.2074316275679,38.473184426654484],[-107.20468218113145,38.472203982719165],[-107.20217531405933,38.47260012371001],[-107.20176284716166,38.472890512302804],[-107.1990544603805,38.47363189905401],[-107.19717340668154,38.473893365050955],[-107.19166419588359,38.47148359813118],[-107.18892445765161,38.47090134225397],[-107.18912361086105,38.47146888205334],[-107.1889404807757,38.471578827677206],[-107.18746901996104,38.47142517478889],[-107.18661849159436,38.470926819635075],[-107.18553909200226,38.470697337269236],[-107.1851363046026,38.470317809983655],[-107.18366279738055,38.470075861662245],[-107.18280900794757,38.46943728091478],[-107.18069547615916,38.468727801468475],[-107.17988891463979,38.46797839910495],[-107.17972798517873,38.467486405182605],[-107.18001446883675,38.46698790617816],[-107.17959802295,38.4666424153027],[-107.18065518047844,38.466319476269994],[-107.17934475554944,38.466008975226266],[-107.17858153730813,38.463548398729706],[-107.17809342979248,38.46273160040887],[-107.17801436943803,38.461708568813165],[-107.17742866100596,38.46059914309198],[-107.17603521425565,38.4589715898566],[-107.17457629245393,38.45814691652354],[-107.1739313810156,38.45746586063464],[-107.1732978321264,38.457269292449],[-107.17161819354152,38.45716417724525],[-107.1707832953796,38.45732190745586],[-107.16912124211022,38.457969162605046],[-107.16474780556504,38.45922175553288],[-107.16033547649248,38.458807755728245],[-107.1601200473954,38.458559176785826],[-107.15986852276966,38.45871067305863],[-107.15939774380489,38.45970609935322],[-107.15962877483199,38.460856220949324],[-107.16046227830998,38.46216246193284],[-107.16000469221804,38.4626163627618],[-107.15937920289362,38.46276692014292],[-107.1581198416327,38.46270730501845],[-107.15706490366192,38.46242177691098],[-107.1556948983972,38.46091266638467],[-107.1540726805626,38.45996238138451],[-107.15239571202105,38.459973908482446],[-107.15151775496048,38.46031334794944],[-107.15028453434111,38.46115485523971],[-107.14928575098007,38.461483267233795],[-107.14806265726688,38.46299390261571],[-107.1470193969893,38.463213103885984],[-107.14560665284107,38.464846670450285],[-107.1441371398503,38.465516822004574],[-107.14161827315874,38.46539399217302],[-107.13908267916713,38.46454189493678],[-107.13634959324438,38.464218383648856],[-107.13174617005694,38.46462240277231],[-107.12879445952632,38.46390458844325],[-107.12627930725533,38.46394088781351],[-107.12592894557918,38.46413661453487],[-107.12880428910718,38.464335590340774],[-107.13112906102475,38.46514310907827],[-107.13259568451632,38.46509684730128],[-107.1347568129895,38.46533025202742],[-107.13595266120733,38.46564287819446],[-107.13554388770201,38.4656575950225],[-107.13540717618372,38.46581537719781],[-107.13555026295572,38.465935973486296],[-107.13660390905135,38.46616681384853],[-107.13869779263132,38.46604321475362],[-107.14101548025631,38.466534945020534],[-107.14268824671515,38.46633412027062],[-107.14309727349509,38.46588562935978],[-107.14414736430409,38.465960943499525],[-107.14456378424268,38.46583399479766],[-107.14477765249829,38.46601622894171],[-107.14561788704115,38.466083374268514],[-107.14644885984718,38.465748707232386],[-107.14812378614278,38.46564285467911],[-107.15097962305337,38.46229836241464],[-107.1518065002614,38.46169272279368],[-107.15306877538517,38.46187930073775],[-107.1555060438159,38.46305747455219],[-107.1575067969588,38.463687896034],[-107.15856262449522,38.463717415182565],[-107.16044213820736,38.46339579409676],[-107.1608624429869,38.46343772856188],[-107.16107757145919,38.463672636917984],[-107.16177743574951,38.462308329553466],[-107.16112322134626,38.460834742674706],[-107.16182751355997,38.46000072753271],[-107.16210123812711,38.459996789736046],[-107.16225600093247,38.46025415262899],[-107.16309180845452,38.46013325660678],[-107.16393754224094,38.460438548480894],[-107.16519360620192,38.46035818297103],[-107.16686118112096,38.4599436726111],[-107.16935091915862,38.45882606788402],[-107.17164529132465,38.45832199754668],[-107.17269529677513,38.45839687226477],[-107.17343848695359,38.4586796787306],[-107.17491546045414,38.459811718299484],[-107.17612133971512,38.46144928769803],[-107.17696035295918,38.463901497305386],[-107.17804886927743,38.46833469353486],[-107.17853439663462,38.468821974474416],[-107.1789019532306,38.469640523461145],[-107.1796407823294,38.470124119081355],[-107.17885406691148,38.47112422004154],[-107.17869139797041,38.472672834191656],[-107.1791056510125,38.4724387872719],[-107.17930132041633,38.47185825640643],[-107.1801207720997,38.47160014165485],[-107.18095621601864,38.47089696816307],[-107.18475999488605,38.472143104114345],[-107.18640489932807,38.47315637553264],[-107.18751900067451,38.47354021093812],[-107.18787543921106,38.47395879466526],[-107.18775500399411,38.474653282086244],[-107.18880590931099,38.47475519319761],[-107.18942973358197,38.47453228473775],[-107.19073655288364,38.474905635248234],[-107.1908483654173,38.47539833399291],[-107.19109993588015,38.47555943080224],[-107.19028809075785,38.47590086587374],[-107.1904992542801,38.47622733333471],[-107.19082498997062,38.476387345738445],[-107.1924086791465,38.47635344509202],[-107.1928320760791,38.47652168673702],[-107.19370200768002,38.47783338436612],[-107.19354684618177,38.47816004825785],[-107.19487064293007,38.478634974781635],[-107.1953605499125,38.47978123736519],[-107.19692031491827,38.4808915589983],[-107.19819011562004,38.48137484178047],[-107.19860814917678,38.48131578996092],[-107.19924392969227,38.481594099288415],[-107.20029138405589,38.481546012264154],[-107.20081373590051,38.48184322681365],[-107.20155855326946,38.48191739096901],[-107.20256115412197,38.48181749536571],[-107.20322709093402,38.481530464074346],[-107.20407099910503,38.481741165036475],[-107.20886451640658,38.48048531720801],[-107.21053663637711,38.48025086840386],[-107.21149018420645,38.47954347206332],[-107.21291404592795,38.4790280377254],[-107.21321668810461,38.47832278671218],[-107.21416791589799,38.47736165377232],[-107.21460115893133,38.47636655151218],[-107.21484269156089,38.47617074473177],[-107.21555296459933,38.47635242439558],[-107.21590888938347,38.47568802304319],[-107.21574988046966,38.475360825921754],[-107.21607484860247,38.47508593724837],[-107.21837337412356,38.47474554256484],[-107.22003347891798,38.47401902020976],[-107.22100039008032,38.474294068685275],[-107.22131510731307,38.47499129404732],[-107.22151803339075,38.47471025819201],[-107.22255858343689,38.47438056506291],[-107.22318943790377,38.474453303790106],[-107.22424953872249,38.47493374242165],[-107.22424216029953,38.47462817589108],[-107.22450544067324,38.47440659019969],[-107.22549413350528,38.474370356260856],[-107.22653326806842,38.47398304831453],[-107.2279778523038,38.47301989902031],[-107.22918298990575,38.472524110135396],[-107.22980176714829,38.46938403588237],[-107.22955162204974,38.46873433754544],[-107.22878393637154,38.468245812806025],[-107.22835389054698,38.46759312853125],[-107.22861687652747,38.466765296443114],[-107.22931799613903,38.46593090657336],[-107.228593214737,38.464623516439794],[-107.22881516780281,38.46429774346812],[-107.22923135594627,38.46416753947838],[-107.23090076891854,38.463839625852685],[-107.23237693761399,38.46418940731767],[-107.23365868569772,38.46516681921551],[-107.2342102122646,38.465363237565924],[-107.2345770952715,38.466181628670824],[-107.23686955347064,38.467871133972416],[-107.23814009740897,38.46838292412741],[-107.23961351988227,38.46857760402957],[-107.23961905571211,38.46884181917327],[-107.23582504788067,38.4702823809174],[-107.23484962625248,38.471036033138525],[-107.23884631550659,38.46974261221522],[-107.24045838009214,38.46886592646419],[-107.24151357465512,38.469143659228344],[-107.24424544316348,38.46938769757374],[-107.24846747913182,38.47054412446862],[-107.24883959242652,38.47008612591805],[-107.24929343243181,38.47002138410488],[-107.2501143695624,38.469294450116394],[-107.25323935655058,38.468467441016536],[-107.25471400540398,38.468746739949715],[-107.25554624720576,38.46848246842062],[-107.25681332889472,38.46884743546382],[-107.25743958682807,38.46873377968392],[-107.25849106967631,38.46885802265549],[-107.25870707648663,38.46911471772739],[-107.25933164111233,38.46893234632156],[-107.2610161295294,38.46921643046582],[-107.26227116929284,38.4692229211887],[-107.26411157221416,38.4701835205581],[-107.26324589130027,38.4706910770033],[-107.26336077195353,38.47075912113048],[-107.26420320662201,38.47090771772861],[-107.26544767559746,38.47035440378813],[-107.26565858798088,38.47040385100493],[-107.26726381109468,38.47244228119548],[-107.26887146532927,38.473076804782636],[-107.26909316972585,38.47389731543907],[-107.26888271289847,38.47571312819095],[-107.26952229682843,38.47636245946556],[-107.26930382415685,38.47735449087104],[-107.26981972136694,38.47751137151058],[-107.26940036330612,38.47754919078268],[-107.26937107308888,38.477847804164895],[-107.27046089045669,38.478032013392166],[-107.27302781033977,38.480060456427054],[-107.27428870299904,38.48016431114182],[-107.27536164085666,38.48114332625165],[-107.27578352964566,38.48124163212418],[-107.2782903494541,38.48084624568842],[-107.28141511255988,38.48000232476094],[-107.28170330044175,38.479635690658164],[-107.28205726546314,38.47831198087835],[-107.28202205156074,38.4776533981315],[-107.28280283749461,38.47678602235192],[-107.2832024281008,38.47681128128733],[-107.28324984937198,38.477634456932606],[-107.28296739388944,38.47862750443086],[-107.28305466516746,38.480273972752286],[-107.28271331512464,38.48143270967161],[-107.28302471986125,38.482581375749085],[-107.28252878819849,38.48407205989647],[-107.28249933458697,38.48539076609019],[-107.2827544174168,38.48604595737037],[-107.282587511735,38.48670765793847],[-107.28201838738914,38.48737556094491],[-107.28142032567881,38.48861703757065],[-107.28140537921391,38.48952717053548],[-107.28098463784201,38.49002799930428],[-107.28104798749223,38.490850930305164],[-107.28054898179879,38.49135296338564],[-107.2803416151876,38.492180065004305],[-107.28047147485753,38.49250762743789],[-107.28027226125042,38.49304432224371],[-107.28111363815655,38.49313845056624],[-107.28149783483184,38.49298615617702],[-107.28158431421932,38.49265526022497],[-107.28279715545251,38.491483087769],[-107.2832294552738,38.49032294789012],[-107.28288707462023,38.488680414993176],[-107.2839109838932,38.487565619729054],[-107.28431217789627,38.48683386855077],[-107.28475449753269,38.486674212732844],[-107.2852663197493,38.48600718099291],[-107.28662222688935,38.48252581281363],[-107.28639323850742,38.48088153667538],[-107.28655381533378,38.47923123805869],[-107.2863799574284,38.47758610979086],[-107.2860845264826,38.47693155022081],[-107.2861279583231,38.47594218933079],[-107.28654896659293,38.47564124189905],[-107.28718603682582,38.47595893435235],[-107.28781488889545,38.475948165125054],[-107.28829887403134,38.476238175193046],[-107.29020650562263,38.476702981586286],[-107.29100160488066,38.47718500591525],[-107.29132520790185,38.47767433512595],[-107.29122785199277,38.47824617312319],[-107.29185976588501,38.47835661273451],[-107.29226833153622,38.47792382504062],[-107.29354570833662,38.47868411196468],[-107.2942911864968,38.47944091870177],[-107.2944150340481,38.48009812318989],[-107.29522201393411,38.48090949891118],[-107.2954796452015,38.48156462403052],[-107.29671411460127,38.48269891102637],[-107.29713222149087,38.48417544770385],[-107.29814371168375,38.48564275196683],[-107.2979898967748,38.48613949126943],[-107.29830413661645,38.486793730109525],[-107.29809540806826,38.4871265419608],[-107.29894610221129,38.48974981643188],[-107.29887782489723,38.49073957168875],[-107.29924118013352,38.49221695449706],[-107.30090701570653,38.496145781499436],[-107.30223071459226,38.49826731808117],[-107.30258319016313,38.50023920853552],[-107.30240214353931,38.5022194185467],[-107.30183484744484,38.50354652055014],[-107.302024670688,38.50436747263616],[-107.30155598879567,38.5052479129244],[-107.30132761178874,38.507014852168325],[-107.30068908055235,38.5085078398502],[-107.29978559113124,38.50991753226957],[-107.2997929089517,38.51020772226519],[-107.30022091166994,38.51054018558822]]}},{"type":"Feature","properties":{"depth_ft":125,"elevation_ft":7394,"major":false},"geometry":{"type":"LineString","coordinates":[[-107.22036617539794,38.47380917517631],[-107.220031454704,38.47393498402286],[-107.21971395876064,38.47381888402651],[-107.22002464070361,38.47365209616763],[-107.22036617539794,38.47380917517631]]}},{"type":"Feature","properties":{"depth_ft":125,"elevation_ft":7394,"major":false},"geometry":{"type":"LineString","coordinates":[[-107.12230316923964,38.46427082502171],[-107.12235022488481,38.46402214707044],[-107.12208630044982,38.463953683868674],[-107.12203712617695,38.4641913192162],[-107.12230316923964,38.46427082502171]]}},{"type":"Feature","properties":{"depth_ft":150,"elevation_ft":7369,"major":false},"geometry":{"type":"LineString","coordinates":[[-107.30258800568588,38.50457664343613],[-107.30289189981421,38.50435395016955],[-107.30260817647859,38.50369924593117],[-107.30270325076714,38.50320341654849],[-107.30364308177353,38.50220006229363],[-107.30362306491213,38.50154124551598],[-107.30324687935375,38.50105276789758],[-107.30364472536864,38.50005786705246],[-107.3035389125556,38.49940038901836],[-107.30421946812969,38.498730639020536],[-107.30440250614237,38.4980686526025],[-107.30429624051958,38.49592814165183],[-107.30393264838764,38.495439470093025],[-107.30388717600275,38.494945832967346],[-107.30357178440684,38.49478597263723],[-107.3025960759965,38.49348293610342],[-107.30257392096335,38.49298893496734],[-107.3028920751886,38.49232484359444],[-107.30259139080113,38.490846493625405],[-107.30277113784524,38.490349343326834],[-107.30247009210807,38.49002447436759],[-107.30279846393968,38.48804196595762],[-107.30264010899216,38.48771487163632],[-107.30271707900398,38.48507715562233],[-107.30296685334001,38.484908476859594],[-107.30271275943834,38.48441809416663],[-107.30276696041447,38.483922902028134],[-107.30321823568426,38.483586296865965],[-107.30287516070119,38.483262085219145],[-107.30295826280583,38.48260165986399],[-107.30323390476056,38.48226779457912],[-107.30351262412256,38.48061562273611],[-107.30428616866743,38.48046321865435],[-107.30443310097579,38.48027168863307],[-107.30338629029825,38.47995846547511],[-107.3029969601156,38.479240283708485],[-107.30405250982973,38.47780589732604],[-107.30410635513272,38.47698114546318],[-107.30481511654176,38.47649856165782],[-107.30727806425855,38.47643723505605],[-107.30772243721695,38.47544158976948],[-107.30865070981443,38.47460315159314],[-107.30873897435858,38.474105177501876],[-107.30894583787615,38.47399310005045],[-107.30958490051502,38.474385939337985],[-107.30978499083548,38.474006637914876],[-107.31055861266115,38.47391414190494],[-107.31063430016397,38.4732538260374],[-107.31206566753032,38.47207790962555],[-107.31209436699139,38.47141832948335],[-107.3124379362476,38.471123148183906],[-107.3132465689054,38.47107068826213],[-107.31313234118156,38.470413350641124],[-107.31427324768975,38.46907892491589],[-107.315287753858,38.46856689779885],[-107.31521296335687,38.46807372501267],[-107.31549306661563,38.467571981191526],[-107.31613860826606,38.467564830495476],[-107.31652645490612,38.46698105412552],[-107.3174937474488,38.46688439007679],[-107.31855442735949,38.46653813410989],[-107.32006117533574,38.46580871104115],[-107.32016478244326,38.46535929585358],[-107.32106443361566,38.464356421874875],[-107.32064278587754,38.463703936162105],[-107.32135433132288,38.4620448925167],[-107.32267488347523,38.46141573680745],[-107.32330350990311,38.46140116273231],[-107.32371474288867,38.4610839814738],[-107.32413497351897,38.46111922514129],[-107.32493285686365,38.4595166754666],[-107.32679527698807,38.458564448361614],[-107.328251155897,38.45810631735711],[-107.32938482318417,38.45730408120757],[-107.33011313177211,38.45713320335421],[-107.33053109575376,38.45662679045458],[-107.33196708046681,38.45584907415029],[-107.33316140824198,38.4555963806344],[-107.33382254158782,38.454626419353296],[-107.33324564603454,38.45345286194869],[-107.33295090113664,38.45333839396971],[-107.33224094092877,38.453963152220055],[-107.3314709743574,38.45430492887501],[-107.33119965056677,38.45480357979794],[-107.33068162861203,38.454774175685664],[-107.33048278707413,38.45519580903268],[-107.32965160885138,38.455485263784226],[-107.32841412168898,38.45628244716953],[-107.32828292624086,38.45682717660194],[-107.3244641658801,38.45759070656322],[-107.32384988981855,38.45816593486236],[-107.32239581351787,38.45869581095131],[-107.32071228572237,38.458450133619316],[-107.31986502796265,38.458111502813736],[-107.31980269932603,38.458279341154935],[-107.3202299823388,38.45860217491352],[-107.31946037191632,38.458686845696405],[-107.31903005766368,38.45825501011706],[-107.3181896043704,38.45818325905315],[-107.31627617704713,38.45714040919921],[-107.31522614226199,38.45703308415203],[-107.3150474277672,38.45654154456363],[-107.31392270848583,38.45527863453508],[-107.31244550545134,38.45489758895561],[-107.31203315491986,38.45517124764236],[-107.31118524298512,38.454803598797085],[-107.31097921481934,38.45494629671042],[-107.3092677482757,38.453592447846376],[-107.3075853468568,38.45338455127266],[-107.30696896667776,38.453042982170174],[-107.30693998087915,38.4525490888184],[-107.30747707056976,38.45105764550646],[-107.30729821126509,38.45032186290734],[-107.30789518534435,38.45006240846983],[-107.30749254994737,38.44957436288212],[-107.3077679291805,38.44825179517412],[-107.30725208363893,38.44849869306872],[-107.30712633515876,38.448920963932466],[-107.30684599527176,38.44901922920207],[-107.30515179976595,38.44834004942364],[-107.30432276589681,38.44871512001423],[-107.30244083491716,38.448902214248015],[-107.30138991555579,38.448792095044126],[-107.30071090313493,38.44803246457],[-107.29944417482118,38.44739307789975],[-107.2989683825972,38.44674136152519],[-107.29887731574277,38.44624843404022],[-107.29816384514262,38.44554855243493],[-107.29710566580749,38.445147584511076],[-107.29479743436775,38.445050371256215],[-107.29141102335761,38.443752664695424],[-107.28993782143408,38.443516714238726],[-107.28841654944134,38.44360959359542],[-107.28820170080586,38.4429537940155],[-107.28782549785616,38.44286928416705],[-107.28671229608294,38.441988155419075],[-107.28700884590933,38.44132444144734],[-107.28697009745191,38.440830696513224],[-107.28632026360448,38.44135104824921],[-107.28516171429088,38.44036431818661],[-107.28459811280949,38.43953737783684],[-107.28297833745712,38.43825588832537],[-107.28247384647634,38.43840452471429],[-107.28149364381184,38.438114018832536],[-107.27888122222632,38.43722054879225],[-107.27760821932385,38.436599830674226],[-107.27709971082874,38.43554521635026],[-107.277367877575,38.43438762163019],[-107.27646151244312,38.43308331899081],[-107.27478025434569,38.432442271947515],[-107.27330528554103,38.43212331047161],[-107.27300594187086,38.43181817702381],[-107.27276107747224,38.43116281252181],[-107.27302863354205,38.4294203723744],[-107.27243793647963,38.43133255368038],[-107.27264205024206,38.43231810624873],[-107.27521473672209,38.433059050660916],[-107.27680362000795,38.43423152345628],[-107.27654684690107,38.43621284692717],[-107.27727955286475,38.437025478884],[-107.28017996661362,38.438873440338085],[-107.28102640216848,38.439196079230676],[-107.28186087826202,38.439038904204565],[-107.28249414171432,38.439217963116675],[-107.28314756760885,38.44020469990317],[-107.28361644055462,38.44022341159292],[-107.28449281541768,38.44086899953939],[-107.28485122145192,38.44119302408594],[-107.28472701619924,38.4420188505512],[-107.28489617952337,38.44267536207391],[-107.2854683813552,38.44349042502726],[-107.28639295752173,38.444258159193595],[-107.28681704322304,38.44445235834212],[-107.28849880565133,38.44464585129025],[-107.28956092318761,38.44520632911998],[-107.29133704577714,38.44570649620441],[-107.29190198371894,38.446027296456286],[-107.29188693724109,38.446357093264304],[-107.29210745433899,38.44644704395362],[-107.2944019641781,38.445996407678805],[-107.29628857845718,38.445997898138806],[-107.29713271102864,38.44622263088577],[-107.29871236246028,38.447734040401606],[-107.30002886611794,38.448537441401506],[-107.30086794243643,38.44934827241228],[-107.303087060396,38.44958916377252],[-107.30557658181276,38.44943954638068],[-107.30611484164211,38.44976069563224],[-107.30658297324251,38.45074206824023],[-107.30666028164629,38.451564770303214],[-107.30593237407187,38.452894410693304],[-107.30634180786998,38.45338235557549],[-107.30642727078727,38.45387536584651],[-107.30739666582144,38.454212915740854],[-107.30859937389224,38.4543357247937],[-107.31016375444777,38.4558588116995],[-107.31205840553095,38.45616654933289],[-107.31247037973527,38.4558778378132],[-107.31288888004799,38.45584637583987],[-107.31336150214808,38.45623845679086],[-107.3133990738982,38.45722656203631],[-107.31395428667173,38.457712192701436],[-107.31336172657795,38.4585454083758],[-107.31465765655476,38.458525058718735],[-107.31527143110063,38.45885276831766],[-107.31568484319381,38.45862050801114],[-107.31631768654134,38.45877270345026],[-107.31708196519843,38.45931086459949],[-107.31654619074234,38.45951368580411],[-107.31675279924441,38.45997517219585],[-107.31659529190543,38.46014243171202],[-107.31594055020385,38.46043166476483],[-107.31531180370281,38.46044119803032],[-107.31484279753585,38.46099388886384],[-107.31387249553102,38.46155676884172],[-107.31282303019934,38.46151206686376],[-107.3123955075338,38.46118930218095],[-107.31108569519009,38.46138241450014],[-107.3119932022153,38.461860330812776],[-107.31225221423587,38.46218803373743],[-107.31221749769459,38.462682925775994],[-107.31182670550545,38.46301862014935],[-107.30703052925811,38.46460051078302],[-107.3064153477155,38.46514778235984],[-107.30290344917286,38.46723127951146],[-107.30185515234041,38.46723582183745],[-107.30002429314693,38.46798179209478],[-107.29786304639896,38.46949848111304],[-107.29736696424288,38.469670981333266],[-107.29670563753558,38.47091398755284],[-107.29590819763638,38.47134148425823],[-107.29550960152979,38.47233637052748],[-107.29442784479646,38.472682739240035],[-107.2938277920074,38.47321706243336],[-107.2931916873043,38.472938058328474],[-107.29256159861181,38.472898506690676],[-107.29212585847942,38.47224730263084],[-107.291380081432,38.47289481291954],[-107.29088563393259,38.47296321467501],[-107.29063446052724,38.472576806902154],[-107.28981444511504,38.47205771301173],[-107.28919047808975,38.472262082988564],[-107.28855322126796,38.47193599127601],[-107.28792490992006,38.471966945383464],[-107.2877081855034,38.471686179292924],[-107.2870837372991,38.47187142178246],[-107.28645122303583,38.47173436860569],[-107.28620323845331,38.47182148595966],[-107.28596853180098,38.4726490219495],[-107.28564369894738,38.47298428332407],[-107.28439259815671,38.47326799416479],[-107.28333850918524,38.473044035433055],[-107.28250371887992,38.47320442089127],[-107.28235399716388,38.4736935235576],[-107.28183783985703,38.4740310471918],[-107.2796054367034,38.474709210182915],[-107.27859278551294,38.476149100941754],[-107.27690750347372,38.47584276090519],[-107.27544136785423,38.475915518001145],[-107.27437653729869,38.475464115049284],[-107.2742831363019,38.475135986934845],[-107.27374106075985,38.475003499781316],[-107.27330791811696,38.47445042596773],[-107.27161174547375,38.473702518439765],[-107.27122917993441,38.47238156272476],[-107.27047040674553,38.47189884866531],[-107.27029772447749,38.471450858326335],[-107.26923738600068,38.47097166064045],[-107.2680236232155,38.470123724268255],[-107.26762246564944,38.46914117662796],[-107.26686839416317,38.468450364329456],[-107.26539526387002,38.46823432356941],[-107.26435204242054,38.46844464358636],[-107.26392571624798,38.46816294953088],[-107.26372308205231,38.46844836747944],[-107.26309531824177,38.46850055639778],[-107.26224741801414,38.4681292219452],[-107.26151344991925,38.46808101092528],[-107.26096908933789,38.46730881730312],[-107.26055494294482,38.46752035048684],[-107.25824322225168,38.467308023443785],[-107.25741331092044,38.46766605340395],[-107.25678532749379,38.467709188423655],[-107.2559420094575,38.46752244914299],[-107.25527343299589,38.46768163722767],[-107.25384238901196,38.467408010367585],[-107.25300811189622,38.46758910193484],[-107.25258037716257,38.467247938549086],[-107.25204247813332,38.46723633635057],[-107.25213155971902,38.466575864003026],[-107.25192724841767,38.466266010676634],[-107.25171772761715,38.46627238572349],[-107.25131823739396,38.46708240603306],[-107.24944533279367,38.46766251405165],[-107.24862528330914,38.468425206451236],[-107.24820299106308,38.46830570008992],[-107.24809650913423,38.46877912901603],[-107.2477961034081,38.46881555286505],[-107.2463160992823,38.46831612098468],[-107.24484188454707,38.468052774366406],[-107.2441983457721,38.467459400526366],[-107.2433508059265,38.46709815844052],[-107.24230553840674,38.46722639341437],[-107.24147630763382,38.467615453880384],[-107.24042145067432,38.46735064123911],[-107.23916559147392,38.467441788816195],[-107.2381109979355,38.46718732096839],[-107.23768271480357,38.46682054093764],[-107.23782365927318,38.46646240088387],[-107.23760372277094,38.46597136927041],[-107.23715741517768,38.4656485210298],[-107.2370666576084,38.46532032594369],[-107.23638139857178,38.46504183756683],[-107.23616342726004,38.46470048372261],[-107.23575133474496,38.46499883377334],[-107.23516363182407,38.46452502362993],[-107.23387245514104,38.46421484889392],[-107.23255894269873,38.46304902625119],[-107.23108532069416,38.462803379962985],[-107.22873254534265,38.46313841585936],[-107.22772485364474,38.46397738747754],[-107.2270557301675,38.46415217143269],[-107.22756034355342,38.46442994259508],[-107.22757094014862,38.46480358657693],[-107.22719194406334,38.46513881206298],[-107.22708314101932,38.46563477703998],[-107.22657801335797,38.465971885831365],[-107.22658539663557,38.46746628457131],[-107.22533424053485,38.467752764854716],[-107.22386411230848,38.46765475368714],[-107.22322960779833,38.46742829299256],[-107.22303014683159,38.46785181311044],[-107.22178325886502,38.46831615424386],[-107.22137217548737,38.468659675711415],[-107.22083165770172,38.468694085770636],[-107.2211169962621,38.46918417350922],[-107.22078999851821,38.47034249906841],[-107.21914263242418,38.471190917933825],[-107.21872128947666,38.47177554159725],[-107.21666276546921,38.47337268209355],[-107.21518162263355,38.47282030650621],[-107.21395928395589,38.47275093463527],[-107.21307401141347,38.47237579325923],[-107.21242794292132,38.4716673665193],[-107.210955555442,38.47147751958434],[-107.21053090572279,38.47125757701717],[-107.21053197965836,38.470330038645336],[-107.21085917855095,38.469830857380444],[-107.21080282642147,38.469172576021386],[-107.21024993043719,38.46828109041076],[-107.20917850955038,38.467319478497295],[-107.20882051671603,38.46640067015803],[-107.20888141973575,38.46541109618019],[-107.20807590972335,38.465053040307566],[-107.20703222073307,38.46524839094147],[-107.20660981015162,38.46512008048492],[-107.2063063347045,38.46479004063867],[-107.20621017606689,38.46380278815085],[-107.20552070545148,38.462989074680884],[-107.2067190342684,38.4609168895029],[-107.20670189693712,38.46019973590818],[-107.20635056337413,38.45984602446039],[-107.20606361357329,38.45980993376976],[-107.20583785072002,38.45985359624683],[-107.20642535178854,38.4601744773072],[-107.2064825440609,38.460667968801346],[-107.20527881607043,38.462498309122495],[-107.20523351287086,38.463158092727475],[-107.20589984773487,38.46397214950442],[-107.20619268767703,38.465213052195004],[-107.20683230087103,38.465656445992714],[-107.20787456517202,38.46540125008102],[-107.20823898546989,38.46558537552529],[-107.20867602062219,38.46755625923993],[-107.20987242917826,38.468692011873294],[-107.20987706387508,38.47033973238622],[-107.20963828133475,38.4710023814267],[-107.2098382004485,38.47149375990004],[-107.21054918211325,38.472020566435546],[-107.21223179885749,38.472232367116995],[-107.21266148030968,38.47266164184103],[-107.21393614042209,38.47334887177118],[-107.21477655414502,38.473416685809354],[-107.21541732079497,38.4739027705776],[-107.21249408060693,38.47442528212196],[-107.21158031600572,38.47426920940569],[-107.20955509655981,38.4742918948353],[-107.20807242788133,38.47367413667397],[-107.20491336030493,38.47310394503409],[-107.20417536524309,38.47371954366657],[-107.20577742289466,38.474162315778734],[-107.2062130877858,38.47484316781739],[-107.20411694763038,38.47487932536867],[-107.20350122796566,38.47471815653581],[-107.20282714095282,38.474398534975215],[-107.20284470787055,38.47423349740816],[-107.20380104116052,38.47372506382204],[-107.20303646033857,38.47353819081087],[-107.20220051328278,38.47365726355194],[-107.201568237527,38.47352357105819],[-107.20073584428923,38.473791942252966],[-107.19990991116934,38.47433194022627],[-107.19719220288803,38.47468420322281],[-107.19531836811794,38.47417938932311],[-107.19294871584376,38.472596367220305],[-107.19168637384979,38.47241979087989],[-107.19084946190702,38.472498277465135],[-107.19000383146833,38.472208443245876],[-107.18979980462873,38.472447846016685],[-107.18916870545723,38.47236239171918],[-107.1881094465894,38.47190564659097],[-107.18768977406289,38.471893348210074],[-107.18777203575515,38.471653410692454],[-107.18712602569194,38.47149806703793],[-107.18653424540088,38.47101237201933],[-107.18556685931344,38.47079157090307],[-107.18513980086784,38.470465972828585],[-107.18368158058159,38.47023008546101],[-107.18281307332856,38.469609801820084],[-107.1804002054301,38.468959631489],[-107.17956212502273,38.467983150016565],[-107.1793108759041,38.46650380126543],[-107.1795878917142,38.46633499667612],[-107.17916685390463,38.46613975644106],[-107.17880385524873,38.4653577246901],[-107.17840543896901,38.46355095715142],[-107.17794057891366,38.46273382047773],[-107.1775679505416,38.46125623171063],[-107.17648299477217,38.45962420356418],[-107.1737249062378,38.45760127309513],[-107.1720428622973,38.45739377450741],[-107.17058253321991,38.45770179179257],[-107.1683375588707,38.45842390107076],[-107.16580262221552,38.45950272150057],[-107.16117637188194,38.458906219003886],[-107.16097165828825,38.459118560037496],[-107.1604543574546,38.45903180866407],[-107.15968691333039,38.4597019454124],[-107.160286088983,38.46134110801181],[-107.16076556456696,38.461828548076426],[-107.16069573793744,38.462323883518884],[-107.16021778057855,38.46276373847147],[-107.15938628149772,38.46307158219031],[-107.15788191898858,38.46302340511632],[-107.15800377545939,38.46318643355231],[-107.15750741666857,38.46335833288463],[-107.15855798669206,38.4635177077835],[-107.15985392599224,38.463324644329525],[-107.16043742420199,38.46319303427289],[-107.16135553048085,38.46264395193166],[-107.16151400341771,38.46214734117954],[-107.16081351430351,38.46083919539173],[-107.16090960949185,38.460013927747454],[-107.16139957003307,38.45948858343476],[-107.16392850763944,38.460050749705715],[-107.16539788857891,38.46012772717709],[-107.16652341335207,38.45993308247713],[-107.16914026086478,38.45878299697419],[-107.17164164351202,38.458166137847456],[-107.172688502788,38.45810676832755],[-107.17353091626285,38.458269557451935],[-107.17524253367641,38.459736834119575],[-107.17631507705501,38.46143919541367],[-107.17683518763917,38.46274986961109],[-107.17816724164136,38.46821461098929],[-107.17914143980222,38.46963704331285],[-107.18000344737358,38.47011884646246],[-107.17945926524442,38.47078586918187],[-107.17921079995828,38.47161336981161],[-107.17992082453074,38.47145157123786],[-107.18116165432875,38.47071646586063],[-107.18327386001371,38.471366985315534],[-107.18513017069148,38.471691970312534],[-107.18665033465291,38.472275027347195],[-107.18848102009363,38.47394994707384],[-107.19026112908433,38.4742196847318],[-107.19151219654198,38.473919123632065],[-107.19249466662272,38.47389122706352],[-107.19252655537605,38.474549873311254],[-107.19295154381929,38.47503798251909],[-107.1925135927077,38.47553873320707],[-107.19259426342327,38.47570232991303],[-107.1938749435412,38.47535400669233],[-107.1951357587023,38.476392381911914],[-107.1950595728991,38.47698441926475],[-107.1945130219199,38.4771572137584],[-107.19553774724979,38.47878996684459],[-107.19533528134343,38.478957715853596],[-107.19539300141652,38.479286425919796],[-107.1958473291869,38.479864344990524],[-107.1994417826429,38.481095520818386],[-107.20027959804466,38.48105107713707],[-107.20196998351638,38.481581291595745],[-107.20280116282447,38.48125839694371],[-107.20406366424506,38.481433834033965],[-107.2069265659824,38.480929203143965],[-107.20969645491935,38.48019591438123],[-107.21258245915595,38.479032952413604],[-107.21466827620746,38.47587121830266],[-107.2148332233486,38.47577648751783],[-107.215260292748,38.47609547494068],[-107.21548894611675,38.476023816586995],[-107.21545875688072,38.475627598364376],[-107.21499288445197,38.475536842776236],[-107.21535072222336,38.47520197300576],[-107.21600555507096,38.474862691851044],[-107.21794570486894,38.474401875699094],[-107.21980677196018,38.47331281502065],[-107.22032398965878,38.47331546541983],[-107.22086467264894,38.47370363598438],[-107.22170974887263,38.473964331566464],[-107.22317277697418,38.47376288296744],[-107.22360763802408,38.47440359769592],[-107.22373534534128,38.47408852208836],[-107.22548455453726,38.47397393997327],[-107.22672197501083,38.473114942184345],[-107.22714222410409,38.473150363896636],[-107.22722853554073,38.47288290170905],[-107.22689492519616,38.472558329142934],[-107.22702537250012,38.47239159995722],[-107.22816756337289,38.47219411283733],[-107.22827269135557,38.47204339082724],[-107.22779677026891,38.47122661080703],[-107.22821839253713,38.47039640754062],[-107.22746473829663,38.469145673660755],[-107.22620621523197,38.469128466430796],[-107.22595847967561,38.46878239331351],[-107.2269785633205,38.468272812100594],[-107.22744748590803,38.46843245971256],[-107.22762196940639,38.46826319322105],[-107.22804401516747,38.46708861001983],[-107.22891112139015,38.465936995914],[-107.22844872402926,38.464790457735305],[-107.22872589439802,38.46429197214424],[-107.22922743956927,38.46400579184159],[-107.23068684301884,38.463663966887296],[-107.23237267401647,38.46401363919209],[-107.23365509866952,38.465019054302125],[-107.23428693238203,38.46513499679863],[-107.2347278433162,38.46602279196962],[-107.23692893565442,38.467794093996055],[-107.23813786057678,38.468291021353785],[-107.23985807224336,38.468573921675635],[-107.23982696837669,38.468769104923204],[-107.23920739086745,38.469158130310845],[-107.23684712055548,38.469937461795894],[-107.23671491974383,38.470134691954016],[-107.23859120276872,38.4696866487837],[-107.23941864440876,38.469222523036855],[-107.24004472894934,38.46910057480516],[-107.240455682118,38.46875522555868],[-107.24360459794806,38.46890493031768],[-107.24846210312174,38.47032455622316],[-107.24878373140912,38.46992219116282],[-107.24928888659973,38.46983580859805],[-107.25010082883446,38.46874192489495],[-107.25240421775139,38.46861398003111],[-107.2532379812738,38.46841142306323],[-107.25450183878321,38.46864571431688],[-107.25540525902461,38.46833875634288],[-107.25681065234058,38.468738636051796],[-107.25764266859531,38.46846550449367],[-107.25785621030339,38.468622228600545],[-107.25869323642326,38.46855273662361],[-107.25911703746102,38.4687326835856],[-107.25973976180592,38.46847580657098],[-107.25995422343068,38.468669665885876],[-107.26311787092853,38.46941402606771],[-107.26396371275146,38.46936187407829],[-107.2647756311765,38.46984381802367],[-107.26387790886083,38.470681430301106],[-107.26440754454168,38.470691048980775],[-107.2654403834303,38.4700594395648],[-107.26585852261675,38.47000934785375],[-107.26671843156004,38.470864389154734],[-107.26723250819109,38.47079495088959],[-107.26803221489531,38.47144184026615],[-107.26835034892282,38.47209609556994],[-107.26822113771698,38.4724276349],[-107.26886349712721,38.47280831628631],[-107.26927555831601,38.47340017986774],[-107.26919633018149,38.475213983840845],[-107.26929333939219,38.47570684145441],[-107.26960459992424,38.47586685605305],[-107.26994026281174,38.47652083910948],[-107.26961149125391,38.477184998569065],[-107.27003445463633,38.4773433014196],[-107.26980689386168,38.477841130010496],[-107.2706670159973,38.477887364436114],[-107.27280674032157,38.479603268940906],[-107.27323076647797,38.479788156315394],[-107.27463397294049,38.479909253663884],[-107.2757746030447,38.48088271242202],[-107.27849584061623,38.480676425206724],[-107.28120433910571,38.479960049051186],[-107.2815059581413,38.47963873320515],[-107.28192706948059,38.47831398866342],[-107.28184790354089,38.47765608365053],[-107.2827983254041,38.476605304427196],[-107.28332978308772,38.476644534374316],[-107.28352508216388,38.479278024191345],[-107.28298921044895,38.48142845315419],[-107.28320753804799,38.482743336359164],[-107.28295428805784,38.48340636992659],[-107.28286648313929,38.48505553956513],[-107.28328711447999,38.485543394111275],[-107.28284956778661,38.4868683970361],[-107.28194989280571,38.48803574297159],[-107.28158707013414,38.488865243998305],[-107.28193884151067,38.48935416516984],[-107.2817446694598,38.49001628471254],[-107.28230700836502,38.49052796810071],[-107.28271096225991,38.48990542186807],[-107.28260894635076,38.48868470527665],[-107.28308949321257,38.48818294760604],[-107.28328287029989,38.487610052381946],[-107.28387653043787,38.48718211277513],[-107.28409695276541,38.48661433024682],[-107.28451220334144,38.486445248964145],[-107.28508102814801,38.48584526163553],[-107.28639217434376,38.48252936929337],[-107.28621647707187,38.480884269058556],[-107.28640117163877,38.47923359791176],[-107.28583859747158,38.47627622494545],[-107.28605714852341,38.47577850226749],[-107.28654381288328,38.47543525545564],[-107.28675460574968,38.47547870460535],[-107.28718077754381,38.475748804203775],[-107.28781106272349,38.47579534755659],[-107.29048468134242,38.4766986715567],[-107.29141067089789,38.47717416966237],[-107.2918899493747,38.47766557902163],[-107.29357033239332,38.47829863643219],[-107.29471249158468,38.47976393994849],[-107.29549086246394,38.480246194223895],[-107.29639175931936,38.482044794565994],[-107.29730517380452,38.48252493787296],[-107.2972379124161,38.48302032998491],[-107.29756468625666,38.48350959353273],[-107.2976046608915,38.48449766386664],[-107.29836014002477,38.48563938425431],[-107.29821214098303,38.48613603337397],[-107.29854108551957,38.486954824862515],[-107.29833182312713,38.487122863401595],[-107.2988788170073,38.48859738916825],[-107.29942613111471,38.49221407511823],[-107.29982893377623,38.493196495868276],[-107.30025982508495,38.49351934933029],[-107.3011650062188,38.495976979258366],[-107.30263094487206,38.49842585919767],[-107.30244529994903,38.49908788319424],[-107.30274881351835,38.500236625569066],[-107.30249983272672,38.50106441961306],[-107.30263900998281,38.50205094267254],[-107.30209068662383,38.5035425323712],[-107.30237572371803,38.5044780368112],[-107.30258800568588,38.50457664343613]]}},{"type":"Feature","properties":{"depth_ft":150,"elevation_ft":7369,"major":false},"geometry":{"type":"LineString","coordinates":[[-107.1564376063857,38.462494559332185],[-107.15655659370657,38.46238330758746],[-107.15621184936471,38.46180049993625],[-107.15614029731489,38.462059721820424],[-107.1564376063857,38.462494559332185]]}},{"type":"Feature","properties":{"depth_ft":150,"elevation_ft":7369,"major":false},"geometry":{"type":"LineString","coordinates":[[-107.27323772607255,38.42940113234178],[-107.27349614204928,38.42900937342753],[-107.27342007206187,38.428304265874026],[-107.27323772607255,38.42940113234178]]}},{"type":"Feature","properties":{"depth_ft":175,"elevation_ft":7344,"major":false},"geometry":{"type":"LineString","coordinates":[[-107.30309107329094,38.49957664236909],[-107.3032835921293,38.49889347894733],[-107.30390606016246,38.49862210236165],[-107.30410605307884,38.4982350752563],[-107.30413099078807,38.49626028573042],[-107.30348263450318,38.49495214599772],[-107.30238754320516,38.49348618825373],[-107.30234512547781,38.492498156440384],[-107.30201243671226,38.49167943301738],[-107.30220062892718,38.490852587610135],[-107.30208846429176,38.489371296794545],[-107.30251091882418,38.48656341120903],[-107.30235496565062,38.4850828037242],[-107.30266607433833,38.48474838682568],[-107.30226093947189,38.484425141349625],[-107.30224403366994,38.48376627623731],[-107.30278603473704,38.48359304005085],[-107.30234236779854,38.48327039605991],[-107.30232273175935,38.482282009166376],[-107.30266058971,38.48211195711308],[-107.30235417596069,38.48178717217804],[-107.30272813069625,38.481616556891304],[-107.30287700926345,38.48128466987219],[-107.3025488204399,38.48063066083179],[-107.30354960475876,38.48028548111534],[-107.30267782247256,38.47963995532023],[-107.30225251655422,38.47865789624954],[-107.30231074133478,38.47697950557151],[-107.30417314985124,38.47599047013222],[-107.30575688199042,38.47596667026378],[-107.30603611257835,38.47513839473517],[-107.30693824770785,38.47495950843586],[-107.30693101666243,38.47430049217877],[-107.30756004848445,38.474290653662386],[-107.30810469039395,38.47390077430619],[-107.30829816208148,38.47325985688102],[-107.30914258105823,38.47348159664678],[-107.30976727714877,38.473307718586916],[-107.31029574507059,38.47243521854866],[-107.31161445038431,38.47172587658994],[-107.31210053449517,38.4709238852259],[-107.31285015339695,38.47084066705331],[-107.31299360446702,38.47008596261047],[-107.31254753007515,38.469763396241426],[-107.31260182829354,38.46931871228504],[-107.313220034359,38.468890978230014],[-107.31364094936349,38.46895160261246],[-107.31405180230227,38.46861609413832],[-107.31467857432908,38.46852602834058],[-107.31507322445496,38.46755331619082],[-107.31590507263414,38.46728246731432],[-107.3165191188651,38.46669264776412],[-107.31714865713779,38.46671206826194],[-107.3188086213886,38.466025430262],[-107.3197914997698,38.46536517614562],[-107.32003547949007,38.464800449949855],[-107.32045325235423,38.464738502725176],[-107.32064416000772,38.46436304569222],[-107.32028470618108,38.464203926947754],[-107.32022747538912,38.46387526308985],[-107.32041794996424,38.46304834799825],[-107.32122078589182,38.46194769967211],[-107.32252016916719,38.461367375112104],[-107.32329966571942,38.4612505843655],[-107.32350323841132,38.46101194470369],[-107.32412993889645,38.46092210577119],[-107.3245130566046,38.45968808925447],[-107.32492869327636,38.45936040338315],[-107.32662024134174,38.45850130936624],[-107.3278344410832,38.4582078561252],[-107.3289196958627,38.457641012242156],[-107.32948405608985,38.457128754834244],[-107.32990221884052,38.4570840624333],[-107.33030876948568,38.45658625234121],[-107.33238111993529,38.455644002646736],[-107.33300788345588,38.455558842041484],[-107.33355613395408,38.454601416563484],[-107.3329555076019,38.45351790068461],[-107.33234197271975,38.45411803542406],[-107.33151065802362,38.45440139843095],[-107.33131256143542,38.454851856851484],[-107.33089340713326,38.45485732828892],[-107.33048432310474,38.45525574500653],[-107.32852403518855,38.456329011221044],[-107.32840769813072,38.45682520180602],[-107.32446697090377,38.45770051610643],[-107.32399658498792,38.45821319886144],[-107.32286226148469,38.45872545202037],[-107.32278407175502,38.459056251488285],[-107.32200644703133,38.4598698352345],[-107.32131669308122,38.45990330937143],[-107.32053169533215,38.45959047786967],[-107.32009907128433,38.45906847635417],[-107.31930244958315,38.45894635139688],[-107.3186868158555,38.45846169693465],[-107.31785538700805,38.45831000066531],[-107.31627955754888,38.4572733447944],[-107.31501636271224,38.45706585094475],[-107.31392503432355,38.45537021742354],[-107.31244895532706,38.455033543690455],[-107.31203587035377,38.45527828305404],[-107.3111898370376,38.45498477005596],[-107.31077214309289,38.455047863488446],[-107.30921053666441,38.45366702493498],[-107.30758821406245,38.45349785012284],[-107.30692488180885,38.453208454038844],[-107.30678421584649,38.45288108982366],[-107.30736245848342,38.45105943887836],[-107.30717013730877,38.4504033189042],[-107.30759676474017,38.44990229659052],[-107.30729850624287,38.449577399168064],[-107.30759087799497,38.448913695111024],[-107.3074619513929,38.44850818668959],[-107.3072340740451,38.44891927828086],[-107.30684820029118,38.44910640249473],[-107.30515450396912,38.44844705880854],[-107.30432432293101,38.448776762230956],[-107.3022335060731,38.44899336150709],[-107.30139250757807,38.44889487887521],[-107.30054555987206,38.44803504213363],[-107.29910142864173,38.447233635099174],[-107.29869828082526,38.44625122226139],[-107.29803967048822,38.445602349184064],[-107.29737877063835,38.445283071939556],[-107.29480043484926,38.44516979545386],[-107.29162615759712,38.443972817231426],[-107.2903621865055,38.44372183870798],[-107.28826482410072,38.44367248544691],[-107.28804291741706,38.443181297041605],[-107.28648349770069,38.44199169469475],[-107.286752835645,38.44132840232689],[-107.28611189990906,38.441400721234544],[-107.28402635732941,38.439228392030365],[-107.28289556091521,38.4385055380976],[-107.28247668240782,38.438518190695696],[-107.280154078346,38.43783447437918],[-107.27739982234378,38.43652928456697],[-107.27698753036451,38.43554694253962],[-107.27713080590632,38.43425881716487],[-107.27672656913619,38.43571573878711],[-107.27719344984945,38.436777239170155],[-107.280406916982,38.43878990210626],[-107.28249227082541,38.43914297817802],[-107.2831408952977,38.439736410666356],[-107.28360877959587,38.43989396717418],[-107.28500242994191,38.441190687208426],[-107.28507447202679,38.44267260658855],[-107.28638893652699,38.44409736129927],[-107.28870807877047,38.44463218244115],[-107.29160964416228,38.44570226809688],[-107.29230985846982,38.44615941383328],[-107.29460945562376,38.44591169542042],[-107.29628671620638,38.44592383975838],[-107.29713103041395,38.44615582746614],[-107.29884878497579,38.44777576566449],[-107.30112395199932,38.449344280694575],[-107.3030848749679,38.4495025853178],[-107.30517528368277,38.449269332625654],[-107.30559690444682,38.44936275068798],[-107.30623558298747,38.449749859911705],[-107.30656888785855,38.45041272406682],[-107.30674430690296,38.45156345606454],[-107.30605385669821,38.4528925113654],[-107.30680142392877,38.45386951419252],[-107.30874945630296,38.454333374883284],[-107.31000121140758,38.45546724460346],[-107.31079333605977,38.45588381048252],[-107.31205586330232,38.4560663437279],[-107.3126767707081,38.45574944449447],[-107.31331267412192,38.45602344446303],[-107.31363507033308,38.457222857183396],[-107.31409016022542,38.45754527653945],[-107.31420525222171,38.45787303419568],[-107.31379195070919,38.45837387176203],[-107.31504983047627,38.45838283797582],[-107.315355349346,38.45818453183579],[-107.31630206035179,38.45815823737129],[-107.31865665835132,38.46005815682897],[-107.31928679659302,38.460103391673776],[-107.32055418680963,38.4605744594251],[-107.31930767720948,38.46092310463941],[-107.31742050427191,38.46091554434092],[-107.31367362828185,38.46198201141033],[-107.31219614946684,38.46159550510182],[-107.31260965662577,38.46234720858182],[-107.31202562557975,38.463138264105154],[-107.30703433358596,38.46475086293488],[-107.30677441142896,38.46507513155219],[-107.30311448000712,38.46728468865576],[-107.30206804622885,38.46736309403089],[-107.30036708246313,38.46797645106818],[-107.2981393207273,38.46955710287032],[-107.29751654671944,38.469807099349026],[-107.2973231203522,38.4704532718274],[-107.29651004816986,38.471474592321485],[-107.29627694843566,38.471500534032785],[-107.29507649896497,38.47349657325518],[-107.29447130489294,38.47379066021642],[-107.29384370582176,38.473850547406236],[-107.29299340580826,38.47339275979469],[-107.29236369069584,38.473368245970256],[-107.29214911731398,38.47321245106038],[-107.29213684837985,38.47268520290228],[-107.2910778733557,38.47322906138373],[-107.28962462067263,38.47285061824221],[-107.28887440986544,38.47293363288921],[-107.28772110750243,38.472202341553974],[-107.28731085565742,38.47256753766125],[-107.28667428463399,38.47226861118204],[-107.28615950895245,38.47297563304388],[-107.28544397069318,38.47338303667465],[-107.28334425431986,38.47327408073145],[-107.28255819392582,38.473525592107],[-107.28189914652596,38.47418721395563],[-107.28023439920084,38.47470330717919],[-107.2798296442528,38.475291122969665],[-107.27953611623356,38.47538476958785],[-107.27861653523173,38.47710256851139],[-107.27691950332516,38.47632497495426],[-107.2758726764378,38.476393817702544],[-107.27503000529073,38.4762393731208],[-107.27439099622245,38.475841514843644],[-107.27393138538862,38.4758005122321],[-107.27354275457806,38.47546239081475],[-107.27312525555926,38.47553935931906],[-107.2729118513555,38.475390384073904],[-107.2714059771461,38.473861004732534],[-107.27104378139867,38.47238440461638],[-107.27036270912143,38.471900498854204],[-107.27025980306084,38.47157251350027],[-107.26795973022057,38.47018381091774],[-107.267554478977,38.46963655946124],[-107.26750218126413,38.46914301677544],[-107.26687315533452,38.46864280005414],[-107.26539811137638,38.46834950983789],[-107.26477374719597,38.46853919208103],[-107.26288702164977,38.46855676839166],[-107.26224982529004,38.468226774328876],[-107.26140948861195,38.468161776191344],[-107.260975605589,38.46757307584109],[-107.26076545128241,38.46755389598301],[-107.25824731896044,38.46747441828537],[-107.25678832807814,38.46783116285038],[-107.25594527833225,38.46765539379532],[-107.25531935305912,38.46778228753808],[-107.25405662108697,38.4675933170811],[-107.25322062002314,38.46770425478367],[-107.25258300441631,38.467354994020006],[-107.25188581357203,38.467238711961],[-107.25193348692176,38.466520315323365],[-107.2515289129731,38.467123016790275],[-107.2494488897325,38.46780771125648],[-107.24865094489796,38.4687707391467],[-107.24780062861491,38.469000446839615],[-107.24631843244777,38.46841153264262],[-107.24484345151792,38.46811690794602],[-107.24401185507075,38.46752261637025],[-107.24335576419911,38.46730126843606],[-107.24126986252311,38.46774815270668],[-107.24105559146368,38.4675598814235],[-107.23958934604234,38.46762219046291],[-107.23811558393525,38.46737574750794],[-107.23768773410062,38.46702682235774],[-107.23752466263862,38.466137338127844],[-107.23685449076206,38.46532351569951],[-107.23617108750867,38.46501558652163],[-107.23575438067448,38.46512415704087],[-107.23506359054227,38.46469130584628],[-107.23406130177442,38.46447779184068],[-107.23235032304974,38.46309219953057],[-107.23108787114876,38.46290860333628],[-107.22962780662512,38.463222420231666],[-107.22920643163027,38.46313814467118],[-107.22865448034,38.463304363485],[-107.22762068184811,38.464143724769386],[-107.22775219704312,38.464800876099766],[-107.22738929835343,38.46546542051067],[-107.22675331011574,38.46596926603504],[-107.22676906882437,38.46639069077244],[-107.22724778917977,38.46695055162712],[-107.22674706727337,38.46745237465642],[-107.22554751334987,38.46790144300966],[-107.22366794089905,38.46821443585559],[-107.22207610189922,38.46916988248208],[-107.22192165437284,38.46999608096068],[-107.22216964300529,38.47081628158805],[-107.22165527924022,38.47170513106264],[-107.22082495153866,38.47205534891438],[-107.22039630917664,38.47167112039204],[-107.21955641743043,38.47162439257207],[-107.21666496147225,38.473464029838595],[-107.21392347955884,38.47282137156637],[-107.21265015779953,38.47218954721917],[-107.21262869220845,38.47244110628871],[-107.21302273774474,38.472764823105905],[-107.21393114671146,38.4731408155311],[-107.21477080253305,38.47317717022347],[-107.21577394380829,38.47404223559218],[-107.21563341136137,38.47416884214654],[-107.21479373380892,38.474132092604044],[-107.21334165385237,38.474791025553266],[-107.21146265498976,38.47513754812057],[-107.21126014886197,38.4754377915593],[-107.21084091284825,38.475444828481415],[-107.20980756791805,38.476078227926116],[-107.20666515002357,38.47620973244577],[-107.20519152372555,38.47597121576408],[-107.20393857397767,38.47619213841369],[-107.20384170060234,38.476360923820565],[-107.20409764218175,38.47668670710063],[-107.2032987266678,38.476698486208925],[-107.2034699103391,38.47686074147791],[-107.20311591597172,38.47686962122029],[-107.2030273650128,38.477032043271336],[-107.2032975034495,38.47834629134144],[-107.20314308385571,38.4791724609347],[-107.2028145874125,38.47950685942842],[-107.202342089714,38.47959599545163],[-107.20045033725988,38.47941436328216],[-107.20001484248989,38.47921852432849],[-107.19852412070045,38.477783486306706],[-107.1965258181981,38.475150338314236],[-107.19316470961667,38.47286209591347],[-107.18960383743482,38.47302793967849],[-107.18769443978442,38.47209076593693],[-107.18747703415515,38.47176432023808],[-107.186271146202,38.47101621203653],[-107.18556943921573,38.47090087201376],[-107.18493154072317,38.47052642911728],[-107.18071522666193,38.469614161149785],[-107.18001299727968,38.469130040206686],[-107.17928288689059,38.46798720888554],[-107.17874033747556,38.46568820331666],[-107.17833513736002,38.46487020104717],[-107.17827815962734,38.46401210210844],[-107.17808104087527,38.464214780686596],[-107.17836170169322,38.46734148264286],[-107.17915982809828,38.46897766459842],[-107.17988176777584,38.46979128974905],[-107.18073318870923,38.47033019032699],[-107.1865049205326,38.47167191254865],[-107.18835711948216,38.47351212140439],[-107.1896267051824,38.47399440611193],[-107.19025776859004,38.47407771456534],[-107.19129490911997,38.47359864775553],[-107.1919220002503,38.4735143603676],[-107.19335980671045,38.47387855171125],[-107.19533452218187,38.475826936638974],[-107.19586728262182,38.47730212503096],[-107.19553453853798,38.478130900127816],[-107.19574645803877,38.47862212582612],[-107.19972646533532,38.48054099518311],[-107.20195316542241,38.48087573699868],[-107.20530855945916,38.4808718339722],[-107.20719056404414,38.480643563257786],[-107.20823283738109,38.4803796520582],[-107.21030399701746,38.47929388112646],[-107.21172174461377,38.479045705245504],[-107.21264507328813,38.47837290830786],[-107.21342727982572,38.47687830109597],[-107.21490773510476,38.475208548320786],[-107.21564871600813,38.47480584386807],[-107.21794080070784,38.47419803042744],[-107.21980443236595,38.47321567189177],[-107.22063961917313,38.47306635377532],[-107.22163970514728,38.47362542755853],[-107.22253475437816,38.4733927336095],[-107.22464359772052,38.473884409577956],[-107.22506168292531,38.47383012114999],[-107.22588847680386,38.47333366734224],[-107.2264913694041,38.47289391877353],[-107.22640985176017,38.47223601883068],[-107.22685386233465,38.47206460433729],[-107.2268530007907,38.47189983771283],[-107.22602111722023,38.47059403171358],[-107.22574221952794,38.468950403103236],[-107.2262713519712,38.46844816019755],[-107.2274361841678,38.46796523792044],[-107.22789656270676,38.46743518936125],[-107.22800111763897,38.46693928709257],[-107.22868096881902,38.46594043977255],[-107.22834574067785,38.464791998382644],[-107.2286323898576,38.46429337122501],[-107.22922496982439,38.46390379020305],[-107.23068447265993,38.463566152046226],[-107.23237017017573,38.46391041717974],[-107.23321633011338,38.46438947364089],[-107.23365205393358,38.46489362822833],[-107.23432588664525,38.46503194172014],[-107.23516528741644,38.466172796426136],[-107.23742048599728,38.46795148313339],[-107.2381357661482,38.46820496917862],[-107.23986663935322,38.46840901272697],[-107.24001083666376,38.46857162115832],[-107.2398323115015,38.46898841819525],[-107.2394155210427,38.469094291807956],[-107.23987538917261,38.469068000729344],[-107.24045326640343,38.468656105789],[-107.24150465094527,38.46877773142364],[-107.24254997754782,38.46865093563096],[-107.24647810798936,38.46946272455308],[-107.24824655220633,38.47008510950487],[-107.24928461238981,38.46966132070397],[-107.25009640268087,38.46856131521193],[-107.25113896402597,38.46832242319086],[-107.2517657921985,38.46823186443281],[-107.25240042491305,38.468459416105084],[-107.25344632834971,38.46835699256058],[-107.2544999123968,38.468567305139864],[-107.25512158380913,38.46826699379331],[-107.25680794600143,38.468628625571114],[-107.25764107625903,38.46840080776316],[-107.25911182298155,38.46852099690308],[-107.25952412092661,38.46823403758306],[-107.26016116653777,38.468558438859446],[-107.26248250129562,38.469158401844545],[-107.26353150190512,38.469181475198724],[-107.26479684325331,38.46947377961515],[-107.26499962527672,38.46984039651326],[-107.26460991597477,38.47039484941483],[-107.26543589480012,38.4698778756872],[-107.2660655795615,38.4699029281859],[-107.26671017830988,38.47053079202436],[-107.26722145854103,38.470630338989764],[-107.26862344718685,38.4715828140363],[-107.26940286774774,38.47290388743846],[-107.26967528082876,38.47553621157216],[-107.27020271065557,38.47651681881548],[-107.27009553650096,38.47717758472844],[-107.27042066951941,38.47766694682888],[-107.27129289950689,38.47775623330977],[-107.27150842376369,38.477990514877135],[-107.27192948430671,38.47805642337612],[-107.27215975600951,38.478793756508146],[-107.27258536626243,38.47913371981143],[-107.27364297036638,38.47949702552699],[-107.27490510578778,38.47965123221667],[-107.27575722075436,38.480183797026605],[-107.2763875239773,38.48022985399629],[-107.27681587788612,38.48058811594674],[-107.27940549754322,38.48033022184846],[-107.28120028033784,38.47979734891243],[-107.28181100830669,38.47831577834829],[-107.28177120656873,38.477463939786965],[-107.28258528525232,38.4764718656836],[-107.2836296072909,38.47630289772406],[-107.28382189521618,38.47943822422323],[-107.28333392987608,38.48191747841412],[-107.28359777717034,38.48372600311805],[-107.28343560757092,38.4850467580724],[-107.2836691317511,38.48553749860894],[-107.28328448581283,38.4860377792227],[-107.28306322853716,38.48721363701911],[-107.28348066851362,38.48713196551453],[-107.2840904722637,38.48635499734923],[-107.28472520786056,38.486015538784365],[-107.28496231375011,38.485023187404295],[-107.28551626527779,38.48435550363835],[-107.28610436942839,38.48253381794619],[-107.28626283794478,38.481872242104636],[-107.28605723433,38.480886730405615],[-107.28630261631598,38.47972946628071],[-107.28606370154812,38.47775578007508],[-107.28559614516502,38.47611519021517],[-107.28653741601062,38.47517957990324],[-107.28721170947041,38.475595868832706],[-107.29055751983877,38.476603625226815],[-107.29206636543043,38.47749806138261],[-107.29267796551139,38.4775337852936],[-107.29373657387579,38.47793375897162],[-107.29482495833315,38.47951782223201],[-107.2958024978146,38.48024135171334],[-107.29652087605804,38.4812188774686],[-107.29672862458136,38.48187477548797],[-107.29762910605791,38.48251989933658],[-107.29766831213387,38.48301363552124],[-107.29834722503276,38.48382698265274],[-107.29807797274178,38.48449030050678],[-107.29858739020395,38.48563584771309],[-107.2986239471691,38.48711831735611],[-107.29917435021177,38.488757570852016],[-107.2994765206378,38.491718944257634],[-107.29976719924286,38.492538328720094],[-107.30051513869878,38.49335059011652],[-107.30123336581579,38.495481567425166],[-107.30215698634701,38.49727977433165],[-107.30287195423358,38.497762971306784],[-107.30268362238128,38.49891938436601],[-107.30309107329094,38.49957664236909]]}},{"type":"Feature","properties":{"depth_ft":175,"elevation_ft":7344,"major":false},"geometry":{"type":"LineString","coordinates":[[-107.21243671577307,38.47203320325029],[-107.2123560856583,38.4717860305443],[-107.21074839469547,38.47158312432552],[-107.21030013789253,38.47132214425058],[-107.21058526613908,38.46917579721579],[-107.21003952992515,38.46825105315382],[-107.20977603048092,38.46803432282279],[-107.20945302974103,38.46803910222453],[-107.21005646166215,38.46868928823496],[-107.21023093973183,38.469345821411494],[-107.2098014946553,38.47116474524334],[-107.21010506600648,38.47165458941388],[-107.2105461597101,38.47189439047824],[-107.21243671577307,38.47203320325029]]}},{"type":"Feature","properties":{"depth_ft":175,"elevation_ft":7344,"major":false},"geometry":{"type":"LineString","coordinates":[[-107.20940383781097,38.46797329158531],[-107.20896609698241,38.467205221747506],[-107.20895803440324,38.46771686710869],[-107.20940383781097,38.46797329158531]]}},{"type":"Feature","properties":{"depth_ft":175,"elevation_ft":7344,"major":false},"geometry":{"type":"LineString","coordinates":[[-107.17806495044275,38.46386136172783],[-107.17805632616611,38.46349431054226],[-107.17786360360213,38.463558827451294],[-107.17806495044275,38.46386136172783]]}},{"type":"Feature","properties":{"depth_ft":175,"elevation_ft":7344,"major":false},"geometry":{"type":"LineString","coordinates":[[-107.17784775362261,38.463540846509],[-107.17783582034767,38.46303289456098],[-107.17784775362261,38.463540846509]]}},{"type":"Feature","properties":{"depth_ft":200,"elevation_ft":7319,"major":true},"geometry":{"type":"LineString","coordinates":[[-107.3025434726999,38.49450596412345],[-107.30231565009106,38.49379063020386],[-107.30195858528246,38.49349287683629],[-107.30209453736875,38.49283162833385],[-107.30157398422288,38.49201583274584],[-107.3016701676269,38.491190422483605],[-107.30145883809632,38.49004024141523],[-107.30197624445171,38.4886545829226],[-107.30189645728886,38.48805603304663],[-107.30227949900429,38.486731802645785],[-107.30228964537632,38.484754258054274],[-107.30205815440276,38.4844283036796],[-107.30210609720405,38.4834388629554],[-107.30185598375763,38.48228928779844],[-107.30236246389542,38.481292696347246],[-107.30225941161991,38.480635174867274],[-107.30266238019667,38.48013454280384],[-107.30183591308952,38.478664393076656],[-107.3014680733481,38.47652796030325],[-107.30395138775295,38.475513340897024],[-107.30489389654493,38.47532102427076],[-107.30642692014237,38.4738947066087],[-107.30768173045178,38.47330005592147],[-107.3074282204111,38.472480110004774],[-107.30764601418817,38.47234942077103],[-107.30828428502629,38.47271186255689],[-107.30952680929018,38.47209357292107],[-107.31005749596652,38.47210938620137],[-107.31137516086285,38.470559216808574],[-107.31200021243656,38.47040055780598],[-107.31242350706613,38.47055463547912],[-107.31256193964856,38.470257517757894],[-107.31229359682843,38.46943781454667],[-107.3132098278552,38.46848900178248],[-107.31425114601706,38.46820896709294],[-107.31418926388879,38.467760238736],[-107.31556087629022,38.467079562661986],[-107.31556294343373,38.46674996493491],[-107.31693218192612,38.46644504013495],[-107.31874351811922,38.46554646119841],[-107.31872374300855,38.46521720703794],[-107.31902663682581,38.465047655717164],[-107.31962225403862,38.465040899708406],[-107.31990061040325,38.4645395435972],[-107.31988379844567,38.46338632904642],[-107.32107964653211,38.46188443994629],[-107.3239718243663,38.46085011622917],[-107.3244151423735,38.45968963561501],[-107.32492571070289,38.45924367546256],[-107.32720461381956,38.45817438142291],[-107.32762538463031,38.45823132399449],[-107.32989666104632,38.45696640831763],[-107.3303061472404,38.456483924254435],[-107.33176025151583,38.45595908321055],[-107.33237855053429,38.45554384881863],[-107.3330050662676,38.45544906701589],[-107.33339416676145,38.45460398733307],[-107.33296347154004,38.4538282407174],[-107.33275583107508,38.453906337127684],[-107.3316574994967,38.45446675455363],[-107.3313152223533,38.45495563934726],[-107.33089532029207,38.45493196341026],[-107.3302352450839,38.455477996375706],[-107.32917882611765,38.45598907858241],[-107.32822177572821,38.45695852959708],[-107.32453025946754,38.45787520545567],[-107.32302946622082,38.45887909201847],[-107.32221964649358,38.46000850047594],[-107.32074838228773,38.459866092152886],[-107.31861902368792,38.45858016766047],[-107.31756397710241,38.45831458797339],[-107.3162826326427,38.45739427003197],[-107.31501970318995,38.45719730396859],[-107.31377324878228,38.45540808002515],[-107.31245209644774,38.455157330375144],[-107.3120378056284,38.45535456640045],[-107.31077450276396,38.455140940614086],[-107.30906046115605,38.45368544829254],[-107.30758992778448,38.453565568406646],[-107.30678289854856,38.45321067493372],[-107.30671408716712,38.45271740446498],[-107.30713590393756,38.45188689481058],[-107.3072584332084,38.450896284234986],[-107.3070638732177,38.45040498138895],[-107.3074160697969,38.44990512416317],[-107.3071365402343,38.449579933270634],[-107.30726568256578,38.449036193070675],[-107.30685103972091,38.44921865626714],[-107.30536773499891,38.44858964721117],[-107.3024444621913,38.44904596567856],[-107.3013943051112,38.44896615792793],[-107.30053490631332,38.44813761969688],[-107.29904692203316,38.447319622011825],[-107.29851105485461,38.446254137749825],[-107.29732140905496,38.44539106750203],[-107.29459348089723,38.44527580882597],[-107.29350372450027,38.44468418194058],[-107.292264449758,38.44434954104633],[-107.29078995028141,38.44406244370844],[-107.28890075898342,38.44395590831708],[-107.2880562734325,38.443714908365635],[-107.28677731935778,38.44286416734231],[-107.28573826783956,38.44117931224788],[-107.28418101818448,38.439621696461344],[-107.28313606934643,38.438912578451216],[-107.28226897821654,38.43859406907675],[-107.28155584608895,38.43860740316103],[-107.28354837277539,38.439467715781696],[-107.28492392981421,38.44086233759332],[-107.28522265630544,38.44118728332796],[-107.28541218660877,38.44266738650273],[-107.28659392085,38.44391225647827],[-107.29166518737644,38.445529010478474],[-107.29250312016796,38.445507501852425],[-107.2937840433911,38.44583330102122],[-107.29628462134781,38.4458405308008],[-107.29712873524164,38.446064595551256],[-107.29891072685385,38.447730951173796],[-107.30119266506054,38.44928297074804],[-107.30308291502315,38.449424939488715],[-107.30517335974658,38.44919320136276],[-107.30580690706024,38.44937749019723],[-107.30632407378708,38.449757423825474],[-107.3067526211645,38.45090419704057],[-107.30681796976972,38.45156230385364],[-107.30618949651273,38.45305517277606],[-107.30699467604441,38.45386649130675],[-107.30890706751497,38.45433090688088],[-107.31036635196047,38.45558059591588],[-107.31100235464689,38.45585893266742],[-107.31205350201616,38.455973269978905],[-107.31246671341673,38.45573335676737],[-107.31309567346223,38.455733868795534],[-107.31344356344484,38.45607238608741],[-107.31375981504193,38.45711981319577],[-107.31439669658589,38.457870027483025],[-107.31426980429335,38.4582015855004],[-107.31630097629656,38.458115608853845],[-107.31865307104158,38.4599172785731],[-107.32097446610058,38.46051019609568],[-107.32102150598467,38.46089665961057],[-107.31994433361443,38.461223812032706],[-107.31932676957754,38.46167259965871],[-107.31786767588507,38.46200942288322],[-107.31597443566464,38.4617643467557],[-107.31368206542106,38.46231424814449],[-107.31283578750838,38.46201466064402],[-107.31285650055341,38.46267290040631],[-107.3121453373746,38.46334318762076],[-107.30828400041226,38.46441971940416],[-107.30712401866145,38.46490488132199],[-107.30311825736202,38.46743429349647],[-107.3020723574242,38.467533940942495],[-107.30040987899514,38.468128385611124],[-107.29815499728417,38.46982350183238],[-107.29772980224051,38.46994874733508],[-107.29753858968036,38.47068280633773],[-107.29613431522752,38.47216187912321],[-107.29614405256207,38.47249129163352],[-107.29510160867248,38.473838402215556],[-107.29384727979945,38.47399281603733],[-107.29258209083606,38.47371482341286],[-107.29209484511324,38.473542856418526],[-107.29193750269191,38.47309773454994],[-107.29089721702786,38.47342506613795],[-107.28984251189637,38.47317749046294],[-107.28900667440504,38.47329560383607],[-107.28772737036412,38.47245250549394],[-107.28752887263609,38.47289989546254],[-107.28668399518656,38.47265671600186],[-107.28581923528662,38.47347523737285],[-107.2831417520186,38.47356228734225],[-107.28190296541442,38.474340250238924],[-107.28148344871371,38.474335750386125],[-107.28044637819414,38.47479457925307],[-107.27942298600537,38.47621041856985],[-107.27935505295771,38.47736493415162],[-107.27841910840273,38.47759575021429],[-107.2777842135332,38.47736440200879],[-107.27692926817777,38.47671737076785],[-107.2756691268919,38.47664146681963],[-107.27355402998816,38.475916355623156],[-107.27313695352875,38.47601044730112],[-107.27119283637604,38.47386514931547],[-107.27119279743138,38.472876463592584],[-107.27089206978273,38.47238672991475],[-107.2700918046113,38.47160308475826],[-107.26796194029227,38.47027307980348],[-107.26749482296114,38.4698022529828],[-107.26732292228571,38.46914575890185],[-107.26645483809348,38.4686853449879],[-107.26540106438723,38.46846896354178],[-107.26477623141233,38.46863971766887],[-107.26288901642344,38.46863757474604],[-107.26225241320277,38.46833164653797],[-107.2614121697087,38.46827047651732],[-107.26076857418698,38.467680555992295],[-107.25992824487803,38.46761553062315],[-107.25824926720045,38.467553549116865],[-107.25678985016633,38.46789303591769],[-107.2546927686453,38.46788244225819],[-107.25405915057826,38.467696301662045],[-107.25322267265273,38.46778786438227],[-107.25195434681055,38.46737062888801],[-107.25173752371431,38.46707943855503],[-107.25070216830592,38.467611457310646],[-107.25028155122116,38.46756025311889],[-107.24965955651034,38.46784792225199],[-107.24884410867168,38.468798515191125],[-107.24780263119946,38.469082269494976],[-107.24619866596149,38.46847826720909],[-107.24484515526817,38.46818663955348],[-107.24347734079626,38.467530683502325],[-107.24231969597703,38.467806686085815],[-107.24127141100702,38.467811659959544],[-107.23811841120299,38.467491911927794],[-107.23764312770174,38.46712423562142],[-107.23746079294807,38.466317288152595],[-107.23659891205595,38.465364277496825],[-107.2355975382689,38.46517762517973],[-107.23448411247277,38.46462060339661],[-107.23406406925548,38.464591770334465],[-107.23235423365034,38.46325341943953],[-107.23109076417073,38.46302795953966],[-107.22900062609628,38.46329764705769],[-107.22790144166791,38.46413952606595],[-107.2278122238373,38.46496475791937],[-107.22696371654214,38.46596612117604],[-107.22729450229458,38.46711463276772],[-107.2265900977057,38.46766072796341],[-107.2253791278254,38.46813192858713],[-107.22543815417653,38.468295826551596],[-107.2247271491636,38.46866161437248],[-107.2241151243932,38.469366760834454],[-107.22328117070374,38.46956511025473],[-107.22350812449837,38.469807647500566],[-107.22412896111625,38.46993987061088],[-107.22423746493503,38.4702911039953],[-107.22365816384823,38.47062930622261],[-107.22332506534237,38.47138404634067],[-107.22260036937705,38.47196331627848],[-107.2216678287299,38.472225650516556],[-107.22124610060739,38.472128509655455],[-107.22082975780029,38.472254795996676],[-107.22019608535055,38.472064156763174],[-107.21936111993284,38.472222218324575],[-107.21687884335604,38.473638097685686],[-107.21519043640279,38.4731872533961],[-107.2159479342986,38.474039651884745],[-107.21563643451661,38.47429467117714],[-107.21479704620745,38.47427002802122],[-107.21334690547424,38.47500989753337],[-107.2123355565151,38.47524669392077],[-107.21233279035476,38.47640018800631],[-107.21161234470732,38.477729093747904],[-107.21048614174941,38.478143042995946],[-107.20880852502867,38.478145750409865],[-107.20513662601772,38.47963739812965],[-107.20653788340391,38.479659136507195],[-107.20726920500707,38.47944113185967],[-107.20633596958912,38.47998555983551],[-107.20424388040306,38.480197763121964],[-107.20235493459141,38.48013475297539],[-107.19947979074887,38.47972073024403],[-107.19983623172632,38.480045918087676],[-107.20173485294742,38.480515125585434],[-107.20530311894866,38.48064403926225],[-107.208020302328,38.480261833939075],[-107.20848912648431,38.48008221760683],[-107.20854833839836,38.47958700547835],[-107.20903642968331,38.478905919944104],[-107.21007858612485,38.478638454998865],[-107.21133615176971,38.47860906078396],[-107.21251727874983,38.47804524422297],[-107.21264295537905,38.47738426551785],[-107.21335023438294,38.47638510635221],[-107.21327044273787,38.476221510387155],[-107.21404103429926,38.47571574517062],[-107.21439812139904,38.4751227752543],[-107.21493587975068,38.47487857241629],[-107.21793615986324,38.474005129039924],[-107.21876184322913,38.473460446368414],[-107.22042674471751,38.47293441716966],[-107.22126398707054,38.47287056228422],[-107.2229477614322,38.473128038798826],[-107.22420571191488,38.473118681322816],[-107.22485574571049,38.47291834662417],[-107.22586324673104,38.47228975931792],[-107.22606073749417,38.47178490597218],[-107.22564821397859,38.47092916059053],[-107.2255002511167,38.46911879640814],[-107.2259821906891,38.46853514279731],[-107.22743167697999,38.46777890594075],[-107.22770707367036,38.46743802306585],[-107.22832060537002,38.46627539016751],[-107.22826258509168,38.464793242336455],[-107.22851486818666,38.46429512955963],[-107.22883294229354,38.46396081123949],[-107.23005655218101,38.46361091750814],[-107.23152270879638,38.46354812015327],[-107.23279277507874,38.46404503077565],[-107.23385644235579,38.4648742080797],[-107.23449393964232,38.465025233477164],[-107.23542583062886,38.466168883173204],[-107.23729662273578,38.46778856582645],[-107.23813371327914,38.46812062432609],[-107.2396016637845,38.46812785821974],[-107.2402430158486,38.46863284333161],[-107.24212674862544,38.4684926488469],[-107.243388255586,38.468632212560294],[-107.24507891222368,38.46917183303239],[-107.24633978359466,38.4692846471932],[-107.24824284845687,38.4699338201677],[-107.24919458098809,38.46958641145072],[-107.25009321971376,38.46843143332532],[-107.25092555222932,38.46817034748746],[-107.25176201020614,38.46807768549099],[-107.25260697383779,38.46833168642996],[-107.25449712988566,38.46845404905114],[-107.25511940181141,38.468178211425794],[-107.2568058206948,38.468542233350966],[-107.25763948392564,38.468336111032706],[-107.2591081970773,38.46837379918087],[-107.25952264609418,38.46817417894249],[-107.26248055932719,38.46907971700557],[-107.26479474543503,38.46938889190207],[-107.26522492684218,38.46982611074045],[-107.26606235860123,38.46977268715609],[-107.26670600454212,38.470362086762194],[-107.26862119401004,38.471491839766564],[-107.2697327452928,38.472898835408714],[-107.27064920949094,38.47716929589795],[-107.27205019034284,38.47797153126834],[-107.27271915218067,38.47878517623225],[-107.27384275360356,38.479097165013144],[-107.27556798831503,38.47923578110705],[-107.27679366025814,38.47969529655248],[-107.27701387651038,38.48011713466032],[-107.27869508994817,38.48025608243695],[-107.28031449006862,38.479986658423684],[-107.28118478496943,38.47964368420744],[-107.28167261057823,38.47831791231449],[-107.2816173336064,38.47733007597179],[-107.28214918018232,38.476497967357695],[-107.28289369294048,38.47582735642828],[-107.28270108981114,38.475500765118426],[-107.28360434904333,38.475291706673914],[-107.28423860220754,38.47549732460585],[-107.28480462317033,38.475962637286905],[-107.28440443502693,38.47629838100252],[-107.28395359767204,38.4782827204223],[-107.28407027772546,38.4814117680799],[-107.28389726190942,38.48256790976713],[-107.28424357222349,38.483716034123326],[-107.284039159747,38.48430153681267],[-107.28487427904933,38.484149248993454],[-107.28509060779724,38.4844131279609],[-107.28529516042138,38.484205997914046],[-107.28540937569505,38.48336846555787],[-107.28602102668074,38.481875979637046],[-107.2859135194477,38.48088895155667],[-107.2861686070002,38.47973153775352],[-107.28542624807899,38.47611781549687],[-107.28646407511013,38.474948303683036],[-107.28738414640051,38.47549561279879],[-107.29192110814398,38.4770059686268],[-107.29225453739416,38.47737426753364],[-107.29288349347401,38.477367147185305],[-107.29370161230061,38.47763747122785],[-107.29458034348495,38.478129368474576],[-107.29502061585295,38.47942959020586],[-107.2956736045375,38.47974900885918],[-107.29619008013155,38.48023532788734],[-107.2963245720283,38.480727583209124],[-107.29766145627167,38.481860268016995],[-107.29805500181772,38.48300761955817],[-107.2983929295429,38.48316714320379],[-107.2999519219402,38.49237066993991],[-107.30127032370277,38.493928347198214],[-107.30200589785302,38.49448083241418],[-107.3025434726999,38.49450596412345]]}},{"type":"Feature","properties":{"depth_ft":200,"elevation_ft":7319,"major":true},"geometry":{"type":"LineString","coordinates":[[-107.21283811579194,38.47589836155249],[-107.21254073345294,38.47590276931348],[-107.21254575687739,38.47557313682238],[-107.21314092313463,38.47516490445064],[-107.21327782011369,38.475397505775284],[-107.21283811579194,38.47589836155249]]}},{"type":"Feature","properties":{"depth_ft":200,"elevation_ft":7319,"major":true},"geometry":{"type":"LineString","coordinates":[[-107.28441500814492,38.47448562090996],[-107.28379512244241,38.474495192172746],[-107.28399947265864,38.47431961624679],[-107.28441500814492,38.47448562090996]]}},{"type":"Feature","properties":{"depth_ft":225,"elevation_ft":7294,"major":false},"geometry":{"type":"LineString","coordinates":[[-107.30051427176488,38.48890213917487],[-107.30068339805419,38.48873406857494],[-107.3004737622609,38.48824298825996],[-107.300945235499,38.4877412957236],[-107.30096153084607,38.48724669532919],[-107.30179105124496,38.48657463678788],[-107.30198779607343,38.48574765827123],[-107.30188650876934,38.48393663359312],[-107.30141846730389,38.48317410452117],[-107.30087145332786,38.48279898113765],[-107.30139849694322,38.48238258472814],[-107.30195500039557,38.481299050808644],[-107.30205153380382,38.47981450591127],[-107.30134255553018,38.47801295634817],[-107.30105591719459,38.47669916730437],[-107.30116087266678,38.47620318496132],[-107.30497400080941,38.47448791670666],[-107.30626538499675,38.47282785865193],[-107.30783670244884,38.47159856253509],[-107.30805080707196,38.471772707295635],[-107.30884150839793,38.471469299336405],[-107.30972201102618,38.471521615624695],[-107.3101369593921,38.47134637596594],[-107.31038345878562,38.47111558465817],[-107.31026088538128,38.47045837537619],[-107.3105038818655,38.47012500303198],[-107.31156669104581,38.469843274533346],[-107.31198959034232,38.46998194063963],[-107.31238309970946,38.46896252921173],[-107.31381208796354,38.46793094320106],[-107.3140239098658,38.467518057757204],[-107.31505864021628,38.46697950002734],[-107.31505090003802,38.46667495934667],[-107.3166194906653,38.466239009131094],[-107.31748531086272,38.46556626128047],[-107.31816761532743,38.46555536122675],[-107.3183682480767,38.46520011037353],[-107.31944401419481,38.46471151794877],[-107.3196923720439,38.46404847538173],[-107.31954515813828,38.46322688024036],[-107.32100650030777,38.46176658632249],[-107.3229592315974,38.46119566484133],[-107.3239153574313,38.460729580191796],[-107.32431722813816,38.45969118189258],[-107.32507491395444,38.45902008246701],[-107.3272026436883,38.458097371925724],[-107.32762324511624,38.45814771289454],[-107.32977590769714,38.45696832106628],[-107.33016941081988,38.45646773811143],[-107.33175866195384,38.45589710226398],[-107.33237597159703,38.45544332299001],[-107.33279436926385,38.45540822998711],[-107.33324372650998,38.454771158162686],[-107.33276195929554,38.454145167583185],[-107.33222858673176,38.45429291454034],[-107.33142444514624,38.45496479919764],[-107.33089907401855,38.45507840131349],[-107.32930398627934,38.45598709664686],[-107.32822309335248,38.45701000568649],[-107.3246824126904,38.45792701390101],[-107.32321268096638,38.45888470496623],[-107.32304340720533,38.459425262553644],[-107.32201544813609,38.46022266859751],[-107.32075260621235,38.460031780208894],[-107.31842390642649,38.458630618381996],[-107.3175666114635,38.45841810709391],[-107.31628554740148,38.45750888986278],[-107.31484190656624,38.45720390380163],[-107.31371850321722,38.4554929629178],[-107.31287388252389,38.45525549098721],[-107.31203974090718,38.45543084974697],[-107.31098732608334,38.45526620802111],[-107.30906250937265,38.45376631812564],[-107.30679418765051,38.4533752806108],[-107.30717877114523,38.453886828563974],[-107.30844100733529,38.45405966455081],[-107.309042521162,38.45432878566738],[-107.31078862727807,38.45569807640735],[-107.3118418116617,38.45589282420025],[-107.31309416362117,38.45567438996431],[-107.31351944715831,38.4560711948109],[-107.31380994920856,38.457055328966604],[-107.31459678640194,38.458031667205276],[-107.31629989224263,38.4580729803364],[-107.31792454673086,38.45913282573176],[-107.31865114371068,38.45984158958625],[-107.3207639764411,38.460477786033245],[-107.3209714049807,38.46039013583773],[-107.32127110652691,38.46072794209556],[-107.3197425152088,38.46153178623232],[-107.31903194679705,38.462246265595475],[-107.31893113772992,38.46260322988964],[-107.31810004120591,38.46290103541099],[-107.31747020646668,38.46286866062492],[-107.31641077747462,38.46243308396043],[-107.31369520946446,38.46283182667517],[-107.31326649456564,38.462462573517705],[-107.31265941751697,38.46332658362204],[-107.31183188567304,38.463766216166086],[-107.30834112066398,38.46455627261909],[-107.30725076274493,38.46501775496321],[-107.30312097839523,38.467542061574164],[-107.30062166906954,38.46821187971474],[-107.2979446613756,38.47015405391601],[-107.29773269603258,38.47081876527524],[-107.29713375769973,38.47132242859588],[-107.29562202785431,38.473652878794276],[-107.29477788656813,38.47416033955723],[-107.29258970062423,38.474017957905325],[-107.29173598749408,38.47342389418349],[-107.29090515981702,38.47374176463163],[-107.28922305001193,38.473562047896365],[-107.28794402399643,38.472730348613005],[-107.28753216499973,38.47303141881834],[-107.28668872447304,38.47284573140959],[-107.28586718258481,38.47353548811559],[-107.28335427164734,38.473675188605206],[-107.28231654846287,38.47410701986533],[-107.2821136126148,38.474378113855586],[-107.28148558585717,38.474421413128],[-107.28045010496342,38.47494404462542],[-107.27960558479292,38.476207606501724],[-107.27950412383541,38.47670351313335],[-107.27971745558239,38.47735935307943],[-107.27926038747015,38.47769336804771],[-107.27842626918215,38.47788325523463],[-107.27693791168647,38.477064702330736],[-107.27651986232037,38.477119792242284],[-107.27546432498148,38.47683880556476],[-107.27420711493147,38.476880879527506],[-107.27373893873765,38.476297809969964],[-107.27314315980226,38.476260377117],[-107.27252219714154,38.4758221375146],[-107.27102273496824,38.47370297557934],[-107.2711075487927,38.473042551381134],[-107.27076726043255,38.4723886427301],[-107.27009408031005,38.47169489187202],[-107.2678729035432,38.47029081142216],[-107.26704379579581,38.469150028148555],[-107.26624716055456,38.468766507402414],[-107.26540425789688,38.468598145332855],[-107.26310159585069,38.46875482580286],[-107.26246566570482,38.46847625020889],[-107.2614140831463,38.46834805325792],[-107.26077252866516,38.46784094265148],[-107.25993055720026,38.4677093592978],[-107.25825121544477,38.46763267994846],[-107.25679137225715,38.46795490898505],[-107.25469433179829,38.46794606047257],[-107.2532246895944,38.467870020117346],[-107.25174376244168,38.46733377696128],[-107.25007572756935,38.467717652924335],[-107.24884721102787,38.46892519752237],[-107.24780534131146,38.469193000380564],[-107.24399997336586,38.46792244333853],[-107.24022427508955,38.46786378418654],[-107.23812031840622,38.46757027329111],[-107.23753850531752,38.46712580906499],[-107.23731250460777,38.4663053083995],[-107.23660386094936,38.46556779660683],[-107.2346996907303,38.464863779896824],[-107.23513616539431,38.46556883995995],[-107.23753576984647,38.467784969624915],[-107.23897236333977,38.46811741907639],[-107.23959855769778,38.46800034787208],[-107.24023763710599,38.46841211911039],[-107.2435948324213,38.46850496159409],[-107.24507509936163,38.46901580192441],[-107.24633706101466,38.469173313648085],[-107.24823818629878,38.46974338121117],[-107.24907049733189,38.469480530523136],[-107.25029621057809,38.468158371371686],[-107.25175924642934,38.46796501530755],[-107.25266013513485,38.46821565062982],[-107.25428417350605,38.46832082571602],[-107.25511752921778,38.46810201809248],[-107.25680305086148,38.46842964126151],[-107.2597311764114,38.46812739588078],[-107.26208932523996,38.46889613318166],[-107.26415944417678,38.469136278565074],[-107.2660600598188,38.46967973452675],[-107.26866586893215,38.47143214242753],[-107.2696751944724,38.472405373867154],[-107.27075326364648,38.474860572812894],[-107.27108944274077,38.47666801210193],[-107.27216091213188,38.477805052166396],[-107.27277273832631,38.47823377381925],[-107.27614378358645,38.47886220187457],[-107.27791792965398,38.47952921192082],[-107.27778427947477,38.479696049452976],[-107.27868564963711,38.47987712369853],[-107.27931643191687,38.479942421405354],[-107.28087711368353,38.4796484262355],[-107.28150166395208,38.47832054792594],[-107.28109666800516,38.477008539703],[-107.28135246536058,38.47651025234413],[-107.28230733639096,38.47534205781928],[-107.28317216438076,38.47478016057304],[-107.28350176481915,38.47433493906879],[-107.28483753507294,38.474289742168615],[-107.28523889397,38.474472894659876],[-107.28527157237595,38.47487502467351],[-107.28394831137088,38.47515195323073],[-107.28465429326293,38.475348466672784],[-107.28502557696143,38.47579444264819],[-107.28467074545864,38.47645904971919],[-107.28493159917531,38.477114146785674],[-107.28434328915272,38.4786062666851],[-107.2842647002401,38.479925732467095],[-107.28501998800725,38.48158849189905],[-107.28523107870299,38.48164316603317],[-107.28566576633808,38.48122234340407],[-107.28602978519193,38.47973368345228],[-107.285298248316,38.47611979320819],[-107.28611807083114,38.47528321580655],[-107.2862048188695,38.47478753008114],[-107.28662742436819,38.47478099646934],[-107.28737919732028,38.475297897173796],[-107.28894685512076,38.475898581645026],[-107.29202821406618,38.47671236904518],[-107.29263559038652,38.47715966842299],[-107.29351041730835,38.47727911998238],[-107.29477160573325,38.477950420833224],[-107.29526367682803,38.47909625043798],[-107.2964689955093,38.4802309921641],[-107.29652720653513,38.4807244331203],[-107.29795040234477,38.481855772776726],[-107.29859564120669,38.48266964222379],[-107.2992798910337,38.485625068032384],[-107.29916244637309,38.48661558901431],[-107.29986058495477,38.487932346342006],[-107.30036722826208,38.4880798657782],[-107.3001887306221,38.48824742843557],[-107.30044118027136,38.488408277988505],[-107.30051427176488,38.48890213917487]]}},{"type":"Feature","properties":{"depth_ft":225,"elevation_ft":7294,"major":false},"geometry":{"type":"LineString","coordinates":[[-107.22659729154692,38.467958274100496],[-107.22695678271735,38.46777879918227],[-107.22632619810368,38.467953002318296],[-107.22659729154692,38.467958274100496]]}},{"type":"Feature","properties":{"depth_ft":225,"elevation_ft":7294,"major":false},"geometry":{"type":"LineString","coordinates":[[-107.22721881348463,38.46764730218018],[-107.22741822701937,38.46722286436373],[-107.22699104141279,38.46761350761877],[-107.22721881348463,38.46764730218018]]}},{"type":"Feature","properties":{"depth_ft":225,"elevation_ft":7294,"major":false},"geometry":{"type":"LineString","coordinates":[[-107.22740430166253,38.4666471600752],[-107.22758084487783,38.46661601302763],[-107.22738630386588,38.46590307859929],[-107.22716008852125,38.46612796523008],[-107.22740430166253,38.4666471600752]]}},{"type":"Feature","properties":{"depth_ft":225,"elevation_ft":7294,"major":false},"geometry":{"type":"LineString","coordinates":[[-107.22780316186002,38.46580007268751],[-107.22801804975164,38.46562079767258],[-107.22779310135945,38.46538423523729],[-107.22749478900707,38.4657934022447],[-107.22780316186002,38.46580007268751]]}},{"type":"Feature","properties":{"depth_ft":225,"elevation_ft":7294,"major":false},"geometry":{"type":"LineString","coordinates":[[-107.2280010547109,38.465313142279335],[-107.22799060943224,38.464881446958486],[-107.2280010547109,38.465313142279335]]}},{"type":"Feature","properties":{"depth_ft":225,"elevation_ft":7294,"major":false},"geometry":{"type":"LineString","coordinates":[[-107.22819310832215,38.4645850184052],[-107.22880392480296,38.46383329100635],[-107.23067937484713,38.46335578563474],[-107.23215354027475,38.46362343056683],[-107.23357745374165,38.46421927580444],[-107.23235795601848,38.463406878529526],[-107.23088513693585,38.46319463541759],[-107.22892419462873,38.46346510706011],[-107.2281162571371,38.46413631308525],[-107.2280085029835,38.464467483837026],[-107.22819310832215,38.4645850184052]]}},{"type":"Feature","properties":{"depth_ft":225,"elevation_ft":7294,"major":false},"geometry":{"type":"LineString","coordinates":[[-107.30652928222939,38.45307396263854],[-107.30704435345015,38.45188832705235],[-107.30695341001336,38.451395402965595],[-107.3071658640527,38.45089773253096],[-107.30697433306666,38.45040638215439],[-107.3071700516198,38.44990897348012],[-107.3069873226231,38.44941748546649],[-107.30537108411212,38.44872216029111],[-107.30244619468026,38.44911462523335],[-107.30139698487474,38.4490724205205],[-107.30042357697673,38.44820172559673],[-107.29894064299879,38.44740092134995],[-107.29825216388852,38.44625816870744],[-107.29741147513289,38.44561212676672],[-107.29603284622317,38.445468790696445],[-107.29608401075298,38.44563277691659],[-107.29733364398025,38.4458773492118],[-107.29905657234605,38.447702799583475],[-107.3004579026918,38.44853075455554],[-107.30114648716247,38.44917914726353],[-107.30350018120194,38.449345964435324],[-107.30538110221907,38.449118539957205],[-107.30622973658254,38.44951865119272],[-107.3067676760519,38.450574397071804],[-107.3068916326341,38.45156115159577],[-107.30625713941048,38.45288933284283],[-107.30652928222939,38.45307396263854]]}},{"type":"Feature","properties":{"depth_ft":250,"elevation_ft":7269,"major":false},"geometry":{"type":"LineString","coordinates":[[-107.29994987219945,38.483154591466985],[-107.30108162252805,38.481147884297435],[-107.30092840068951,38.480161579484715],[-107.30148154666766,38.479164264599085],[-107.30068631804515,38.476210581172836],[-107.30013587341573,38.47572481145236],[-107.30038135660782,38.47531427964789],[-107.30308593822646,38.474459024557675],[-107.30595912495308,38.4719813337469],[-107.3069962301712,38.47153174053539],[-107.30781200651064,38.47062306128028],[-107.30948790806258,38.470558390195876],[-107.31010336983267,38.470021247803594],[-107.31196524139995,38.4690223293212],[-107.31337377701911,38.4676082583096],[-107.3147309949483,38.46659825290883],[-107.31579436859823,38.46625198011196],[-107.31607583517044,38.46575199315774],[-107.31669833311823,38.465494988670386],[-107.31795250999706,38.46534216074389],[-107.3187780852528,38.4648264195139],[-107.31927880781016,38.46438455407631],[-107.31939479850668,38.46322924825272],[-107.3204193971004,38.462059628498125],[-107.32100401823854,38.461669240477605],[-107.32287685352807,38.461114207183584],[-107.32370364853732,38.46064950521719],[-107.32421538560324,38.45969279011838],[-107.32491932118718,38.45899360996999],[-107.32554459246212,38.45884860995466],[-107.32699295603778,38.458096158699384],[-107.32762041795847,38.45803722873422],[-107.32968845064383,38.45692345163523],[-107.33009506188299,38.45642798467353],[-107.33277208800266,38.45527299177489],[-107.33306132673583,38.454938835940176],[-107.332769517587,38.45443972890557],[-107.33234857215791,38.45437528756621],[-107.33156909118426,38.45496250584178],[-107.32942899798651,38.45598511692666],[-107.32822439539281,38.45706087288068],[-107.32468569404242,38.45805545448162],[-107.32326230864967,38.459048704587126],[-107.32304995089655,38.45968162401798],[-107.32283987980892,38.459665559148995],[-107.32240409369312,38.46021572629744],[-107.32201786327033,38.46031733859958],[-107.32054661063891,38.46017561554367],[-107.32011376267344,38.459644970892775],[-107.31913886754603,38.459278492897305],[-107.31841363759695,38.458747942262036],[-107.31756891573139,38.45850865471724],[-107.31628828530246,38.457616554612585],[-107.31481352066234,38.45733390392421],[-107.31366198106292,38.455574609539866],[-107.31287679766301,38.4553703448128],[-107.31204157329618,38.455503077312805],[-107.31098990633754,38.45536797361979],[-107.30899272766364,38.45383521844519],[-107.30711878226568,38.45353498530824],[-107.3071748708832,38.453732673873155],[-107.30843791941373,38.45393770251573],[-107.30907439490198,38.454235591436465],[-107.31084372753223,38.45561882279924],[-107.31183981780589,38.45581422382527],[-107.31309265378262,38.45561491113315],[-107.3136213516169,38.45606959496375],[-107.3138842754009,38.45705416192189],[-107.31461565050759,38.457797710431905],[-107.31651079372868,38.45812194927754],[-107.31804119763859,38.459130989994605],[-107.31864879004625,38.45974915766679],[-107.32076246948841,38.46041867499422],[-107.32096981043735,38.46032759605458],[-107.32137502570109,38.46072630374892],[-107.31963285761871,38.46174245418535],[-107.31893564937474,38.462780374137026],[-107.31812017436262,38.46324931442967],[-107.31838896197452,38.463409866837715],[-107.3181198611772,38.46367958851834],[-107.3166573631487,38.46388439984601],[-107.314550634861,38.46349091530765],[-107.31371240337667,38.46350886727903],[-107.31328476196435,38.463182057945005],[-107.31183934044303,38.46406006058054],[-107.30996497986237,38.464561162474304],[-107.30891585989465,38.46453170627186],[-107.3074626415897,38.46510479248966],[-107.30551485686595,38.466413080471504],[-107.30333131542392,38.46756795221711],[-107.30088295686038,38.46829797546275],[-107.30029395444481,38.46863671886702],[-107.29950117825143,38.469472979257944],[-107.29896861725466,38.4696460545596],[-107.29837930229816,38.47014957477713],[-107.29573008037836,38.47381325479061],[-107.29469489298383,38.47434319267932],[-107.29364869835206,38.47443552771893],[-107.29172237880003,38.47404297802718],[-107.29132602388378,38.47380005572477],[-107.29111939632587,38.47392258868307],[-107.28901483632905,38.47362138431738],[-107.28795303203447,38.47309011787996],[-107.28669353502335,38.47303799366284],[-107.2856611967222,38.47368401626776],[-107.28335653898253,38.473765975268165],[-107.28232615289666,38.4741882974128],[-107.2821152587614,38.474444072699136],[-107.2814874283541,38.474495265440666],[-107.28045380952045,38.475092618535776],[-107.2801215885948,38.47554053284079],[-107.27969234664164,38.47653583297288],[-107.28010259527449,38.47768298336803],[-107.279817642765,38.478016935463216],[-107.27927284078744,38.47819312962145],[-107.27822148459084,38.47808113136897],[-107.27694356999817,38.47729207462789],[-107.27400162154653,38.47705057379049],[-107.2724269842252,38.47615316023317],[-107.2708864992916,38.47370506362234],[-107.27098377181619,38.47304444858847],[-107.27059292140515,38.4723913144064],[-107.26997699133518,38.47174162715682],[-107.26776338726198,38.470292487051495],[-107.26710304640739,38.46945938213308],[-107.26641571855521,38.468994851267304],[-107.26561776380387,38.468752702200774],[-107.26310405062611,38.46885425397796],[-107.26246414905417,38.468560854681755],[-107.26142687673132,38.46857667288095],[-107.26584266071552,38.469367885624074],[-107.26968588197559,38.47214640663582],[-107.27115220532671,38.474854458459625],[-107.27156383405007,38.47633117787186],[-107.2721834806842,38.4774751438453],[-107.27318917075321,38.478113207166274],[-107.27697534787973,38.47856900283452],[-107.279518896392,38.479651358329534],[-107.2801483902884,38.47965965451998],[-107.28085103165355,38.47931926536397],[-107.28115381025586,38.47882025452916],[-107.28134241150399,38.47815822158435],[-107.2808962089883,38.47701162936055],[-107.28156011924182,38.475518362370345],[-107.28201048789714,38.47518185477051],[-107.28255039267174,38.47507415000876],[-107.28357721667186,38.47420545488344],[-107.28483550620939,38.47420857220991],[-107.28610451215893,38.47464010513994],[-107.28673450778106,38.47467550132503],[-107.29033478381747,38.476084073962596],[-107.29342521353675,38.476653070234136],[-107.29381497390033,38.477141365876605],[-107.29519791239824,38.4779437986717],[-107.29578620028934,38.47908813135095],[-107.29638601970846,38.47957315421072],[-107.2969570094668,38.480903391234676],[-107.29892799552162,38.48217012277218],[-107.29909944343875,38.48269768951706],[-107.29994987219945,38.483154591466985]]}},{"type":"Feature","properties":{"depth_ft":250,"elevation_ft":7269,"major":false},"geometry":{"type":"LineString","coordinates":[[-107.28514492472742,38.478197304506814],[-107.28533691178912,38.47748834202168],[-107.28513274635183,38.477710184719705],[-107.28514492472742,38.478197304506814]]}},{"type":"Feature","properties":{"depth_ft":250,"elevation_ft":7269,"major":false},"geometry":{"type":"LineString","coordinates":[[-107.28511110715353,38.476844627471344],[-107.2851795316195,38.47661597203742],[-107.28489082777875,38.47642178929203],[-107.28511110715353,38.476844627471344]]}},{"type":"Feature","properties":{"depth_ft":250,"elevation_ft":7269,"major":false},"geometry":{"type":"LineString","coordinates":[[-107.28529559373787,38.47583580608881],[-107.28591842878751,38.475286301625125],[-107.28604869045374,38.47495472506897],[-107.28589571031627,38.474676148458705],[-107.2850064462103,38.475135611979375],[-107.28495404916062,38.475465984494065],[-107.28529559373787,38.47583580608881]]}},{"type":"Feature","properties":{"depth_ft":250,"elevation_ft":7269,"major":false},"geometry":{"type":"LineString","coordinates":[[-107.26120629835546,38.468425050265644],[-107.26050701663338,38.46793157012957],[-107.25972374163402,38.46782567654932],[-107.25825524052124,38.46779616384192],[-107.25606127638645,38.46816400695122],[-107.25700845514253,38.46825570344009],[-107.25972778731817,38.46798985946936],[-107.26120629835546,38.468425050265644]]}},{"type":"Feature","properties":{"depth_ft":250,"elevation_ft":7269,"major":false},"geometry":{"type":"LineString","coordinates":[[-107.25553503399072,38.468026328154444],[-107.25317712298306,38.468043026626276],[-107.25553503399072,38.468026328154444]]}},{"type":"Feature","properties":{"depth_ft":250,"elevation_ft":7269,"major":false},"geometry":{"type":"LineString","coordinates":[[-107.25112567046703,38.467780293796295],[-107.2513232505974,38.467741581738345],[-107.25050990114481,38.46775390764046],[-107.25112567046703,38.467780293796295]]}},{"type":"Feature","properties":{"depth_ft":275,"elevation_ft":7244,"major":false},"geometry":{"type":"LineString","coordinates":[[-107.28075921858303,38.47893025718357],[-107.28116732995335,38.47816092044948],[-107.28073345813186,38.47684935616735],[-107.28103911136633,38.47552639415422],[-107.28150332791799,38.47513255707398],[-107.28378295010391,38.47404659160492],[-107.29072057370163,38.47474325052729],[-107.29473694860467,38.47601645097095],[-107.29495656856193,38.47712363829315],[-107.29583254328163,38.4778874677192],[-107.29729543912187,38.47768495982094],[-107.29771956995422,38.47787184974797],[-107.29855196099484,38.47761529343769],[-107.29897650559055,38.477818487374385],[-107.29939356113893,38.477724405299575],[-107.29961266652202,38.47809706910045],[-107.30049487706685,38.47720225698904],[-107.3004078669915,38.47636570536083],[-107.29981533808781,38.47556502250555],[-107.30056809386959,38.47440340250879],[-107.30120525151068,38.47472244858213],[-107.3024760131425,38.47437007360863],[-107.30296221951822,38.473703359289324],[-107.30311618032835,38.473041828045965],[-107.30265843863187,38.47238984161863],[-107.30293838768806,38.4718911271249],[-107.30365158056928,38.47194631179104],[-107.30716074227541,38.46974634458651],[-107.30881913299913,38.468991152533405],[-107.30925486717717,38.46963683537663],[-107.30967627969227,38.46971706575362],[-107.31136432615797,38.46895803944557],[-107.31236182396064,38.46812420649106],[-107.31214044802101,38.46779239162654],[-107.3124283974356,38.46762309240568],[-107.31254822019189,38.46720663422418],[-107.31379367183087,38.46670878232862],[-107.31420018660641,38.466203040991935],[-107.31524227048158,38.46595458592007],[-107.31564614299447,38.465345482677655],[-107.31627057292775,38.46516452477878],[-107.317737005337,38.46511322042714],[-107.31877316010412,38.46463302827042],[-107.31920273664711,38.46389140371717],[-107.31924653223712,38.46323158310499],[-107.32038246503674,38.46196141739985],[-107.32141687618756,38.46141532289929],[-107.32279933081857,38.461033405044475],[-107.32366480677356,38.46052539737744],[-107.32419683621488,38.459528300118016],[-107.32491675645828,38.458893234077216],[-107.32862779928642,38.457480850128896],[-107.3300931848528,38.45635472848696],[-107.33216825016098,38.455518469823645],[-107.33278653484872,38.455102915815466],[-107.33263218246456,38.454616078622124],[-107.33209550633131,38.4546245916663],[-107.33173557591084,38.45499690832427],[-107.32962392620638,38.45598202971897],[-107.32822569743502,38.45711174007492],[-107.32448272589266,38.458317277583134],[-107.3234346790365,38.459045983980296],[-107.32326066754128,38.459722972702856],[-107.32232504196126,38.460381756160075],[-107.32118038661726,38.46036341247399],[-107.32158113665602,38.46072305401228],[-107.31974426610265,38.46174069936693],[-107.31857647914939,38.46324213252322],[-107.31851682394812,38.463572636988864],[-107.31773761416719,38.46424403039808],[-107.31666743707383,38.46428042715982],[-107.31455912181852,38.46382494515934],[-107.31309605792167,38.4640079414981],[-107.31289398662486,38.46430741453336],[-107.31267970572772,38.4641259174099],[-107.31220534476088,38.464330941293426],[-107.31142508983332,38.464260982323765],[-107.30997020426783,38.46476730311328],[-107.30933792769096,38.4646390063944],[-107.30697726600295,38.465566305916056],[-107.30581920894396,38.46644851444227],[-107.30333468172977,38.46770126063348],[-107.30066853883292,38.46863088156633],[-107.299213798052,38.46997180089429],[-107.2987945683863,38.470596474112924],[-107.29817467133797,38.47096099465589],[-107.29787804686488,38.47180519563776],[-107.29684601563885,38.473139505332455],[-107.29490682769797,38.47443198407341],[-107.29344300393271,38.47459513263602],[-107.28711848293987,38.473259782152546],[-107.28566318415909,38.473763492652814],[-107.28350417295299,38.47384055742151],[-107.28211690491102,38.47451003154274],[-107.28149086434492,38.47463298893589],[-107.28045872338502,38.4752896916363],[-107.28000000060189,38.476201531411775],[-107.28005900871796,38.47685974791643],[-107.28072893991678,38.47800289561968],[-107.28062765987761,38.47833401914331],[-107.27991253800693,38.478616631512516],[-107.27907468911695,38.47865716024297],[-107.27772527932247,38.47821392541914],[-107.27823524382093,38.47863361954248],[-107.27908047754264,38.47888947638159],[-107.28075921858303,38.47893025718357]]}},{"type":"Feature","properties":{"depth_ft":275,"elevation_ft":7244,"major":false},"geometry":{"type":"LineString","coordinates":[[-107.30409433615814,38.4728710666226],[-107.30575037132647,38.47168243249953],[-107.30593764883943,38.47113214094239],[-107.30567344771052,38.47118928782738],[-107.30553036860431,38.471611002697685],[-107.30489795375048,38.47147929235517],[-107.30371818563506,38.47220852096993],[-107.30375317296414,38.47270232142781],[-107.30409433615814,38.4728710666226]]}},{"type":"Feature","properties":{"depth_ft":275,"elevation_ft":7244,"major":false},"geometry":{"type":"LineString","coordinates":[[-107.32033523270219,38.46010830690066],[-107.32011614705654,38.4597385339271],[-107.31757074271167,38.458580446867956],[-107.3162915045217,38.457743146223315],[-107.31462818654137,38.45737204375043],[-107.31394484597969,38.45615031766967],[-107.31383755454675,38.45623098291217],[-107.3139586015908,38.457052994829354],[-107.31473292304138,38.45769996358067],[-107.31629655470947,38.457941737386975],[-107.31885757530247,38.45971476674651],[-107.31991645152023,38.46012962458523],[-107.32033523270219,38.46010830690066]]}},{"type":"Feature","properties":{"depth_ft":275,"elevation_ft":7244,"major":false},"geometry":{"type":"LineString","coordinates":[[-107.3122544729217,38.45563121970376],[-107.31140249524334,38.45561006222095],[-107.3122544729217,38.45563121970376]]}},{"type":"Feature","properties":{"depth_ft":300,"elevation_ft":7219,"major":true},"geometry":{"type":"LineString","coordinates":[[-107.30442184238498,38.46923454661106],[-107.30549455102042,38.468555567172814],[-107.30570349449422,38.46822273732038],[-107.30536753932715,38.46806320511939],[-107.3050052871376,38.46742966940816],[-107.30438791981575,38.46789200125705],[-107.30417878857533,38.467752209794135],[-107.30439694939047,38.46758402065328],[-107.30541797104827,38.46716535817262],[-107.30584714128723,38.46755313561093],[-107.30620856741153,38.467555713432425],[-107.30584782587505,38.46758020810566],[-107.30553138226068,38.46789586255822],[-107.30585821720783,38.467991137969946],[-107.30634467081512,38.46771836790772],[-107.30639830887247,38.46738796471335],[-107.30854332171657,38.46638020282186],[-107.30874774652868,38.466692078073415],[-107.30834368499958,38.466776832199024],[-107.30823773768884,38.46702962605118],[-107.30918543929424,38.46689640846718],[-107.31016566517239,38.46634030643672],[-107.31062372460703,38.465733420554116],[-107.31083528666802,38.4658077128561],[-107.3112493702458,38.46559978823014],[-107.3126411590687,38.464653669367976],[-107.31143092118216,38.46449088665075],[-107.31060075054346,38.46482725796581],[-107.30997454204113,38.464938458787856],[-107.30934262962965,38.46482459610003],[-107.30822255907,38.46521725772189],[-107.30703406495054,38.46573019985752],[-107.30706485222078,38.46595697752629],[-107.30685288256383,38.46586643071018],[-107.30582512959705,38.4666826572904],[-107.30322986381104,38.46793180611278],[-107.30272445903617,38.46844713140546],[-107.30167879225807,38.4689446965712],[-107.30211063702795,38.46905087467512],[-107.30252274792588,38.46876307665234],[-107.30276903701842,38.46892769046761],[-107.30293697071164,38.468559058561056],[-107.30306478023424,38.468923075563566],[-107.30336667148944,38.46896805600187],[-107.30376969649116,38.46832075640312],[-107.3039965229076,38.46899929204987],[-107.30421303901419,38.46926957098364],[-107.30442184238498,38.46923454661106]]}},{"type":"Feature","properties":{"depth_ft":300,"elevation_ft":7219,"major":true},"geometry":{"type":"LineString","coordinates":[[-107.30888730579665,38.466195545997714],[-107.30854188800163,38.46632358913261],[-107.30874009681939,38.46587067467495],[-107.30982587151897,38.46552171768553],[-107.30978604853026,38.46577433817974],[-107.30936662458504,38.465771683337316],[-107.30888730579665,38.466195545997714]]}},{"type":"Feature","properties":{"depth_ft":300,"elevation_ft":7219,"major":true},"geometry":{"type":"LineString","coordinates":[[-107.31521673599188,38.464949997738515],[-107.31562928471052,38.464682382372374],[-107.31710190556218,38.464874677142014],[-107.31833001893293,38.464564273546245],[-107.31892351272565,38.46389580018747],[-107.3191625326516,38.46306812308117],[-107.32037789036205,38.461781939098316],[-107.32316409752491,38.46053330044071],[-107.32424833313891,38.459197921111254],[-107.32491230305851,38.45871894053153],[-107.32657042750222,38.45797043221476],[-107.32844295023521,38.45740857730002],[-107.3300905019158,38.45625001934423],[-107.33210844692256,38.455448302329664],[-107.33220398041115,38.45495243756043],[-107.3319433794585,38.45492500511229],[-107.33043689022082,38.45563958447331],[-107.32822742038837,38.45717905099471],[-107.32462256702338,38.45836809627328],[-107.3236600864322,38.45904242587589],[-107.32326636240649,38.45994605238819],[-107.32223333064037,38.460544838720345],[-107.32160212171512,38.46045786701442],[-107.32173809880514,38.46088536177904],[-107.3199054046989,38.46173816104888],[-107.31792702319909,38.464340935605506],[-107.31709235830941,38.46449944742309],[-107.31477639116436,38.46412389088754],[-107.31331336986898,38.46430878706921],[-107.31308380336515,38.46448194110458],[-107.31311358919064,38.464698482818584],[-107.31438092949057,38.465064071886474],[-107.31521673599188,38.464949997738515]]}},{"type":"Feature","properties":{"depth_ft":300,"elevation_ft":7219,"major":true},"geometry":{"type":"LineString","coordinates":[[-107.32012196673176,38.459966896568424],[-107.31969624119344,38.459715625768425],[-107.31941164719103,38.45976854532157],[-107.32012196673176,38.459966896568424]]}},{"type":"Feature","properties":{"depth_ft":300,"elevation_ft":7219,"major":true},"geometry":{"type":"LineString","coordinates":[[-107.31927531479721,38.45965264137045],[-107.31857035253469,38.45928744389917],[-107.31885509206806,38.45961725731107],[-107.31927531479721,38.45965264137045]]}}]}
