{"type":"FeatureCollection","name":"Navajo Reservoir 2019 bathymetric contours","metadata":{"water":"Navajo Reservoir","survey_year":2019,"reference_elevation_ft":6085.0,"contour_interval_ft":25,"depth_reference":"Feet below the published full-pool elevation","vertical_datum":"Reclamation Project Vertical Datum","source":"U.S. Bureau of Reclamation","source_url":"https://www.usbr.gov/tsc/techreferences/reservoir/NavajoReservoir2019.adf.zip","disclaimer":"Historical survey contours are for planning only and do not represent current depth or navigation hazards."},"features":[{"type":"Feature","properties":{"depth_ft":25,"elevation_ft":6060.0,"major":false},"geometry":{"type":"LineString","coordinates":[[-107.40963500759702,37.04484701706758],[-107.41032057480396,37.04483098877676],[-107.41033866540195,37.044703510095644],[-107.4092947698347,37.04439731185348],[-107.40903681929973,37.044561507395954],[-107.40912114781167,37.04480228641622],[-107.40963500759702,37.04484701706758]]}},{"type":"Feature","properties":{"depth_ft":25,"elevation_ft":6060.0,"major":false},"geometry":{"type":"LineString","coordinates":[[-107.4130835540449,37.0410092595249],[-107.41219911794884,37.03976537504101],[-107.41172183017859,37.039352021034524],[-107.41103160034453,37.0392118080755],[-107.41223724383366,37.039109022465944],[-107.41257780861748,37.039498395175976],[-107.41275025419229,37.03930114293806],[-107.41285936456134,37.038806236335574],[-107.4126437076728,37.03839340886089],[-107.41292916610108,37.03757029445494],[-107.41268661774356,37.036882662930914],[-107.41262453727491,37.034959481108174],[-107.41150991576274,37.033856688351676],[-107.41018782818102,37.03343991765986],[-107.40984390726753,37.03302662733531],[-107.40594042809128,37.03136878726454],[-107.40475260828146,37.03012757550086]]}},{"type":"Feature","properties":{"depth_ft":25,"elevation_ft":6060.0,"major":false},"geometry":{"type":"LineString","coordinates":[[-107.40966106862412,37.04015738250368],[-107.40949251346316,37.03965297162798],[-107.40931891982925,37.04005501742589],[-107.40966106862412,37.04015738250368]]}},{"type":"Feature","properties":{"depth_ft":25,"elevation_ft":6060.0,"major":false},"geometry":{"type":"LineString","coordinates":[[-107.40423794779885,37.029429087975835],[-107.40335720186728,37.02833324664712],[-107.40299316445675,37.02750779973152],[-107.40305080541503,37.027265981080596],[-107.40373725510268,37.02706539616351],[-107.40427822057046,37.02655097104532],[-107.40339701340197,37.02663646367499],[-107.4029430325592,37.02640878137498],[-107.40301538723016,37.02448607933538],[-107.40378956319833,37.021879145624276],[-107.40389352251839,37.019407136944004],[-107.40353988572417,37.018307018671166],[-107.4044905324224,37.016799554993405],[-107.4044455288304,37.01418965040956],[-107.40569440609022,37.00979879938549],[-107.40762800666029,37.00802013554304],[-107.41293636987643,37.00553076623051],[-107.41327937524696,37.00545028903936],[-107.41361155264138,37.00570640988645],[-107.41361602850823,37.00652508400743]]}},{"type":"Feature","properties":{"depth_ft":25,"elevation_ft":6060.0,"major":false},"geometry":{"type":"LineString","coordinates":[[-107.35238227821851,37.01975718863649],[-107.34981730233146,37.019364388761566],[-107.34912867233894,37.01989740010137],[-107.3486079198712,37.02096988545341],[-107.34896295046889,37.02249215584094],[-107.34808251983532,37.02277079197912],[-107.34756895353416,37.02270916494531],[-107.34620352294695,37.02190650800284],[-107.34586042848326,37.02197838967889],[-107.34534911983408,37.02156488993061],[-107.3447310185925,37.020826554537244],[-107.3445062921215,37.01941764905532],[-107.34432767832594,37.020557014591425],[-107.34449601575466,37.02102170837048],[-107.34550119307292,37.022203266908974],[-107.34633581151152,37.022756112415166],[-107.34705271764273,37.02306651906231],[-107.34842308216504,37.02309755291896],[-107.34946159056207,37.02263154445576],[-107.34940799437186,37.02139513632972],[-107.34963915640496,37.020442474554905],[-107.35032799296137,37.01987705371731],[-107.35101336535212,37.01985805792064],[-107.35323657975518,37.02047077851103],[-107.35769480778598,37.0198206787408],[-107.36215035036228,37.01959328998918],[-107.36386572366403,37.019227906274175],[-107.36508220940377,37.02049653688892],[-107.3651220968386,37.021046112319766],[-107.36575667056428,37.02187274128955],[-107.36605116802205,37.02283538264744],[-107.36639215774913,37.022836724860845],[-107.36712149617478,37.02338901029374],[-107.36813493413862,37.02517859525493],[-107.3685892226787,37.0265539194289],[-107.37015709060866,37.02699774709289],[-107.37256431089666,37.025572046051074],[-107.37548014817747,37.02502305546572],[-107.37668424534385,37.02421721207637],[-107.37771179083744,37.024282941355416],[-107.37874101058297,37.024067993568586],[-107.37993740239887,37.0245504136829],[-107.38165263298319,37.024213817470155],[-107.38302249217195,37.02433665854387],[-107.38353798807042,37.024077833833566],[-107.38593850362926,37.023737263350505],[-107.3871398789297,37.02337453340655],[-107.38819602110667,37.021959033216675],[-107.38909101633655,37.02127561388043],[-107.38972896400793,37.02006067495233],[-107.39248010741512,37.018308497715495],[-107.3929949543521,37.01814951306971],[-107.39350766948886,37.01836002123188],[-107.39368054791817,37.01808778898358],[-107.39436716291567,37.01784831041422],[-107.39460967581236,37.017999631714],[-107.39466025818555,37.02033484869301],[-107.39366194402794,37.02131654760292],[-107.39365759640488,37.02207101565791],[-107.39296724608876,37.022950676534236],[-107.39159364380154,37.023475766912185],[-107.39137432780227,37.023756522379614],[-107.3912977717674,37.023893591818386],[-107.39193487111275,37.02372044052951],[-107.3920320269499,37.02389632460959],[-107.39127564214219,37.024442927676496],[-107.39161348355135,37.025405667608055],[-107.39410400674987,37.0269258120095],[-107.39447132001374,37.02733923458105],[-107.39482034277366,37.028418095844465],[-107.39564550038004,37.028854470829415],[-107.39652674103053,37.02962781552436],[-107.39754702541472,37.03098033421052],[-107.39959602545467,37.03222182260992],[-107.40017723863564,37.03299173343125],[-107.40130370085667,37.03323442717625],[-107.40164297862916,37.03383670446303],[-107.40198638726025,37.033709564223706],[-107.402012847951,37.03464667288449],[-107.4022656275208,37.03519700900048],[-107.40317512551223,37.03560184664422],[-107.40504374864285,37.035756486711264],[-107.40522795817542,37.036199017210755],[-107.40762241726941,37.0369947951833],[-107.40864252594719,37.037967091912215],[-107.40857776641012,37.03865363177064],[-107.40881056556702,37.03902726180584],[-107.40941533013931,37.03920604445974],[-107.41044077216863,37.04030853821215],[-107.4110314677457,37.04024280296438],[-107.41175772649474,37.04045057909951],[-107.41188351743882,37.04072573457653],[-107.41154090291728,37.04108202361653],[-107.41102844577607,37.04078841994266],[-107.41052566128336,37.04113296646981],[-107.41047616469737,37.041682207163696],[-107.41017037659614,37.04209317973169],[-107.41067432128055,37.04278174724715],[-107.41129716117476,37.043196027086296],[-107.4114089202097,37.04360848726056],[-107.41104601207996,37.04456867563341],[-107.41169316241094,37.04453603817353],[-107.41212630976497,37.04416045313352],[-107.41186320767905,37.04477545307179],[-107.41113403512927,37.044843697294304],[-107.4116913418511,37.04486520663695],[-107.41171650546255,37.04525783117753],[-107.41187828793623,37.045258405981514],[-107.41237958001508,37.04436542458724],[-107.41251781942628,37.04374977973069],[-107.41186792725519,37.042236576241514],[-107.41194524398945,37.04196214233865],[-107.4126816397731,37.0415975367021]]}},{"type":"Feature","properties":{"depth_ft":25,"elevation_ft":6060.0,"major":false},"geometry":{"type":"LineString","coordinates":[[-107.35886524027069,37.01923565299868],[-107.35564104149859,37.01950286209541],[-107.35392484688676,37.019991802513225],[-107.35239070419463,37.01975900855573]]}},{"type":"Feature","properties":{"depth_ft":25,"elevation_ft":6060.0,"major":false},"geometry":{"type":"LineString","coordinates":[[-107.36386333733299,37.01870160281738],[-107.36301321100267,37.018571487845236],[-107.3623023045752,37.01897463581008],[-107.35890173109443,37.01923253133132]]}},{"type":"Feature","properties":{"depth_ft":25,"elevation_ft":6060.0,"major":false},"geometry":{"type":"LineString","coordinates":[[-107.34383041351822,37.01795709583316],[-107.34349004825671,37.017606244197374],[-107.34383041351822,37.01795709583316]]}},{"type":"Feature","properties":{"depth_ft":25,"elevation_ft":6060.0,"major":false},"geometry":{"type":"LineString","coordinates":[[-107.41361471092016,37.00653157961987],[-107.41354015199173,37.00694235323816],[-107.41412907804954,37.006670959574926],[-107.4142992219691,37.00687863585685],[-107.41443768673433,37.00488519770114],[-107.41499724427635,37.00452723784251],[-107.41636615606538,37.00476904535852],[-107.41721993188764,37.005250147469404],[-107.41776524983132,37.005171605260415],[-107.41688072747444,37.00463473972088],[-107.41635256978118,37.00406780950408],[-107.41656043398605,37.00379382924199],[-107.41875186440117,37.002584608108805]]}},{"type":"Feature","properties":{"depth_ft":25,"elevation_ft":6060.0,"major":false},"geometry":{"type":"LineString","coordinates":[[-107.39791731141666,37.0065635784716],[-107.39751245631447,37.007037577365374],[-107.39596794334669,37.00755280619618],[-107.39459863979387,37.007381913048185],[-107.39448063989927,37.008796380489386],[-107.39321198269454,37.01022197306721],[-107.39180351639604,37.01084677503127],[-107.39149735912864,37.01139505516797],[-107.39111372301932,37.011530981209816],[-107.3908035982649,37.0119987092908],[-107.39045918332818,37.012077959976416],[-107.38994371540366,37.01258477338651],[-107.38943069491495,37.01243511282319],[-107.38892116341651,37.011686581062925],[-107.38823456720222,37.011929472670644],[-107.38824394831187,37.01234438264132],[-107.3866869210726,37.01295252069985],[-107.38531137816216,37.01383167393025],[-107.38433151320402,37.01466467683141],[-107.38334537592203,37.016034489224374],[-107.38203828224233,37.016943455456605],[-107.38152450115443,37.016919973911236],[-107.38083672316766,37.017350257829555],[-107.37998050477651,37.01729645262321],[-107.37983462260821,37.01780673652487],[-107.37946162559268,37.01812983968926],[-107.37877577661979,37.018232507628795],[-107.37792279263618,37.017635337735264],[-107.37758036438937,37.017603823571484],[-107.37723620189402,37.01786251669336],[-107.37672481432013,37.017438251713834],[-107.37548203999017,37.01875150647496],[-107.37483037596806,37.01911135784584],[-107.37174310340708,37.01971726872734],[-107.37088367542574,37.02018977335],[-107.37054202857395,37.020028032198525],[-107.37022855955873,37.02147821320295],[-107.36967226786727,37.022199107878095],[-107.36881462492138,37.02237170905507],[-107.36710164154375,37.02233822392796],[-107.36657204113395,37.021601242140335],[-107.3663123353465,37.020638738793835],[-107.36573795651103,37.01994970436847],[-107.36387237697666,37.01870614810606]]}},{"type":"Feature","properties":{"depth_ft":25,"elevation_ft":6060.0,"major":false},"geometry":{"type":"LineString","coordinates":[[-107.41881159282698,37.00259415612111],[-107.41979877896446,37.00347102328235],[-107.41998542763538,37.00298167504064],[-107.419880968981,37.00215717993875],[-107.42100799102813,37.00156835252445],[-107.42152181861844,37.001566452784544],[-107.42123389075914,37.00092568770319],[-107.42177131581786,37.00024077602267],[-107.42231320421679,37.00010529841343],[-107.42275235065681,36.999007975886975],[-107.42445464853232,36.997607655011535],[-107.4253134013804,36.99715192574268],[-107.42565590480504,36.99715599254422],[-107.42605168040741,36.998057855149526],[-107.42569814630605,36.998606062934314],[-107.42571275853236,36.99984231098224],[-107.42529900925801,37.00011559999759],[-107.42588065958036,37.00025495335592],[-107.42620938055946,37.00066814718276],[-107.42584407261697,37.001216314748284],[-107.42570636846737,37.002726749729725],[-107.42587643330869,37.00437559629003],[-107.42647318485554,37.004481820146225],[-107.42742935145087,37.00520504831537],[-107.42779858151063,37.006442507031515],[-107.42817356200746,37.00682083611182],[-107.4288578649819,37.00697826863574],[-107.43039957445201,37.00695027449605],[-107.43125409859857,37.00731077670085],[-107.43125576740606,37.00699393215437],[-107.42937527730417,37.00630578983121],[-107.42878429578691,37.00562173983503],[-107.42833885655112,37.00438402397121],[-107.4275778329814,37.00369464872925],[-107.42753925996664,37.00245831971468],[-107.42716981673071,37.00231712241084],[-107.42702564060127,37.00204449686942],[-107.42785452807719,37.00136055500472],[-107.42779181640356,37.00094827490575],[-107.42821507667847,37.00012558847598],[-107.42736427650419,36.999166353911235]]}},{"type":"Feature","properties":{"depth_ft":25,"elevation_ft":6060.0,"major":false},"geometry":{"type":"LineString","coordinates":[[-107.42736359051445,36.99915662417399],[-107.42753057242385,36.99889120760204],[-107.42804440186289,36.99888555635747],[-107.42910389977968,36.998342999390744],[-107.42821847833063,36.99835587863085],[-107.42784837580038,36.99820136172227],[-107.42762997633916,36.996827061782696],[-107.42874579583649,36.9958036479208],[-107.42960010164937,36.996180461216966],[-107.42967671686169,36.995460485523246],[-107.4302810914269,36.995187828342],[-107.42895055940083,36.99339768228362],[-107.4303097972471,36.99150845044274],[-107.43048135141132,36.99145076783984],[-107.43078490738942,36.991755651081384],[-107.43112703034652,36.99299301028482],[-107.43167009855537,36.99335270219289],[-107.4314028176239,36.99299394440573],[-107.43150903911997,36.99162074896239],[-107.43093984337598,36.99051997661582],[-107.43168735740956,36.99007058389529],[-107.43202955669338,36.99012657817671],[-107.4320613561563,36.98997435075674],[-107.431287343797,36.98969702071918],[-107.43118057326382,36.98874929506781],[-107.43180132610217,36.98777578211424],[-107.43247438011407,36.9876407011365],[-107.4324565002731,36.98667915135772],[-107.43338980127355,36.984759319983056],[-107.43394652921721,36.98376532221763],[-107.43445040613192,36.9836640427003],[-107.43476183932192,36.98256624283134],[-107.43564356649125,36.981470353680876],[-107.43545389666843,36.98009616026663],[-107.43483002812607,36.97852390835298],[-107.43293425623045,36.97692850512833],[-107.43450332062389,36.975508983036804],[-107.43604684683635,36.9750089587861],[-107.43626975806195,36.97542879237386],[-107.43655809220742,36.975470030042956],[-107.43706110168114,36.97460730069237],[-107.4382783191022,36.97390556964113],[-107.43888873634563,36.974201318804106],[-107.438988420063,36.97433900589422],[-107.43873097068268,36.97461286241759],[-107.4391937560904,36.975026467465376],[-107.43848740183951,36.97557354418912],[-107.43963611839123,36.976212867278505],[-107.44014954893973,36.976254968837104],[-107.44031872680824,36.97665126625141],[-107.44066089751891,36.9767023930401],[-107.44080173309207,36.97516915055359],[-107.44152578461012,36.97498527840032],[-107.44169632964086,36.97511562984456],[-107.44203996567079,36.97487938624533],[-107.4419768554665,36.9743488941492],[-107.44163524132667,36.973935699695204],[-107.44187472631862,36.973713107226295],[-107.4424103921118,36.97393825447904],[-107.44253721802754,36.97435073992449],[-107.44323812065004,36.97494486960729],[-107.44443612168783,36.97504101956837],[-107.4447763124292,36.975480738788164],[-107.44555092841138,36.975734181094346],[-107.44605318349066,36.97669731210315],[-107.44613671060051,36.9773193060916],[-107.44569044373695,36.97834439924026],[-107.44482152514964,36.97944040596337],[-107.44391834456928,36.98149778444831],[-107.44414678749116,36.982047956780264],[-107.44525133646711,36.98308545701041],[-107.44534798422292,36.98342544640232],[-107.44353521054599,36.98383315717549],[-107.44277532499932,36.98451585668051],[-107.44268733824718,36.98506499010682],[-107.44280075481413,36.985889497556045],[-107.44335323823248,36.985937183321745],[-107.44408655231162,36.98630578759075],[-107.44424558486779,36.98726779877427],[-107.443982558476,36.9879537147545],[-107.44525280669616,36.99029292004273],[-107.44609864335962,36.990707749063596],[-107.4461733854411,36.9913947708639],[-107.44590744485178,36.992218036712124],[-107.44639331879202,36.9942675245626],[-107.44659913185882,36.99414326994061],[-107.44691456990188,36.99278859315451],[-107.44742927728794,36.99260082932759],[-107.4486256832326,36.993069681223886],[-107.44964904580392,36.993897539463],[-107.45067463871811,36.99428466255747],[-107.45206036320191,36.99443564789749],[-107.45220360328523,36.996757841565305],[-107.4534069535561,36.99584979361955],[-107.45554607710905,36.995957703726724],[-107.4561422337129,36.99683722188664],[-107.45694214779347,36.99733569392053],[-107.4559412500708,36.99939284807854],[-107.45585581340237,36.99994199819332],[-107.45612342642534,37.0006447100663],[-107.4560783149003,36.99980535013283],[-107.45630121360905,36.999324921276],[-107.45664406794455,36.999260233871354],[-107.45749842472688,36.999662648149446],[-107.4597071898866,36.99789385150136],[-107.46012631651305,36.99693368140634],[-107.46014137095234,36.996384306600135],[-107.45949036349823,36.995420769240326],[-107.45974877788888,36.99478453715424],[-107.45991977748442,36.994837276797305],[-107.46101879557608,36.99611235083557],[-107.46065270089372,36.99721004629211],[-107.46076074852965,36.99797697973884],[-107.46178891402882,36.997858226207235],[-107.46315488888186,36.99871228365985],[-107.46401405793016,36.99812554681937],[-107.46435572872512,36.99830335821484],[-107.46487023900688,36.99815534499649],[-107.46499742566202,36.998734518517615],[-107.46552321679333,36.998873504446394],[-107.46530668957907,36.999284899802916],[-107.46571919429095,36.99968628244479],[-107.46578140870693,37.000247859137],[-107.46600588821607,36.99969913210335],[-107.46571682955265,36.999286170740135],[-107.46600167634203,36.998874986075],[-107.46590454487372,36.99818790786723],[-107.4645996922264,36.99722237288688],[-107.46504860422178,36.996683076572836],[-107.46590712195918,36.99622392970918],[-107.46658967518925,36.99674236532622],[-107.46693238640847,36.99670329362388],[-107.46659386901071,36.995869045455144],[-107.46563783394447,36.99516525970749],[-107.46523665039453,36.99447723832868],[-107.4648217657522,36.994475951063315],[-107.46393392160259,36.99364905780628],[-107.46350212309721,36.99254886825366],[-107.4606259607713,36.990502444057874],[-107.45957768956002,36.989102685089875],[-107.4580645700658,36.98901099505089],[-107.4577231028618,36.98880318593678],[-107.45737642031726,36.989655457743645],[-107.45548515485767,36.99118385202012],[-107.45308687095077,36.99134315361672],[-107.4522321187852,36.991043245773625],[-107.45206243691986,36.99072927680241],[-107.45120286906132,36.991394174980066],[-107.45086039709408,36.99138865528674],[-107.4508860134875,36.990585913614936],[-107.4515917260269,36.98976405125508],[-107.45121149362424,36.989670145461034],[-107.449838590248,36.99025494422089],[-107.449874395589,36.98934644934821],[-107.44925893196954,36.98934445967287],[-107.44910882226236,36.98851983992798],[-107.45022196521677,36.98824872618604],[-107.44967991505722,36.98775172756936],[-107.44911268558499,36.987558362638445],[-107.44894452138091,36.98728310684668],[-107.44906953873078,36.98700880017435],[-107.4486698790487,36.98659543870086],[-107.44928093632562,36.98494914826646],[-107.44918096520054,36.98426204598845],[-107.44945800272774,36.98371351900959],[-107.44928980376174,36.98288884024195],[-107.44946150881205,36.98247732814195],[-107.4486830570718,36.98167558881476],[-107.448559875749,36.98123820688614],[-107.44882451432368,36.98068964090479],[-107.44954697695147,36.98012661715085],[-107.45091910048156,36.9796615897498],[-107.45143563681965,36.97908814564542],[-107.45366110303986,36.97917323486354],[-107.4541766879376,36.97878674399105],[-107.45520460383176,36.97866821327545],[-107.45747322499464,36.97920642216257],[-107.45809362648427,36.97975780834882],[-107.45844893286208,36.98047750082533],[-107.45913438064868,36.980365946121886],[-107.45918019252332,36.98003594949282],[-107.459616964346,36.979899969271585],[-107.46009248927814,36.97893997367276],[-107.46068282332605,36.97884511966362],[-107.46055337680792,36.978529353871345],[-107.46085825683008,36.97798100397562],[-107.46137099789226,36.97816967658524],[-107.46192367424969,36.97812158068687],[-107.46140074667369,36.97784523168591],[-107.46148756728071,36.977433435703475],[-107.46094847568622,36.977019678076765],[-107.46075553000173,36.976607004751365],[-107.46172537238786,36.97571538704266],[-107.46121192509617,36.97567495299669],[-107.46035359720291,36.976136974751526],[-107.45932707474604,36.9759793259077],[-107.45876745284757,36.97550190117771],[-107.45899216647264,36.97509054183796],[-107.45864726037483,36.974949886694056],[-107.45710618105763,36.97498288559044],[-107.45642237863483,36.97477000932289],[-107.45626894146906,36.97563134842504],[-107.45555834634206,36.97638232322146],[-107.45452971773912,36.976650963623584],[-107.4538425883692,36.977106552681406],[-107.45230069737569,36.97729325576176],[-107.4510330264827,36.97657609593544],[-107.45093697865127,36.97608874806296],[-107.44974303130282,36.97574779931105],[-107.44942660573301,36.97519735264902],[-107.44960684530889,36.97492322334954],[-107.44945270981802,36.97423594509712],[-107.44773283192376,36.97354359176182],[-107.44723388488241,36.97271783413637],[-107.4475321028194,36.97223875278419],[-107.44804639649918,36.97210521490846],[-107.44855941691289,36.972224262919156],[-107.44924715690622,36.97164460833625],[-107.45027193915021,36.972133691204604],[-107.4516411585785,36.97222054158046],[-107.45209683566178,36.970810563452794],[-107.45280913006415,36.970126067889026],[-107.45301978611407,36.969439962211005],[-107.4537151040056,36.969167475061596],[-107.4540551756136,36.96876991275103],[-107.45409241405436,36.96820718772873],[-107.45455152178366,36.96779658472161],[-107.45445045924468,36.967109481356246],[-107.45477019694808,36.96642372019064],[-107.45543990453719,36.965707853852344],[-107.45631239856255,36.96532977726655],[-107.45681364875473,36.96485378451134],[-107.45715543157888,36.96497530977544],[-107.45818361317366,36.96476381664248],[-107.45835413395432,36.96490030533395],[-107.45938413567599,36.96431578866719],[-107.4593646439038,36.96410322317924],[-107.45887209771497,36.96400347331962],[-107.4581902133968,36.96341860446399],[-107.45790115604413,36.962725042012316],[-107.45820043719364,36.96231391894756],[-107.45832736030188,36.961490181883796],[-107.45787246348027,36.96025253722926],[-107.45853357227459,36.95943048749942],[-107.45837755274819,36.95915528216838],[-107.45849101077046,36.958743571179255],[-107.45792395255901,36.95791764135159],[-107.45815252154964,36.95723158159218],[-107.45857348944462,36.95709555444228],[-107.45832769491311,36.95654535269365],[-107.45878875793407,36.95572266903775],[-107.4584244186872,36.95532818755521]]}},{"type":"Feature","properties":{"depth_ft":25,"elevation_ft":6060.0,"major":false},"geometry":{"type":"LineString","coordinates":[[-107.45908220496844,36.99514477196153],[-107.45871987175902,36.995062097742306],[-107.45847886550777,36.99459344592822],[-107.45868718367532,36.99404468126358],[-107.4590683092866,36.99385374635114],[-107.45923952114494,36.99386262835801],[-107.45932254530409,36.99432139601797],[-107.4596736090619,36.99459721278914],[-107.45908220496844,36.99514477196153]]}},{"type":"Feature","properties":{"depth_ft":25,"elevation_ft":6060.0,"major":false},"geometry":{"type":"LineString","coordinates":[[-107.42239782873455,36.973321251074026],[-107.42064362843698,36.97390754101581],[-107.41995910122213,36.97384938525288],[-107.4192458508158,36.97427179094403],[-107.41858628898082,36.97550569136311],[-107.4188088246272,36.97591853602505],[-107.41857588773344,36.976342850130564],[-107.41788783506007,36.97692952376625],[-107.41651470793198,36.977551008422836],[-107.41530803215865,36.979040165515165],[-107.41494229422726,36.979750934550985],[-107.41509740719727,36.980575615335475],[-107.41452189615713,36.98153507627403],[-107.41356342486029,36.98208111379816],[-107.41305551415827,36.98317816193896],[-107.41174441772279,36.98399764686977],[-107.41152692310295,36.9846836522621],[-107.41161936372639,36.9853707585669],[-107.41145274764841,36.985782233266356],[-107.41084323685675,36.986329487848465],[-107.41094505597823,36.987840760970286],[-107.41119676358673,36.988528433822424],[-107.41084544111071,36.99086222692698],[-107.41044635313263,36.99122989971142],[-107.41019305447048,36.99223345746048],[-107.40970136722926,36.992643769966875],[-107.4093602813115,36.99360403988538],[-107.40867601163242,36.993738949295874],[-107.4083607532491,36.99428724248017],[-107.40751718232976,36.99444692996848],[-107.40700075154248,36.994923739706955],[-107.40596476091352,36.99643305106635],[-107.40602144853491,36.997163305840935],[-107.40578546280304,36.99786865996237],[-107.4049252559238,36.99856145874316],[-107.4037311462146,36.99894065694318],[-107.40269054175808,37.00002638237713],[-107.40165998385541,37.0005472661935],[-107.40097141915047,37.001162658292685],[-107.40062408770667,37.00200765331228],[-107.39942430070407,37.002161427462916],[-107.39823129155558,37.00427747404785],[-107.39847212332053,37.005102487000016],[-107.39820288086153,37.00611014086402]]}},{"type":"Feature","properties":{"depth_ft":25,"elevation_ft":6060.0,"major":false},"geometry":{"type":"LineString","coordinates":[[-107.4334233272684,36.96786465922823],[-107.43231773967078,36.96784630596496],[-107.43163000976998,36.96840623668017],[-107.43025833199383,36.968803073835794],[-107.4300856130803,36.96909120183205],[-107.42880871881906,36.96963465564554],[-107.42847058050747,36.97018292715652],[-107.4276848752967,36.96983407677663],[-107.42699911286931,36.970014119101236],[-107.42648647703683,36.96983197155235],[-107.42597128177711,36.9701305735423],[-107.42477421365136,36.9698787475811],[-107.42425854077221,36.97026529739428],[-107.42391848192523,36.96982731666465],[-107.42289096299483,36.96988524689037],[-107.42271380985044,36.97099323755453],[-107.4239114369229,36.97114267600817],[-107.4242527737405,36.9713429334739],[-107.42528055290391,36.9712397429047],[-107.42543927038895,36.971408755830254],[-107.42476091572746,36.97236670193252],[-107.42287658917262,36.97256214198427],[-107.42299129569028,36.972911235934035],[-107.42268062943558,36.97320197401042]]}},{"type":"Feature","properties":{"depth_ft":25,"elevation_ft":6060.0,"major":false},"geometry":{"type":"LineString","coordinates":[[-107.59942117990883,36.96300068275713],[-107.60010244435826,36.964142541116686],[-107.60095647567094,36.96477289012134],[-107.60109139599797,36.96611328687227],[-107.60094645256619,36.96807050535697],[-107.60129143165392,36.96721960317543],[-107.60136144685616,36.96611381476042],[-107.60172215283526,36.965702448664764],[-107.60135293513964,36.96528965763673],[-107.60169537368088,36.96460354232475],[-107.60137067141311,36.96364141095348],[-107.59976477996192,36.962599212087056],[-107.59959716432182,36.96143120062207],[-107.60045526359337,36.96116719635218],[-107.59981856612906,36.96020444794509],[-107.59979584061499,36.9598104211111]]}},{"type":"Feature","properties":{"depth_ft":25,"elevation_ft":6060.0,"major":false},"geometry":{"type":"LineString","coordinates":[[-107.59720716764502,36.95930348441173],[-107.59784636664514,36.960303859621284]]}},{"type":"Feature","properties":{"depth_ft":25,"elevation_ft":6060.0,"major":false},"geometry":{"type":"LineString","coordinates":[[-107.59909453748291,36.95786515146911],[-107.5989374420796,36.95691510789301]]}},{"type":"Feature","properties":{"depth_ft":25,"elevation_ft":6060.0,"major":false},"geometry":{"type":"LineString","coordinates":[[-107.59661301510413,36.95738306447224],[-107.59667702390055,36.9583970114985]]}},{"type":"Feature","properties":{"depth_ft":25,"elevation_ft":6060.0,"major":false},"geometry":{"type":"LineString","coordinates":[[-107.59875735686872,36.9561795334546],[-107.59825701956525,36.95512713924093]]}},{"type":"Feature","properties":{"depth_ft":25,"elevation_ft":6060.0,"major":false},"geometry":{"type":"LineString","coordinates":[[-107.45840974549935,36.95516572316705],[-107.45899058206359,36.954349740527086],[-107.45844908976467,36.95366124977377],[-107.45801102101036,36.95201158759846],[-107.45786766313952,36.950912281884236],[-107.45820960513919,36.95022657954876],[-107.45714654621179,36.94981114703693],[-107.45741455861395,36.94939992589269],[-107.45692336889194,36.94912365681617],[-107.45690841998722,36.94802475638885],[-107.45605665534717,36.94760998359901],[-107.45608200903045,36.94706063751809],[-107.45559187919929,36.94664700957358],[-107.45569374988597,36.945685836784286],[-107.4564731550956,36.94568831258859],[-107.45622673466818,36.945010818536524],[-107.45579388445309,36.94472465822704],[-107.45574107499675,36.94417506345469],[-107.45588972899577,36.943939212763546],[-107.45640362888429,36.94384396382606],[-107.45658025470087,36.94273049422615],[-107.4575887554078,36.94143378819828],[-107.45707622063705,36.94088273836523],[-107.45732823881453,36.94033410923091],[-107.45719930856536,36.940058987332705],[-107.45744970218429,36.9399326785165],[-107.45761981875214,36.940140036838294],[-107.45756407064019,36.939785428291806],[-107.45815798592439,36.939237878500336],[-107.45705409041206,36.937860817693384],[-107.45705920790421,36.93648726496182],[-107.4575499180128,36.93593939085418],[-107.45749668688715,36.935527151636826],[-107.457796126148,36.93525338490019],[-107.45816250167782,36.934167615569976],[-107.45833427421725,36.93403477268545],[-107.45867514204855,36.93431569072098],[-107.45960710438828,36.93388552735109],[-107.45886927725498,36.93305906156716],[-107.45953109990008,36.93264907522011],[-107.46022988004061,36.93131227089429],[-107.46095140102088,36.931142609177414],[-107.46079784305613,36.930455342370834],[-107.46155161833477,36.9288094190284],[-107.46195531311062,36.928368761361696],[-107.46256342330982,36.92826315315498],[-107.46192296127357,36.92757436662815],[-107.46208994382008,36.92688810290074],[-107.46174191283426,36.92620022886473],[-107.46154124225471,36.924688671909024],[-107.46044827888679,36.92235017317883],[-107.45839485861104,36.92166469899867],[-107.45787757974757,36.92110586053037],[-107.45703107070833,36.920654857406106],[-107.456454125281,36.91945306558375],[-107.45572841151069,36.91903868907654],[-107.45577927887416,36.9184894215018],[-107.45388754098899,36.91628567667115],[-107.45373245536744,36.915873109114116],[-107.45395743461731,36.91532439827989],[-107.45329479135023,36.914910208144235],[-107.45327099347013,36.91463541722259],[-107.45366743940505,36.9146366848789],[-107.45374323896763,36.91422485488752],[-107.45326596037184,36.91367389925878],[-107.45248842986398,36.91161104761022],[-107.45287244465133,36.91120020561841],[-107.45280602109894,36.910375847974095],[-107.45334549281606,36.90941607212392],[-107.4531933270521,36.909003512767754],[-107.45401285372998,36.908594059568166],[-107.45397414557401,36.90818186334002],[-107.45342093725756,36.90776802294909],[-107.45419007356539,36.90700695625478],[-107.45470259086092,36.907141676011584],[-107.45658476199705,36.907040686055744],[-107.45692748889566,36.906917598419355],[-107.45695616129068,36.90670258952029]]}},{"type":"Feature","properties":{"depth_ft":25,"elevation_ft":6060.0,"major":false},"geometry":{"type":"LineString","coordinates":[[-107.59533707800804,36.955166375040065],[-107.59578267074912,36.95593837848657],[-107.59531166839845,36.95621214926175],[-107.5956448956744,36.95623784644696]]}},{"type":"Feature","properties":{"depth_ft":25,"elevation_ft":6060.0,"major":false},"geometry":{"type":"LineString","coordinates":[[-107.59499895344213,36.95381400097534],[-107.5951597331631,36.9546947838939]]}},{"type":"Feature","properties":{"depth_ft":25,"elevation_ft":6060.0,"major":false},"geometry":{"type":"LineString","coordinates":[[-107.44047298668256,36.951563116642404],[-107.44078996814939,36.95156616608943],[-107.44130148344264,36.9519498392209],[-107.4416440105566,36.951909937889354],[-107.4430180093049,36.95098721246812],[-107.44406911706335,36.95059314071284],[-107.44376848894025,36.95127893750194],[-107.44410908322047,36.951692123820706],[-107.44300586857257,36.953366481467796],[-107.44281442339229,36.955121784837324],[-107.4423096786954,36.95562215546617],[-107.44144611903909,36.955804059198194],[-107.44076501254015,36.956428657619625],[-107.44054980756874,36.9581361560569],[-107.43989739485978,36.95871477014941],[-107.43963186050841,36.95991874822624],[-107.43873523929886,36.960877265995684],[-107.43800168591332,36.96118443574845],[-107.43711292473667,36.96128393253516],[-107.4361137004952,36.96214368095261],[-107.43474601706271,36.961800284003395],[-107.43355103311656,36.961169114024166],[-107.4330864842288,36.96127042888241],[-107.43416856326435,36.961960852446445],[-107.43439895634202,36.96269998240169],[-107.43508254177156,36.962921981304994],[-107.43490576494432,36.9640236713118],[-107.43507593357117,36.964190694919374],[-107.43558937085822,36.96421549314906],[-107.4358035300342,36.964713461193206],[-107.4362637208002,36.964852357151536],[-107.43599484058991,36.965263526161756],[-107.43633971877502,36.96595146046165],[-107.43574932537084,36.96637590567094],[-107.43506455198117,36.96637566852988],[-107.43433603453114,36.96676888103003],[-107.43451783610497,36.967318916220314],[-107.43437441609173,36.96740304900438]]}},{"type":"Feature","properties":{"depth_ft":25,"elevation_ft":6060.0,"major":false},"geometry":{"type":"LineString","coordinates":[[-107.4332937580254,36.94947768429396],[-107.43446829506439,36.9494054982685],[-107.43463841763828,36.949603724766426],[-107.43532329117978,36.949555847020534],[-107.43771493636956,36.950433537169445],[-107.43822898371701,36.95032252054341],[-107.43891290446898,36.95046026593592],[-107.43983055405835,36.95090536499218]]}},{"type":"Feature","properties":{"depth_ft":25,"elevation_ft":6060.0,"major":false},"geometry":{"type":"LineString","coordinates":[[-107.42802169108923,36.94902853410613],[-107.42710914460808,36.94930338853228],[-107.42625350819537,36.949276977263814],[-107.4253960273647,36.94959656586672],[-107.42479356468606,36.94901747283527],[-107.4233472303255,36.94864953676943],[-107.42266035784132,36.949069956033384],[-107.42146140900641,36.949230612011426],[-107.42052541934441,36.949689495420465],[-107.42163148759147,36.94943066375242],[-107.42282895462276,36.94954667297604],[-107.42368564325415,36.94937690959869],[-107.42392562096414,36.9498386225863],[-107.42453666133963,36.950267595452004],[-107.42641841022879,36.95045259395676],[-107.42676172723077,36.95026423772573],[-107.42744605489335,36.95032125211462],[-107.42830402019231,36.94991009432076],[-107.42967076918616,36.95038483973689],[-107.43087157030479,36.949872338791],[-107.43185516743488,36.94976357979502]]}},{"type":"Feature","properties":{"depth_ft":25,"elevation_ft":6060.0,"major":false},"geometry":{"type":"LineString","coordinates":[[-107.59753528478204,36.94897364334566],[-107.59878327170867,36.947728343523146]]}},{"type":"Feature","properties":{"depth_ft":25,"elevation_ft":6060.0,"major":false},"geometry":{"type":"LineString","coordinates":[[-107.59593945989033,36.94737065108778],[-107.59510386121893,36.9481076668766],[-107.59552962864791,36.948288899087096],[-107.59552871442877,36.94858301285046]]}},{"type":"Feature","properties":{"depth_ft":25,"elevation_ft":6060.0,"major":false},"geometry":{"type":"LineString","coordinates":[[-107.59938230791015,36.94626543906202],[-107.59998920424643,36.94514997339206]]}},{"type":"Feature","properties":{"depth_ft":25,"elevation_ft":6060.0,"major":false},"geometry":{"type":"LineString","coordinates":[[-107.59793322681413,36.944956349032346],[-107.59673366938492,36.94636061875538]]}},{"type":"Feature","properties":{"depth_ft":25,"elevation_ft":6060.0,"major":false},"geometry":{"type":"LineString","coordinates":[[-107.60023306405768,36.94476385952061],[-107.6006109817373,36.94440994202815],[-107.60067841887592,36.9436282680585]]}},{"type":"Feature","properties":{"depth_ft":25,"elevation_ft":6060.0,"major":false},"geometry":{"type":"LineString","coordinates":[[-107.4478504568967,36.943051130121326],[-107.44803211218165,36.94318880671605],[-107.44796200828243,36.943463292684676],[-107.44668173716698,36.9448326983735],[-107.44675345176526,36.94524500183125],[-107.44646737109056,36.945810933149204],[-107.44578172145988,36.946019975389916],[-107.44526871876174,36.94593287781342],[-107.44440982940961,36.94655246780315],[-107.4435537138288,36.946624877303776],[-107.44269567826663,36.9470730094699],[-107.44132592548296,36.94718012958419],[-107.43961158014106,36.947731623256836],[-107.43910027186442,36.94731486206463],[-107.43875692487117,36.947517475383385],[-107.43807336785022,36.94731446437374],[-107.43653160283075,36.9475855492865],[-107.43601929327895,36.94736502092269],[-107.43533365360251,36.94756402318467],[-107.43415948872402,36.947538401544634],[-107.43327673217375,36.94815740875909],[-107.43224968567733,36.94818207581014],[-107.43173440029679,36.948530046490845],[-107.43036393112207,36.94876539757076],[-107.42950850010764,36.94870098324364],[-107.4281453592517,36.94902269995109]]}},{"type":"Feature","properties":{"depth_ft":25,"elevation_ft":6060.0,"major":false},"geometry":{"type":"LineString","coordinates":[[-107.44817042583855,36.942248908274166],[-107.44766668127795,36.94277555045098],[-107.44784933679874,36.94304995315127]]}},{"type":"Feature","properties":{"depth_ft":25,"elevation_ft":6060.0,"major":false},"geometry":{"type":"LineString","coordinates":[[-107.59826046214533,36.942091643034026],[-107.59828542018523,36.94261971793867],[-107.5986067253186,36.943032425205594],[-107.59793605429638,36.94495075168304]]}},{"type":"Feature","properties":{"depth_ft":25,"elevation_ft":6060.0,"major":false},"geometry":{"type":"LineString","coordinates":[[-107.60123457905084,36.940949457379794],[-107.60137643484566,36.939193839056244],[-107.60173883679133,36.93905521184852],[-107.60213711622798,36.93768241395948],[-107.60347856823779,36.936311443397386],[-107.604643502209,36.93399682390463]]}},{"type":"Feature","properties":{"depth_ft":25,"elevation_ft":6060.0,"major":false},"geometry":{"type":"LineString","coordinates":[[-107.59877212965489,36.940312792595904],[-107.59842455133159,36.94083434836023],[-107.59846024535226,36.94144806945102]]}},{"type":"Feature","properties":{"depth_ft":25,"elevation_ft":6060.0,"major":false},"geometry":{"type":"LineString","coordinates":[[-107.5991340256885,36.938105460297955],[-107.59881846757052,36.939049481423396],[-107.59880667500146,36.94009316383187]]}},{"type":"Feature","properties":{"depth_ft":25,"elevation_ft":6060.0,"major":false},"geometry":{"type":"LineString","coordinates":[[-107.45094830342683,36.93743787453435],[-107.45081822443116,36.93839032546015],[-107.45020640746596,36.93921249440532],[-107.45012897637444,36.94003638544406],[-107.44936175307647,36.94140747531147],[-107.44819697553706,36.94220960161933]]}},{"type":"Feature","properties":{"depth_ft":25,"elevation_ft":6060.0,"major":false},"geometry":{"type":"LineString","coordinates":[[-107.60464936312545,36.93397397678066],[-107.60496482076653,36.93315508840038],[-107.6055932282472,36.933156294950074]]}},{"type":"Feature","properties":{"depth_ft":25,"elevation_ft":6060.0,"major":false},"geometry":{"type":"LineString","coordinates":[[-107.60591145254658,36.93279823923639],[-107.60508424200242,36.93233117281405],[-107.60480134096257,36.93109441093796],[-107.60519664697198,36.929721595082434],[-107.60513548876585,36.928622616765026],[-107.60551681744727,36.928047578584106],[-107.60688786905556,36.92730981147762],[-107.60860048613316,36.92678290145655],[-107.60962977164796,36.92587581244394],[-107.61031492360947,36.92562293315901],[-107.6111698100586,36.92584005408634],[-107.61083024737495,36.924929901849495],[-107.61325731992987,36.92424249615267],[-107.61387016512275,36.923694198982346],[-107.61390316767873,36.923419544434466],[-107.61442847097416,36.92315051620074],[-107.61443283579969,36.922871090594114],[-107.61506280884794,36.922597534249675],[-107.61545970608707,36.92151671990756]]}},{"type":"Feature","properties":{"depth_ft":25,"elevation_ft":6060.0,"major":false},"geometry":{"type":"LineString","coordinates":[[-107.42742716037839,36.929417696944945],[-107.42891983772603,36.93054564036028],[-107.43028728109964,36.930823762733716],[-107.43097435937666,36.93032491422287],[-107.4313167494677,36.93029365755615],[-107.43488704786526,36.928474375141946]]}},{"type":"Feature","properties":{"depth_ft":25,"elevation_ft":6060.0,"major":false},"geometry":{"type":"LineString","coordinates":[[-107.4349297154222,36.9284483962248],[-107.43565705167013,36.928176119537284],[-107.4385065202026,36.92970658305835],[-107.43901593174245,36.93046828673744],[-107.43992565503146,36.92942654697906],[-107.44103811050647,36.9290181552603],[-107.44159346244604,36.928351752520086]]}},{"type":"Feature","properties":{"depth_ft":25,"elevation_ft":6060.0,"major":false},"geometry":{"type":"LineString","coordinates":[[-107.43047657727197,36.92829601959929],[-107.42949411968034,36.92829268346808],[-107.42805829478141,36.92581536731305],[-107.42691298652154,36.925262026086095]]}},{"type":"Feature","properties":{"depth_ft":25,"elevation_ft":6060.0,"major":false},"geometry":{"type":"LineString","coordinates":[[-107.42720109136508,36.92816376196763],[-107.42675583712858,36.9291074838988],[-107.42734779246878,36.92938422251964]]}},{"type":"Feature","properties":{"depth_ft":25,"elevation_ft":6060.0,"major":false},"geometry":{"type":"LineString","coordinates":[[-107.45100763972813,36.927710668861266],[-107.45141074741444,36.92836517442789],[-107.4513072180524,36.92918898387836],[-107.4516008000145,36.93001407000879],[-107.45156837272044,36.93083810794478],[-107.45134233527068,36.931249452260204],[-107.45170788687024,36.93358569597433],[-107.4515204183923,36.935096019779614],[-107.4520288483461,36.93592179456008],[-107.45095917869678,36.93741271683663]]}},{"type":"Feature","properties":{"depth_ft":25,"elevation_ft":6060.0,"major":false},"geometry":{"type":"LineString","coordinates":[[-107.60293025241626,36.92753673549229],[-107.6028183274972,36.928343427359344],[-107.6022727583638,36.92916651299639],[-107.60253798680033,36.92971645900086],[-107.60246862776495,36.930403112100045],[-107.60216551069648,36.93067723769939],[-107.6023201450074,36.93136432631679],[-107.60139191351917,36.93136251738331],[-107.6017890722675,36.931775364873424],[-107.60161703661743,36.931912386921674],[-107.60227696026611,36.93218838754067],[-107.60209798014165,36.93397368682204],[-107.60122085472247,36.93406539390177],[-107.601125076821,36.93424650373966],[-107.60156210517736,36.9343936013996],[-107.60161902573759,36.93465954080495],[-107.60087524924722,36.93517216927938],[-107.59950102443291,36.936883447470166]]}},{"type":"Feature","properties":{"depth_ft":25,"elevation_ft":6060.0,"major":false},"geometry":{"type":"LineString","coordinates":[[-107.4249305596848,36.92704086775401],[-107.42620186030206,36.926815382255654],[-107.42671373388117,36.92708684839594],[-107.42701934130106,36.92757013364228]]}},{"type":"Feature","properties":{"depth_ft":25,"elevation_ft":6060.0,"major":false},"geometry":{"type":"LineString","coordinates":[[-107.4227844408081,36.92594216458342],[-107.42329306701816,36.9268166360411],[-107.42414723257905,36.927071085455495],[-107.42465849144732,36.92704171006229]]}},{"type":"Feature","properties":{"depth_ft":25,"elevation_ft":6060.0,"major":false},"geometry":{"type":"LineString","coordinates":[[-107.44349184204225,36.926004378542906],[-107.44473398007598,36.925459020224885],[-107.44605741545892,36.92536095464162],[-107.44640208985851,36.92487208496333],[-107.44725974787785,36.924444958483114],[-107.44811951046889,36.92359758901234],[-107.44909812348847,36.924200918836334]]}},{"type":"Feature","properties":{"depth_ft":25,"elevation_ft":6060.0,"major":false},"geometry":{"type":"LineString","coordinates":[[-107.42688463766699,36.925253956070705],[-107.42621203884272,36.92490115588956],[-107.42569629406441,36.92535990751219],[-107.42466824658904,36.92562903504616],[-107.42369028969145,36.92470152794431],[-107.42185226378034,36.92359631889709],[-107.42133658893111,36.923045103280025],[-107.4204064276979,36.92271001885904],[-107.41903740778567,36.922756746011245],[-107.41783574977066,36.92349136876448],[-107.41698073097076,36.92340505846771],[-107.41546042131272,36.922337792259874],[-107.41515295781568,36.92041371138716],[-107.4142643770181,36.919530325492225],[-107.4132369930116,36.9196855585235],[-107.41255345415951,36.919536770166616],[-107.41221269458251,36.919278909053226],[-107.41171547080035,36.91928977777192]]}},{"type":"Feature","properties":{"depth_ft":25,"elevation_ft":6060.0,"major":false},"geometry":{"type":"LineString","coordinates":[[-107.44948074825945,36.92510297985694],[-107.45082664704265,36.927254673859075]]}},{"type":"Feature","properties":{"depth_ft":25,"elevation_ft":6060.0,"major":false},"geometry":{"type":"LineString","coordinates":[[-107.60564000431977,36.92532700116613],[-107.60432489341372,36.92609621432074],[-107.60295191224047,36.92747430146352]]}},{"type":"Feature","properties":{"depth_ft":25,"elevation_ft":6060.0,"major":false},"geometry":{"type":"LineString","coordinates":[[-107.44914284604943,36.92424586865991],[-107.44945426957835,36.92504079025434]]}},{"type":"Feature","properties":{"depth_ft":25,"elevation_ft":6060.0,"major":false},"geometry":{"type":"LineString","coordinates":[[-107.41990856070679,36.9240196975697],[-107.42039878902268,36.924126517910736],[-107.42244527969957,36.92537472026212],[-107.42278219400272,36.925932761774405]]}},{"type":"Feature","properties":{"depth_ft":25,"elevation_ft":6060.0,"major":false},"geometry":{"type":"LineString","coordinates":[[-107.61114444400772,36.92204083872159],[-107.608952103915,36.92357320488006],[-107.60573252783631,36.925297936012285]]}},{"type":"Feature","properties":{"depth_ft":25,"elevation_ft":6060.0,"major":false},"geometry":{"type":"LineString","coordinates":[[-107.41290091287456,36.92068047631371],[-107.41340248919775,36.92070553174131],[-107.4138770953623,36.92095864141168],[-107.4137693061058,36.92219447421969],[-107.4138967924259,36.92288170958578],[-107.41421991881174,36.923294921150294],[-107.41543897619546,36.923749172728684],[-107.41594904946581,36.924340135585226],[-107.4170766426023,36.92495325015776],[-107.41816858895623,36.92521696038006],[-107.4189235590543,36.92427292284377],[-107.41986206003612,36.924020748621686]]}},{"type":"Feature","properties":{"depth_ft":25,"elevation_ft":6060.0,"major":false},"geometry":{"type":"LineString","coordinates":[[-107.61238514573918,36.9209415012905],[-107.61184321946217,36.92163007029415],[-107.61121321042644,36.922015034055136]]}},{"type":"Feature","properties":{"depth_ft":25,"elevation_ft":6060.0,"major":false},"geometry":{"type":"LineString","coordinates":[[-107.4102207123365,36.92012153188894],[-107.41083969262198,36.92005773453134],[-107.41170781365335,36.92053889056265],[-107.4128826409105,36.92068041164297]]}},{"type":"Feature","properties":{"depth_ft":25,"elevation_ft":6060.0,"major":false},"geometry":{"type":"LineString","coordinates":[[-107.41167807954432,36.91928545912828],[-107.4094752428676,36.91928632372331],[-107.40776898951985,36.918453398641525],[-107.40605801656014,36.918473110594725],[-107.40366549764947,36.917993677705155],[-107.40280854096125,36.91826593456605],[-107.40193568341218,36.91816873458729],[-107.40263706044274,36.91833611456344],[-107.40434826610353,36.91827443065664],[-107.40576707511134,36.91886937185362],[-107.407764656107,36.919233246751865],[-107.40861584263243,36.920000265592044],[-107.40946995917038,36.92024098132113],[-107.41013307531288,36.92013872963663]]}},{"type":"Feature","properties":{"depth_ft":25,"elevation_ft":6060.0,"major":false},"geometry":{"type":"LineString","coordinates":[[-107.61637564116126,36.919122896073304],[-107.61666741254052,36.91796532633227]]}},{"type":"Feature","properties":{"depth_ft":25,"elevation_ft":6060.0,"major":false},"geometry":{"type":"LineString","coordinates":[[-107.61908659251645,36.917540912940815],[-107.61987498429852,36.917661396210384],[-107.61941761018727,36.917248499759]]}},{"type":"Feature","properties":{"depth_ft":25,"elevation_ft":6060.0,"major":false},"geometry":{"type":"LineString","coordinates":[[-107.61771006386186,36.91739443367056],[-107.61899321010816,36.9175224506153]]}},{"type":"Feature","properties":{"depth_ft":25,"elevation_ft":6060.0,"major":false},"geometry":{"type":"LineString","coordinates":[[-107.61335800289532,36.91701210154525],[-107.61324535645508,36.91808095181895]]}},{"type":"Feature","properties":{"depth_ft":25,"elevation_ft":6060.0,"major":false},"geometry":{"type":"LineString","coordinates":[[-107.61780246340612,36.91664294025556],[-107.61701380087986,36.91647262101586],[-107.61692121583818,36.91606986716173]]}},{"type":"Feature","properties":{"depth_ft":25,"elevation_ft":6060.0,"major":false},"geometry":{"type":"LineString","coordinates":[[-107.61737820081761,36.91338791843992],[-107.61770902249091,36.91260408307001]]}},{"type":"Feature","properties":{"depth_ft":25,"elevation_ft":6060.0,"major":false},"geometry":{"type":"LineString","coordinates":[[-107.61439936601757,36.91152037913804],[-107.61428792853863,36.91246753778464]]}},{"type":"Feature","properties":{"depth_ft":25,"elevation_ft":6060.0,"major":false},"geometry":{"type":"LineString","coordinates":[[-107.61776099333382,36.91130032952869],[-107.61777662749479,36.91015165811455]]}},{"type":"Feature","properties":{"depth_ft":25,"elevation_ft":6060.0,"major":false},"geometry":{"type":"LineString","coordinates":[[-107.45693034533596,36.90633614754825],[-107.4564536935498,36.90571731829105],[-107.4565948087841,36.904997379303396],[-107.45711000059225,36.90458552365886],[-107.45747517111646,36.903797547154106],[-107.4579426079874,36.90352430962132],[-107.45856005614176,36.902290039644434],[-107.4601515741809,36.90023468307021],[-107.4608970082299,36.89969194045171],[-107.46123830053499,36.89985612500236],[-107.46243673851683,36.89962421521813],[-107.46312258315213,36.89927925979416],[-107.463638542532,36.898693001915376],[-107.46447784923036,36.89847615256309]]}},{"type":"Feature","properties":{"depth_ft":25,"elevation_ft":6060.0,"major":false},"geometry":{"type":"LineString","coordinates":[[-107.61276611719111,36.90626633670388],[-107.61293648444307,36.90650719275202],[-107.61379132506332,36.906668560662624],[-107.6145314769147,36.90712103756983]]}},{"type":"Feature","properties":{"depth_ft":25,"elevation_ft":6060.0,"major":false},"geometry":{"type":"LineString","coordinates":[[-107.61687402443364,36.905393525584174],[-107.6155031243655,36.904192370870646],[-107.61486090774866,36.90391647527047]]}},{"type":"Feature","properties":{"depth_ft":25,"elevation_ft":6060.0,"major":false},"geometry":{"type":"LineString","coordinates":[[-107.61020624923114,36.90419460852089],[-107.61250562380312,36.90610985195941]]}},{"type":"Feature","properties":{"depth_ft":25,"elevation_ft":6060.0,"major":false},"geometry":{"type":"LineString","coordinates":[[-107.61308829642381,36.902927977778006],[-107.61248588998751,36.90240114385549],[-107.61263150687098,36.901989339686864],[-107.61239492641842,36.9017141834834],[-107.61244623782368,36.900207171671]]}},{"type":"Feature","properties":{"depth_ft":25,"elevation_ft":6060.0,"major":false},"geometry":{"type":"LineString","coordinates":[[-107.61244285336196,36.89972502540073],[-107.61232133588737,36.89910423911822],[-107.61172560473884,36.898553696215025],[-107.6114441477441,36.897042229115385],[-107.61057577810712,36.89566913792221]]}},{"type":"Feature","properties":{"depth_ft":25,"elevation_ft":6060.0,"major":false},"geometry":{"type":"LineString","coordinates":[[-107.46455632715067,36.898462784676354],[-107.46586556303859,36.89796971308877],[-107.46689173910738,36.897984223770194],[-107.46796672236539,36.89751181571511],[-107.47031708701392,36.89702802441598],[-107.47202736651569,36.89705110831231],[-107.47270970974724,36.89743629838758],[-107.47356592659347,36.89721940320922],[-107.47424750294309,36.89777025641612],[-107.47476328614191,36.897201313877055],[-107.47579174987084,36.896723630972],[-107.47647645003184,36.89660604695931],[-107.47835505285256,36.89534557873384],[-107.47956321213762,36.89485551182931],[-107.48018197207129,36.89507630666514],[-107.4807567126712,36.895668107729534],[-107.48178161095085,36.89595522061183],[-107.4828462430331,36.89659513283536],[-107.48375590580955,36.89824610772275],[-107.48450593521412,36.89864904639947],[-107.4846742458011,36.89924957777732],[-107.48481659850742,36.89866129739295],[-107.48419269400479,36.89771771669973]]}},{"type":"Feature","properties":{"depth_ft":25,"elevation_ft":6060.0,"major":false},"geometry":{"type":"LineString","coordinates":[[-107.48416868465306,36.89758785374335],[-107.48428086163464,36.89659935590787],[-107.48385190090255,36.89508715740376],[-107.48281394744787,36.89461744687569],[-107.4820747635515,36.8935709792681],[-107.48254183413655,36.89288556898247],[-107.48334559273586,36.89055561199727]]}},{"type":"Feature","properties":{"depth_ft":25,"elevation_ft":6060.0,"major":false},"geometry":{"type":"LineString","coordinates":[[-107.4561314198172,36.89488376341615],[-107.45634456567734,36.89610193110023],[-107.4554315258747,36.896923177691455],[-107.45531116406472,36.89747222606037],[-107.45106890388588,36.8999310931822],[-107.4501691167125,36.900752341186895],[-107.4487253981014,36.90143446504107],[-107.4485449108332,36.90157123833601],[-107.44872908490083,36.901983907677526],[-107.44845693197841,36.902395099384776],[-107.44732010098386,36.90321555721915],[-107.44685324805069,36.90328028486377],[-107.4465120629376,36.90309799455128],[-107.44616861571323,36.903363756245724],[-107.44481033591667,36.90526774061914],[-107.44508935184516,36.906230155671274],[-107.44494071019456,36.90650438494624],[-107.4451514835195,36.907603934080996],[-107.44450893545384,36.90911276545334],[-107.44401173312406,36.90952320960614],[-107.4433929563981,36.91158154197417],[-107.4428422362136,36.912541234953366],[-107.44113510814785,36.914183899925874],[-107.43920517186321,36.91500165683621],[-107.440463226667,36.91519108996221],[-107.44329599258624,36.916800803459424],[-107.44362644412406,36.917213959855985],[-107.44358672204686,36.9183126877952],[-107.44332552904312,36.91858654509929],[-107.44358605489755,36.92023568706246],[-107.44331700650066,36.92078423289717],[-107.44357009162114,36.92119713518159],[-107.44364289431611,36.92298301739997],[-107.44088939573597,36.92475959518878],[-107.43920685295467,36.926620719387834],[-107.43749498241024,36.92677993922827],[-107.43647175993326,36.9261224464116],[-107.43476016666308,36.92622948230277],[-107.43373166754392,36.92658894579852],[-107.4328718586165,36.927408328741535],[-107.43123577471499,36.928234915776194]]}},{"type":"Feature","properties":{"depth_ft":25,"elevation_ft":6060.0,"major":false},"geometry":{"type":"LineString","coordinates":[[-107.45548310525868,36.89420225502766],[-107.45578062648849,36.894314488375656],[-107.45611753827843,36.89485372288129]]}},{"type":"Feature","properties":{"depth_ft":25,"elevation_ft":6060.0,"major":false},"geometry":{"type":"LineString","coordinates":[[-107.45106160336974,36.89402468449955],[-107.45168865035268,36.89405760267046],[-107.45253593617542,36.89457884996232]]}},{"type":"Feature","properties":{"depth_ft":25,"elevation_ft":6060.0,"major":false},"geometry":{"type":"LineString","coordinates":[[-107.45250606919363,36.89344714486743],[-107.4516923083232,36.89332286834536],[-107.45032306531485,36.89352288745457],[-107.44914006942429,36.8931943399062]]}},{"type":"Feature","properties":{"depth_ft":25,"elevation_ft":6060.0,"major":false},"geometry":{"type":"LineString","coordinates":[[-107.4491158841901,36.89318489821397],[-107.44844482152668,36.89290626322272],[-107.4477994081323,36.89209113454038],[-107.44831036838332,36.89319165433808],[-107.44997836411247,36.89405066783824],[-107.4508005870825,36.89405029837645]]}},{"type":"Feature","properties":{"depth_ft":25,"elevation_ft":6060.0,"major":false},"geometry":{"type":"LineString","coordinates":[[-107.60870233075804,36.89205549204509],[-107.6087051947821,36.89107804135064]]}},{"type":"Feature","properties":{"depth_ft":25,"elevation_ft":6060.0,"major":false},"geometry":{"type":"LineString","coordinates":[[-107.45461303274465,36.89064964001807],[-107.45477080407558,36.89128940144587],[-107.45452802525698,36.89252484909112],[-107.4541887915627,36.893210556673445],[-107.45341482301147,36.89360921234859]]}},{"type":"Feature","properties":{"depth_ft":25,"elevation_ft":6060.0,"major":false},"geometry":{"type":"LineString","coordinates":[[-107.48355038223956,36.89025273047679],[-107.4844134699565,36.88890769534537],[-107.48609462446895,36.88776471705826],[-107.48791263462006,36.886033396830655],[-107.48825566807112,36.886034393457834],[-107.48808373925414,36.88672068506463],[-107.48832197535775,36.886850514178704],[-107.48917965532456,36.88627149333953],[-107.49037788511828,36.886019904877315],[-107.49048887337129,36.88590349924226],[-107.49027770186086,36.88576553158457],[-107.4905211565884,36.885079443003264],[-107.49181040723244,36.884533722238366],[-107.49280068131634,36.8834376979102],[-107.49298359350755,36.882358827436974]]}},{"type":"Feature","properties":{"depth_ft":25,"elevation_ft":6060.0,"major":false},"geometry":{"type":"LineString","coordinates":[[-107.60888602753509,36.89043784878544],[-107.6098073919272,36.889621805194345],[-107.6099035425445,36.88948462748686],[-107.60967666973741,36.889346842154765]]}},{"type":"Feature","properties":{"depth_ft":25,"elevation_ft":6060.0,"major":false},"geometry":{"type":"LineString","coordinates":[[-107.48210863473308,36.88592800688837],[-107.47996558288435,36.88779568676469],[-107.4783904496872,36.88956943316559],[-107.47730992482943,36.889848131403255],[-107.47724937167604,36.890672098349114],[-107.47686840880046,36.89135774635096],[-107.47598680233436,36.89157245565966],[-107.47444408593071,36.892315017160044],[-107.47393158216778,36.89219104074434],[-107.47273354912423,36.892368914099094],[-107.47136595448721,36.89223487699066],[-107.46897475902048,36.89156194050874],[-107.46521237842411,36.891519269818154],[-107.46332966118668,36.891814665482826],[-107.46041821537956,36.892633719205016],[-107.45904599219625,36.893451218568345],[-107.45836157259741,36.89351182643152],[-107.45750746533007,36.89329820897859],[-107.45597305918092,36.892309362937795],[-107.455265973799,36.890466830221506],[-107.4544489199211,36.88925108399125],[-107.45460301184183,36.89045590211262]]}},{"type":"Feature","properties":{"depth_ft":25,"elevation_ft":6060.0,"major":false},"geometry":{"type":"LineString","coordinates":[[-107.6015245645653,36.88604485401337],[-107.60153369772573,36.88724111958701],[-107.60290056702841,36.88766411432882],[-107.60326050746298,36.88809836586022],[-107.60329110694954,36.88892257634523],[-107.60262039479633,36.889470710119156],[-107.60340692666207,36.8898969472785],[-107.60365895136631,36.89153309942001],[-107.60441948253988,36.89318286843254],[-107.60476891115756,36.89332089952004],[-107.60459254531807,36.89376661232029],[-107.60578707425609,36.8946748449508],[-107.60593846999787,36.89565823641812],[-107.6076496266479,36.89785162713038]]}},{"type":"Feature","properties":{"depth_ft":25,"elevation_ft":6060.0,"major":false},"geometry":{"type":"LineString","coordinates":[[-107.60136991872542,36.88484836234859],[-107.60153501826991,36.88589506772523]]}},{"type":"Feature","properties":{"depth_ft":25,"elevation_ft":6060.0,"major":false},"geometry":{"type":"LineString","coordinates":[[-107.48395350883585,36.884236165836455],[-107.48268725642667,36.88492275515563],[-107.48234495873577,36.88498259890995],[-107.48200384430999,36.88478406862144],[-107.48196642375345,36.88516315323454]]}},{"type":"Feature","properties":{"depth_ft":25,"elevation_ft":6060.0,"major":false},"geometry":{"type":"LineString","coordinates":[[-107.49822900097627,36.883885183812595],[-107.49824874457137,36.88505939087745],[-107.49861621416018,36.884278370214744],[-107.49979720856389,36.88290894087417],[-107.50013925855542,36.882900879005355],[-107.50163782927956,36.88360005109831]]}},{"type":"Feature","properties":{"depth_ft":25,"elevation_ft":6060.0,"major":false},"geometry":{"type":"LineString","coordinates":[[-107.50169824616806,36.88361871387427],[-107.50335534195524,36.883628870121264]]}},{"type":"Feature","properties":{"depth_ft":25,"elevation_ft":6060.0,"major":false},"geometry":{"type":"LineString","coordinates":[[-107.50344587481028,36.88360508397429],[-107.50492669571183,36.883081191809]]}},{"type":"Feature","properties":{"depth_ft":25,"elevation_ft":6060.0,"major":false},"geometry":{"type":"LineString","coordinates":[[-107.48548562517148,36.88341651096588],[-107.48416678711548,36.884150112522434]]}},{"type":"Feature","properties":{"depth_ft":25,"elevation_ft":6060.0,"major":false},"geometry":{"type":"LineString","coordinates":[[-107.60128441023639,36.88308522178378],[-107.60134958960249,36.884781553827935]]}},{"type":"Feature","properties":{"depth_ft":25,"elevation_ft":6060.0,"major":false},"geometry":{"type":"LineString","coordinates":[[-107.60554264931118,36.882970006203685],[-107.60565657085121,36.882196559930016],[-107.60683571105791,36.88125113674996]]}},{"type":"Feature","properties":{"depth_ft":25,"elevation_ft":6060.0,"major":false},"geometry":{"type":"LineString","coordinates":[[-107.49295972536369,36.882274631371246],[-107.49286396535477,36.88192693790039],[-107.49313645331827,36.88098475668131]]}},{"type":"Feature","properties":{"depth_ft":25,"elevation_ft":6060.0,"major":false},"geometry":{"type":"LineString","coordinates":[[-107.49858274376487,36.88196049620172],[-107.49841057822167,36.88288922221346]]}},{"type":"Feature","properties":{"depth_ft":25,"elevation_ft":6060.0,"major":false},"geometry":{"type":"LineString","coordinates":[[-107.5058549118483,36.8816349132458],[-107.50646410317839,36.879492672731594],[-107.5063144173636,36.878471009892806]]}},{"type":"Feature","properties":{"depth_ft":25,"elevation_ft":6060.0,"major":false},"geometry":{"type":"LineString","coordinates":[[-107.60686304837662,36.881237354289006],[-107.60717192700533,36.88110058379162],[-107.60710745495852,36.88055102616345],[-107.60736959528316,36.88001290440168]]}},{"type":"Feature","properties":{"depth_ft":25,"elevation_ft":6060.0,"major":false},"geometry":{"type":"LineString","coordinates":[[-107.4931819215875,36.8807931419901],[-107.49325099341324,36.87986767091001],[-107.49382815053063,36.87924882668969],[-107.49468440477509,36.87896396435568],[-107.49583894401624,36.87905089827151]]}},{"type":"Feature","properties":{"depth_ft":25,"elevation_ft":6060.0,"major":false},"geometry":{"type":"LineString","coordinates":[[-107.48864038956584,36.88058277837916],[-107.48663049137762,36.88271953026573]]}},{"type":"Feature","properties":{"depth_ft":25,"elevation_ft":6060.0,"major":false},"geometry":{"type":"LineString","coordinates":[[-107.60738085121821,36.87999311669897],[-107.60839997964821,36.87852095047707]]}},{"type":"Feature","properties":{"depth_ft":25,"elevation_ft":6060.0,"major":false},"geometry":{"type":"LineString","coordinates":[[-107.49714908572975,36.879387611156325],[-107.4980018483976,36.88001852974572],[-107.49869447976262,36.881668782556964],[-107.4986046083799,36.88188893492494]]}},{"type":"Feature","properties":{"depth_ft":25,"elevation_ft":6060.0,"major":false},"geometry":{"type":"LineString","coordinates":[[-107.51789105248874,36.87938619447804],[-107.5191053714462,36.878865884576875]]}},{"type":"Feature","properties":{"depth_ft":25,"elevation_ft":6060.0,"major":false},"geometry":{"type":"LineString","coordinates":[[-107.50118085437995,36.87931034211405],[-107.49966334195112,36.87742406102468]]}},{"type":"Feature","properties":{"depth_ft":25,"elevation_ft":6060.0,"major":false},"geometry":{"type":"LineString","coordinates":[[-107.51922534969056,36.87884029469085],[-107.52085014234639,36.87824406461318],[-107.52153202422521,36.87876232274552],[-107.52204065203631,36.87983833001851],[-107.522179980878,36.879534859771645],[-107.52204960898085,36.8776314256681],[-107.52273461110597,36.877379824637956],[-107.52376054182807,36.87738994840173],[-107.52418454365679,36.876792920724284],[-107.52581937850526,36.87567057631626],[-107.5294046703753,36.87433393024933],[-107.5292351233451,36.873784061979954],[-107.5295460780477,36.87309806393666],[-107.52979717542257,36.87296134683095],[-107.52995467628037,36.871862879525],[-107.53032877839263,36.871039681643616],[-107.530953285447,36.87062919598539],[-107.53098803124334,36.86747003282779],[-107.53115449592002,36.866646303307135],[-107.53145759055259,36.86623499702935],[-107.53132960347415,36.865959954230334],[-107.53170769355275,36.865411478943024],[-107.53153764876868,36.863648081012926]]}},{"type":"Feature","properties":{"depth_ft":25,"elevation_ft":6060.0,"major":false},"geometry":{"type":"LineString","coordinates":[[-107.48749569567623,36.87833239711636],[-107.48698890299512,36.87833864385605],[-107.48750294260344,36.8788573428764],[-107.48892788296594,36.87958050421967],[-107.48869262019494,36.88048436266928]]}},{"type":"Feature","properties":{"depth_ft":25,"elevation_ft":6060.0,"major":false},"geometry":{"type":"LineString","coordinates":[[-107.50631542239027,36.87823528943713],[-107.50650194911366,36.8775697584774],[-107.50700383584896,36.87719521492198],[-107.50837234363195,36.87706550125957],[-107.50939728779649,36.877307686181325],[-107.50990891060644,36.87763076577534],[-107.51024574560401,36.878854914394054],[-107.51110259787806,36.878412237590915],[-107.51468845879165,36.87963667219588],[-107.51656899538374,36.87974956659169],[-107.51727840488482,36.879502334724954]]}},{"type":"Feature","properties":{"depth_ft":25,"elevation_ft":6060.0,"major":false},"geometry":{"type":"LineString","coordinates":[[-107.50236379500578,36.87757560957041],[-107.50267496289783,36.87838332293725],[-107.50278048488283,36.8801692759658],[-107.502371782298,36.880716591422576],[-107.50192641567287,36.880495178564104]]}},{"type":"Feature","properties":{"depth_ft":25,"elevation_ft":6060.0,"major":false},"geometry":{"type":"LineString","coordinates":[[-107.49842242579133,36.876558078312634],[-107.49743393799572,36.87586886878889],[-107.4955556596793,36.87527135848789],[-107.49470126274356,36.87514559048968],[-107.4931705980408,36.87546421175956]]}},{"type":"Feature","properties":{"depth_ft":25,"elevation_ft":6060.0,"major":false},"geometry":{"type":"LineString","coordinates":[[-107.51346932549652,36.87632361264186],[-107.51248152714305,36.87579477142258],[-107.50838417904167,36.87427170684716],[-107.50804173383969,36.87438222987683],[-107.50650430314062,36.87403817455274],[-107.50493103546135,36.87426882373573],[-107.50325117622052,36.87505145129251],[-107.5025625745071,36.87612791238243]]}},{"type":"Feature","properties":{"depth_ft":25,"elevation_ft":6060.0,"major":false},"geometry":{"type":"LineString","coordinates":[[-107.50252570839858,36.87621448679038],[-107.50236851339024,36.877269026311325]]}},{"type":"Feature","properties":{"depth_ft":25,"elevation_ft":6060.0,"major":false},"geometry":{"type":"LineString","coordinates":[[-107.6119016212539,36.87622486006231],[-107.61336498645174,36.87640772753149],[-107.61362774968772,36.876305136576605],[-107.61341957582242,36.876167392698214]]}},{"type":"Feature","properties":{"depth_ft":25,"elevation_ft":6060.0,"major":false},"geometry":{"type":"LineString","coordinates":[[-107.6132808751438,36.8760988576491],[-107.61219635556127,36.87547832864488]]}},{"type":"Feature","properties":{"depth_ft":25,"elevation_ft":6060.0,"major":false},"geometry":{"type":"LineString","coordinates":[[-107.49313991671393,36.875471883543774],[-107.49110449337364,36.876485156753205],[-107.49010025164306,36.877523520202494],[-107.48940548376127,36.877933586808815],[-107.48921543192428,36.87829892375953],[-107.48837082991412,36.878471058673114]]}},{"type":"Feature","properties":{"depth_ft":25,"elevation_ft":6060.0,"major":false},"geometry":{"type":"LineString","coordinates":[[-107.6111910433572,36.87448008712893],[-107.61195630243473,36.87382957512375],[-107.61186366107476,36.87357833919816]]}},{"type":"Feature","properties":{"depth_ft":25,"elevation_ft":6060.0,"major":false},"geometry":{"type":"LineString","coordinates":[[-107.60298130044826,36.86654639248951],[-107.60415965562177,36.86692969515363],[-107.60685422859316,36.8702235143778]]}},{"type":"Feature","properties":{"depth_ft":25,"elevation_ft":6060.0,"major":false},"geometry":{"type":"LineString","coordinates":[[-107.60330994171917,36.865212525497064],[-107.60329329445183,36.86584630250179],[-107.6019197943111,36.86639307248181],[-107.60284849927643,36.866532236081866]]}},{"type":"Feature","properties":{"depth_ft":25,"elevation_ft":6060.0,"major":false},"geometry":{"type":"LineString","coordinates":[[-107.51937246733537,36.864284011003065],[-107.5210740100328,36.86525558882963],[-107.52210307460925,36.86445299507045],[-107.52374636267032,36.86415477930681],[-107.52432862261888,36.86371191276734],[-107.52552402841577,36.86404795254037],[-107.52585788036151,36.865259131077934],[-107.52557384328182,36.86580783125804],[-107.52578423230757,36.866495169892666],[-107.52516945393121,36.86719630864931],[-107.5252464092158,36.86800472364646],[-107.52494402351243,36.86841601572041],[-107.52535910855275,36.86910388575854],[-107.52482597068537,36.86951457929428],[-107.52481547696877,36.86992662823119],[-107.52412816298447,36.8710314926792],[-107.52206733328534,36.87326361797935],[-107.52162673560396,36.87403906794034],[-107.52032924315306,36.87513452663644],[-107.51949585255906,36.875544404547796],[-107.51919118613095,36.875955675315886],[-107.51846472432403,36.87616314290178],[-107.51778128213348,36.87603481388937],[-107.51783563079405,36.87650151865573],[-107.51658071467996,36.8769118709071],[-107.51504207838771,36.87683683230369],[-107.51355515770679,36.876352719619874]]}},{"type":"Feature","properties":{"depth_ft":25,"elevation_ft":6060.0,"major":false},"geometry":{"type":"LineString","coordinates":[[-107.60963796191098,36.86446242318546],[-107.60917745650974,36.86370010600698]]}},{"type":"Feature","properties":{"depth_ft":25,"elevation_ft":6060.0,"major":false},"geometry":{"type":"LineString","coordinates":[[-107.54005811916511,36.863520632029186],[-107.5409079437021,36.86483216346533],[-107.54090109345785,36.86653332444727],[-107.54232698879179,36.8674983360874],[-107.54217499911424,36.86873419327359],[-107.54165044308883,36.86928234230911],[-107.54160182572272,36.86996901692086],[-107.54395956725708,36.87167054780765],[-107.54343558727038,36.87066029775583],[-107.54259621870453,36.86969673599566],[-107.54344968787979,36.868187873781956],[-107.54383738895365,36.86805145991418],[-107.54395241103043,36.867502304667475],[-107.54346302785807,36.86732759035165],[-107.5432940558972,36.86679822237967],[-107.54219793256159,36.866124431493034],[-107.54233167146222,36.86557532349814],[-107.5421294721535,36.86447595711564],[-107.5411846722516,36.862413254678614],[-107.54092252951075,36.861004236909]]}},{"type":"Feature","properties":{"depth_ft":25,"elevation_ft":6060.0,"major":false},"geometry":{"type":"LineString","coordinates":[[-107.60912765128145,36.86357600125387],[-107.6089310321569,36.862697820523785],[-107.60844828040236,36.86204430081307],[-107.60814455537856,36.86107643142555]]}},{"type":"Feature","properties":{"depth_ft":25,"elevation_ft":6060.0,"major":false},"geometry":{"type":"LineString","coordinates":[[-107.56538190914219,36.86341516790814],[-107.56454517961556,36.86139496647099]]}},{"type":"Feature","properties":{"depth_ft":25,"elevation_ft":6060.0,"major":false},"geometry":{"type":"LineString","coordinates":[[-107.56467244300548,36.86329711455359],[-107.56392342418654,36.86562622580998],[-107.56412353470613,36.866176115015364],[-107.5638111454475,36.8666637662906],[-107.56489302259955,36.866177855404175],[-107.56444104887301,36.86562739796078],[-107.5653610258272,36.86347480782989]]}},{"type":"Feature","properties":{"depth_ft":25,"elevation_ft":6060.0,"major":false},"geometry":{"type":"LineString","coordinates":[[-107.5393781336698,36.86250970180782],[-107.54005122774275,36.86350374621484]]}},{"type":"Feature","properties":{"depth_ft":25,"elevation_ft":6060.0,"major":false},"geometry":{"type":"LineString","coordinates":[[-107.6024275701516,36.862165411715964],[-107.60274503590297,36.86309805822],[-107.6024286519028,36.86378423961083],[-107.60313213713482,36.8644651060332]]}},{"type":"Feature","properties":{"depth_ft":25,"elevation_ft":6060.0,"major":false},"geometry":{"type":"LineString","coordinates":[[-107.56365718432588,36.86182342503783],[-107.5646580583196,36.86313912934382]]}},{"type":"Feature","properties":{"depth_ft":25,"elevation_ft":6060.0,"major":false},"geometry":{"type":"LineString","coordinates":[[-107.52278279562454,36.86167980589366],[-107.52177128815933,36.861953831898596],[-107.52113108997155,36.86167547901723],[-107.52048543079363,36.86057491011839],[-107.519898170028,36.86012927704819],[-107.51819177985975,36.859355326456644],[-107.5169960183645,36.85913113515818],[-107.5163044339175,36.85919024302137],[-107.51633672909524,36.8590529702137],[-107.517668481396,36.85865513417382]]}},{"type":"Feature","properties":{"depth_ft":25,"elevation_ft":6060.0,"major":false},"geometry":{"type":"LineString","coordinates":[[-107.53191779869664,36.861108493169205],[-107.53272126278208,36.85978968438523],[-107.53320482491002,36.85950883508746],[-107.53323694904884,36.85906897314369],[-107.53358008768376,36.85875411998154],[-107.5348524671509,36.85841411181106],[-107.53563449323515,36.85799099160513],[-107.53648830719285,36.85823576353189],[-107.53751015708481,36.85787554146309]]}},{"type":"Feature","properties":{"depth_ft":25,"elevation_ft":6060.0,"major":false},"geometry":{"type":"LineString","coordinates":[[-107.54094729597962,36.86088219697016],[-107.54094664032745,36.8596808109829]]}},{"type":"Feature","properties":{"depth_ft":25,"elevation_ft":6060.0,"major":false},"geometry":{"type":"LineString","coordinates":[[-107.56437232741665,36.86038649774168],[-107.56438633385656,36.85999555433771],[-107.563898706759,36.85921964420447]]}},{"type":"Feature","properties":{"depth_ft":25,"elevation_ft":6060.0,"major":false},"geometry":{"type":"LineString","coordinates":[[-107.5409280717786,36.859549523686134],[-107.54121449232301,36.858017839866584],[-107.54097906173281,36.8573647487176]]}},{"type":"Feature","properties":{"depth_ft":25,"elevation_ft":6060.0,"major":false},"geometry":{"type":"LineString","coordinates":[[-107.60871293615212,36.85967550645266],[-107.60931087510717,36.85937635312301],[-107.60997320383703,36.85871636665179],[-107.60931849554446,36.85857777534761]]}},{"type":"Feature","properties":{"depth_ft":25,"elevation_ft":6060.0,"major":false},"geometry":{"type":"LineString","coordinates":[[-107.56212740768308,36.85931324802288],[-107.56333795545328,36.86040525484894],[-107.5634243930072,36.860764859244924]]}},{"type":"Feature","properties":{"depth_ft":25,"elevation_ft":6060.0,"major":false},"geometry":{"type":"LineString","coordinates":[[-107.56383758203792,36.859135925720366],[-107.56384451033824,36.85716262253393]]}},{"type":"Feature","properties":{"depth_ft":25,"elevation_ft":6060.0,"major":false},"geometry":{"type":"LineString","coordinates":[[-107.51340678339811,36.85893661263514],[-107.51345083621139,36.85918259785009],[-107.51323413493041,36.859342883607425],[-107.51118146333684,36.85963149122251],[-107.51049657344166,36.85988522640504],[-107.50947078088423,36.85989832244944],[-107.50895931467953,36.85956646694036],[-107.50827602620016,36.859440493187634],[-107.50639485576485,36.859596161398485],[-107.50589054736079,36.85984880608535],[-107.50770037207374,36.85999113683014],[-107.50895379946174,36.86087141170298],[-107.51032233910206,36.86066413825085],[-107.51117669939812,36.86076645471707],[-107.51391272796593,36.86059886095223],[-107.51435860646583,36.860970703138264],[-107.51561894289308,36.86141132713502],[-107.51732925702248,36.861237029366606],[-107.51771236407895,36.86152909137586],[-107.51648215106721,36.86276204819098],[-107.5165156368703,36.86344893168744],[-107.51783012042033,36.86415947510661],[-107.51913718001786,36.864280043454315]]}},{"type":"Feature","properties":{"depth_ft":25,"elevation_ft":6060.0,"major":false},"geometry":{"type":"LineString","coordinates":[[-107.51768942639272,36.85864449311432],[-107.51836878290051,36.857881493278086]]}},{"type":"Feature","properties":{"depth_ft":25,"elevation_ft":6060.0,"major":false},"geometry":{"type":"LineString","coordinates":[[-107.56161730184114,36.858533704600596],[-107.56210673921068,36.85928689763351]]}},{"type":"Feature","properties":{"depth_ft":25,"elevation_ft":6060.0,"major":false},"geometry":{"type":"LineString","coordinates":[[-107.52486445407214,36.858388611619816],[-107.52469144722514,36.85851628453448],[-107.52446728857367,36.85838758027464],[-107.5246925876074,36.858232685157034],[-107.52486445407214,36.858388611619816]]}},{"type":"Feature","properties":{"depth_ft":25,"elevation_ft":6060.0,"major":false},"geometry":{"type":"LineString","coordinates":[[-107.55740768471738,36.85833125035589],[-107.55922536419033,36.858138784386455],[-107.56145008162302,36.857479771423066],[-107.56141564865598,36.85790194395668]]}},{"type":"Feature","properties":{"depth_ft":25,"elevation_ft":6060.0,"major":false},"geometry":{"type":"LineString","coordinates":[[-107.53769328896439,36.857877345483594],[-107.53886146158966,36.858149392972585],[-107.53860285677233,36.85952234230168],[-107.53898987223077,36.86007273731291],[-107.53934994776785,36.862385703467346]]}},{"type":"Feature","properties":{"depth_ft":25,"elevation_ft":6060.0,"major":false},"geometry":{"type":"LineString","coordinates":[[-107.60811849067193,36.857909552357945],[-107.6076381804993,36.856812485358525]]}},{"type":"Feature","properties":{"depth_ft":25,"elevation_ft":6060.0,"major":false},"geometry":{"type":"LineString","coordinates":[[-107.51239416480655,36.857261627496676],[-107.5130710198146,36.85746396542936],[-107.51380315065076,36.857397879125905],[-107.51340950383448,36.858283940662325]]}},{"type":"Feature","properties":{"depth_ft":25,"elevation_ft":6060.0,"major":false},"geometry":{"type":"LineString","coordinates":[[-107.54096804716602,36.85730518818715],[-107.5419672798069,36.855999934737476]]}},{"type":"Feature","properties":{"depth_ft":25,"elevation_ft":6060.0,"major":false},"geometry":{"type":"LineString","coordinates":[[-107.56385144456212,36.85669347569413],[-107.56513842855706,36.855464402052725],[-107.56590325290053,36.85505642408035]]}},{"type":"Feature","properties":{"depth_ft":25,"elevation_ft":6060.0,"major":false},"geometry":{"type":"LineString","coordinates":[[-107.52741545563381,36.85511850219174],[-107.52709604775279,36.855695210505885],[-107.52675334104843,36.855898717387696],[-107.52572779835404,36.85586333600412],[-107.5250433014991,36.85603950768107],[-107.52299259042161,36.85587588315155],[-107.52198263018035,36.85645807209596],[-107.52185206026421,36.857144525088394],[-107.52213834644469,36.857832069919255],[-107.52298159970248,36.858594240240215],[-107.52390048993131,36.85879818307094],[-107.52357605250786,36.86085772228762],[-107.5228230151287,36.8616600071471]]}},{"type":"Feature","properties":{"depth_ft":25,"elevation_ft":6060.0,"major":false},"geometry":{"type":"LineString","coordinates":[[-107.56590779891762,36.855050421782586],[-107.56641750273435,36.85465012573142],[-107.56777346623825,36.8543714443225],[-107.5675072364793,36.85409613080728],[-107.5674032371648,36.85327174274942],[-107.5674499487223,36.85269337440245],[-107.56779310217081,36.852325460615404]]}},{"type":"Feature","properties":{"depth_ft":25,"elevation_ft":6060.0,"major":false},"geometry":{"type":"LineString","coordinates":[[-107.51456734073989,36.85465275083732],[-107.51393674289064,36.85482782635903],[-107.51411182925307,36.85383190754032]]}},{"type":"Feature","properties":{"depth_ft":25,"elevation_ft":6060.0,"major":false},"geometry":{"type":"LineString","coordinates":[[-107.51578868005303,36.854632504067744],[-107.51463483772564,36.85464204910143]]}},{"type":"Feature","properties":{"depth_ft":25,"elevation_ft":6060.0,"major":false},"geometry":{"type":"LineString","coordinates":[[-107.51167416197202,36.853856452759764],[-107.51148682434724,36.8550565271973],[-107.51169886180256,36.85587223911921]]}},{"type":"Feature","properties":{"depth_ft":25,"elevation_ft":6060.0,"major":false},"geometry":{"type":"LineString","coordinates":[[-107.54340581187414,36.853851940563],[-107.54385739231658,36.853430914579256],[-107.54488452170436,36.853037707806024],[-107.54676475608822,36.8530693244551],[-107.54727528564057,36.8536849835988],[-107.54796066518745,36.853252076424404],[-107.54830217401292,36.85335291760254],[-107.5500314974405,36.85474256201339],[-107.54984154181058,36.855978341448136],[-107.54947862625863,36.85638955274899],[-107.54961003974732,36.856527225606115],[-107.55085693705254,36.855897901401164],[-107.55116951611215,36.855981501121754],[-107.55125669819391,36.85653114455211],[-107.55069951019098,36.857491334799214],[-107.55238532344116,36.85866868405214],[-107.55256677874777,36.859418787132604],[-107.55238028388717,36.86004543785295],[-107.55322409846524,36.85969505606162],[-107.55316530636328,36.85804660860385],[-107.55277265259484,36.85735888697129],[-107.55290405261198,36.857062534662454],[-107.55353981519848,36.85722333610051],[-107.55426897438423,36.85779946987798],[-107.55478200734521,36.85775051509393],[-107.55629996821295,36.85832867384395]]}},{"type":"Feature","properties":{"depth_ft":25,"elevation_ft":6060.0,"major":false},"geometry":{"type":"LineString","coordinates":[[-107.51411186862778,36.8538224385012],[-107.51411570411703,36.852900038496216]]}},{"type":"Feature","properties":{"depth_ft":25,"elevation_ft":6060.0,"major":false},"geometry":{"type":"LineString","coordinates":[[-107.52874292107143,36.85351094851499],[-107.52761282603798,36.85470656526725]]}},{"type":"Feature","properties":{"depth_ft":25,"elevation_ft":6060.0,"major":false},"geometry":{"type":"LineString","coordinates":[[-107.60643338926896,36.853617939322135],[-107.60659636169122,36.85234346518152]]}},{"type":"Feature","properties":{"depth_ft":25,"elevation_ft":6060.0,"major":false},"geometry":{"type":"LineString","coordinates":[[-107.53126736739657,36.85277333324792],[-107.5300433921996,36.85302028490144]]}},{"type":"Feature","properties":{"depth_ft":25,"elevation_ft":6060.0,"major":false},"geometry":{"type":"LineString","coordinates":[[-107.5139464743581,36.852488784639576],[-107.5136208724522,36.851500723989226]]}},{"type":"Feature","properties":{"depth_ft":25,"elevation_ft":6060.0,"major":false},"geometry":{"type":"LineString","coordinates":[[-107.51363483220163,36.85064869316725],[-107.51389309459837,36.84998073190481],[-107.51381473285052,36.84945242838601]]}},{"type":"Feature","properties":{"depth_ft":25,"elevation_ft":6060.0,"major":false},"geometry":{"type":"LineString","coordinates":[[-107.5523243595011,36.85014108344713],[-107.55074396081747,36.849387248140935]]}},{"type":"Feature","properties":{"depth_ft":25,"elevation_ft":6060.0,"major":false},"geometry":{"type":"LineString","coordinates":[[-107.51378850679163,36.84937205313261],[-107.51350702045636,36.848880820617204],[-107.51297195306223,36.84860466154405]]}},{"type":"Feature","properties":{"depth_ft":25,"elevation_ft":6060.0,"major":false},"geometry":{"type":"LineString","coordinates":[[-107.55068261032241,36.849365059988365],[-107.54971770978575,36.848972726292416]]}},{"type":"Feature","properties":{"depth_ft":25,"elevation_ft":6060.0,"major":false},"geometry":{"type":"LineString","coordinates":[[-107.5687901805106,36.84904872065668],[-107.56986094255119,36.84749842584236],[-107.57071472096791,36.84775164745664],[-107.57105741642708,36.84750673707376],[-107.57179944361889,36.84778712312585],[-107.57208084937506,36.84813587472656],[-107.57267243807622,36.84765168111017],[-107.57280385505956,36.84696517216425],[-107.57311165578186,36.84659424798574],[-107.5739658832349,36.84671474976505],[-107.57447997635767,36.84632565648313],[-107.57533476781737,36.846278048983564],[-107.57584862566796,36.84595618182232],[-107.57606997640995,36.84642284738112],[-107.5769711825384,36.84697423194115],[-107.57686355767436,36.847386078063295],[-107.57720994103266,36.847781589585445],[-107.57819516983517,36.84793838106286],[-107.57813365505802,36.847526170789635],[-107.57869109723745,36.84684056901886],[-107.57923731320889,36.846567018883384],[-107.57923191564716,36.846154929007106],[-107.57846248457977,36.845054406211744],[-107.57807412846229,36.84491183727645],[-107.57756104127522,36.84500722093457],[-107.57739062489279,36.84485510214673],[-107.57768433447724,36.844091219016526],[-107.57738131747776,36.84354112902002],[-107.57825496920577,36.84192596883568],[-107.57974019026715,36.8412110719707],[-107.57969325259289,36.84024945479461],[-107.58014246355437,36.83967741563429],[-107.5807802692282,36.839702330505716],[-107.58133637193875,36.840430961314425],[-107.58219303740796,36.83978889057454],[-107.58287673322685,36.83977395839332],[-107.58300390642748,36.84011911215073],[-107.58276256139865,36.840805401701154],[-107.5830438098551,36.840950847510115],[-107.58424228689555,36.8403105959752],[-107.58561061477934,36.8399930204402],[-107.58680632345917,36.84020396495247],[-107.58731654669582,36.84098912004442],[-107.58817326875932,36.840315650011206],[-107.58868620563598,36.84025350425637],[-107.58935322801668,36.8405443904647],[-107.59000617430527,36.8410951670629],[-107.59022036348476,36.84153543660118],[-107.59071022639449,36.84123396556417],[-107.59069186424047,36.84054713005603],[-107.59130230004287,36.84027365510293],[-107.59330156596754,36.84002520321452],[-107.59432670797518,36.84013192149958],[-107.59466793952669,36.84032296036879],[-107.59493251828017,36.83959419181444],[-107.59771927400652,36.83781407145109],[-107.59980779594241,36.83622280267886],[-107.59994229119626,36.83603277973422],[-107.59972794944863,36.835757639287124],[-107.60032479661346,36.83480881008583]]}},{"type":"Feature","properties":{"depth_ft":25,"elevation_ft":6060.0,"major":false},"geometry":{"type":"LineString","coordinates":[[-107.51291344783816,36.84858547708232],[-107.51208268913228,36.84853301173656],[-107.51105572751828,36.848860831662776],[-107.51063331779659,36.84846097703922],[-107.51042605017884,36.847498900005476],[-107.50967366876777,36.84694741720421],[-107.50986817543571,36.84673163664921],[-107.51051571135332,36.84656725264129]]}},{"type":"Feature","properties":{"depth_ft":25,"elevation_ft":6060.0,"major":false},"geometry":{"type":"LineString","coordinates":[[-107.54812420867306,36.84853681574034],[-107.54575796846692,36.84803432538201],[-107.54528352808246,36.84810687249027]]}},{"type":"Feature","properties":{"depth_ft":25,"elevation_ft":6060.0,"major":false},"geometry":{"type":"LineString","coordinates":[[-107.54432007143147,36.84813557048717],[-107.54302249010888,36.84819266246071],[-107.53959990383056,36.8492330126107],[-107.53805815127319,36.8501064311263],[-107.5381382804066,36.85059284719805],[-107.53779044244624,36.851004060555475],[-107.53685504775282,36.85180563765566],[-107.53514169580617,36.85282738179494],[-107.53313359352947,36.852743622732184]]}},{"type":"Feature","properties":{"depth_ft":25,"elevation_ft":6060.0,"major":false},"geometry":{"type":"LineString","coordinates":[[-107.5105878191419,36.84656614461119],[-107.51129980723485,36.846265037330234],[-107.51158645950856,36.845444568778156]]}},{"type":"Feature","properties":{"depth_ft":25,"elevation_ft":6060.0,"major":false},"geometry":{"type":"LineString","coordinates":[[-107.5077656281988,36.846298213049266],[-107.50767845301424,36.847766123392326],[-107.50834715099691,36.848042671667955],[-107.50850391915819,36.84831781845554],[-107.50737291716081,36.8484520818134],[-107.50752360340897,36.84872721319248],[-107.50834883052866,36.84914154947112],[-107.50763413246254,36.849559053611614],[-107.50712135311132,36.84955428191311],[-107.50718172971258,36.84996250788885],[-107.50746101377547,36.85007397912836],[-107.50865883888689,36.8497701962006],[-107.50912515114693,36.84983046489844],[-107.51036351600722,36.85087794475946],[-107.51104705692721,36.850926476201565],[-107.51138957392278,36.85077278857038],[-107.51153914672385,36.85160833988827]]}},{"type":"Feature","properties":{"depth_ft":25,"elevation_ft":6060.0,"major":false},"geometry":{"type":"LineString","coordinates":[[-107.60910808168397,36.84640840888351],[-107.60986370925811,36.845646826070634]]}},{"type":"Feature","properties":{"depth_ft":25,"elevation_ft":6060.0,"major":false},"geometry":{"type":"LineString","coordinates":[[-107.51158290157962,36.84542930341423],[-107.51155377289909,36.84502949193617],[-107.51199516981647,36.84470182213537]]}},{"type":"Feature","properties":{"depth_ft":25,"elevation_ft":6060.0,"major":false},"geometry":{"type":"LineString","coordinates":[[-107.564866170275,36.84519870457092],[-107.56355333134341,36.84708189884147],[-107.56216752215556,36.84795741618068],[-107.56153518002282,36.84776409865937],[-107.56080434047733,36.846757889755644],[-107.5602927436836,36.84642467544733],[-107.55960920826935,36.846376861656196],[-107.55875732115209,36.84560927357276],[-107.55864578933254,36.846109144993996],[-107.558952863143,36.84693401039912],[-107.56027399219016,36.84789856781934],[-107.56037327367852,36.848585592542825],[-107.56091255732743,36.84941098555594],[-107.56058793920441,36.85009703776201],[-107.56120602077688,36.85092261002359],[-107.55993168863388,36.85181754288368],[-107.55863922412993,36.85146614353031],[-107.55770684999236,36.852552501618334],[-107.55650926493405,36.8528310517955],[-107.55343934929489,36.85090632592711],[-107.55293149997014,36.850353943105205]]}},{"type":"Feature","properties":{"depth_ft":25,"elevation_ft":6060.0,"major":false},"geometry":{"type":"LineString","coordinates":[[-107.51215151214676,36.844619030582024],[-107.51316348566333,36.844347041765936],[-107.51319262310336,36.84420976096433],[-107.51265321853577,36.84407094790553]]}},{"type":"Feature","properties":{"depth_ft":25,"elevation_ft":6060.0,"major":false},"geometry":{"type":"LineString","coordinates":[[-107.51151504012955,36.84420523155916],[-107.51073417730105,36.844025822223124],[-107.50854660830929,36.84268620692793]]}},{"type":"Feature","properties":{"depth_ft":25,"elevation_ft":6060.0,"major":false},"geometry":{"type":"LineString","coordinates":[[-107.50359647163476,36.84407928398966],[-107.50468489342694,36.84423969680785]]}},{"type":"Feature","properties":{"depth_ft":25,"elevation_ft":6060.0,"major":false},"geometry":{"type":"LineString","coordinates":[[-107.56541222402326,36.844077457792146],[-107.56491227708258,36.84513198689734]]}},{"type":"Feature","properties":{"depth_ft":25,"elevation_ft":6060.0,"major":false},"geometry":{"type":"LineString","coordinates":[[-107.50697904006867,36.84392190929674],[-107.50851375561379,36.8443344284048],[-107.50956260286664,36.84529880420891],[-107.50781921209672,36.84622216347713]]}},{"type":"Feature","properties":{"depth_ft":25,"elevation_ft":6060.0,"major":false},"geometry":{"type":"LineString","coordinates":[[-107.50304659333734,36.84312924287979],[-107.5035193236486,36.84404595891425]]}},{"type":"Feature","properties":{"depth_ft":25,"elevation_ft":6060.0,"major":false},"geometry":{"type":"LineString","coordinates":[[-107.50813763026012,36.84265411491612],[-107.50612766037543,36.84206666559705],[-107.5047575756223,36.84271004661376],[-107.50440795392774,36.841713313335724],[-107.50345581541512,36.84102387871803]]}},{"type":"Feature","properties":{"depth_ft":25,"elevation_ft":6060.0,"major":false},"geometry":{"type":"LineString","coordinates":[[-107.50031449175769,36.84252957835659],[-107.50048398973975,36.84285711430982],[-107.50144256353714,36.842941305345676]]}},{"type":"Feature","properties":{"depth_ft":25,"elevation_ft":6060.0,"major":false},"geometry":{"type":"LineString","coordinates":[[-107.60471626724755,36.842247201725364],[-107.60406007884198,36.84302878337141]]}},{"type":"Feature","properties":{"depth_ft":25,"elevation_ft":6060.0,"major":false},"geometry":{"type":"LineString","coordinates":[[-107.49963599886809,36.841839123846356],[-107.50030997116662,36.84252240230133]]}},{"type":"Feature","properties":{"depth_ft":25,"elevation_ft":6060.0,"major":false},"geometry":{"type":"LineString","coordinates":[[-107.50333428342209,36.84097257819135],[-107.50254314540074,36.84096803558518],[-107.50151532560052,36.841508603577694],[-107.50134654214845,36.84101542390355]]}},{"type":"Feature","properties":{"depth_ft":25,"elevation_ft":6060.0,"major":false},"geometry":{"type":"LineString","coordinates":[[-107.6138272547519,36.84100417558378],[-107.61432186530382,36.840699863024625],[-107.61483436504594,36.84078493564133],[-107.6160314406074,36.840545729679796],[-107.61598005703601,36.8403213324763]]}},{"type":"Feature","properties":{"depth_ft":25,"elevation_ft":6060.0,"major":false},"geometry":{"type":"LineString","coordinates":[[-107.50224892092866,36.84060844587821],[-107.5030175412904,36.84033586525601],[-107.50212974472443,36.83999779306535]]}},{"type":"Feature","properties":{"depth_ft":25,"elevation_ft":6060.0,"major":false},"geometry":{"type":"LineString","coordinates":[[-107.60541614100785,36.84045412371664],[-107.60483817609139,36.84126195820361],[-107.60474644765915,36.84212415694956]]}},{"type":"Feature","properties":{"depth_ft":25,"elevation_ft":6060.0,"major":false},"geometry":{"type":"LineString","coordinates":[[-107.50203494415908,36.839915308143304],[-107.50189986861216,36.83923388003934],[-107.50108831828312,36.83813274005018],[-107.49982553536564,36.837049478827765],[-107.49843691408176,36.83633962912807],[-107.49777834411334,36.836208732632684],[-107.49658309503904,36.83660684486723]]}},{"type":"Feature","properties":{"depth_ft":25,"elevation_ft":6060.0,"major":false},"geometry":{"type":"LineString","coordinates":[[-107.61369661721216,36.83931186710445],[-107.61381598630213,36.838298638229]]}},{"type":"Feature","properties":{"depth_ft":25,"elevation_ft":6060.0,"major":false},"geometry":{"type":"LineString","coordinates":[[-107.49453503356668,36.83893840192748],[-107.49605877598995,36.83860780590938],[-107.49708712813538,36.83794546041767],[-107.49759995940674,36.837920444675426],[-107.49880790479556,36.838538423501426],[-107.49976500728016,36.83936526873237],[-107.49996946922542,36.840052638837726],[-107.49946602108497,36.84112247063226]]}},{"type":"Feature","properties":{"depth_ft":25,"elevation_ft":6060.0,"major":false},"geometry":{"type":"LineString","coordinates":[[-107.57072865872944,36.83886960333978],[-107.56988837211377,36.83950280752404],[-107.56903339816381,36.839624419857614],[-107.56820978228603,36.84077383919105],[-107.56823681045645,36.84132333760324],[-107.56786629100803,36.84187194892034],[-107.56658956993252,36.843242686165496],[-107.56542879540388,36.84405778244035]]}},{"type":"Feature","properties":{"depth_ft":25,"elevation_ft":6060.0,"major":false},"geometry":{"type":"LineString","coordinates":[[-107.61400997625792,36.83782776958733],[-107.61450384297599,36.83681650525854]]}},{"type":"Feature","properties":{"depth_ft":25,"elevation_ft":6060.0,"major":false},"geometry":{"type":"LineString","coordinates":[[-107.4965777829061,36.836609096558796],[-107.49589495299846,36.836994848084174],[-107.49543100096213,36.83623025357339]]}},{"type":"Feature","properties":{"depth_ft":25,"elevation_ft":6060.0,"major":false},"geometry":{"type":"LineString","coordinates":[[-107.49557793529858,36.83508213993196],[-107.49562840246277,36.834184492196734]]}},{"type":"Feature","properties":{"depth_ft":25,"elevation_ft":6060.0,"major":false},"geometry":{"type":"LineString","coordinates":[[-107.49337942143802,36.834920444514175],[-107.4936849968775,36.83432352193956],[-107.49385589139996,36.83432458826815],[-107.49409429523381,36.83495372358132],[-107.49371784506722,36.8360515240318],[-107.49435532809146,36.83728943435697]]}},{"type":"Feature","properties":{"depth_ft":25,"elevation_ft":6060.0,"major":false},"geometry":{"type":"LineString","coordinates":[[-107.48975211974255,36.834814302376934],[-107.49005563445618,36.835354209692234],[-107.49054658247287,36.835630344944086]]}},{"type":"Feature","properties":{"depth_ft":25,"elevation_ft":6060.0,"major":false},"geometry":{"type":"LineString","coordinates":[[-107.48700879146789,36.83424649851736],[-107.4890725132509,36.83392287689267],[-107.48958327684127,36.83435451147859],[-107.48974628131027,36.83479913142874]]}},{"type":"Feature","properties":{"depth_ft":25,"elevation_ft":6060.0,"major":false},"geometry":{"type":"LineString","coordinates":[[-107.49556595263631,36.83408149257881],[-107.49539986152564,36.832988555706315],[-107.49505663263719,36.83331476403872],[-107.49456329544168,36.833306747677526]]}},{"type":"Feature","properties":{"depth_ft":25,"elevation_ft":6060.0,"major":false},"geometry":{"type":"LineString","coordinates":[[-107.47833974784729,36.834055888936355],[-107.47864190525921,36.83367239503834],[-107.47967710901911,36.83305352297962],[-107.48053187002095,36.83299270137952],[-107.48121422568256,36.83326088418069],[-107.4823811077665,36.83302120103677]]}},{"type":"Feature","properties":{"depth_ft":25,"elevation_ft":6060.0,"major":false},"geometry":{"type":"LineString","coordinates":[[-107.60067116469558,36.834246230422174],[-107.60118366719614,36.833363763920154]]}},{"type":"Feature","properties":{"depth_ft":25,"elevation_ft":6060.0,"major":false},"geometry":{"type":"LineString","coordinates":[[-107.49095240193175,36.833921280685296],[-107.49058391325744,36.833295342646394],[-107.48964316310979,36.83274318921571]]}},{"type":"Feature","properties":{"depth_ft":25,"elevation_ft":6060.0,"major":false},"geometry":{"type":"LineString","coordinates":[[-107.57774175814045,36.83365201174204],[-107.57674375317808,36.83383386433389],[-107.5764024296664,36.83369228125983],[-107.5757172208001,36.834174220339925],[-107.57469085415535,36.83446265247972],[-107.57447305625152,36.83501853717324],[-107.57263181755842,36.836890075320134],[-107.57203848479847,36.83707360658085],[-107.57172237309956,36.83803442881614],[-107.57074516223257,36.838849162896565]]}},{"type":"Feature","properties":{"depth_ft":25,"elevation_ft":6060.0,"major":false},"geometry":{"type":"LineString","coordinates":[[-107.46706602343265,36.8333922023933],[-107.46788308627322,36.83351130996949],[-107.46867459330451,36.83314482334193]]}},{"type":"Feature","properties":{"depth_ft":25,"elevation_ft":6060.0,"major":false},"geometry":{"type":"LineString","coordinates":[[-107.58073430371707,36.8333836876689],[-107.57950447820225,36.83349814196688]]}},{"type":"Feature","properties":{"depth_ft":25,"elevation_ft":6060.0,"major":false},"geometry":{"type":"LineString","coordinates":[[-107.47424508791869,36.83324711897733],[-107.4759169786328,36.83314190698727],[-107.47652241591067,36.83421549068617],[-107.47710671968275,36.834551165627886],[-107.47777511284745,36.834493962223014],[-107.47830505627267,36.834109963667196]]}},{"type":"Feature","properties":{"depth_ft":25,"elevation_ft":6060.0,"major":false},"geometry":{"type":"LineString","coordinates":[[-107.61555408623866,36.83344031572881],[-107.61588272549402,36.8327042897469],[-107.61635167937993,36.83262986368681],[-107.61656595303675,36.832830820046134],[-107.61690905489979,36.83236613381643]]}},{"type":"Feature","properties":{"depth_ft":25,"elevation_ft":6060.0,"major":false},"geometry":{"type":"LineString","coordinates":[[-107.49400525825249,36.833146307313164],[-107.49334881817443,36.83305366614495],[-107.49283543055132,36.83321124607759],[-107.49232272424764,36.83412449910525],[-107.49180390688106,36.83459310204222],[-107.49112075291423,36.834493133101525],[-107.49097156120217,36.83399893404762]]}},{"type":"Feature","properties":{"depth_ft":25,"elevation_ft":6060.0,"major":false},"geometry":{"type":"LineString","coordinates":[[-107.48733481634865,36.83301121301833],[-107.48634218571267,36.83302720389364],[-107.4854898068844,36.83256278436776],[-107.4849822255151,36.83163145782939]]}},{"type":"Feature","properties":{"depth_ft":25,"elevation_ft":6060.0,"major":false},"geometry":{"type":"LineString","coordinates":[[-107.60137052732583,36.83300170820262],[-107.60204441343951,36.831284876861375]]}},{"type":"Feature","properties":{"depth_ft":25,"elevation_ft":6060.0,"major":false},"geometry":{"type":"LineString","coordinates":[[-107.48957333811056,36.832729153592624],[-107.4883943383808,36.832716090987105],[-107.48805341627435,36.83252269782],[-107.48783207825143,36.832875299621925],[-107.48737567331243,36.83300489440832]]}},{"type":"Feature","properties":{"depth_ft":25,"elevation_ft":6060.0,"major":false},"geometry":{"type":"LineString","coordinates":[[-107.48317272510535,36.83272430930132],[-107.48395231413407,36.832438610199006],[-107.48480200236105,36.833493753351966],[-107.48672577147434,36.83424567378186]]}},{"type":"Feature","properties":{"depth_ft":25,"elevation_ft":6060.0,"major":false},"geometry":{"type":"LineString","coordinates":[[-107.47830193026022,36.83257250523436],[-107.47745545575398,36.83305372995232],[-107.47694577930484,36.83240431838831],[-107.47643439964223,36.83212340312712],[-107.47558037084534,36.83202838603866],[-107.4740412122589,36.83226623459311],[-107.47353800393415,36.831463905267576]]}},{"type":"Feature","properties":{"depth_ft":25,"elevation_ft":6060.0,"major":false},"geometry":{"type":"LineString","coordinates":[[-107.60852092937212,36.83262615904819],[-107.60836078335397,36.83356237236359]]}},{"type":"Feature","properties":{"depth_ft":25,"elevation_ft":6060.0,"major":false},"geometry":{"type":"LineString","coordinates":[[-107.4726737695338,36.83232722383924],[-107.47319311414387,36.83310657779982],[-107.47418773040273,36.83326279423442]]}},{"type":"Feature","properties":{"depth_ft":25,"elevation_ft":6060.0,"major":false},"geometry":{"type":"LineString","coordinates":[[-107.47169108483958,36.83224387029259],[-107.47185360387697,36.83186627846384],[-107.47216394352469,36.83171925615316],[-107.47262506405947,36.832241227221495]]}},{"type":"Feature","properties":{"depth_ft":25,"elevation_ft":6060.0,"major":false},"geometry":{"type":"LineString","coordinates":[[-107.46906825940464,36.831995137039506],[-107.46771533355258,36.83285055810025],[-107.46737380762877,36.83279477530474],[-107.46675939587561,36.83226275969614],[-107.46579620928131,36.83074883309607],[-107.46416473989001,36.83033170058971],[-107.4640714441083,36.83005669209371],[-107.46431342103814,36.82951859543262]]}},{"type":"Feature","properties":{"depth_ft":25,"elevation_ft":6060.0,"major":false},"geometry":{"type":"LineString","coordinates":[[-107.47962087308395,36.83166525782692],[-107.4783379893329,36.83255192958132]]}},{"type":"Feature","properties":{"depth_ft":25,"elevation_ft":6060.0,"major":false},"geometry":{"type":"LineString","coordinates":[[-107.48498135112092,36.83162985319751],[-107.48464106707468,36.831298827885846],[-107.48395859422273,36.83105759031444],[-107.48206100976059,36.83203423290866],[-107.48139054652717,36.832076855617395],[-107.48074518367247,36.83175561928175]]}},{"type":"Feature","properties":{"depth_ft":25,"elevation_ft":6060.0,"major":false},"geometry":{"type":"LineString","coordinates":[[-107.47336270998942,36.83118286511288],[-107.47297229901622,36.830633439656765],[-107.47229671692818,36.830356671329284]]}},{"type":"Feature","properties":{"depth_ft":25,"elevation_ft":6060.0,"major":false},"geometry":{"type":"LineString","coordinates":[[-107.61637920356328,36.83123996221551],[-107.61571056208989,36.830843013427184],[-107.61566814420696,36.82891989676856],[-107.6158943799607,36.828586219240876],[-107.61725221737126,36.82851070617781],[-107.61675146064182,36.827647529833506],[-107.61567902285148,36.826859517048526],[-107.61555814266823,36.826447215704874],[-107.61689773993344,36.825350781437926],[-107.61558210818377,36.82452421916206],[-107.61542891840365,36.824111858359416],[-107.61573802806619,36.82345315038205],[-107.61454259450518,36.8232088966882],[-107.61380255574177,36.82246054592434],[-107.61347149628621,36.82149841351782],[-107.61352342814793,36.82108173396994],[-107.6149621389197,36.820402279239666],[-107.61403888631756,36.82008376720907],[-107.61343966574903,36.81916323220258],[-107.61341186133461,36.81833901969776],[-107.61378373896592,36.81792762627881],[-107.61355340095893,36.817103039530444],[-107.6131935024854,36.816956445827316],[-107.61285110482059,36.81719194151975],[-107.61217227405871,36.81558756414113],[-107.61183064258682,36.81555818327143],[-107.61101488626113,36.815037917229944],[-107.60874933750492,36.812011733842546],[-107.6082656677508,36.810781860335446]]}},{"type":"Feature","properties":{"depth_ft":25,"elevation_ft":6060.0,"major":false},"geometry":{"type":"LineString","coordinates":[[-107.60229487677425,36.83075502555657],[-107.60324629332177,36.82940506162849],[-107.60478428391104,36.82940782850228],[-107.60649444078688,36.828977917521556],[-107.6071794385897,36.828486439971826],[-107.60799342033896,36.8291493665925]]}},{"type":"Feature","properties":{"depth_ft":25,"elevation_ft":6060.0,"major":false},"geometry":{"type":"LineString","coordinates":[[-107.47211640903943,36.83031260116013],[-107.47153436238256,36.83049171342577],[-107.47028463972735,36.831608625346526],[-107.46909938290358,36.83198496112622]]}},{"type":"Feature","properties":{"depth_ft":25,"elevation_ft":6060.0,"major":false},"geometry":{"type":"LineString","coordinates":[[-107.46431587798071,36.82950608676179],[-107.46380494885597,36.82864673955043],[-107.46249066498099,36.82840345931944],[-107.46264951810787,36.82785451692122],[-107.46227105339182,36.82780133028265],[-107.46209221229006,36.82826485648935],[-107.46361990882212,36.82923113249672],[-107.46343283015476,36.830054707061876],[-107.46306527617965,36.83046564118513],[-107.46314829577162,36.83074061845026],[-107.46362261768087,36.83102527303152],[-107.46515014587196,36.8312962717631],[-107.46565640162294,36.83197468960949]]}},{"type":"Feature","properties":{"depth_ft":25,"elevation_ft":6060.0,"major":false},"geometry":{"type":"LineString","coordinates":[[-107.46312676988339,36.827532812643355],[-107.4631293050557,36.827006595832984],[-107.46312676988339,36.827532812643355]]}},{"type":"Feature","properties":{"depth_ft":25,"elevation_ft":6060.0,"major":false},"geometry":{"type":"LineString","coordinates":[[-107.59497997058045,36.82660326416523],[-107.59308516999094,36.82832697164146],[-107.59273360729345,36.82915042013498],[-107.59296348983156,36.829562964723515],[-107.59265063898486,36.829581494375326],[-107.59213925612025,36.82917230508153],[-107.59077142174142,36.82940317267005],[-107.59040926508729,36.82983249341751],[-107.5904278181403,36.82998083578322],[-107.59128297221777,36.82975732433137],[-107.59172694995713,36.83010989797547],[-107.59172049707398,36.83052196442536],[-107.59200982140803,36.83093463153568],[-107.5919601818914,36.831778124565275],[-107.59281550675075,36.83150504307439],[-107.59302265336444,36.83162348208485],[-107.59257085834267,36.83230936717908],[-107.59257749214139,36.83327089920767],[-107.59185298020945,36.833762661334674]]}},{"type":"Feature","properties":{"depth_ft":25,"elevation_ft":6060.0,"major":false},"geometry":{"type":"LineString","coordinates":[[-107.59624044811919,36.8254487462831],[-107.59583719673392,36.825585301513684],[-107.59522425851138,36.82626316777536]]}},{"type":"Feature","properties":{"depth_ft":25,"elevation_ft":6060.0,"major":false},"geometry":{"type":"LineString","coordinates":[[-107.59707578452529,36.824926917730885],[-107.59625734033249,36.82544454709327]]}},{"type":"Feature","properties":{"depth_ft":25,"elevation_ft":6060.0,"major":false},"geometry":{"type":"LineString","coordinates":[[-107.5978289557425,36.82405041822],[-107.59710824069134,36.82486985402448]]}},{"type":"Feature","properties":{"depth_ft":25,"elevation_ft":6060.0,"major":false},"geometry":{"type":"LineString","coordinates":[[-107.59643747587029,36.821192114141326],[-107.59752150823462,36.82160521298018],[-107.59831199798583,36.82238245438673],[-107.59863486233075,36.822843656203965],[-107.59830872045794,36.82345424151367]]}},{"type":"Feature","properties":{"depth_ft":25,"elevation_ft":6060.0,"major":false},"geometry":{"type":"LineString","coordinates":[[-107.56677768805305,36.820247917091],[-107.56711932936477,36.81961799591206],[-107.56826317519572,36.81907111102209],[-107.56825387247484,36.817878225333864],[-107.56910863240282,36.81774878409339],[-107.56996055639439,36.81844621522562],[-107.57118716620901,36.818390792627966],[-107.57199931024064,36.818812997328635]]}},{"type":"Feature","properties":{"depth_ft":25,"elevation_ft":6060.0,"major":false},"geometry":{"type":"LineString","coordinates":[[-107.56619511049472,36.82029700139046],[-107.56623995924652,36.82085226408051],[-107.56721834209623,36.82086848109718],[-107.56676696795573,36.820351791994376]]}},{"type":"Feature","properties":{"depth_ft":25,"elevation_ft":6060.0,"major":false},"geometry":{"type":"LineString","coordinates":[[-107.59507244862283,36.82011152876088],[-107.59592339278916,36.821211039204854],[-107.59643459590042,36.82119215134376]]}},{"type":"Feature","properties":{"depth_ft":25,"elevation_ft":6060.0,"major":false},"geometry":{"type":"LineString","coordinates":[[-107.57253934481287,36.818805846008765],[-107.57344775978649,36.817159513794955],[-107.57423795529125,36.816727823970766],[-107.57456865812604,36.81674987784785]]}},{"type":"Feature","properties":{"depth_ft":25,"elevation_ft":6060.0,"major":false},"geometry":{"type":"LineString","coordinates":[[-107.59371028436928,36.81857816852647],[-107.59502636203686,36.82005208079988]]}},{"type":"Feature","properties":{"depth_ft":25,"elevation_ft":6060.0,"major":false},"geometry":{"type":"LineString","coordinates":[[-107.56095117246454,36.817782917586484],[-107.56127653070914,36.816974958833846]]}},{"type":"Feature","properties":{"depth_ft":25,"elevation_ft":6060.0,"major":false},"geometry":{"type":"LineString","coordinates":[[-107.5873917804253,36.817488121394234],[-107.588993687908,36.8167803920661],[-107.58927597623259,36.81554473018508],[-107.58971218187126,36.81554562461605]]}},{"type":"Feature","properties":{"depth_ft":25,"elevation_ft":6060.0,"major":false},"geometry":{"type":"LineString","coordinates":[[-107.56474681210355,36.81755226017255],[-107.56529818021309,36.817278784087904],[-107.56552356537104,36.81687339231879]]}},{"type":"Feature","properties":{"depth_ft":25,"elevation_ft":6060.0,"major":false},"geometry":{"type":"LineString","coordinates":[[-107.55536299511029,36.81739333529154],[-107.55595591573481,36.816720559110266]]}},{"type":"Feature","properties":{"depth_ft":25,"elevation_ft":6060.0,"major":false},"geometry":{"type":"LineString","coordinates":[[-107.58148710465711,36.81723684682362],[-107.5838032241725,36.817626788859805],[-107.58465963528738,36.81697806059362],[-107.58483274268305,36.81628316876157],[-107.58512967120262,36.816360309381636]]}},{"type":"Feature","properties":{"depth_ft":25,"elevation_ft":6060.0,"major":false},"geometry":{"type":"LineString","coordinates":[[-107.59257490598367,36.81683207669731],[-107.59325705353113,36.81733851629632],[-107.59332728653348,36.81799080822758]]}},{"type":"Feature","properties":{"depth_ft":25,"elevation_ft":6060.0,"major":false},"geometry":{"type":"LineString","coordinates":[[-107.56552526814347,36.81686586764741],[-107.56552561540991,36.81628494236159],[-107.56620185678007,36.81673137719371],[-107.56649502304404,36.81728147573606],[-107.56686826439248,36.81865591331928],[-107.56637000049587,36.81913910371126]]}},{"type":"Feature","properties":{"depth_ft":25,"elevation_ft":6060.0,"major":false},"geometry":{"type":"LineString","coordinates":[[-107.56212634378396,36.816737840998044],[-107.56261932164674,36.816762936940314],[-107.56372660069714,36.81754995151365]]}},{"type":"Feature","properties":{"depth_ft":25,"elevation_ft":6060.0,"major":false},"geometry":{"type":"LineString","coordinates":[[-107.55598605828116,36.816683863732386],[-107.55629936955975,36.81623965752335],[-107.55647042842982,36.81618424710651],[-107.55663267090112,36.816428555705166]]}},{"type":"Feature","properties":{"depth_ft":25,"elevation_ft":6060.0,"major":false},"geometry":{"type":"LineString","coordinates":[[-107.58724509887391,36.81651901133275],[-107.5875689536942,36.81664009595366],[-107.58739209090186,36.817391080178915]]}},{"type":"Feature","properties":{"depth_ft":25,"elevation_ft":6060.0,"major":false},"geometry":{"type":"LineString","coordinates":[[-107.55470867107096,36.816061303441984],[-107.55444392973789,36.81656702310518],[-107.55424792054089,36.81655294595814],[-107.55322542922315,36.81582055853199],[-107.55237089075818,36.81588804706102],[-107.55082099528191,36.81518487062326],[-107.55169297546979,36.814381662359374]]}},{"type":"Feature","properties":{"depth_ft":25,"elevation_ft":6060.0,"major":false},"geometry":{"type":"LineString","coordinates":[[-107.56871979015244,36.81522604548783],[-107.56604560727367,36.814152715207335],[-107.56433543298613,36.81461777659192],[-107.56337208684377,36.81438986494142]]}},{"type":"Feature","properties":{"depth_ft":25,"elevation_ft":6060.0,"major":false},"geometry":{"type":"LineString","coordinates":[[-107.55784150470171,36.81501148173341],[-107.55712521946226,36.814512879839114],[-107.55616249501746,36.814373279754946],[-107.55510701106347,36.81522932050018],[-107.55476269804271,36.81594652876533]]}},{"type":"Feature","properties":{"depth_ft":25,"elevation_ft":6060.0,"major":false},"geometry":{"type":"LineString","coordinates":[[-107.57354059669042,36.814687234264156],[-107.57184921051919,36.815757177092586],[-107.57099681106628,36.81520273516055],[-107.57031406331893,36.81500383673752],[-107.56880489813858,36.81520273639511]]}},{"type":"Feature","properties":{"depth_ft":25,"elevation_ft":6060.0,"major":false},"geometry":{"type":"LineString","coordinates":[[-107.56125956006252,36.81475052516319],[-107.56138772716098,36.81534686447932],[-107.55937408893456,36.81644962387081],[-107.5584107435459,36.81602681981234],[-107.55801196940801,36.815477483547646]]}},{"type":"Feature","properties":{"depth_ft":25,"elevation_ft":6060.0,"major":false},"geometry":{"type":"LineString","coordinates":[[-107.5632892447537,36.81437205663099],[-107.56263203011697,36.81438818262086],[-107.56194286753598,36.81478355589675],[-107.56109059577983,36.81421632040662],[-107.56122585652759,36.814632261054754]]}},{"type":"Feature","properties":{"depth_ft":25,"elevation_ft":6060.0,"major":false},"geometry":{"type":"LineString","coordinates":[[-107.55172419563218,36.81433788166047],[-107.55173659673854,36.81353872109874],[-107.55289380936958,36.81305268892308],[-107.55346587189831,36.812169201965126],[-107.55306740252104,36.812300787436804],[-107.55250884159621,36.812853746585624],[-107.55076675653413,36.81312434025917],[-107.55011802432468,36.81271071666457],[-107.5496519939551,36.811866577833364],[-107.54878149503065,36.811059204414725],[-107.5482886471556,36.81093608022695],[-107.54675047894153,36.81108118811809],[-107.54676768132275,36.810779648520096],[-107.5473176582473,36.81036889199421],[-107.54743775438526,36.81003656166475]]}},{"type":"Feature","properties":{"depth_ft":25,"elevation_ft":6060.0,"major":false},"geometry":{"type":"LineString","coordinates":[[-107.57322373640399,36.81349336557491],[-107.57339336568725,36.81385537810076],[-107.57411674057134,36.81441377119078],[-107.57358080746371,36.81467176863175]]}},{"type":"Feature","properties":{"depth_ft":25,"elevation_ft":6060.0,"major":false},"geometry":{"type":"LineString","coordinates":[[-107.58462447012282,36.81343721014689],[-107.58359689770111,36.81337479127469]]}},{"type":"Feature","properties":{"depth_ft":25,"elevation_ft":6060.0,"major":false},"geometry":{"type":"LineString","coordinates":[[-107.58662610984574,36.81314408612468],[-107.5858655332304,36.81391184240218],[-107.58539847959892,36.81375102655459]]}},{"type":"Feature","properties":{"depth_ft":25,"elevation_ft":6060.0,"major":false},"geometry":{"type":"LineString","coordinates":[[-107.5783508090844,36.81304885187529],[-107.57664401777409,36.81253018046524],[-107.57613132266316,36.81257253292947],[-107.57544673544578,36.812925005500354],[-107.57505528497762,36.81203830035387]]}},{"type":"Feature","properties":{"depth_ft":25,"elevation_ft":6060.0,"major":false},"geometry":{"type":"LineString","coordinates":[[-107.58740223863491,36.81224422461646],[-107.58672266521654,36.81302000584061]]}},{"type":"Feature","properties":{"depth_ft":25,"elevation_ft":6060.0,"major":false},"geometry":{"type":"LineString","coordinates":[[-107.57322875902652,36.81200875893216],[-107.5734618241207,36.81248929917037],[-107.57321667399741,36.813444473682154]]}},{"type":"Feature","properties":{"depth_ft":25,"elevation_ft":6060.0,"major":false},"geometry":{"type":"LineString","coordinates":[[-107.54758389759178,36.811743133615224],[-107.54817264472635,36.81174454681227],[-107.54880470233014,36.812295501295196],[-107.54941715244478,36.813258485937126],[-107.55039047509484,36.81394760626235],[-107.54935103939474,36.81504400931447],[-107.55000435152958,36.815869728059624],[-107.55094518653566,36.816284046109146],[-107.55096647320164,36.816421456705704],[-107.55029019084536,36.81669456904217],[-107.55014551281683,36.81703288670814],[-107.55065840606608,36.8169485541938],[-107.55202430573668,36.81721832763618],[-107.55287998060638,36.81684349129234],[-107.55335767299538,36.81711391078558]]}},{"type":"Feature","properties":{"depth_ft":25,"elevation_ft":6060.0,"major":false},"geometry":{"type":"LineString","coordinates":[[-107.59081162470201,36.81144031261583],[-107.59041225379279,36.81197569069738],[-107.59001917133835,36.811974887104114]]}},{"type":"Feature","properties":{"depth_ft":25,"elevation_ft":6060.0,"major":false},"geometry":{"type":"LineString","coordinates":[[-107.574597369634,36.81147065784959],[-107.57450700161958,36.810705895471905],[-107.5747989809632,36.81029444979321],[-107.57442188181197,36.80988154859448],[-107.57430410050081,36.80922735049488]]}},{"type":"Feature","properties":{"depth_ft":25,"elevation_ft":6060.0,"major":false},"geometry":{"type":"LineString","coordinates":[[-107.54589647394846,36.811018590000195],[-107.54640656407958,36.81167588029761],[-107.5473805051283,36.81178344989015]]}},{"type":"Feature","properties":{"depth_ft":25,"elevation_ft":6060.0,"major":false},"geometry":{"type":"LineString","coordinates":[[-107.59233536111762,36.80994738650801],[-107.59164358457174,36.81063778878838]]}},{"type":"Feature","properties":{"depth_ft":25,"elevation_ft":6060.0,"major":false},"geometry":{"type":"LineString","coordinates":[[-107.57306507601996,36.80989152090059],[-107.57301673829971,36.81121682747767]]}},{"type":"Feature","properties":{"depth_ft":25,"elevation_ft":6060.0,"major":false},"geometry":{"type":"LineString","coordinates":[[-107.54746409395577,36.809936286203786],[-107.54744063878636,36.80926079343638],[-107.54692926196027,36.80895084656644],[-107.54624575038707,36.80898815585045],[-107.54521793568583,36.80972363616437],[-107.54351118919001,36.80927227419948],[-107.54197240517547,36.809586355565614],[-107.54168133956959,36.809256321576065],[-107.54176192385002,36.80884443861245],[-107.5406100981796,36.80841776700997],[-107.5397559150485,36.808410916175845],[-107.53924228119281,36.80870071059287],[-107.53924118408426,36.80898756472216],[-107.53975367134971,36.808998590335236],[-107.54009637793749,36.80873104348438],[-107.54095000457873,36.8088851918092],[-107.54120290564553,36.8091177871232],[-107.54111751478081,36.809762154722826],[-107.54162879160188,36.810093683596556],[-107.54367903330964,36.810068569496636],[-107.54504419404932,36.810496272408386],[-107.54572790042435,36.81041061972906],[-107.54594678239992,36.81050294726883],[-107.54585217273234,36.810878760927345]]}},{"type":"Feature","properties":{"depth_ft":25,"elevation_ft":6060.0,"major":false},"geometry":{"type":"LineString","coordinates":[[-107.60912692934792,36.80911884575269],[-107.60928831339183,36.80706777668205],[-107.60970675840464,36.80679384335028],[-107.60903366708135,36.80473216875951],[-107.60917812302453,36.803496196536265],[-107.60965789467322,36.8026729366051],[-107.61346080473776,36.79869657046957],[-107.61256491300806,36.797851596505524],[-107.61171149498357,36.79761720237195],[-107.61085880483753,36.797132925143444],[-107.61003391649012,36.797041858221185]]}},{"type":"Feature","properties":{"depth_ft":25,"elevation_ft":6060.0,"major":false},"geometry":{"type":"LineString","coordinates":[[-107.57463593435706,36.808211501422775],[-107.57479661213097,36.80740987834812],[-107.57512440867649,36.8071549374578]]}},{"type":"Feature","properties":{"depth_ft":25,"elevation_ft":6060.0,"major":false},"geometry":{"type":"LineString","coordinates":[[-107.59612540463996,36.80773744152627],[-107.59596183564649,36.80827816827309],[-107.59546487098802,36.808689256429446],[-107.59567413926969,36.80910175589082],[-107.5948082125244,36.809202292339826]]}},{"type":"Feature","properties":{"depth_ft":25,"elevation_ft":6060.0,"major":false},"geometry":{"type":"LineString","coordinates":[[-107.5738437918848,36.80733808168772],[-107.5732421411962,36.80805267157007]]}},{"type":"Feature","properties":{"depth_ft":25,"elevation_ft":6060.0,"major":false},"geometry":{"type":"LineString","coordinates":[[-107.57524045516745,36.80704311825806],[-107.57573800180192,36.80645039867553],[-107.57546920695906,36.806224525651245],[-107.57496271146022,36.80658027919786]]}},{"type":"Feature","properties":{"depth_ft":25,"elevation_ft":6060.0,"major":false},"geometry":{"type":"LineString","coordinates":[[-107.59697546996684,36.806372230402665],[-107.59682235005762,36.80671321377258],[-107.5962995170771,36.8070425982696],[-107.59612875291928,36.807723328466714]]}},{"type":"Feature","properties":{"depth_ft":25,"elevation_ft":6060.0,"major":false},"geometry":{"type":"LineString","coordinates":[[-107.59731809463256,36.80431681254684],[-107.59708248577546,36.80470902882878],[-107.59722907891212,36.80553348265094],[-107.59699447207856,36.80629550918771]]}},{"type":"Feature","properties":{"depth_ft":25,"elevation_ft":6060.0,"major":false},"geometry":{"type":"LineString","coordinates":[[-107.60025310027845,36.799501913152405],[-107.59940242580848,36.800959593435856],[-107.59906009121994,36.80118401523645],[-107.59854759727226,36.801189222293104],[-107.59823938266067,36.80210147192109],[-107.59751770301907,36.80319892729031],[-107.59734252325227,36.804217584493074]]}},{"type":"Feature","properties":{"depth_ft":25,"elevation_ft":6060.0,"major":false},"geometry":{"type":"LineString","coordinates":[[-107.60162742759198,36.7982620245096],[-107.60043315932539,36.79905054606328],[-107.60026101175936,36.79948826308362]]}},{"type":"Feature","properties":{"depth_ft":25,"elevation_ft":6060.0,"major":false},"geometry":{"type":"LineString","coordinates":[[-107.60486864059763,36.796757327432026],[-107.6041968015506,36.79717935523612],[-107.60334274792065,36.797168626008386],[-107.60300008640765,36.79751171904773],[-107.6018947681757,36.79785046313169],[-107.60165340179796,36.79824433201127]]}},{"type":"Feature","properties":{"depth_ft":25,"elevation_ft":6060.0,"major":false},"geometry":{"type":"LineString","coordinates":[[-107.60755291171768,36.79657523115093],[-107.6067613519834,36.79640073648435],[-107.60601636178178,36.796622165795114]]}},{"type":"Feature","properties":{"depth_ft":50,"elevation_ft":6035.0,"major":false},"geometry":{"type":"LineString","coordinates":[[-107.40540855541288,37.03455108813628],[-107.40523864586986,37.03438364611928],[-107.40450955818447,37.034381013447465],[-107.40472315442018,37.03455382888498],[-107.40540855541288,37.03455108813628]]}},{"type":"Feature","properties":{"depth_ft":50,"elevation_ft":6035.0,"major":false},"geometry":{"type":"LineString","coordinates":[[-107.39859547120237,37.027398300037795],[-107.39920783503463,37.02708194816119],[-107.39911282180665,37.02680806231998],[-107.39859644043781,37.027228227988026],[-107.39825347857004,37.02728118851131],[-107.39791188442338,37.027094448411624],[-107.39768593432314,37.02721372521023],[-107.39791017527989,37.02739388134285],[-107.39859547120237,37.027398300037795]]}},{"type":"Feature","properties":{"depth_ft":50,"elevation_ft":6035.0,"major":false},"geometry":{"type":"LineString","coordinates":[[-107.36863383722648,37.023926337468055],[-107.36863559650799,37.02363750284376],[-107.3674400792838,37.023025983130616],[-107.36735470099981,37.023115217312714],[-107.36863383722648,37.023926337468055]]}},{"type":"Feature","properties":{"depth_ft":50,"elevation_ft":6035.0,"major":false},"geometry":{"type":"LineString","coordinates":[[-107.38388259029752,37.02374568131379],[-107.38413863265073,37.02359199934476],[-107.38405708216399,37.02320738930476],[-107.38378269968784,37.02359065150912],[-107.38388259029752,37.02374568131379]]}},{"type":"Feature","properties":{"depth_ft":50,"elevation_ft":6035.0,"major":false},"geometry":{"type":"LineString","coordinates":[[-107.45546709824991,36.994833775656],[-107.45546841813055,36.99456700018695],[-107.45529643543921,36.99471362345573],[-107.4551263794982,36.994471028557705],[-107.4550473378428,36.99471991548542],[-107.45546709824991,36.994833775656]]}},{"type":"Feature","properties":{"depth_ft":50,"elevation_ft":6035.0,"major":false},"geometry":{"type":"LineString","coordinates":[[-107.4599267643975,36.99340819471517],[-107.45992823251981,36.99310789655704],[-107.45958707664042,36.9928317009434],[-107.45949624925235,36.99294838717875],[-107.4599267643975,36.99340819471517]]}},{"type":"Feature","properties":{"depth_ft":50,"elevation_ft":6035.0,"major":false},"geometry":{"type":"LineString","coordinates":[[-107.45924458881834,36.99282796001357],[-107.45940964877425,36.992810758800175],[-107.45907464306806,36.992561159275176],[-107.45879578754412,36.99267146793285],[-107.45924458881834,36.99282796001357]]}},{"type":"Feature","properties":{"depth_ft":50,"elevation_ft":6035.0,"major":false},"geometry":{"type":"LineString","coordinates":[[-107.43287862849441,36.98310932831351],[-107.43275065969326,36.9832391435584],[-107.4324094645519,36.982997551507175],[-107.43241190071706,36.98253326856594],[-107.43289246392538,36.98269730779478],[-107.43287862849441,36.98310932831351]]}},{"type":"Feature","properties":{"depth_ft":50,"elevation_ft":6035.0,"major":false},"geometry":{"type":"LineString","coordinates":[[-107.43263063964541,36.97898781842183],[-107.43225914634077,36.97901338258344],[-107.43164895761184,36.97843507777594],[-107.43217886004976,36.978436869456175],[-107.43263063964541,36.97898781842183]]}},{"type":"Feature","properties":{"depth_ft":50,"elevation_ft":6035.0,"major":false},"geometry":{"type":"LineString","coordinates":[[-107.4497442990823,36.97808285446307],[-107.44955662712334,36.97820509621384],[-107.44938606759715,36.97807358970135],[-107.44875411458527,36.97725551556119],[-107.44904810881012,36.97718245035665],[-107.44938955993756,36.97737846313215],[-107.4497442990823,36.97808285446307]]}},{"type":"Feature","properties":{"depth_ft":50,"elevation_ft":6035.0,"major":false},"geometry":{"type":"LineString","coordinates":[[-107.43383689886143,36.96772869536938],[-107.43231618841108,36.968142034157964],[-107.43094236973862,36.9689471757717],[-107.42946459569994,36.96949953239181],[-107.42853786163698,36.97040446981623],[-107.42751203182776,36.970143396697765],[-107.42614098585959,36.97041178049965],[-107.42545713161103,36.97023255465955],[-107.42511408195845,36.97035337074259],[-107.42477236485118,36.97022466431674],[-107.42425747838712,36.97046382056366],[-107.42374529678436,36.97019756647916],[-107.42353540708743,36.97030335223687],[-107.42361598965778,36.97085305421451],[-107.42442537480649,36.97108190532862],[-107.42545268158446,36.97106654289114],[-107.42575620442393,36.971272488255714],[-107.42577092097486,36.9715472506949],[-107.42458643389988,36.972979095101095],[-107.42424362814818,36.973051774490486],[-107.42390280798263,36.97275365273883],[-107.42338922170507,36.972746691423154],[-107.42344392457375,36.97332486714121],[-107.42324306380962,36.97373624123471],[-107.42252672489207,36.973948179479706],[-107.42218500241884,36.97381830926095],[-107.42043433000917,36.97496270937604],[-107.42050756662546,36.9755123874392],[-107.41927432066613,36.97674429526537],[-107.41869758426532,36.97770377301062],[-107.41745032006818,36.978386189288706],[-107.41659283188288,36.9798940955484],[-107.41546984493766,36.98076084930936],[-107.41470327353915,36.982085138660466],[-107.41423861239437,36.98386912253717],[-107.41351119934163,36.984828041597716],[-107.41355560289622,36.98510290979554],[-107.41331795758448,36.98523942482163],[-107.41290090613977,36.986474148636134],[-107.41173704308086,36.98729415422534],[-107.41111620605959,36.99154996745087],[-107.40997238746243,36.99360622454469],[-107.40915362096037,36.994152723031085],[-107.40918485432496,36.99511432204825],[-107.40784848473957,36.99645915615677],[-107.407636228834,36.997855884287596],[-107.40680692861642,36.99896411069989],[-107.40440146857048,37.00034005586237],[-107.40302326000088,37.00176883878982],[-107.4019913014468,37.002533870465015],[-107.40179883910885,37.0029169473702],[-107.39993047640984,37.003508281766166],[-107.39889406069044,37.00504701166825],[-107.39854504245552,37.00618097183141],[-107.39783403382829,37.007297827780484],[-107.39579522790933,37.00780225229659],[-107.39493946537796,37.0076857865477],[-107.39509307902951,37.00824922363547],[-107.3947604081771,37.00903841914592],[-107.39433781687032,37.00934527205202],[-107.3937235680268,37.01061954759296],[-107.39314392427464,37.01071439916588],[-107.3928403012908,37.01098798244403],[-107.39288166726197,37.01140020060693],[-107.39214259722758,37.01277100407218],[-107.390796200763,37.01327456472485],[-107.39062261029521,37.01366968920495],[-107.38942221838293,37.01389251834983],[-107.38839575770415,37.01366288375505],[-107.38685181888619,37.013987411281704],[-107.38637716467004,37.01453504376549],[-107.38599168936982,37.01466556694275],[-107.38630120005239,37.015084176705734],[-107.3854490410341,37.016317156438504],[-107.38478190621335,37.0164812866964],[-107.38436331099166,37.01699982752825],[-107.38334902623383,37.01740805010139],[-107.38322314009244,37.01823170077912],[-107.38446851483812,37.01864848168986],[-107.38494507739327,37.01919970188203],[-107.38515810842797,37.02002463446625],[-107.38578662847412,37.020422031412835],[-107.38578481798285,37.02073070102975],[-107.38527237056783,37.020475553788806],[-107.38355999931854,37.02034403352611],[-107.38287757138913,37.01986474791955],[-107.38208786197796,37.02015035444725],[-107.38184613762584,37.020465419493235],[-107.37945026373906,37.020040003739936],[-107.37773465034368,37.020454856944575],[-107.37653508243243,37.02051599495671],[-107.37578760363617,37.020950358422105],[-107.37498559733737,37.02178997740961],[-107.37293030647737,37.02170387792981],[-107.37073916576284,37.02230433180428],[-107.37035312053388,37.02271488982247],[-107.37020116751232,37.023675778287036],[-107.36990632006474,37.02408669061401],[-107.36948845424035,37.02425438572319],[-107.36880463873607,37.0240118696678],[-107.36903841872689,37.02435800699925],[-107.37004002175237,37.024361921594014],[-107.37052029763102,37.02361064272504],[-107.37061845972988,37.02285327921846],[-107.37104119139535,37.02246711801405],[-107.3720699871676,37.02232130310477],[-107.37310029616152,37.02192397941596],[-107.37498404755614,37.02204795952065],[-107.37670461575249,37.02081365930634],[-107.37927609180716,37.020520332354636],[-107.38030375638053,37.020558018499464],[-107.38132884931538,37.021029994207076],[-107.38183984317348,37.02152916897286],[-107.38458213420476,37.02132192533071],[-107.38509372308084,37.021723780248855],[-107.38646165879831,37.022168382510564],[-107.3874916806621,37.02180711273228],[-107.38783393474687,37.021872405820375],[-107.38903866799446,37.02092641360883],[-107.38952907682341,37.019216933112496],[-107.38990182074329,37.01894361710403],[-107.39038471811314,37.01798393758249],[-107.39088678441418,37.0178484557303],[-107.39084994357871,37.01743625421109],[-107.3911624958304,37.01688800021001],[-107.39214768419164,37.0165448602213],[-107.39403870948864,37.01538777914746],[-107.39455255167958,37.015399551638914],[-107.39483197793678,37.015665422391656],[-107.39464696653991,37.017038286360325],[-107.3958737998754,37.01800429822495],[-107.39573250014952,37.01874346259766],[-107.39621690021784,37.01910440027709],[-107.39642121246962,37.019791926189185],[-107.39593791486475,37.02033956465087],[-107.39400356581321,37.02149220360204],[-107.39377464802695,37.022254536874975],[-107.39255558129778,37.023486206656614],[-107.39263649495923,37.02389857094214],[-107.39210948882626,37.02430867638279],[-107.39401876505637,37.02555195107185],[-107.3949138141028,37.02651674307798],[-107.39516990495085,37.02721736046091],[-107.39568216355134,37.02751907463464],[-107.39715713933538,37.026662364545004],[-107.3975719755009,37.02661298374576],[-107.39809150671007,37.02597902250371],[-107.398945450004,37.02611312064426],[-107.39911974089182,37.02559246406579],[-107.39980616159693,37.025396123055764],[-107.4006614938505,37.0256247666884],[-107.40134456617425,37.026677682265884],[-107.40116021445034,37.02722642924753],[-107.40047981700044,37.02744895614331],[-107.40032729081389,37.02791016555563],[-107.40100893666147,37.028599423564025],[-107.40096167006142,37.02928602390912],[-107.40136371539535,37.02956219716775],[-107.40153958151421,37.02997490073478],[-107.40162936890276,37.03066199984235],[-107.4013693101781,37.031210471303275],[-107.40199067304202,37.031899503930916],[-107.40317858408771,37.03204117064304],[-107.40341805376805,37.032591456293176],[-107.40327391433352,37.03355241496924],[-107.40376142836665,37.03382888973145],[-107.40338790166906,37.03314076477912],[-107.40368180629459,37.032455057164135],[-107.40359149972241,37.03204266679276],[-107.40180861087146,37.03121206969267],[-107.40203674232582,37.0305261267395],[-107.401873020805,37.02928934110119],[-107.4016172896843,37.02901370196041],[-107.40177367606633,37.02791543460059],[-107.40185629173,37.02764102594269],[-107.40239804361998,37.027505640021985],[-107.40247976442745,37.027093873093264],[-107.40210656621157,37.026817808359525],[-107.40081216501837,37.024752778727226],[-107.3996439503988,37.024061742017466],[-107.39868495590532,37.0237835241489],[-107.39923400023866,37.02282405142531],[-107.39964963524857,37.02279268852057],[-107.40008824224957,37.02214039991074],[-107.39956707564431,37.02158907741444],[-107.39991428969026,37.02062886322385],[-107.39962317739962,37.0200783808474],[-107.39979232801012,37.019529580045656],[-107.39968958539046,37.01884243100772],[-107.40002473375785,37.01856894569564],[-107.3997558379359,37.01815589934486],[-107.39985269008825,37.01774418887119],[-107.39913464397341,37.01732949964173],[-107.3991022983076,37.01623054302942],[-107.39969139483793,37.01544477020875],[-107.40071659652544,37.01590678707064],[-107.40088892372813,37.015726305922506],[-107.40073668534515,37.01431354427073],[-107.40036064509934,37.0136253987133],[-107.40070533586226,37.01225310691637],[-107.40211349508184,37.01122331773658],[-107.40221272243012,37.01019826824166],[-107.40280872771496,37.00944032502881],[-107.40418330356434,37.00868332962323],[-107.40589993373106,37.00801414005351],[-107.4072712230321,37.007835913242026],[-107.4131092435939,37.005241460839436],[-107.4134516645671,37.00526697217631],[-107.41396169459576,37.00596093850529],[-107.41413321153338,37.00591819983127],[-107.41431180011598,37.00458699593941],[-107.41534120056245,37.004271855825614],[-107.41653796252356,37.00467253818561],[-107.41603397617091,37.00406668981865],[-107.41625828516369,37.00379276790412],[-107.4186053057233,37.00246516676764],[-107.41894803623069,37.00243170277026],[-107.4196310818329,37.00281039745601],[-107.41972034185079,37.00201926508941],[-107.42097740721545,37.00133686270057],[-107.42112963630021,37.00078797043878],[-107.42168894086737,37.00010313509507],[-107.42209339961815,36.999967181795796],[-107.42266978830538,36.998870334962184],[-107.42428379855025,36.997530439015115],[-107.42531429902058,36.9969839171696],[-107.42596027472108,36.99709605397862],[-107.42626963277748,36.998058602787076],[-107.42592880488405,36.99874421016898],[-107.4258437855126,36.99998011617485],[-107.4261538197437,37.000132871586636],[-107.42647329113781,37.00066905209146],[-107.42595173052904,37.00272759211458],[-107.42600804360166,37.003689271975325],[-107.42681635932706,37.004366047731416],[-107.42746067718411,37.004243669040314],[-107.42647144362985,37.00327879567509],[-107.42683293062198,37.0028679685383],[-107.42687769143656,37.00190663506776],[-107.42743923889111,37.001359135600325],[-107.4278668248136,37.000261754673645],[-107.42772963944267,36.99984922004496],[-107.42724200469975,36.999435486787384],[-107.42723455915068,36.99902339533718],[-107.4274225643476,36.99874932773479],[-107.42822288112603,36.99861470651414],[-107.42758939692331,36.998200476750945],[-107.42743500121448,36.9965516844545],[-107.42857527453354,36.995664350083075],[-107.42926054914513,36.99561944147714],[-107.4297337272285,36.99504861308956],[-107.42952359141212,36.994361121221196],[-107.42880977491843,36.99367191353042],[-107.4288002913605,36.99325981481346],[-107.42979449652287,36.99180201045305],[-107.43073836604103,36.99093136010007],[-107.43050047179534,36.99024377534686],[-107.43128796958273,36.98997173396189],[-107.43091399115548,36.98942104452616],[-107.4310095913088,36.988699585080965],[-107.43141851595,36.98791184228325],[-107.43207519631532,36.987364641287726],[-107.43235997175492,36.98599204711841],[-107.43521500311117,36.98119420573779],[-107.43516897002421,36.98023256082791],[-107.43455556652776,36.97899429969957],[-107.43380232730458,36.97789292055038],[-107.43271010600472,36.97720246069475],[-107.4325555993708,36.976927227501925],[-107.43381844717022,36.975512241364946],[-107.43587780896522,36.974590688382705],[-107.43656165419624,36.97478389825888],[-107.43661901354962,36.97446846838626],[-107.43697267888538,36.9741949377005],[-107.43896708616394,36.973144875058445],[-107.43930955140016,36.97313564913892],[-107.43965385881833,36.97337972245045],[-107.43951286115379,36.97461545853655],[-107.43998408667669,36.975137068909596],[-107.44016362849271,36.9750296832075],[-107.44017063800763,36.97434292665718],[-107.44071908873556,36.97407002963533],[-107.44084444195487,36.97310895222584],[-107.44130447276486,36.972561048080806],[-107.4425667191706,36.97231410680028],[-107.4429547938375,36.97256648573921],[-107.44311431579071,36.97352850216023],[-107.44358292290755,36.97394210935178],[-107.44372096631024,36.97435463037191],[-107.44597407049977,36.975626877231925],[-107.44642590837086,36.97628645952731],[-107.44641532196978,36.977247916557786],[-107.4460103389195,36.97834544330062],[-107.44470692094706,36.980264165994186],[-107.4443131587242,36.98149907883529],[-107.44474139018541,36.98234866808585],[-107.4455941312333,36.98301994077978],[-107.44562816120474,36.98356371750735],[-107.44541913401427,36.98376176178124],[-107.44439123970986,36.98385965855669],[-107.4437726390735,36.9841070662759],[-107.44346371439572,36.98438076364795],[-107.44331200250186,36.98492968826734],[-107.44369966768623,36.985755095587365],[-107.44450742102137,36.98616981111449],[-107.44461245853493,36.98768106769246],[-107.44532338440963,36.98919430572581],[-107.44632845428374,36.98960965351295],[-107.44673162678212,36.9902977453584],[-107.44665997428693,36.992083134797916],[-107.44845793146335,36.99237474345878],[-107.44910285226266,36.99291520053856],[-107.45204670629771,36.993880575934234],[-107.45272847003633,36.99453432130235],[-107.45290159502508,36.99415927531316],[-107.45341700811716,36.993828563735974],[-107.45478559466073,36.9941222656944],[-107.4549552906557,36.994437141843264],[-107.45521929676944,36.99389632995774],[-107.45461964963044,36.99305118784296],[-107.45530421208822,36.99314245210515],[-107.45598998038577,36.99298997389713],[-107.45650628695279,36.99247385204353],[-107.45702067400816,36.99234592104526],[-107.45753137084236,36.99296766912397],[-107.45821866845256,36.9925025798546],[-107.4581822578036,36.992120108062835],[-107.4571977684887,36.991159477810896],[-107.45651071814738,36.991575653722926],[-107.45445515145973,36.99168933287225],[-107.45256682203326,36.99260691393864],[-107.45202929456937,36.99237521449346],[-107.45188561416272,36.99184555337906],[-107.45154247538574,36.991973021621796],[-107.45017509689845,36.99144866944519],[-107.45027283363481,36.99072129215936],[-107.44949397296833,36.99067739448843],[-107.44934851662975,36.99003152772019],[-107.449502000353,36.9897573128023],[-107.44915693821699,36.989591448045616],[-107.44894384664985,36.98920608417222],[-107.44891899481193,36.98838186969906],[-107.44927708023131,36.98797096167575],[-107.4482838644121,36.986594187280176],[-107.44838140014294,36.985633013517855],[-107.44889116091507,36.98467317515779],[-107.44857075572496,36.98412271407607],[-107.4491130448684,36.983575047286294],[-107.44910855222518,36.98247618634166],[-107.44876516770323,36.98220036286975],[-107.44830459577672,36.98110002340227],[-107.4486427488899,36.98055169621316],[-107.4503795289166,36.97945846420403],[-107.45027502921869,36.97849663578463],[-107.45263556288762,36.9788130452744],[-107.45463270320909,36.97823590394868],[-107.45589182801145,36.97819464988541],[-107.45606920398886,36.9781031214343],[-107.4555987842365,36.97782691376878],[-107.45648435574309,36.977142948219395],[-107.45641125248231,36.97702604478156],[-107.45624067940923,36.97689541516287],[-107.45504149328889,36.97702971855345],[-107.45435527392355,36.97730172334745],[-107.452299386592,36.97755615533906],[-107.45127491633292,36.97698757455684],[-107.45076165480806,36.9769094636911],[-107.45042193326127,36.976367956401155],[-107.44922446190338,36.97616073534534],[-107.44933500919169,36.97560912436586],[-107.44881631914784,36.974645953753],[-107.44820693996178,36.97422150497847],[-107.44752309755843,36.97402284457451],[-107.44614619037097,36.972302223965706],[-107.44495647806397,36.97133684598537],[-107.44582778956817,36.97070896964355],[-107.44703655700829,36.96866213045106],[-107.44721385651681,36.9687344428007],[-107.44720451780505,36.96930320399591],[-107.44754607038043,36.969471235050804],[-107.44788956301379,36.96925479466645],[-107.44823933323825,36.967791770112676],[-107.44977791893298,36.96822756526727],[-107.45080624465228,36.9680000561403],[-107.45114723335128,36.968281310906434],[-107.45131578989378,36.96880990978949],[-107.4516604058767,36.9683657395288],[-107.45260670835188,36.96820243307201],[-107.45240995091186,36.96792708967995],[-107.45268728679315,36.967653266761005],[-107.45199059121116,36.96751367506043],[-107.45372145051617,36.96702326815739],[-107.45358650640357,36.966145227978835],[-107.45372638505481,36.966029456999955],[-107.45475363765479,36.96601033685981],[-107.45612964128972,36.9647009510617],[-107.45681530344335,36.9645177738401],[-107.45801341108609,36.96456252914152],[-107.45871563911534,36.964238533657365],[-107.45784753245799,36.96348104162412],[-107.45690749233358,36.963408677607944],[-107.45748007691986,36.96244899729498],[-107.45789507786213,36.962175597536024],[-107.45797894951656,36.96162643738077],[-107.45755826473156,36.96080096877096],[-107.45755929466712,36.960251546600105],[-107.45816535485868,36.959291968325275],[-107.45753028327626,36.95791639614605],[-107.45778306945388,36.95723041374422],[-107.4581489967985,36.95695685757705],[-107.4580420393585,36.95654445025717],[-107.45845511089023,36.95572161622432],[-107.45823252048328,36.955171487414376],[-107.45871496761222,36.95448622788511],[-107.45800948776397,36.952973078567645],[-107.45773469102289,36.951598644257466],[-107.45745436877729,36.951185687616004],[-107.45750469423882,36.95063642057635],[-107.45694900218088,36.949947877711324],[-107.45687155494225,36.949398205806304],[-107.45650457574637,36.94912232868505],[-107.45670906649934,36.948298837617735],[-107.45638324781497,36.94798086824959],[-107.45546468212736,36.94774545817803],[-107.45560637800443,36.94733383899609],[-107.45531434162692,36.94678348315199],[-107.45536002126632,36.94568477512117],[-107.45574884771041,36.94527394188149],[-107.45544166671982,36.94486089473778],[-107.45547072962663,36.9438994901623],[-107.45609400085551,36.94348940132828],[-107.45641176928017,36.942191407402795],[-107.45705870514998,36.94170682367037],[-107.45667331492704,36.94115617487681],[-107.45684555908818,36.93992050966815],[-107.45794661614207,36.93923721062501],[-107.45662923804954,36.93813418470164],[-107.45648442134352,36.93662279953996],[-107.45719240112373,36.93580090225246],[-107.45764992243386,36.93400749148643],[-107.45826805659317,36.93374394952633],[-107.4588479382931,36.93397349362465],[-107.45918444296831,36.93388419669952],[-107.45860934517928,36.933332955787506],[-107.45866343841975,36.93278369844649],[-107.45911488344254,36.93251040761061],[-107.45919919261348,36.932129750237365],[-107.45997186697377,36.93113953421597],[-107.46076090101131,36.93100465473943],[-107.46041490875487,36.930454140735165],[-107.46049638609708,36.92990496822793],[-107.46203769459437,36.92798679671943],[-107.46131750942148,36.92784718622525],[-107.46144777332513,36.927177480463435],[-107.46093456108699,36.92715566879805],[-107.46061012659639,36.92688346871173],[-107.46062528079479,36.92550994462716],[-107.46033251298877,36.9245475253381],[-107.46050136045388,36.9234491977047],[-107.46008758802141,36.92289846938073],[-107.46018661703566,36.92262406601669],[-107.45822188556446,36.92204834600542],[-107.45771026153521,36.92170995423537],[-107.45752016120693,36.92124208758455],[-107.45654686658293,36.92068957535851],[-107.4562773512144,36.91986457650838],[-107.45541393498003,36.91903768904192],[-107.45548143534941,36.91862583183081],[-107.45468078165497,36.91821121051113],[-107.4549190244493,36.91779989768126],[-107.45362389483292,36.91642219163061],[-107.45342447439519,36.915460052476185],[-107.45295233364561,36.91512627909533],[-107.45277659441291,36.914496477105246],[-107.45315641963455,36.91408562100611],[-107.45294131205132,36.91367286018999],[-107.45304238508926,36.91339846893507],[-107.45253954270083,36.91271007106479],[-107.45264583631145,36.91229833938944],[-107.45208482205229,36.91160975307478],[-107.45267611335373,36.91106221923614],[-107.45243712209016,36.90996259332747],[-107.45262763387797,36.90900170137621],[-107.45332646146146,36.90868183406113],[-107.45362403488745,36.90831810243422],[-107.45320655505802,36.90776733721757],[-107.45402033790734,36.906739241425484],[-107.4559015008064,36.906841092997524],[-107.456717942801,36.90667965948857],[-107.4566871117767,36.90613013134018],[-107.45607823527243,36.90568874172667],[-107.45595528805732,36.90530366337015],[-107.45814608921577,36.90259320790606],[-107.45883614338162,36.901396253642396],[-107.46055553998622,36.8995642281439],[-107.46295236927669,36.899107525792886],[-107.46346863918724,36.898456947498644],[-107.46483822333305,36.898197317589485],[-107.46552425936856,36.89780756389335],[-107.46672152063732,36.897812276455085],[-107.46706511507765,36.897495599594684],[-107.46980494081953,36.896823447750954],[-107.47219907827251,36.89690829883506],[-107.47271109962426,36.89714089599329],[-107.47356686182778,36.89702015572328],[-107.47390766414894,36.897292118097944],[-107.474249777289,36.89728480377995],[-107.47459347923208,36.89693802037656],[-107.47630660977106,36.89634892755454],[-107.47819322734836,36.89522515496865],[-107.47956411669756,36.89465951546041],[-107.48041804830008,36.89492805388838],[-107.48109917165215,36.89558382937566],[-107.48178246602444,36.89576878509905],[-107.48291227182972,36.8964579696407],[-107.48401209876963,36.898109503287266],[-107.48406518467965,36.89618664827479],[-107.48349531526867,36.89522355962841],[-107.48281298350268,36.89482824736626],[-107.48176019488491,36.89370740695086],[-107.48302712874833,36.89068927181844],[-107.48420834276283,36.888880585030066],[-107.48593916736095,36.88767594215982],[-107.48764161320605,36.886029235854096],[-107.4883269790719,36.88573845520123],[-107.48866618407912,36.88636636826654],[-107.48900966645036,36.886043001921536],[-107.48962375820446,36.88590100015388],[-107.49033848597888,36.88480419941266],[-107.49141116958819,36.88440563494189],[-107.49208569998852,36.8837103634904],[-107.49283883310311,36.88261365745823],[-107.49270493255212,36.8819264821661],[-107.49314476377563,36.879592650122184],[-107.49400064159289,36.878911651398234],[-107.4948561391643,36.87879725055817],[-107.49639455441394,36.8789268594888],[-107.49820354943546,36.87988174032725],[-107.49888895728454,36.88166933003132],[-107.49861538698019,36.8823553515208],[-107.49842383750844,36.884125074557964],[-107.49922903508926,36.883455944930766],[-107.4995395436909,36.88277002591163],[-107.49979845347656,36.88262270858799],[-107.50201732605775,36.88359864866852],[-107.5032144929052,36.88357457891242],[-107.50475057291338,36.8830592653032],[-107.50529121414881,36.882511325545096],[-107.50588066893759,36.881276725877285],[-107.5062926655649,36.87949220107217],[-107.5061191105894,36.87784342195449],[-107.50693447589295,36.87660943776995],[-107.50820272749459,36.87674032605462],[-107.51017363199317,36.87744244079391],[-107.51041866217975,36.878399332853746],[-107.51076218161163,36.878036849273904],[-107.51110410948706,36.87805243236708],[-107.51229826388801,36.87872678180602],[-107.51468899993596,36.87950642171179],[-107.51691155738727,36.87961359644967],[-107.52085064831618,36.8781198727084],[-107.52137326356957,36.87843387686767],[-107.52187268706695,36.87909078344992],[-107.52202429361554,36.87857294254715],[-107.52187932821823,36.87745532911977],[-107.52273594619929,36.877050121356234],[-107.52359148109883,36.876910885935864],[-107.52393595045945,36.87629583031292],[-107.52469751181921,36.87597010257303],[-107.52496072277606,36.87528399288226],[-107.52530910364109,36.87499831032618],[-107.52582101443801,36.87526250137269],[-107.52639430128804,36.87501298676698],[-107.5263824890458,36.87473823903553],[-107.52599110664863,36.87446251031527],[-107.52651023838033,36.873947011850845],[-107.52668150322785,36.87387766234489],[-107.5271930586326,36.8742302279348],[-107.52804851763607,36.874100143710216],[-107.52809800589063,36.87323171237559],[-107.52873823454001,36.872648220242226],[-107.5292624888767,36.87254790404086],[-107.52886432075267,36.871173297771584],[-107.52891567024027,36.87102250088672],[-107.52959968092894,36.87100072548623],[-107.52972002979718,36.87048869323611],[-107.53046539487376,36.869803801295525],[-107.53040910286414,36.869391581589966],[-107.5307432701641,36.86856828023895],[-107.53083433773043,36.86650813009013],[-107.53137551531348,36.865410635509726],[-107.53133979383988,36.86238864932002],[-107.53164521491138,36.86170263028039],[-107.53166299260675,36.86087852173246],[-107.53216195363638,36.86033035117938],[-107.53224072925603,36.85978111484945],[-107.53280926399259,36.859370476664196],[-107.53243362260272,36.857995936266505],[-107.5327311535049,36.85726425377053],[-107.53341290847949,36.8577881292515],[-107.53392706687492,36.857453974089005],[-107.53461020357324,36.85762534927308],[-107.5356374124785,36.857238301003036],[-107.53597874457535,36.85738512485342],[-107.536318654837,36.857899731160096],[-107.53768715665693,36.85766957849001],[-107.53902661351181,36.85801244294893],[-107.53893726101789,36.85924845297142],[-107.53948123173402,36.86076074801299],[-107.53954216998558,36.86240920623707],[-107.54112155317333,36.86461084234967],[-107.54109276782785,36.866396437026054],[-107.54243802961213,36.86710617070864],[-107.54265095670364,36.867499128851044],[-107.54235776988837,36.869009358483815],[-107.54191409989912,36.86928298906817],[-107.54191552399817,36.86963071016608],[-107.54199481418273,36.86942054574092],[-107.54262939653837,36.86914738196899],[-107.5429244813659,36.868323950478036],[-107.54338223229634,36.867775632746444],[-107.5429518520345,36.866867012878814],[-107.54187097682814,36.86626098904621],[-107.54192757544047,36.864475462298465],[-107.54074859120686,36.86178577263312],[-107.54087461650136,36.86021474856405],[-107.54063751388912,36.85925265186295],[-107.54100588558292,36.85787996797092],[-107.54075558140991,36.85719255682078],[-107.54167707630543,36.85609594869256],[-107.54231356605005,36.85484175312829],[-107.5433739058037,36.853627635492636],[-107.54454401760628,36.85267134583192],[-107.54830343945113,36.85301208484968],[-107.54966907796813,36.853523630376145],[-107.55060887831402,36.85433185917025],[-107.5503449312531,36.85567092662859],[-107.55085859559178,36.85544719136387],[-107.5515816979198,36.855845119678605],[-107.55116264801642,36.85749243511026],[-107.55156402354048,36.85749338722841],[-107.55238692965094,36.85822986450308],[-107.55272580193308,36.85905952988796],[-107.55291943191129,36.85832074700529],[-107.55254140509997,36.85777041824659],[-107.55246346968178,36.85722079770242],[-107.55290492187065,36.85682459949667],[-107.55372438697778,36.856949052170414],[-107.55440542892146,36.85750008867616],[-107.55510923420391,36.85763909721492],[-107.55546494906741,36.85798943765262],[-107.55631884106617,36.85823021995807],[-107.55922576653906,36.85802611765478],[-107.56162163884727,36.85730853770626],[-107.56156134217646,36.8579287423407],[-107.56183398925951,36.85875352008779],[-107.56347336005462,36.860405562338485],[-107.56382829892067,36.8617796205037],[-107.56479565749807,36.86301837891903],[-107.56467418471846,36.86432696537749],[-107.56523420270098,36.86329408692734],[-107.56448939720883,36.86178145533245],[-107.56429955489413,36.860132717040386],[-107.563671398877,36.85889506178509],[-107.5637189810798,36.85656006441681],[-107.56599835150183,36.85464218387613],[-107.56724860075671,36.8542329113822],[-107.56729318667313,36.85285941874033],[-107.56773975449101,36.85217362098446],[-107.568658985443,36.849080938932026],[-107.56986213961419,36.84714955234146],[-107.57174123440076,36.846688119825174],[-107.5711036002297,36.84599991791562],[-107.5710783791065,36.845725143413894],[-107.57212564841444,36.84490329240059],[-107.57311788975125,36.84475458738723],[-107.57362792700822,36.845562165510906],[-107.57465481691742,36.84516368300229],[-107.57499568671233,36.84545429046517],[-107.575851124498,36.84521093488992],[-107.57637636159541,36.845461993884655],[-107.57670331550685,36.84593750475151],[-107.57772891754833,36.84592267435653],[-107.57841168819958,36.84620312453956],[-107.57848169479061,36.845878604184],[-107.57824265724557,36.84563264421991],[-107.5770476427551,36.84519551113673],[-107.57687756265031,36.84494287812307],[-107.57674320010842,36.843265034458405],[-107.5774241505002,36.842030266469614],[-107.57860002550726,36.840954150786196],[-107.57911355036005,36.84071796346059],[-107.57955889710804,36.83983708930003],[-107.58014298399542,36.83951953397496],[-107.5832194700224,36.839493492873],[-107.58368301107294,36.83984582090685],[-107.58355934251976,36.84009306296227],[-107.58578277166252,36.83960684752378],[-107.5866378941283,36.83971462941625],[-107.5874900518528,36.840179751195585],[-107.58885799515262,36.839978078833326],[-107.58988207974579,36.84041622530487],[-107.59330190208911,36.83991764834093],[-107.5944980994431,36.83997791876436],[-107.5949126675588,36.8394567923571],[-107.59711390115187,36.838087589592476],[-107.59960893672748,36.83616948462612],[-107.59981047481143,36.83534157479867],[-107.60148991663202,36.83260181296354],[-107.60252956936722,36.82944455871355],[-107.60290528450864,36.829148737043965],[-107.60529874162152,36.82880420415708],[-107.60632399481082,36.82882836340201],[-107.60717992481118,36.828321237615654],[-107.60785397962425,36.82876797526363],[-107.60837234439686,36.829614038110925],[-107.6087680272228,36.830967463683656],[-107.60835962650987,36.833957415977416]]}},{"type":"Feature","properties":{"depth_ft":50,"elevation_ft":6035.0,"major":false},"geometry":{"type":"LineString","coordinates":[[-107.61580860859628,36.92053538264504],[-107.61682466433686,36.917381160279135],[-107.61897509189947,36.91724770209653],[-107.61803939597858,36.91679354907738],[-107.61701334668439,36.916633439602236],[-107.61681611838134,36.916007565461996],[-107.61688652526213,36.9146651851649]]}},{"type":"Feature","properties":{"depth_ft":50,"elevation_ft":6035.0,"major":false},"geometry":{"type":"LineString","coordinates":[[-107.61689604792065,36.91459557283843],[-107.61764812086582,36.91230041333166],[-107.61788641198146,36.90749331276213],[-107.6181263053989,36.906944314956064],[-107.61535307394917,36.904192095673196],[-107.61234394416961,36.9025382381688],[-107.612118098127,36.90116423533376],[-107.61238618960428,36.90047794277329],[-107.61214834885214,36.89924127553895],[-107.61150634062528,36.89855328706524],[-107.61135993919802,36.89717943019513],[-107.60922448990964,36.893878820219356],[-107.6085988229983,36.89209197866278],[-107.60865587300412,36.8905811431598],[-107.60959134910587,36.88962139860709],[-107.60939422385677,36.889392142479664],[-107.60871035392584,36.88931717958274],[-107.60815437172987,36.888794533030165],[-107.60698634450164,36.88645721821321],[-107.60548477789611,36.8841260144319]]}},{"type":"Feature","properties":{"depth_ft":50,"elevation_ft":6035.0,"major":false},"geometry":{"type":"LineString","coordinates":[[-107.44340057357341,36.91295514105191],[-107.4431779517632,36.91295441014224],[-107.44390053463538,36.91209837821288],[-107.44340057357341,36.91295514105191]]}},{"type":"Feature","properties":{"depth_ft":50,"elevation_ft":6035.0,"major":false},"geometry":{"type":"LineString","coordinates":[[-107.6149402479803,36.909854676449164],[-107.6137563421778,36.91545251765789],[-107.61339627558372,36.91888579920678],[-107.61268627744619,36.92067013453809],[-107.61201661385935,36.92163039346696],[-107.60946547623912,36.92354713397358],[-107.60503284376351,36.925737908861805],[-107.60337861126878,36.92710829464229],[-107.60303146869474,36.927657052665985],[-107.60257648643949,36.93122746704681],[-107.60226295866792,36.93177628770678],[-107.60250639617362,36.93232619115971],[-107.60228527982665,36.93411140879558],[-107.6019046755261,36.93428623331785],[-107.60183400593264,36.934659960005625],[-107.60043711049114,36.93589344623685],[-107.59966363342056,36.936853429024666],[-107.59846310218025,36.94207064032512],[-107.59898198618025,36.943033166271476],[-107.59887513318473,36.94358238442151],[-107.59735202420951,36.946189155015865],[-107.59758941551593,36.94636123732869],[-107.59861612713418,36.94642188454561],[-107.59862095217647,36.94701581271032],[-107.59815554866606,36.94728960634205],[-107.59792757793727,36.9477057287527],[-107.59690048665048,36.947762544572846],[-107.59518164724318,36.95011145427776],[-107.59516166892706,36.95277792372261],[-107.59602577859003,36.953869607631795],[-107.59554002571944,36.95236661083513],[-107.59552333660129,36.95031302892437],[-107.5969872716352,36.94879821570271],[-107.59809690539241,36.94829932408299],[-107.5987839038703,36.94752214262187],[-107.60050745708051,36.94356854897937],[-107.60107423160555,36.940976916854936],[-107.60099585338952,36.93919111812085],[-107.60189308274356,36.93812010809838],[-107.60189544157355,36.93734007318715],[-107.60241063714055,36.93674110055753],[-107.60326793582936,36.936189482905775],[-107.60412727045184,36.93495386266979],[-107.60477694311709,36.933017369514204],[-107.60574894868013,36.9328818783862],[-107.60487423618942,36.93246812660316],[-107.60471595037151,36.93054481635391],[-107.60501173287703,36.92848502133019],[-107.60551487188276,36.927799199236034],[-107.60812645771438,36.92656796041922],[-107.60877450089468,36.92579108887924],[-107.60960148072296,36.92519717084953],[-107.61031587974729,36.92529466464726],[-107.60995023826179,36.92492311178646],[-107.61014662780825,36.924659770291626],[-107.61151673225872,36.924212608762886],[-107.61305925530888,36.92330121246005],[-107.61391548302295,36.92304394573951],[-107.61485469414775,36.922322436096366],[-107.61546031263943,36.92130352494112]]}},{"type":"Feature","properties":{"depth_ft":50,"elevation_ft":6035.0,"major":false},"geometry":{"type":"LineString","coordinates":[[-107.61481443813734,36.907809057446734],[-107.61495494151926,36.90870168793156]]}},{"type":"Feature","properties":{"depth_ft":50,"elevation_ft":6035.0,"major":false},"geometry":{"type":"LineString","coordinates":[[-107.60850472162096,36.90111798948463],[-107.60920066232035,36.902807066666455],[-107.61068294389493,36.90459551034488],[-107.61310789931422,36.906383932802356],[-107.61447513603366,36.906820105290905],[-107.6146093183927,36.90718382943608]]}},{"type":"Feature","properties":{"depth_ft":50,"elevation_ft":6035.0,"major":false},"geometry":{"type":"LineString","coordinates":[[-107.60747704673535,36.900334319925385],[-107.60747973495216,36.90067530304636],[-107.60816425934456,36.90056157391144],[-107.60846546285329,36.90098818823607]]}},{"type":"Feature","properties":{"depth_ft":50,"elevation_ft":6035.0,"major":false},"geometry":{"type":"LineString","coordinates":[[-107.60547641238232,36.88410797807627],[-107.60537246524328,36.88233337397618],[-107.60570928114038,36.881647226104924],[-107.6068281978667,36.880962570426476],[-107.60687960271177,36.88027587472686],[-107.60925943129143,36.87699397228381],[-107.61050698286185,36.876024608647256],[-107.6131423266599,36.87616687934808],[-107.6110821341863,36.87478945583798],[-107.61114830791041,36.87425472790457],[-107.6117430732156,36.873691818848826],[-107.61137300096341,36.87314169263525],[-107.61179432665527,36.870807376667905],[-107.61149798680562,36.86957059304509],[-107.6095221902127,36.86503404028588],[-107.60948930878195,36.864347182823906],[-107.60844028597447,36.862422174706644],[-107.6080425089733,36.86118518888431],[-107.607916419182,36.8600860762463],[-107.60837998699992,36.859537517586965],[-107.6084094615788,36.85871341795903],[-107.60665717174415,36.85582554456517],[-107.60621970478229,36.853901678965606],[-107.60662067946814,36.85199813437481]]}},{"type":"Feature","properties":{"depth_ft":50,"elevation_ft":6035.0,"major":false},"geometry":{"type":"LineString","coordinates":[[-107.60729387887135,36.87307389185777],[-107.60584535944992,36.87503058991202],[-107.60583340463903,36.875466318783616],[-107.60532999692563,36.876289507106534],[-107.6021061778172,36.88026668297393],[-107.60159016203889,36.881776623647845],[-107.60134740573505,36.88356181272641],[-107.60203008793304,36.886859750184826],[-107.60233876009445,36.88713506774891],[-107.60307264698378,36.88731066690891],[-107.6035397782541,36.88823626478653],[-107.60343597940967,36.888922856714146],[-107.6028857450552,36.88947122501252],[-107.60353767062857,36.88988456305477],[-107.60409935409136,36.89208338370082],[-107.60492080472619,36.893183833160755],[-107.60482616327171,36.893733084919376],[-107.60598202386842,36.89455945259836],[-107.60605801942549,36.89538374837265],[-107.60658348915882,36.89565946906715],[-107.60664233159828,36.89620901485434],[-107.60789916937958,36.89813442297526],[-107.60794344047314,36.899370731808325],[-107.60748077332703,36.900322955060254]]}},{"type":"Feature","properties":{"depth_ft":50,"elevation_ft":6035.0,"major":false},"geometry":{"type":"LineString","coordinates":[[-107.60661795376521,36.85196296048421],[-107.6071838792808,36.85033217296237],[-107.60806088819972,36.849921759817846],[-107.60822586231671,36.84923527505797],[-107.60796689947875,36.84882270600295],[-107.60858820435038,36.84703820881808],[-107.60975202225474,36.845529448455174],[-107.61038854238919,36.844294407739355],[-107.61082665805982,36.84407447808038]]}},{"type":"Feature","properties":{"depth_ft":50,"elevation_ft":6035.0,"major":false},"geometry":{"type":"LineString","coordinates":[[-107.6111159896873,36.844062212685834],[-107.61184609556204,36.84388505340882],[-107.61141054996999,36.843060083542454],[-107.61243230572313,36.84155103049069],[-107.61415122380951,36.84060440047276],[-107.61512582435401,36.84059448705622],[-107.61449446844354,36.84010699802637],[-107.61355062751765,36.839767427385915],[-107.61371048004139,36.83825676594125],[-107.61475973703752,36.83551150426079],[-107.61564820401458,36.8349636950648],[-107.61525006135368,36.83427616634275],[-107.61562511444043,36.83290325525191],[-107.61588305861655,36.832586593561004],[-107.6165665328113,36.83262533360841],[-107.6168565726348,36.83221870439538],[-107.61659801091106,36.831531433924305],[-107.61564215181393,36.83098024810161],[-107.61552077356521,36.83043058617011],[-107.61559625374309,36.82878240518922],[-107.61653800039956,36.827685246252194],[-107.61538721507478,36.82664848805503],[-107.61599511254498,36.825623855098065],[-107.61573355533787,36.825032834855016],[-107.614973483582,36.82452310305065],[-107.61499092632457,36.82397369484885],[-107.61478161665242,36.823698590190304],[-107.61374540685875,36.82287252067678],[-107.61344667302103,36.82232252826637],[-107.61326460870387,36.82108595044535],[-107.6136603342639,36.82067460175573],[-107.61372876590787,36.82026264772729],[-107.61305102428793,36.81957459339534],[-107.61310632522407,36.818475814434244],[-107.61289634961068,36.81806334480704],[-107.61319804949898,36.81765182309179],[-107.61234764782319,36.817375525384506],[-107.6121042567139,36.81627619105678],[-107.61097711432242,36.8152948320443],[-107.60917363060773,36.812974056560456],[-107.60811315304349,36.81091164802862],[-107.6090663164414,36.80899040410643],[-107.60915122341284,36.80789168092613],[-107.60895126682861,36.806920044172344],[-107.60933358380922,36.8063810597154],[-107.6088258355356,36.804731776615924],[-107.60901696259715,36.803358532160864],[-107.60964776060713,36.80240293706089],[-107.61318392500144,36.79869605830132],[-107.61283919424712,36.79814597712433],[-107.61239394144593,36.79790483193511],[-107.6096760199344,36.79690382509205],[-107.60896500863193,36.79690248597452]]}},{"type":"Feature","properties":{"depth_ft":50,"elevation_ft":6035.0,"major":false},"geometry":{"type":"LineString","coordinates":[[-107.49231562813021,36.83563543220264],[-107.49299701114131,36.83531417622531],[-107.49359979805757,36.83426551452997],[-107.4938563320454,36.83422487144044],[-107.49410186318912,36.83440430750886],[-107.49419369206544,36.834954007147545],[-107.49386294400625,36.83605193841634],[-107.4945454176223,36.83729011945104],[-107.4944349718741,36.83866339809468],[-107.49588835013792,36.83849788024804],[-107.49708798475355,36.837749772618956],[-107.49742976838775,36.83775665931645],[-107.49845355776647,36.83813558100612],[-107.49981639057034,36.839155638976756],[-107.50015657507912,36.8396410853743],[-107.50015346684886,36.84019051394264],[-107.4997058919642,36.840876055302566],[-107.4996169596272,36.84156260214004],[-107.50065550069463,36.84272028962573],[-107.50219313193377,36.84286648652349],[-107.50304859081234,36.842664786425566],[-107.50354692626436,36.843908676248766],[-107.50406785097118,36.84412181540618],[-107.50509360448304,36.84406871446815],[-107.50577883765268,36.84370548761794],[-107.50799950905954,36.84401020335998],[-107.50872525070628,36.84433500607718],[-107.50985821490396,36.84529960893136],[-107.50970239337671,36.84551089659141],[-107.50850441920787,36.845866622784484],[-107.50784310084464,36.846392982467925],[-107.50783689243829,36.84762919814331],[-107.50849558413405,36.84795514757561],[-107.50885891737443,36.84845614710103],[-107.5083224610477,36.8487293999494],[-107.50874075583587,36.84914262026436],[-107.50837289203044,36.849416333519045],[-107.50934271553643,36.849736567408165],[-107.51036412213965,36.850733854585954],[-107.51104758048565,36.850801751866385],[-107.51167458295268,36.85052418619428],[-107.51153482748599,36.8513479626129],[-107.51205839585118,36.85272296964383],[-107.51166923984923,36.855057020956174],[-107.51211273618063,36.85698124615758],[-107.51324248352758,36.85734097772163],[-107.51392682786376,36.85721070963057],[-107.51478363673377,36.856714932934736],[-107.51556545473912,36.85699052641556],[-107.51443988664828,36.85716065600157],[-107.51382152697364,36.8576726464541],[-107.51345799720129,36.8584958224491],[-107.51364488231638,36.85918311989652],[-107.51341970718111,36.859457231919805],[-107.50946973847392,36.860145358091884],[-107.50895716382126,36.86007538728059],[-107.50861678927204,36.859711691590746],[-107.50789691226511,36.85971695731782],[-107.50844357417675,36.860245416093385],[-107.50912608489887,36.8605572681869],[-107.5139134609908,36.860422731894005],[-107.51579080085995,36.86119421063451],[-107.51733010527151,36.86103101560885],[-107.51781987672014,36.86125465902701],[-107.51794569012307,36.86152971070873],[-107.51680025831148,36.86276289575377],[-107.51680876454294,36.86308331600875],[-107.51716696734191,36.863313307159984],[-107.51713351504382,36.86358793585618],[-107.51754181691449,36.863863739023294],[-107.51851423075794,36.86409921072786],[-107.51919790765723,36.864144570516714],[-107.51971154416643,36.86396368233309],[-107.51988101649354,36.86432920361565],[-107.52090464029551,36.864862978295704],[-107.52186455445907,36.864287221797014],[-107.52328273947381,36.864153570825735],[-107.52398708831291,36.863613847492275],[-107.52467192675945,36.86337017263333],[-107.52588473275483,36.86402297092072],[-107.52603536885638,36.864436582430365],[-107.52637669562385,36.86458810417983],[-107.52661589714292,36.86443693651935],[-107.52689315677777,36.8636963971058],[-107.5270599329387,36.86474589459765],[-107.5269248588798,36.86539924530604],[-107.5264613775216,36.86581012605372],[-107.52668876341836,36.86649750698557],[-107.5262102529256,36.867045706680216],[-107.52626608820428,36.867320568523745],[-107.52656075478177,36.86732132943967],[-107.52654476370144,36.86759600573249],[-107.52597207489197,36.86828131998392],[-107.52579495768049,36.86896765559212],[-107.52172189619087,36.87411661948944],[-107.52017701692196,36.87558329280063],[-107.5191621470389,36.876230315668224],[-107.51777208343324,36.87677606701793],[-107.51657997178155,36.87709176723269],[-107.51504121669814,36.877044486183436],[-107.50940788043827,36.874799380217006],[-107.50650361180544,36.87420044017658],[-107.50530594576021,36.874375686933206],[-107.50342175047174,36.87514811320324],[-107.50256614308863,36.87646000162705],[-107.50307947459193,36.87989539041822],[-107.50288480769018,36.88071251275364],[-107.50250001734935,36.88099264585652],[-107.50219972305965,36.880961314190294],[-107.50182961694345,36.88057870250328],[-107.5000598946811,36.87796394286292],[-107.49913859374693,36.877076619985345],[-107.49743292407481,36.87610040735364],[-107.49504205572761,36.8754148150413],[-107.49281802843517,36.87567334060494],[-107.49126132237201,36.87656535885483],[-107.4896879531361,36.878071762332475],[-107.48955679480267,36.878439798943376],[-107.48754407049877,36.87861497725667],[-107.48908336968827,36.87944359636444],[-107.48909891512604,36.880130433169654],[-107.48867446297587,36.88081599462094],[-107.48628613598177,36.883236909286204],[-107.48320043045246,36.88489245277389],[-107.48224188500062,36.88519262875421],[-107.48219902478887,36.88601665127155],[-107.4800949687301,36.88793342958158],[-107.47877829462914,36.88971516366035],[-107.47747240742349,36.89026069231933],[-107.4777448400846,36.89081094011869],[-107.47723002644057,36.89135883061046],[-107.4746142825301,36.8924927627296],[-107.4729034895535,36.89260032397348],[-107.47102293986838,36.89243765049409],[-107.47033991088898,36.89220843373887],[-107.46999711646772,36.8923642027515],[-107.46880176321038,36.89197606532315],[-107.46811761128431,36.89198482836302],[-107.46760576375168,36.8917259246705],[-107.46469794288112,36.8918012708304],[-107.46298576487956,36.89219595459426],[-107.4614432935676,36.892859567129705],[-107.46075903888091,36.89288771067647],[-107.4593870228729,36.89366254574454],[-107.4577777953362,36.8936340280173],[-107.45562956437033,36.89260129897879],[-107.45548491524518,36.89129167435054],[-107.45512666861454,36.89053565101123],[-107.45478576581917,36.89030361449321],[-107.45480617401951,36.89225101964907],[-107.45419204733942,36.893485282848005],[-107.45305780254104,36.89387711296856],[-107.45186257013934,36.89347732802201],[-107.45049317722247,36.89370689760884],[-107.44950683234681,36.89360759880636],[-107.45032076717253,36.89398283830255],[-107.4516894490739,36.89389717503814],[-107.45322488932626,36.894672668827845],[-107.45562220264125,36.89409539011427],[-107.45602252595947,36.89431525675221],[-107.45699282363043,36.89624134393767],[-107.45663606849911,36.89660384629819],[-107.45612244220511,36.8967080616904],[-107.45602393435371,36.897199775982116],[-107.45465253959262,36.89829427556466],[-107.45371813303225,36.89868203359612],[-107.44994303159388,36.901114478493426],[-107.44822369917914,36.902876377071294],[-107.44639269927305,36.903761971020515],[-107.44538782038389,36.90499491250456],[-107.44525005400044,36.905681250460944],[-107.44547718469221,36.90623142240506],[-107.4453283309672,36.90664300902394],[-107.44548885653957,36.90760503591401],[-107.44494685009411,36.90897684036293],[-107.44417512459071,36.91007317479957],[-107.44403105389652,36.910759490055],[-107.44370541283185,36.911170494841414],[-107.44360568154852,36.91199431226445],[-107.44259358398583,36.91322720433703],[-107.44128671931203,36.91432175770483],[-107.43998424251487,36.91486688162465],[-107.44182982647388,36.91558901749281],[-107.44353544346414,36.91660768708291],[-107.44414662918483,36.917490379767194],[-107.4436297073675,36.918724900609796],[-107.44392501976328,36.91996208424028],[-107.44425468719392,36.92023787891685],[-107.44371219848324,36.92078552973947],[-107.44417806279702,36.922160628796384],[-107.44396410461098,36.92298407070961],[-107.44369726734583,36.92339526723169],[-107.44315760590602,36.92360973537372],[-107.44281329564868,36.92402427988768],[-107.44144131091689,36.92464816792056],[-107.43946302259454,36.926677873309046],[-107.43749424241467,36.926923069848385],[-107.43647088422343,36.9262913942234],[-107.43458810779542,36.92641286158523],[-107.43394570855665,36.926659450567534],[-107.43304261127268,36.92747600040948],[-107.43151768506179,36.92829954602067],[-107.42961493829203,36.928526756827885],[-107.42898745225888,36.927878888875064],[-107.42850569380148,36.92677839202503],[-107.4277013223727,36.92567679182078],[-107.42621083050373,36.92512841154622],[-107.42535235876235,36.92568488578358],[-107.42449660048655,36.92573085186374],[-107.42345827304716,36.92470072759098],[-107.42091797418675,36.92303331222364],[-107.42006350240472,36.9228459312556],[-107.4192075993154,36.9229239865769],[-107.417492380148,36.923707617965945],[-107.41475833045587,36.923063712298394],[-107.41498842470521,36.92151198864404],[-107.41460071426135,36.92059846181197],[-107.41451308654676,36.92068617128489],[-107.41447039505192,36.923158447612735],[-107.41605445683771,36.923850807768275],[-107.41612130845968,36.92412733617613],[-107.41731518158485,36.92483045147111],[-107.4179996258994,36.92482273431479],[-107.4192019662526,36.923965546833706],[-107.4203996857234,36.92396024085909],[-107.42261677707681,36.92530098608729],[-107.42321832037774,36.926485540454884],[-107.42363537545938,36.92679827222496],[-107.42483244247313,36.92692353672182],[-107.42603167001461,36.92664341771618],[-107.42654417685205,36.92679536641969],[-107.42739606825647,36.92801081797591],[-107.42714402248968,36.929108811990844],[-107.42854499496008,36.930075093132984],[-107.42960437847228,36.93052915915083],[-107.43028872733913,36.93054907006632],[-107.43068310583298,36.93021971726512],[-107.43217549316586,36.92968696750662],[-107.43543515678266,36.92804309061897],[-107.43577714068213,36.92808774939942],[-107.43680026592243,36.92876790031462],[-107.43885094508866,36.92927932309353],[-107.43901762298186,36.93013994417838],[-107.4395329923241,36.92974501780813],[-107.43970736747569,36.92911031713163],[-107.44073496219674,36.92892841036333],[-107.44142083044633,36.928332633541366],[-107.44170975291468,36.92750944423562],[-107.44297314845161,36.92623022203297],[-107.44468885396883,36.9253108727194],[-107.44605854539543,36.92513755547669],[-107.44608771825187,36.92477665556397],[-107.44667394969504,36.9246412081073],[-107.44726073219151,36.924249737872785],[-107.44794966258912,36.9233491921701],[-107.44846271988627,36.92339597741396],[-107.44935252335489,36.92423782541393],[-107.45164958150951,36.9282285850408],[-107.45171344622935,36.92932764675579],[-107.45197678274268,36.929877920698516],[-107.45177452677711,36.93125084139724],[-107.45199823534062,36.93166363082852],[-107.45193611478355,36.93276228726459],[-107.45217064964052,36.93303775407622],[-107.45199851639826,36.93413605720111],[-107.45214195421062,36.93454858844358],[-107.45190412863094,36.934822538794755],[-107.45221375014044,36.935098246549636],[-107.45233099689631,36.93592276418117],[-107.45166494457223,36.9366074101979],[-107.4511512126183,36.93756725632839],[-107.45107098113701,36.93839113922747],[-107.45045399078727,36.939350649620266],[-107.45050288778593,36.940037591276166],[-107.45012071142017,36.94058578594141],[-107.45017134108653,36.94086066285468],[-107.44939740396198,36.94172112440512],[-107.4485399133041,36.942078656390954],[-107.44808070405307,36.942639537462746],[-107.44801928949727,36.94291405167864],[-107.44831468928409,36.94332707984437],[-107.44721893865884,36.94469708943388],[-107.44719781180605,36.945109090761434],[-107.4466378513262,36.945942994379195],[-107.4416659203334,36.947630690173426],[-107.4413244176969,36.94747439710577],[-107.43961031773331,36.94797692399902],[-107.43909870659056,36.94761862295776],[-107.43841331844628,36.947769994162144],[-107.43790079063079,36.94759040024947],[-107.43652993585442,36.947906949293504],[-107.4361893977336,36.947566649181304],[-107.43533274257959,36.94773914428059],[-107.43464847148203,36.94767454086864],[-107.43413452042438,36.947769536918045],[-107.43344575577852,36.94856476398478],[-107.43242007020912,36.94832870172924],[-107.43190484042142,36.94866603546612],[-107.43036307670971,36.94892760407997],[-107.42950761854121,36.94886799067276],[-107.42659421934455,36.949577817633475],[-107.42590766268734,36.9499406985936],[-107.42471130414555,36.94961511341373],[-107.42437043740561,36.94934473643796],[-107.42419890889005,36.94941448927731],[-107.42436850841925,36.94970556969067],[-107.42556430792996,36.950136019048536],[-107.42744727707664,36.95009090477096],[-107.4284760848137,36.94973855026374],[-107.42967165939926,36.95021613540694],[-107.43087287289451,36.949624743290585],[-107.43155725343365,36.94967120324429],[-107.43224328764512,36.94940241964565],[-107.43446914328048,36.94924281350864],[-107.43549511087726,36.949428226043416],[-107.43651965824445,36.949888402491474],[-107.4372038469619,36.9499730493173],[-107.43771803154725,36.94983503742558],[-107.43788731487543,36.95019743074688],[-107.43905370353596,36.950301881979925],[-107.4399382440408,36.95077309435918],[-107.44044865457694,36.95137000603553],[-107.44096292944963,36.95121509677476],[-107.4414739063253,36.951703588522044],[-107.44215965507928,36.95148743505871],[-107.44387682638094,36.950393869907224],[-107.44428082537999,36.95045647794481],[-107.44438875789707,36.95069720541464],[-107.4449025178206,36.9506412585719],[-107.4452489583242,36.949828443662454],[-107.44581329996022,36.94963734926929],[-107.4466202780483,36.949419685491215],[-107.4471728839867,36.94991649111607],[-107.44743056372674,36.95184032022444],[-107.44609189367749,36.95236649241796],[-107.44546909734646,36.9530701384706],[-107.445679481623,36.95485645935783],[-107.44601472241116,36.955681691820324],[-107.4453185400901,36.95581677549751],[-107.44435463812859,36.95740671374703],[-107.44298726622105,36.95701151671656],[-107.44213153549143,36.956985528399606],[-107.44326144895756,36.95841980719436],[-107.44280742138956,36.95870980004561],[-107.44160943632477,36.95866086488003],[-107.44164937724628,36.95896392604801],[-107.44211966132623,36.95930677974122],[-107.4417762271041,36.95951741325682],[-107.44081858741195,36.95951060802267],[-107.4411125054612,36.95992364811868],[-107.44084969824331,36.96019749234586],[-107.44091535951198,36.960487083675424],[-107.44005689145024,36.96098593467833],[-107.43971464154025,36.9609639203958],[-107.43919855324594,36.961457417572454],[-107.4381698045124,36.961777236951235],[-107.43731463675742,36.96163259310128],[-107.43645472482436,36.96240263135643],[-107.43444258202217,36.96196177327427],[-107.434643209018,36.96251187192823],[-107.43542003974238,36.96278919011397],[-107.43524933560309,36.96376559357708],[-107.43576197717357,36.96394288546074],[-107.43627804242624,36.96375355564983],[-107.4362118108612,36.964440115052454],[-107.4366088573741,36.964578798475124],[-107.43647364040145,36.965265127422626],[-107.4368201637022,36.96581570969628],[-107.43600956747879,36.96649978067027],[-107.43523458045286,36.96659943656725],[-107.43429884349509,36.96751569915132]]}},{"type":"Feature","properties":{"depth_ft":50,"elevation_ft":6035.0,"major":false},"geometry":{"type":"LineString","coordinates":[[-107.6083485785951,36.83399737313601],[-107.60784233134704,36.83552407304755],[-107.60596759082927,36.83837957036079],[-107.6057977417854,36.84002756167596],[-107.60501607597664,36.841262299984884],[-107.60474448304983,36.84249801470177],[-107.60375225231752,36.84359497948714],[-107.60249010037789,36.845927647767084],[-107.60235658909257,36.84675154552222],[-107.60170046879013,36.84798650430725],[-107.60162107358103,36.84894786581735],[-107.60085097408258,36.85059467543625],[-107.60048901921374,36.85237963908222],[-107.60064105140555,36.853616170971556],[-107.60143174336406,36.8560901837718],[-107.60159513121822,36.85718937659759],[-107.60144941206823,36.85787588868384],[-107.60263671152059,36.861671981412805],[-107.60285919908779,36.86378507523664],[-107.60332361202879,36.86447277036599],[-107.60356111950541,36.86557210241706],[-107.60345139924983,36.865846608396275],[-107.6025454904089,36.86625693000683],[-107.6039895158265,36.86665116462434],[-107.60463763050222,36.86722248728463],[-107.60712852662809,36.87038651117095],[-107.6073510900331,36.87131299377718]]}},{"type":"Feature","properties":{"depth_ft":50,"elevation_ft":6035.0,"major":false},"geometry":{"type":"LineString","coordinates":[[-107.47079658898615,36.83176332186259],[-107.47131132578221,36.831326874776764],[-107.47182320305747,36.831496914560695],[-107.47201197139482,36.83131732225405],[-107.47114121709329,36.83116061690241],[-107.47064240297432,36.83172523054265],[-107.47079658898615,36.83176332186259]]}},{"type":"Feature","properties":{"depth_ft":50,"elevation_ft":6035.0,"major":false},"geometry":{"type":"LineString","coordinates":[[-107.60602922068914,36.818874577714084],[-107.6055812505107,36.81873636041788],[-107.60328889337885,36.81653418498381],[-107.60305109567784,36.81598428388399],[-107.60321956348884,36.81570988955827],[-107.60431051926746,36.81635436987159],[-107.60465214428689,36.81638612566215],[-107.60540276900068,36.8169503360967],[-107.60610044643029,36.81846263335014],[-107.60602922068914,36.818874577714084]]}},{"type":"Feature","properties":{"depth_ft":50,"elevation_ft":6035.0,"major":false},"geometry":{"type":"LineString","coordinates":[[-107.56177114418685,36.816721341597685],[-107.56279098728679,36.81653416199118],[-107.56398410624779,36.81736209794068],[-107.5646674677697,36.81738665183147],[-107.56528261984751,36.81700402885712],[-107.56534622113207,36.816042651554305],[-107.56654353340859,36.81632006394758],[-107.56676378007032,36.81673263815792],[-107.56673598037125,36.81769409640715],[-107.5670915324079,36.81851905336173],[-107.56628396790883,36.819616122831015],[-107.56636512549836,36.820542690694076],[-107.56653562578559,36.820648887872885],[-107.56672490939185,36.82057863236199],[-107.5666299048702,36.82030369930464],[-107.56688067728649,36.81969314696717],[-107.56810766084868,36.81893340421959],[-107.56808374093028,36.817666250546594],[-107.56996431876574,36.81734810664923],[-107.57030337768762,36.81812686789089],[-107.57166956971281,36.8183373407667],[-107.57235181241967,36.81869473328015],[-107.57338253317488,36.817058970392594],[-107.57423829009387,36.8166284894271],[-107.57526301495959,36.816758542294586],[-107.57594699532022,36.81659779699599],[-107.57697549947268,36.815595320902226],[-107.57725879026076,36.81579418024581],[-107.57729024619191,36.81675576892943],[-107.57782358060517,36.81746328691342],[-107.57935947760893,36.81802686422538],[-107.57987196298136,36.81805862998842],[-107.58107140822807,36.817022233782005],[-107.5829494080603,36.817474399336234],[-107.5839034089677,36.817456624735655],[-107.58448883985301,36.81695778827169],[-107.58483322259833,36.81613470649795],[-107.5855158502047,36.816385704244766],[-107.58790800707702,36.81634800037326],[-107.58783185433828,36.816777999155015],[-107.58807713508757,36.81689077095021],[-107.58861700132512,36.81650489716402],[-107.58905913210668,36.81540692476567],[-107.58944906898851,36.81529997870729],[-107.59064368838132,36.81573776605457],[-107.59146365533863,36.81582392024993],[-107.59200827754948,36.81646324987785],[-107.5926909767945,36.816699809959424],[-107.5933729444782,36.81720139004855],[-107.59365135040522,36.81830083271731],[-107.59514173857546,36.81995214883936],[-107.59614705750832,36.82091567898685],[-107.59711955318203,36.82118929934056],[-107.59763109281202,36.82153878968665],[-107.59882674994294,36.82256931468878],[-107.59888318278551,36.82284414606942],[-107.59710765192153,36.8250613937922],[-107.59598838108127,36.8257229633585],[-107.59470190728793,36.82736870790022],[-107.59419553172592,36.8276424104157],[-107.59344064961354,36.828465049275486],[-107.59360758669379,36.829976344696405],[-107.59230851009266,36.82969328509542],[-107.59212846978573,36.829835993460655],[-107.59244602499108,36.83107287591249],[-107.59315873723567,36.83104320482694],[-107.5934206602181,36.83176164567206],[-107.59311508916164,36.83285990719662],[-107.59229591011915,36.83370961752008],[-107.59109820194134,36.83416001553672],[-107.58887612301697,36.83428201645175],[-107.58494797846713,36.83349486612951],[-107.58033378888902,36.83347954661796],[-107.57640162037136,36.83393426666627],[-107.57563294045073,36.83447161802857],[-107.57499963908398,36.83460760339501],[-107.57243824871426,36.83721184412778],[-107.57166202055119,36.83830901522453],[-107.56988737440984,36.839793690082935],[-107.56898420462808,36.840226125456034],[-107.56885843692214,36.840800558463485],[-107.56782846202884,36.84209969308052],[-107.56548571927884,36.8442017205644],[-107.56343977828752,36.847631078593466],[-107.56364253516247,36.84859305424538],[-107.56301861308019,36.84896822145207],[-107.56216641405722,36.84827118868227],[-107.56131189363875,36.84823379183176],[-107.56078508754503,36.847625021969],[-107.56113961325805,36.848614583362036],[-107.56200735839633,36.84886405206266],[-107.56180123472144,36.84955037806055],[-107.56204661362354,36.85010037553902],[-107.56284276142347,36.85036466156571],[-107.56294122317244,36.85078921025999],[-107.56161352732721,36.85188505710617],[-107.56129844026556,36.852030941503166],[-107.56078581897742,36.851975855231096],[-107.56067255666011,36.85229498030276],[-107.55992909815151,36.85254496310435],[-107.55890350656593,36.85253127378117],[-107.55838928159282,36.85292353452495],[-107.55650820491752,36.853125021893504],[-107.5554844879968,36.85259140588705],[-107.55497381517604,36.85199906532878],[-107.55429113335607,36.85170368656152],[-107.55292800935354,36.85050402302968],[-107.54934410493736,36.84895182379071],[-107.54575742225605,36.848180166623294],[-107.54250857095207,36.84849052388369],[-107.53925590710728,36.849789516066984],[-107.53856961843512,36.850454566105796],[-107.53839598772458,36.85115621386488],[-107.5377733208716,36.85141609558504],[-107.53668143543962,36.85249765795513],[-107.53514096901367,36.853014497402256],[-107.53223591016835,36.852775195838305],[-107.5305257509821,36.85296645527216],[-107.52896230848982,36.853454249175286],[-107.52795610471779,36.85435735949483],[-107.52692383186412,36.85601310552725],[-107.52572700178325,36.85606211787585],[-107.52504227645159,36.856294735284074],[-107.52324500484872,36.85632401288734],[-107.52290037306408,36.85728462647591],[-107.5233266891965,36.85780622849238],[-107.52366411811614,36.85728661860995],[-107.52435526756697,36.85709363121257],[-107.52589290932873,36.85732054610055],[-107.52628833399162,36.85770550319173],[-107.5257625549294,36.858940374819305],[-107.52503172172156,36.85892258054688],[-107.52434630654948,36.85931968116354],[-107.52358695228688,36.86126982745428],[-107.52279727399718,36.86189932599587],[-107.52194125456478,36.862198928237596],[-107.52105851017467,36.86181264725352],[-107.52006803287684,36.860397297461866],[-107.51836187779031,36.8595641958593],[-107.51716616955737,36.85932616376841],[-107.51579846070256,36.859342804044],[-107.51611373992606,36.858915016383634],[-107.51751123838501,36.85855848519554],[-107.51802565088266,36.85818053541579],[-107.51849893698449,36.856586255260176],[-107.51842628737694,36.85603662677252],[-107.51802669274213,36.85548613140606],[-107.51701331318995,36.85493443877287],[-107.51547563245639,36.854734895301746],[-107.51378688882626,36.85506273248091],[-107.5139305216719,36.852865373727745],[-107.5133484250079,36.85107814004548],[-107.51373818812858,36.850117674682636],[-107.51355158901086,36.84915565883849],[-107.51310721077708,36.8487881453585],[-107.51242419599879,36.84861795803033],[-107.51090094278585,36.84901113985064],[-107.51054408807397,36.848585955996555],[-107.51037595407941,36.84792095266661],[-107.50945727321597,36.84680946865791],[-107.51106624261321,36.84635547696629],[-107.51146092796984,36.84571603678417],[-107.51142602797985,36.84502914609891],[-107.51247556686573,36.84420782783872],[-107.51090399961835,36.84428748120806],[-107.5086881338898,36.84284129134487],[-107.50646853654754,36.84229149565024],[-107.5059557659436,36.84229607671346],[-107.50458554260659,36.842970537772345],[-107.50433664798366,36.841850475323284],[-107.50322622293432,36.8411026831703],[-107.50271348458644,36.84110158111006],[-107.50185645510818,36.84167102688416],[-107.50134415992872,36.84156653395275],[-107.50119558828882,36.84129230432988],[-107.5013692548819,36.840743352185534],[-107.5022846252327,36.84033382667361],[-107.50175994684513,36.839782927231276],[-107.50169355947904,36.839233304720885],[-107.4998242571766,36.83734387487214],[-107.49828976632222,36.836504071049276],[-107.49777742447763,36.83641926029195],[-107.49652836479757,36.836746315954436],[-107.49589383938782,36.837248350996205],[-107.495723569854,36.837103595666456],[-107.49517947125861,36.83591833077144],[-107.49556535921685,36.8346831930115],[-107.49522721196453,36.83338694585947],[-107.4947141794206,36.8334643277169],[-107.49369012768426,36.83316298841786],[-107.49317727691918,36.833199308493796],[-107.4926629871474,36.83356003466984],[-107.49199129031929,36.83467298569376],[-107.49129064323851,36.83471981361728],[-107.49096511165037,36.834532675733314],[-107.49069161774908,36.83357037194717],[-107.48993132044464,36.832957410683335],[-107.48907776520022,36.83275084135112],[-107.48719607925173,36.83315772031404],[-107.48634158969571,36.8331591656726],[-107.48530608236956,36.83259321364975],[-107.48474923626533,36.83149270686886],[-107.48395797506467,36.831193750165404],[-107.48275832312726,36.831940283995216],[-107.48190269593638,36.83219340367647],[-107.48138992926472,36.83221160308241],[-107.47985482173914,36.83157200395831],[-107.47953138842834,36.83202673245169],[-107.47779699767761,36.83310790890229],[-107.4776245788684,36.833436707053295],[-107.47635076626699,36.83229194416798],[-107.47523609075381,36.83228859218642],[-107.47455237645389,36.83259160962136],[-107.4738694305403,36.83245584763363],[-107.47267966499133,36.83107132809301],[-107.47213196900721,36.83118032745154],[-107.47270551394816,36.83159414664969],[-107.47369665566848,36.832857440203036],[-107.47608855400973,36.83299591670977],[-107.47678975777892,36.834216292695565],[-107.477107494061,36.834384166766114],[-107.47779153678582,36.834287889088344],[-107.47847825379121,36.833612281768275],[-107.47984913385389,36.832808255203986],[-107.48087416064253,36.83288410594721],[-107.4812149892429,36.83309428952774],[-107.48206985904041,36.8330095145422],[-107.48395357904636,36.83216045786288],[-107.48457038544954,36.83314049556582],[-107.48616687063308,36.83400504369744],[-107.48684974682693,36.83416418812212],[-107.48941538925303,36.83368177060413],[-107.48966845572089,36.83384213776897],[-107.48991060179088,36.83494171268958],[-107.4902530944484,36.83535477964837],[-107.49111521852227,36.83573549141132],[-107.49231058562779,36.83563653392468]]}},{"type":"Feature","properties":{"depth_ft":50,"elevation_ft":6035.0,"major":false},"geometry":{"type":"LineString","coordinates":[[-107.60877653088028,36.79687541602786],[-107.60693148130531,36.796633867384294],[-107.60488100568892,36.79686431997128],[-107.60427070113228,36.797305620026385],[-107.6035130332591,36.79734662673168],[-107.60299965746927,36.797654974772534],[-107.60265804982438,36.79764538921442],[-107.60108409233908,36.79894776786145],[-107.60060377189919,36.79911952964802],[-107.59976996729652,36.800868242642274],[-107.59923048357585,36.80132649785879],[-107.5987177632758,36.80140560343885],[-107.5981031910163,36.802925365726466],[-107.59764865891242,36.8034739078613],[-107.59730251940766,36.804846826171065],[-107.59747764322233,36.805671336290935],[-107.59658830566477,36.80759261509579],[-107.5966604641035,36.80855428139302],[-107.59627591843996,36.80896559659263],[-107.59527673171256,36.809321229379364],[-107.59266266465545,36.809782501388625],[-107.592120516369,36.81046820460827],[-107.59127582819754,36.81101592955762],[-107.59048422128532,36.812131659974185],[-107.58877642924315,36.811908124415446],[-107.58740812944835,36.81237750702345],[-107.58603595621594,36.81404591418458],[-107.58450004871361,36.81349490956402],[-107.5838167892443,36.813447522324466],[-107.58296178243802,36.81367498928718],[-107.58176278406107,36.81459863980421],[-107.58073908090714,36.814162985745334],[-107.57971274626634,36.81452853417179],[-107.57803308171184,36.81304864144537],[-107.57647280121589,36.81263955716232],[-107.5752755069065,36.81303718261833],[-107.57516727680394,36.8123556535323],[-107.57436859713005,36.811117674919984],[-107.57448937685363,36.81029377632971],[-107.57411576125894,36.80891935974999],[-107.57466519444732,36.80727223225291],[-107.57444197200064,36.80688163776251],[-107.57409974485914,36.80704478348515],[-107.57326952729248,36.80836807104252],[-107.57315694177508,36.81138975075387],[-107.57361646253173,36.8124896369906],[-107.57341187382336,36.81358807159711],[-107.57443528891002,36.81441446512532],[-107.57275044281042,36.81523494606392],[-107.57184856870647,36.815945865985036],[-107.57031342663416,36.815189930650895],[-107.56843334401815,36.81538011137772],[-107.5675808038243,36.814874733976346],[-107.5660448024893,36.814384192649506],[-107.56416409829299,36.81475457304458],[-107.56296916921798,36.81445225824103],[-107.56211308516167,36.81496453029676],[-107.5614737497793,36.8147976207113],[-107.56159892871977,36.81541349804933],[-107.55937361727754,36.81658197054212],[-107.55834995211342,36.81616394928649],[-107.55767031581269,36.81510415516619],[-107.5564763361979,36.81454382910056],[-107.55538851900991,36.815195633898625],[-107.55441812341058,36.81673405820875],[-107.55305421802419,36.8159173340884],[-107.55219954129485,36.816022295699725],[-107.55048999736097,36.81518408381614],[-107.55152731899197,36.81436238599909],[-107.55169324370637,36.8139506987705],[-107.55151280213221,36.813538190954866],[-107.55196432537436,36.813127179761054],[-107.55050130216718,36.813209352154615],[-107.54896997311248,36.81149415743012],[-107.54845816291257,36.81129551599225],[-107.54769085754252,36.81146867027623],[-107.5482866395261,36.811477614572624],[-107.54963890912221,36.81325901516171],[-107.55077212985755,36.81394851371136],[-107.5495205461575,36.81504441398291],[-107.55018168222061,36.81587015042983],[-107.5511692964543,36.816284578084186],[-107.55089954460706,36.81669601785507],[-107.551171033518,36.81693633001625],[-107.55202469361893,36.81711233416382],[-107.5528805093178,36.81669857163235],[-107.55424465869471,36.817451385820256],[-107.55475685225565,36.81755966954832],[-107.55534627125796,36.81725593615576],[-107.55612890616104,36.81612986509427],[-107.55664168744539,36.81607316133885],[-107.55793483400143,36.81739931926017],[-107.55693431007093,36.81849587818606],[-107.55692569844571,36.81877057820304],[-107.5586818194184,36.81892111259025],[-107.55919462695877,36.818861752349704],[-107.5603930474182,36.81819587491177],[-107.56098658655088,36.81754370775384],[-107.5610477801273,36.81699440763948],[-107.56176281027534,36.81672321119353]]}},{"type":"Feature","properties":{"depth_ft":75,"elevation_ft":6010.0,"major":false},"geometry":{"type":"LineString","coordinates":[[-107.43290410753218,36.98132378957093],[-107.43255040708839,36.98132259604529],[-107.4324487244296,36.98091018542776],[-107.43259327244785,36.98059949125758],[-107.4329364971939,36.98045182674579],[-107.43310909466338,36.980637701924024],[-107.43290410753218,36.98132378957093]]}},{"type":"Feature","properties":{"depth_ft":75,"elevation_ft":6010.0,"major":false},"geometry":{"type":"LineString","coordinates":[[-107.4326337066561,36.97939989621391],[-107.43140525283218,36.97859201582929],[-107.4312364697642,36.978128680768705],[-107.43192158444451,36.97808397167256],[-107.43277547835172,36.978504730357876],[-107.4328714870284,36.97898863106935],[-107.4326337066561,36.97939989621391]]}},{"type":"Feature","properties":{"depth_ft":75,"elevation_ft":6010.0,"major":false},"geometry":{"type":"LineString","coordinates":[[-107.60737423811065,36.873009641364106],[-107.60598036622451,36.875054523448625],[-107.60544799250236,36.876289733421146],[-107.60214237567891,36.88040411212504],[-107.6014842321694,36.883287362445486],[-107.60160128020345,36.88452381853056],[-107.602404745274,36.88562425153367],[-107.60256271194059,36.886274638499025],[-107.60273339209249,36.88638611753675],[-107.60307606673558,36.88617188790845],[-107.60358724290779,36.88679579328007],[-107.60373284501424,36.88823663797922],[-107.60353601872276,36.88892305021524],[-107.60310828284433,36.88947165637449],[-107.6036076460855,36.88974733984374],[-107.60400455725878,36.89125904996849],[-107.60450649343879,36.891672093037904],[-107.60428225097185,36.89208373639559],[-107.60506986830264,36.89304676116694],[-107.6051063289732,36.89353577763675],[-107.60607064508837,36.89442226371918],[-107.60629748945122,36.8953842061728],[-107.60675742812428,36.89552244248353],[-107.60683398391834,36.89620938033946],[-107.60798048339467,36.897997218891206],[-107.60809829867974,36.89923366715986],[-107.60763789997972,36.90046901813167],[-107.60842105975604,36.900607861462646],[-107.60918448989413,36.90263118449832],[-107.61071840919723,36.9045409949606],[-107.61310840984135,36.906206307904306],[-107.61396326086106,36.90636299956169],[-107.61454479798867,36.90680041538123],[-107.6150011708058,36.90817483624832],[-107.61505527647518,36.90968587475872],[-107.61389517916264,36.91545277419088],[-107.61374657501592,36.91874908936996],[-107.61238058062159,36.92131960690398],[-107.61188712749258,36.921904867742086],[-107.61029817932557,36.92300075724265],[-107.61002095312249,36.92341230967688],[-107.60672305240793,36.92518447205612],[-107.6051814877756,36.925736207835705],[-107.60329438322181,36.92738903722419],[-107.60292440469321,36.928755706009035],[-107.60284051146974,36.93205212493136],[-107.60320942770647,36.932464912832664],[-107.60430546909761,36.932589473368864],[-107.60464782504071,36.93254988476785],[-107.60454508733588,36.93040712979747],[-107.6048741737087,36.92848475683811],[-107.60533023249936,36.92779884496833],[-107.60671795431404,36.92690698493949],[-107.6079168612748,36.92651164132088],[-107.60903766671544,36.92533346529015],[-107.60980351340216,36.92497222477168],[-107.60997576947443,36.92457653518755],[-107.61173622075088,36.92396495283057],[-107.61437905507796,36.92245891813805],[-107.61511689691514,36.92173462023739],[-107.61563307508851,36.920716492191936],[-107.61666904140147,36.91738953269123],[-107.61771484395997,36.91710806348619],[-107.61757327477638,36.91683309061138],[-107.61693009214329,36.91669456279405],[-107.61671961928141,36.915183241850656],[-107.61751975989019,36.91230018022356],[-107.61794227737978,36.906943981470135],[-107.61704381380137,36.90584300139432],[-107.61533763661875,36.90429148336633],[-107.61207966496049,36.90253774632586],[-107.61211424617335,36.9021257359842],[-107.61161701609277,36.90116330134449],[-107.61216259506061,36.90061488505974],[-107.61212695308059,36.89979066894627],[-107.61179625337009,36.899515336199336],[-107.61194900073818,36.8992409042761],[-107.61131828261988,36.89855293582414],[-107.6112333413075,36.89717919362479],[-107.60908507493347,36.89387855719363],[-107.60847702147815,36.8920917482391],[-107.60852619633597,36.890580897899625],[-107.60934283201394,36.88962093041826],[-107.60848082004007,36.889344585355595],[-107.60768749352775,36.888205105458056],[-107.60687873907092,36.88645701320344],[-107.60541971892165,36.8841191273043],[-107.60517467920945,36.88233299440893],[-107.6053162579293,36.881371755241844],[-107.60565713554575,36.88083655694869],[-107.6058285060329,36.880712775355114],[-107.60616980821328,36.88095040767559],[-107.60651211808138,36.88084803783849],[-107.60647112568935,36.8802750956612],[-107.60821567854215,36.87835539041101],[-107.60925983909728,36.876854374157226],[-107.61023555052918,36.87602409942268],[-107.61080162013661,36.87587850141814],[-107.61264047376305,36.87602858962748],[-107.61095906965484,36.87478922563623],[-107.61104461938828,36.87423995013635],[-107.61154947059472,36.873691457723325],[-107.61127594893833,36.873141511343064],[-107.6116506756486,36.87108182675544],[-107.61139700889699,36.86970776352959],[-107.60943304162198,36.86503387238559],[-107.60938731099806,36.86434699069135],[-107.6079271896426,36.861184970254854],[-107.60776215155039,36.86008578359058],[-107.60814364492863,36.859537070073294],[-107.60818736356167,36.85885035672989],[-107.60653865739077,36.85596267781164],[-107.60609190387537,36.853764075373775],[-107.6068330240364,36.850743583266194],[-107.60711559265704,36.85016749840463],[-107.607910088867,36.8497841145092],[-107.60803897142272,36.84923492101344],[-107.60781925509957,36.84895978547989],[-107.60787022914283,36.84854780374996],[-107.60893645913718,36.84621470954121],[-107.60969353097833,36.845390452706994],[-107.61038537695012,36.8441570422191],[-107.61165606970918,36.84388469922908],[-107.61128324431436,36.843059845832926],[-107.61227962592706,36.84155074670195],[-107.61415162534813,36.84046369329723],[-107.61451267476649,36.8404560004186],[-107.61436409535297,36.840181007487274],[-107.6136402090171,36.840000866805646],[-107.61341317301759,36.8397671732031],[-107.61355016125476,36.83839382941091],[-107.6146146042321,36.83551123736195],[-107.61544079334655,36.83496331513487],[-107.61515565283369,36.8341386333092],[-107.61563033911892,36.832628545093016],[-107.61588334163065,36.83248660075004],[-107.616566758962,36.83254517964238],[-107.61678307249333,36.83235593042847],[-107.61646088573161,36.83153118388632],[-107.61566432024091,36.83111764858982],[-107.61548099521956,36.830842593028585],[-107.6154647567693,36.82878216431579],[-107.61634546440776,36.827684895048186],[-107.61526646552757,36.82672140114887],[-107.61567636251193,36.825485912025634],[-107.61556217362907,36.82521020944723],[-107.61460374169398,36.824659783536475],[-107.61479415652799,36.824110693434115],[-107.6146401583104,36.82383569017637],[-107.61334738845714,36.822887821018774],[-107.61320105044311,36.82259679400076],[-107.6131374150517,36.82094835485312],[-107.61353534913697,36.820262290373066],[-107.61283596406761,36.819574194810436],[-107.61264506081673,36.818062878719395],[-107.61302060305988,36.817667651940624],[-107.6122250589732,36.81751265771847],[-107.6116842891319,36.81600068855071],[-107.61063571451639,36.8151860879109],[-107.60994961277639,36.81407439905088],[-107.6092156725054,36.81338621669566],[-107.60803456887422,36.81118621986813],[-107.60804885945474,36.81077416590121],[-107.60898548014815,36.808990251640544],[-107.60906538805665,36.807891519092756],[-107.60871658477028,36.80610517510031],[-107.60895356875659,36.8061311144817],[-107.60899040232685,36.80596833146808],[-107.60859342564274,36.80445661667585],[-107.60879195544535,36.80335810756783],[-107.6093884972087,36.80239770856121],[-107.61291983528047,36.79869556919126],[-107.61266667289735,36.79814565717256],[-107.6100044492251,36.79722603513035],[-107.60966360932086,36.79695273661439],[-107.60898007290747,36.797045242690096],[-107.60829740440047,36.79684049908366],[-107.60676034041931,36.79674419669872],[-107.60505169231173,36.796908068809955],[-107.60436689492555,36.79742252355913],[-107.6035124590701,36.79753882182375],[-107.60231523123086,36.798039061000935],[-107.60136743495556,36.798948320803625],[-107.60072695865819,36.79922179115752],[-107.60005864937767,36.800868809198604],[-107.59940093181555,36.80145081358558],[-107.59888788549821,36.80163666111518],[-107.59831549031037,36.8032005064345],[-107.59787975426595,36.803611726080426],[-107.59767922629135,36.804710212726214],[-107.59801633486633,36.80539768248537],[-107.59793573925627,36.806359046047035],[-107.59736526662722,36.80731943842771],[-107.59835540440989,36.8081827175211],[-107.59905537362224,36.807460140204626],[-107.59919133001608,36.80869665145297],[-107.59852371019859,36.80901313502363],[-107.59749862328614,36.8090217664546],[-107.59664365131512,36.8092669987035],[-107.59613138856969,36.80917974886883],[-107.59288325455414,36.80985209924067],[-107.59217654189106,36.810605678543624],[-107.59134163348695,36.81112745138201],[-107.59048339996023,36.812391687316385],[-107.58911777688732,36.81201893429874],[-107.58792114646835,36.81223198984349],[-107.58740766109739,36.81252392894052],[-107.58603548302806,36.81419301847271],[-107.58449977513173,36.813579437342284],[-107.58381651608877,36.813531687408954],[-107.58279031507611,36.81386329198899],[-107.58193325160597,36.814717356152954],[-107.580738654235,36.814292847198004],[-107.57971225507667,36.814677425065085],[-107.57800866024841,36.81318261747008],[-107.57664323008493,36.81276610937964],[-107.57561674834967,36.81317533218321],[-107.5750874966814,36.81304228137085],[-107.57507795545453,36.81249281981026],[-107.57417614564736,36.81111725568646],[-107.5742989944711,36.81043072206531],[-107.573938978442,36.808918974293256],[-107.57426939214433,36.80739850986436],[-107.57358359862366,36.808119262276385],[-107.57341119720986,36.80858080145817],[-107.57333062342792,36.81152749083777],[-107.57375683263759,36.81248994346643],[-107.57358925791989,36.813588459169],[-107.57469740970954,36.81441503549658],[-107.57443121442167,36.81468917658866],[-107.57287590594225,36.815300976135866],[-107.57201898934208,36.816074742280605],[-107.56997132945185,36.81530176592049],[-107.56843282732827,36.81553005833373],[-107.56758029558112,36.81502175919014],[-107.56604425811778,36.81454076691594],[-107.56433450129039,36.81488404865725],[-107.56313954909298,36.814587549154574],[-107.5626267211022,36.81466167197252],[-107.56211259017034,36.81510483481408],[-107.56177127474662,36.814992109887285],[-107.56175615775781,36.81548506655342],[-107.56020743470586,36.816168320059],[-107.55954367411388,36.816807499196145],[-107.55834925815685,36.816357949565415],[-107.55749896712432,36.81524125048805],[-107.55647528726853,36.81483509647046],[-107.55559887927464,36.8151961253823],[-107.5545884629809,36.816877692016725],[-107.55305355377847,36.81609952153247],[-107.5521987132698,36.8162487125218],[-107.5516875648454,36.81585853587767],[-107.55066309069122,36.815674560669166],[-107.55142571252246,36.81614782617261],[-107.55124996097037,36.81669684959861],[-107.55145576036709,36.816834697641795],[-107.55202547152878,36.816899759310104],[-107.55305174091983,36.816596738930436],[-107.55424515415388,36.81731491958699],[-107.55475731688925,36.81743145894654],[-107.55514039061131,36.81725545469472],[-107.55595861442265,36.81597263194285],[-107.55647189027033,36.815778348262285],[-107.55830825103364,36.81726282342404],[-107.5571350081617,36.818633704529155],[-107.55868224318894,36.81880251251549],[-107.55919508906027,36.81873218240788],[-107.56042928296229,36.81809187027011],[-107.56088648526249,36.81754347845437],[-107.56084399523388,36.81713130091921],[-107.56125222845996,36.81682205425238],[-107.56296288887849,36.81623800814467],[-107.56323349458816,36.816724672083474],[-107.56398465413575,36.81720573369302],[-107.5644969607921,36.81728516879985],[-107.56505836946248,36.81700352315974],[-107.56518506012895,36.815951354425714],[-107.5665515079822,36.816072894609114],[-107.56708638045284,36.81659600078301],[-107.56683908004584,36.81714488719462],[-107.56726416018269,36.818656799790354],[-107.56654010492919,36.81935845779292],[-107.5665373756109,36.82014477738101],[-107.56691564217373,36.81948017970945],[-107.56795071448161,36.81893305406273],[-107.56763221467337,36.817558742229785],[-107.56876771346155,36.81751445992295],[-107.56962417217389,36.81688839550212],[-107.57048598499752,36.817015643993706],[-107.57055455160409,36.8179773161388],[-107.57149939928513,36.81813371592812],[-107.5723523282742,36.81854279823455],[-107.57232127587643,36.81825592728144],[-107.57321180323007,36.81702018285971],[-107.57423868871125,36.816510220679184],[-107.57526334998127,36.816658748042876],[-107.57594736385018,36.81648772911172],[-107.576976092812,36.81541739200027],[-107.57738753524583,36.815794457412366],[-107.5774043669623,36.816618654465],[-107.57799463815545,36.817404449864135],[-107.57970147025947,36.81794627486021],[-107.5802147926306,36.817723735101616],[-107.58107184575279,36.81688890686618],[-107.58312070170635,36.81734183693544],[-107.58380450261589,36.817232949798814],[-107.5844003303401,36.81677086531745],[-107.58466277297134,36.81600809555575],[-107.5856869515469,36.81631070887585],[-107.58790862678877,36.81615388997223],[-107.58864656381274,36.815543436767356],[-107.58893971154778,36.81428878399203],[-107.58962017182057,36.81522254334409],[-107.59064400535014,36.815637361717855],[-107.59133194411885,36.81568629209693],[-107.59349957560603,36.817201645509535],[-107.59372851192636,36.818163628078075],[-107.59524382695302,36.81994679759505],[-107.59626611185112,36.82089394582863],[-107.59729944522054,36.821192692172],[-107.59894542911618,36.82256954868147],[-107.59898652329186,36.82284434977796],[-107.59762174708264,36.82458606041338],[-107.59693592128811,36.82533822133927],[-107.59603261657709,36.825860411618564],[-107.59429184092849,36.827917323913056],[-107.59410265084232,36.828603742959565],[-107.59473015446302,36.829566523073794],[-107.59418559659471,36.83055962909484],[-107.59299069739123,36.83013130752961],[-107.59295657286822,36.83052446978769],[-107.59316036112858,36.83052371207447],[-107.59370119697597,36.831762211405895],[-107.59320142499993,36.83299744139482],[-107.59229553489314,36.833829211277155],[-107.59109786945288,36.83426546210691],[-107.58887583315315,36.83437310889543],[-107.58494769508077,36.83358251707388],[-107.58050446545711,36.83354675148886],[-107.57640131331453,36.83402607824646],[-107.57588706823195,36.83448809193521],[-107.57503170022026,36.834746307469494],[-107.5724307963646,36.83734918740976],[-107.5717724805656,36.838302818954176],[-107.56929842526283,36.84022682371305],[-107.5679995184643,36.842059295259176],[-107.56565240634431,36.84420209599786],[-107.56383702856284,36.84735726106796],[-107.5639160441293,36.84845631507279],[-107.56370001975992,36.849629403508224],[-107.5629645590214,36.84941567024304],[-107.56233651498856,36.84850626031443],[-107.56171940531448,36.848451316475554],[-107.56216433274601,36.848860525933084],[-107.5625004486435,36.848865176465544],[-107.56212372501116,36.849139036264276],[-107.56210820990462,36.84955107883923],[-107.56307141460107,36.85037742842378],[-107.56322608751617,36.8507898578657],[-107.56301067520462,36.851222820082526],[-107.56146876419724,36.85220461953258],[-107.55907237706641,36.85311058527922],[-107.55893131390404,36.85352720674401],[-107.55855746695393,36.85369341659956],[-107.55650712242641,36.85342522036298],[-107.55534127581856,36.85269471007887],[-107.55480262571837,36.85206814130369],[-107.55414903947889,36.85173040136149],[-107.55289153993817,36.85062856737677],[-107.54917299088743,36.84900100266559],[-107.54575696202362,36.84830305033931],[-107.54250812419112,36.848608476748495],[-107.54123815521422,36.849089552798354],[-107.54028072617851,36.84999496077511],[-107.539554422366,36.850321636917606],[-107.53959328166121,36.850963954158495],[-107.53782580213492,36.85237774034364],[-107.5378773555184,36.85266892958333],[-107.53822588338845,36.852928170902196],[-107.5381434016246,36.85320268442411],[-107.53736192808705,36.85334504966335],[-107.53684985635044,36.853149920395154],[-107.53599492262971,36.853208539133405],[-107.53223555459631,36.8528658561867],[-107.53018314150617,36.85315073271652],[-107.52901109919077,36.85359173320812],[-107.52821976975993,36.85427650021605],[-107.5274375764712,36.85578685786612],[-107.52692281863303,36.85626693959106],[-107.52589705574519,36.85628528788729],[-107.52432122804903,36.85660153357912],[-107.52426737432891,36.85673875259265],[-107.52555265133995,36.85691075028336],[-107.52646491984684,36.85729388215808],[-107.52655217728858,36.857706184431684],[-107.52597295692607,36.859215637009996],[-107.52558540265925,36.85948935217975],[-107.52572242559846,36.859764424784544],[-107.52558018607354,36.860038774505995],[-107.52605238392769,36.86018713311745],[-107.5265044958416,36.86127739452376],[-107.52604721237547,36.86147880317189],[-107.52509315195431,36.86113638401926],[-107.52468394577505,36.86038170585835],[-107.5238250588389,36.861407806616995],[-107.52210954667417,36.86250219834388],[-107.52068117760803,36.861811655325084],[-107.52022412879296,36.86071158100442],[-107.51870240085654,36.85990279143705],[-107.51716521547336,36.85955777571503],[-107.51579676923981,36.85975165018263],[-107.51557588224102,36.85960037443489],[-107.51528810147883,36.858738065671595],[-107.51580167230719,36.858566499218064],[-107.51648531088411,36.858608808370626],[-107.51780903898906,36.858095374834654],[-107.51835834487387,36.85631116478892],[-107.51803599692323,36.85566182367551],[-107.51684194681904,36.85503658820379],[-107.51496206663451,36.85491127667333],[-107.51393476235049,36.855303833012734],[-107.5136200458299,36.85519964287729],[-107.51373204867866,36.85286484027881],[-107.5132003664152,36.85094038229799],[-107.51360238258549,36.85011730949532],[-107.51354600992042,36.849430362140815],[-107.51326671958897,36.849017533034406],[-107.51259459406724,36.84874557091556],[-107.5108834222164,36.849187920230094],[-107.51031438345322,36.84804803334828],[-107.50925499263887,36.846808917393446],[-107.51106674288705,36.84623627263757],[-107.51132864182706,36.845715678544366],[-107.51130108960268,36.845028807726884],[-107.51199942649167,36.844481260340395],[-107.51192925910873,36.84435186607524],[-107.51090334145599,36.84444423876587],[-107.50851696416935,36.842900745900394],[-107.50663846343998,36.842524258639266],[-107.50595504519077,36.842465159228844],[-107.50458494806259,36.84310942810701],[-107.50418333004573,36.84185005094277],[-107.50322541357663,36.841290989752764],[-107.50277397807032,36.84129670345908],[-107.50202686103097,36.84178918343851],[-107.50133570971039,36.841704773573426],[-107.5010517834709,36.8414292617799],[-107.50117659532667,36.84079174743461],[-107.50144403818277,36.84046884235873],[-107.502033066191,36.840350684550984],[-107.50204560145158,36.84019580154045],[-107.5015746554772,36.83991976964575],[-107.50159557910288,36.83937039070476],[-107.50090534327029,36.838544306653795],[-107.4996589883435,36.83744194028832],[-107.49760567960799,36.83661167557823],[-107.4967504618539,36.83677052882244],[-107.49589290198041,36.83746174044743],[-107.49571350830331,36.837430801619256],[-107.49504891542323,36.83591795937439],[-107.49541880153821,36.83468277656444],[-107.49505538844626,36.83359732813334],[-107.49334775554688,36.833293786242535],[-107.49283380946977,36.83357700348885],[-107.4921451330997,36.83472221560164],[-107.49146085886164,36.834873621700225],[-107.49085142943153,36.83466970772525],[-107.49061186846649,36.833638127090595],[-107.48980500464872,36.83301837581575],[-107.488906298226,36.8328782654527],[-107.48770850601842,36.83321619364365],[-107.4863407240059,36.83335083313297],[-107.48518677937342,36.83273022380037],[-107.48480879838931,36.8319956858625],[-107.48442545759085,36.83217855439038],[-107.48463325526117,36.83302001366739],[-107.48643196160181,36.83397009809462],[-107.48958698458355,36.83352587489698],[-107.48991281357975,36.83384284382969],[-107.49009290577642,36.83504137662332],[-107.49094500888971,36.835580069561736],[-107.49248356951729,36.83548035208117],[-107.49305234705598,36.83508810544181],[-107.49353619566318,36.83412797334846],[-107.49402719891908,36.834232148816504],[-107.49431326101337,36.83467962932388],[-107.49403755271295,36.836052436842344],[-107.49472614789869,36.83742799367269],[-107.49466566516982,36.83852669614055],[-107.49588889348281,36.83837420097872],[-107.49708879790509,36.83756401267669],[-107.49879554399195,36.838096376809396],[-107.50043497640354,36.839641865248744],[-107.50030791249877,36.8403283059844],[-107.49972277425981,36.841288180550784],[-107.50067584756069,36.84252708465676],[-107.50219351506712,36.842777629257725],[-107.50315585163871,36.84253399819897],[-107.50360930752359,36.843771490037284],[-107.50419708971359,36.84404783728734],[-107.50646298663334,36.843595464672575],[-107.50800001536176,36.84389068960797],[-107.50885300721117,36.844271998876636],[-107.51004533734977,36.84543747717325],[-107.5086752761273,36.845882724274695],[-107.50807546696456,36.84625625924787],[-107.50791493422075,36.84666789751811],[-107.50801381095094,36.847629682423246],[-107.50901359685629,36.848319210035385],[-107.50873689251567,36.848867891428704],[-107.50905428648475,36.84914347594243],[-107.50865513238924,36.84941710471332],[-107.50951401309273,36.84965027423569],[-107.50985360689022,36.85018979145047],[-107.51053532794398,36.85066964381572],[-107.51104810383521,36.85067707652982],[-107.51173347320471,36.850288772800084],[-107.51187446583735,36.85038736775644],[-107.51168438023254,36.8513483673646],[-107.51224199801884,36.8527234657193],[-107.51188376303038,36.855057601265315],[-107.51219039684055,36.8568440970233],[-107.51273036260524,36.85716601810458],[-107.51324296645734,36.857225170167894],[-107.51392740393632,36.857072269520906],[-107.51495550882619,36.85649242032079],[-107.5154678921293,36.85660416842587],[-107.51598219317282,36.85625241872997],[-107.51659376376907,36.85658119395335],[-107.51638594129051,36.85726743495078],[-107.51478131228953,36.8572750396854],[-107.51404829550462,36.857673255786686],[-107.51358303925909,36.858496158878886],[-107.51382114966432,36.8590462349084],[-107.51373770200706,36.859458087348],[-107.51046078585243,36.860273384824964],[-107.51408503474002,36.86027456462354],[-107.51510833489117,36.860863641870615],[-107.51613345796162,36.86101545992338],[-107.51733100580458,36.86081230135402],[-107.51784238628467,36.86098000097852],[-107.51840892609137,36.861393580057054],[-107.51719516648856,36.86290130561621],[-107.51762090162059,36.86358923143844],[-107.51885677713848,36.86394911436211],[-107.51986950743289,36.86345782400394],[-107.52022648497768,36.86346252541359],[-107.52045759049605,36.86359673232396],[-107.52042585275731,36.8640087253139],[-107.52090672000332,36.86435216417994],[-107.52107893051628,36.864046369354654],[-107.52313039456985,36.86407666350929],[-107.52450197945426,36.863117521932],[-107.52603869144939,36.8636068477099],[-107.52622298859373,36.86333705104133],[-107.52740846941715,36.86308977270809],[-107.52752414912197,36.86512607105418],[-107.52667185437608,36.867596333710566],[-107.52584562754477,36.869121894123516],[-107.52138397712275,36.874587865425205],[-107.51966207547518,36.87606448826424],[-107.51709263511087,36.877169490211585],[-107.515001977193,36.87718075496397],[-107.50923656092392,36.87487750283537],[-107.50650301689859,36.874340071737485],[-107.50530538220193,36.87450747684692],[-107.50353057778538,36.875226455392465],[-107.50310680224557,36.87563735417456],[-107.50268077696852,36.876597679104755],[-107.50338494328484,36.87962152208952],[-107.50316969302962,36.88085714988105],[-107.50271170599643,36.88119942753431],[-107.50236964647898,36.8812115124718],[-107.50202879371604,36.8809442292723],[-107.50038093138754,36.87851427646497],[-107.49933106224924,36.877412462965154],[-107.49730008601723,36.87617051154931],[-107.49487049645775,36.87554366181394],[-107.49281744688982,36.87580434307379],[-107.49110264260729,36.87689996898403],[-107.48999652319957,36.878072654195286],[-107.48972634505486,36.8787628408402],[-107.48887187642275,36.87864654783624],[-107.48830323929407,36.87875454213458],[-107.48935156621232,36.87944437295594],[-107.48934096330485,36.880131134045655],[-107.48662860498655,36.883136776078274],[-107.48405761502822,36.88442582086119],[-107.48337118604519,36.884948595587694],[-107.48244527150494,36.88519322948055],[-107.48236232205711,36.88601713367997],[-107.48027309318564,36.88793395894513],[-107.47879091996342,36.89012727556634],[-107.47788282333346,36.890261920709534],[-107.4779956913153,36.890949048576374],[-107.47718387418652,36.89159720088387],[-107.4742707511826,36.892807436097435],[-107.47136366077368,36.892720652348935],[-107.47050951191518,36.89250995116824],[-107.46948208499738,36.89277425043246],[-107.46767748526285,36.892428683113955],[-107.46743346324335,36.891992747729496],[-107.46469699718433,36.89199793732813],[-107.46092857275755,36.89319558720863],[-107.4590429949047,36.894065077454144],[-107.457675780371,36.89385231345313],[-107.45682323928175,36.89331944770088],[-107.45562758159966,36.893003720760944],[-107.45529325385691,36.8914358565359],[-107.45451214595997,36.893486303784414],[-107.45268602844236,36.894167257289865],[-107.45322549295874,36.89455093868292],[-107.45545190663263,36.89394604929922],[-107.45596436438538,36.89407561825219],[-107.45729755303172,36.89596759303178],[-107.45721194588005,36.89651675343598],[-107.45475162793201,36.898431949104484],[-107.45260941515895,36.89966132398177],[-107.45217831104272,36.900209372737244],[-107.45025701637451,36.90116469771976],[-107.44856449771721,36.902944878389306],[-107.44616045484827,36.90431064486847],[-107.44546610751419,36.9055445984211],[-107.44574784330139,36.906232305676035],[-107.44561019931776,36.9066439292206],[-107.44584289750023,36.90746883362503],[-107.44576337382053,36.90801800432211],[-107.4452141396301,36.909252428837576],[-107.444512945394,36.91007428089805],[-107.44461652438291,36.91076140712515],[-107.4444225611345,36.91131020209268],[-107.44413132824052,36.911446605788356],[-107.44427127418666,36.9121338512894],[-107.44381779366591,36.91336858190789],[-107.44303511905761,36.91407164702987],[-107.44200868784222,36.91406594508717],[-107.44074191327093,36.91486938791247],[-107.44148901734751,36.915324915083175],[-107.44200291443401,36.91519601991033],[-107.44234426446823,36.91535439429553],[-107.4431640251575,36.916250940869446],[-107.44382626782419,36.91652782869087],[-107.44451038208946,36.917491570908986],[-107.44410367529564,36.917902310894185],[-107.4438243912677,36.91872553911344],[-107.44417620034731,36.91982555012653],[-107.44476283424468,36.92023954216498],[-107.4440648547813,36.92092404310127],[-107.44419644073639,36.92119983838496],[-107.44455186147385,36.921337709611414],[-107.44443152085707,36.921612030095275],[-107.44468684966513,36.922024937310745],[-107.44434677379306,36.923122681584],[-107.44281193931516,36.924290221905494],[-107.44161183177427,36.9247614404637],[-107.440793958108,36.925446065343166],[-107.44074515984559,36.925720618250516],[-107.43989135217298,36.92660510429634],[-107.43920514265675,36.92695296403793],[-107.43732253548829,36.92703936515441],[-107.43629911982211,36.92641874938449],[-107.43480740495914,36.926524987688616],[-107.4340728893447,36.92677830952562],[-107.43341570086018,36.92748180945782],[-107.43149749214388,36.928459048369085],[-107.42944311219928,36.92866269427121],[-107.42862364221179,36.927602935913384],[-107.42782254062678,36.9259519197445],[-107.42638079899308,36.925341555558596],[-107.42535145872598,36.925853796836506],[-107.42422360363126,36.9259395790681],[-107.42413296748894,36.92607662387129],[-107.42439456990317,36.92621488177438],[-107.42384512623562,36.92662505990318],[-107.42500438201851,36.92676711887711],[-107.42603257856396,36.92647262915948],[-107.42688671230766,36.92673408166905],[-107.42756033285761,36.928011379234896],[-107.42750359301641,36.929110041051615],[-107.42960513152633,36.93038636809876],[-107.43011848487822,36.93038370266405],[-107.43046265829224,36.93001369129056],[-107.43184345031587,36.9296742172543],[-107.43543584811275,36.927910070384264],[-107.43594858973908,36.92802204172462],[-107.43697184346698,36.92867750169479],[-107.43731469632269,36.928554897606254],[-107.43885273864804,36.92893124619786],[-107.43936275082108,36.92957591770703],[-107.43970860341753,36.928869934600684],[-107.44073605412488,36.928715480394715],[-107.44117122388604,36.92819445269252],[-107.44144987758041,36.927371230102615],[-107.4432109021049,36.925866099098776],[-107.4448614320175,36.925019912266585],[-107.44581354465048,36.92505047569036],[-107.44557422150817,36.92450026618065],[-107.44657497947533,36.92451795483805],[-107.44722696141092,36.92409357833309],[-107.44795218954883,36.92284709482832],[-107.44897678551933,36.92324200399746],[-107.44893175174772,36.92354967869471],[-107.44982476565376,36.924740693961326],[-107.45056696783345,36.92534060212685],[-107.45054481710375,36.9258899592765],[-107.45185120488185,36.92809187566793],[-107.45184669502639,36.92864128948201],[-107.45239040770187,36.929879247964244],[-107.45211390836413,36.9312519311251],[-107.4523616135685,36.93262629581863],[-107.45260728166424,36.93290179748603],[-107.45237272027511,36.93413725801469],[-107.4525957305271,36.934550043909674],[-107.45217405364752,36.93482340531826],[-107.45273607525594,36.935649349092486],[-107.45186965222581,36.936608067838336],[-107.45131231333134,36.93770513146744],[-107.45129637209764,36.93842727846176],[-107.45072782816717,36.93935153208218],[-107.45078572807289,36.940038502629726],[-107.45042784996919,36.9409987500421],[-107.44974083303725,36.94149132319432],[-107.44946831445698,36.94195724680186],[-107.44905398509452,36.94194848171402],[-107.44859456595088,36.94222913302031],[-107.44819982437059,36.942777280534855],[-107.44853317273918,36.943419059076966],[-107.44745371813472,36.944697852503154],[-107.44740637802413,36.94510976869651],[-107.4468535657086,36.945932110940646],[-107.44595074591868,36.946439414563514],[-107.44183572445762,36.94789403655169],[-107.44149392964889,36.94779449235891],[-107.44115071292973,36.94797250172337],[-107.44029503354254,36.94795632871178],[-107.43943774848785,36.948252091594256],[-107.43909700705723,36.94794843339841],[-107.4387535225829,36.948177146573286],[-107.43789899127272,36.94793852498267],[-107.43652875118623,36.94813535516291],[-107.43584637327193,36.94770548811585],[-107.43447595028938,36.947937206517516],[-107.43375107171317,36.948773236884605],[-107.43327330712863,36.94881237981392],[-107.43259026065998,36.94851250267531],[-107.43238143508279,36.94876862059257],[-107.4324179829187,36.94904345700313],[-107.43275739810248,36.94927952280195],[-107.4344698861718,36.949100328580705],[-107.4356670367764,36.94928006409349],[-107.43686261523489,36.94976424373731],[-107.43733592087298,36.949334670783294],[-107.4380628821983,36.949343962209504],[-107.4382456628293,36.94947505737392],[-107.43810369338962,36.95002401105061],[-107.43874342803598,36.950134255971165],[-107.43914577477258,36.94989011808244],[-107.43926015850835,36.9495017010867],[-107.43960261220765,36.949474134084866],[-107.43973500066294,36.94961735938225],[-107.43935445351579,36.95002816708437],[-107.43942726557883,36.95028801683068],[-107.4397691070109,36.95038013119239],[-107.44044984441366,36.9511383420815],[-107.44079282998324,36.951008475422014],[-107.4418179967245,36.95135801841164],[-107.44387768717074,36.95022479107714],[-107.44473214505099,36.950486587255554],[-107.44498059645592,36.94963462912302],[-107.4457641578013,36.9494870782142],[-107.44690012776812,36.94895410791979],[-107.44849575825711,36.95085754141047],[-107.44900989806415,36.95072561199224],[-107.44913420682073,36.95088434842667],[-107.44815888854554,36.95170532823111],[-107.44764314079248,36.95280250634185],[-107.44711782548544,36.95257293625339],[-107.44692666134362,36.95293753366234],[-107.44641198338533,36.953210570811486],[-107.44676353305134,36.95431056743907],[-107.44665961566176,36.95458494201099],[-107.44732441063155,36.95458710483704],[-107.44718158417012,36.9556854919687],[-107.4465842528917,36.95654501919834],[-107.44452329837159,36.95790108968572],[-107.44383830997512,36.957957925699816],[-107.44390909753461,36.958421932898325],[-107.44263428582434,36.95909325510365],[-107.44201240991634,36.96033868603879],[-107.44042459601175,36.96115758044048],[-107.44016867214404,36.96156880211938],[-107.43930691873031,36.96211537065142],[-107.43645372845195,36.962594595844685],[-107.43576915049796,36.96256328042324],[-107.43605748001626,36.96292868073363],[-107.43590326422195,36.963202877070515],[-107.43668601583687,36.96361756298223],[-107.43693950695634,36.964854615098076],[-107.43734937003588,36.965130694991174],[-107.43743143509569,36.96554303711063],[-107.43626168977663,36.966610147428106],[-107.43540514886833,36.966719657942164],[-107.43488938209617,36.967138619461025],[-107.43488799901738,36.96740399493448],[-107.4350598370214,36.96728075073124],[-107.4353406657122,36.967459033226234],[-107.43522891961696,36.96768653921584],[-107.43488579251853,36.9678273552601],[-107.43454535462872,36.96745239698859],[-107.43465335320452,36.96759408351177],[-107.43401606601587,36.96772929805918],[-107.434107136226,36.96786696038464],[-107.43350091874696,36.968002276614875],[-107.43351451743926,36.96815238794908],[-107.43231521142413,36.968328282235554],[-107.43059870464168,36.969187545167586],[-107.4302542954335,36.96956862601637],[-107.4296236913513,36.969637429467454],[-107.4285367621609,36.97061209496144],[-107.42751001903234,36.97052253429802],[-107.42716639025761,36.97075270236726],[-107.42665396625704,36.97052973439948],[-107.42596853219676,36.97064653419369],[-107.42528433427586,36.97053137417608],[-107.42459855493678,36.970712359658776],[-107.42613715627998,36.971130692287694],[-107.42630670804694,36.971441029145964],[-107.42549233630251,36.97209571788118],[-107.42528411636206,36.97264442620288],[-107.42490441900937,36.97291783250257],[-107.42475480871151,36.973509181863214],[-107.42383717860997,36.97360093593734],[-107.42286494254091,36.97473088113727],[-107.42273599418857,36.975245403346605],[-107.42229992774821,36.97524389447552],[-107.42200146384913,36.975929640043304],[-107.42159869952484,36.97620295562559],[-107.42171919984966,36.97647808511016],[-107.42125196617324,36.977300599188055],[-107.42039883072198,36.97812176969523],[-107.42012332962553,36.97880759000008],[-107.4187065684545,36.97935207353818],[-107.41810801524365,36.98099825028342],[-107.4164773573176,36.9818166699201],[-107.41622616227038,36.98346405550253],[-107.41595266896921,36.983875161169145],[-107.41597502473523,36.98456201785534],[-107.41565485003603,36.98483560302103],[-107.41578860973915,36.985095436308406],[-107.41611862959765,36.98511194504686],[-107.4160125209938,36.98538628327686],[-107.41415908004372,36.987714797784164],[-107.41197008018413,36.98935531416461],[-107.41193408600647,36.990591385586455],[-107.41075296944514,36.99347165055213],[-107.41148908444183,36.994847822452186],[-107.41113922468772,36.996357487263566],[-107.40995136539007,36.99745209873984],[-107.4093335348263,36.99882344608513],[-107.4081346468453,36.99964328891311],[-107.40645001325942,37.00153679291452],[-107.40541790469827,37.002335257882116],[-107.40493769786555,37.00306567294872],[-107.40421366675487,37.00328173651424],[-107.40318066665377,37.004230085602785],[-107.40220208696194,37.00456667396862],[-107.40197759604492,37.00495973543077],[-107.40111912680138,37.00532529874144],[-107.40060592525951,37.00521225984743],[-107.39981592616094,37.005382112935784],[-107.39923249172736,37.00577320775807],[-107.39888547275602,37.006556140278406],[-107.40007378323142,37.006069829693324],[-107.40043305617199,37.00549241803748],[-107.40077539511647,37.0055318301843],[-107.40095701792055,37.00579834043664],[-107.40037913295181,37.00648300902947],[-107.40145388835663,37.00670409789759],[-107.40179378022682,37.00717745858341],[-107.40351011336763,37.0065586799833],[-107.40453848866844,37.00643867073884],[-107.4050518881282,37.00651894821844],[-107.40539283842388,37.006807339685416],[-107.40664305715458,37.006368338163625],[-107.40727853763406,37.0065253109541],[-107.40813725368382,37.006112606410944],[-107.41087996329071,37.00571712293085],[-107.41242401009082,37.005261585927286],[-107.41328295726565,37.00479925038422],[-107.41396605363144,37.00516739844622],[-107.41397003655386,37.00444230060651],[-107.41534293842058,37.00395442774165],[-107.4156843203114,37.004168975381084],[-107.41585776510186,37.00377275639022],[-107.41835744944056,37.002426573669936],[-107.41929183855012,37.00220053207191],[-107.42066683712747,37.001310978373674],[-107.4225646385771,36.998743665133084],[-107.42424148714836,36.99736485348251],[-107.42514348934915,36.996899255839914],[-107.42616370895131,36.99695939660591],[-107.42629855073795,36.99709721443792],[-107.42640860259918,36.99902056664748],[-107.4261430595947,36.99929436665418],[-107.42611174404705,36.99970632516545],[-107.4264968877656,37.0000334884591],[-107.42701598856492,37.000121489882304],[-107.42717977650257,37.0004447350706],[-107.42735143870384,37.00037096163115],[-107.42737566738577,37.00012272056948],[-107.42679699949319,36.99970867412582],[-107.42739503454484,36.99847452290726],[-107.42709091246253,36.99655050734695],[-107.42721091171052,36.99613885179412],[-107.428061162192,36.99572740341504],[-107.42879934762092,36.99490807701963],[-107.42885617392155,36.99435884890902],[-107.42848783084352,36.993808171427006],[-107.42858774891829,36.99331048634135],[-107.4294933244076,36.99147655313191],[-107.43030637936272,36.990929894242754],[-107.4299645442498,36.99051666657716],[-107.4301053613237,36.990105078351725],[-107.43066122577696,36.9898147334342],[-107.430617034845,36.98914532634729],[-107.43187796895539,36.98708926322808],[-107.43254243197495,36.98503117359348],[-107.43248739187987,36.984069497936574],[-107.43289061757152,36.983658791626304],[-107.43223751045575,36.983135321782434],[-107.43224127393628,36.98241838646276],[-107.4324133538156,36.98225633280688],[-107.43307176102725,36.98228584521932],[-107.43326394010602,36.983318181032885],[-107.43361464275583,36.98283709727992],[-107.43376541473785,36.98201347036396],[-107.4342548900094,36.98160304948734],[-107.43458530164193,36.98091738084422],[-107.43443637940885,36.97968067839305],[-107.43361751015217,36.97802965430154],[-107.43254494513997,36.97733925911798],[-107.43224161347834,36.976788811300366],[-107.43364817426263,36.97533226421193],[-107.43484979259789,36.974733396727885],[-107.43622124750182,36.97439544733568],[-107.43879703185837,36.97292120450931],[-107.43948269248037,36.972760654185194],[-107.43982411384819,36.97295384416571],[-107.43998980947075,36.97402508292581],[-107.440495065206,36.973382508733344],[-107.44048055546382,36.972833036762616],[-107.44085436046214,36.972370349707546],[-107.44239705933268,36.972011601746836],[-107.44273909306419,36.972085752107525],[-107.4431349520929,36.97229236591923],[-107.4433871873222,36.97325468668493],[-107.44405534885134,36.974355727198855],[-107.44529366987854,36.97474900241728],[-107.44574475246638,36.97532274612799],[-107.44665785881006,36.97583825587559],[-107.44677821171898,36.97628760710603],[-107.44624829214965,36.97848357525738],[-107.44514205201818,36.979990877878215],[-107.44508566061164,36.98067747270021],[-107.44469764845026,36.981500338111964],[-107.44487671453106,36.98205034740356],[-107.44576651407402,36.982792860429484],[-107.44589950981565,36.98315253603195],[-107.44558908288425,36.98401473211004],[-107.4450493804651,36.98424860472477],[-107.44533198542219,36.98452424020761],[-107.44512322981679,36.98521033644332],[-107.44480991043694,36.98548402289758],[-107.44497085668364,36.985759260969814],[-107.44483232891542,36.98617087484851],[-107.44496357203543,36.98672072709209],[-107.44576861858813,36.987959559244445],[-107.44693330242383,36.98908557039728],[-107.44744603863737,36.98928305517508],[-107.44848894874265,36.98879254333905],[-107.44856173945801,36.98824335660954],[-107.44791105483522,36.98755446738937],[-107.44787760982007,36.986730224599015],[-107.44738958591643,36.985492437511276],[-107.44848098100933,36.98343564417797],[-107.44845915428914,36.98219937119698],[-107.44811435417051,36.98068733872728],[-107.44972175656953,36.97941844307102],[-107.44988321016488,36.979044794545764],[-107.44857855978864,36.97794172638042],[-107.44799350138668,36.97711569336738],[-107.44836464086762,36.976903768244966],[-107.44939133067662,36.97702600044635],[-107.44990288751572,36.97744375162439],[-107.45157413955343,36.978226108408585],[-107.45182369681875,36.97808955468298],[-107.45145688213034,36.977401595716266],[-107.45058959492027,36.97707769896587],[-107.45024977966746,36.976554982530615],[-107.44871775149619,36.97643126211683],[-107.44901836460592,36.97560809981427],[-107.44865008741876,36.974782771259584],[-107.44803469268484,36.97442701053472],[-107.44712753473264,36.97436576037337],[-107.44636828733766,36.97367650823085],[-107.44573921117883,36.972575608139934],[-107.44456401034432,36.97119820549987],[-107.44582641180537,36.96996612768963],[-107.44652518757728,36.968221976031806],[-107.4468678779585,36.96816368591383],[-107.44755104444788,36.96848558700823],[-107.44746246046726,36.9677737580521],[-107.44772741980223,36.967459238870525],[-107.44841357662585,36.967186699190016],[-107.44926873046174,36.96735070398501],[-107.44990300967015,36.96709488353831],[-107.44991689097675,36.96640814746443],[-107.4515052507382,36.965153551984756],[-107.45210346719115,36.96545369459203],[-107.45215641191008,36.96586593321383],[-107.45235738911184,36.965919504007935],[-107.45295836648997,36.965319080093636],[-107.4531213051789,36.964632820775314],[-107.45339192233277,36.96443505928764],[-107.45390607947061,36.96431638993842],[-107.45493044097209,36.96487677485657],[-107.45552244027408,36.964091060076804],[-107.45631130095597,36.96423092375076],[-107.45710328682875,36.963958723275134],[-107.45630631149636,36.96358959936521],[-107.4560581838938,36.96326862584859],[-107.4567634609218,36.96230937051779],[-107.45758658830135,36.96176255278155],[-107.45734883901503,36.96148708755198],[-107.45713154370961,36.96038754854567],[-107.45740403542082,36.95956427331538],[-107.45782215334675,36.9591535271201],[-107.45735667179848,36.95887734142594],[-107.45683783301091,36.958051559120086],[-107.45745603519305,36.95736673545272],[-107.45777699052235,36.95613154294073],[-107.458184086951,36.95572076032623],[-107.4580600733123,36.955054476398466],[-107.4584776833043,36.95448547909951],[-107.45798800458651,36.953934506326206],[-107.45780377064258,36.95269771513956],[-107.45716571360214,36.95118477362538],[-107.4571882184916,36.95063541859788],[-107.45675021354894,36.94994724750891],[-107.45671801261706,36.9495125788399],[-107.45637359088937,36.94925926959971],[-107.45645640765949,36.94843539271403],[-107.45604033301095,36.948104478693544],[-107.45535608694114,36.9480305142851],[-107.4551098707538,36.94746961541708],[-107.45515565632994,36.94554676783787],[-107.4555530068311,36.9452733190763],[-107.45522137993645,36.94486019360114],[-107.4552794828284,36.94389888153118],[-107.45590933649476,36.94335145787685],[-107.4562286139983,36.94184154766548],[-107.45676717846798,36.941568542909806],[-107.45644942281976,36.94101810780843],[-107.45666204593762,36.939782570971516],[-107.45758225770005,36.93923605846085],[-107.4571115198821,36.93910135458317],[-107.45694163920814,36.938846778067024],[-107.45676992797054,36.9389644628153],[-107.45651168684898,36.93868323926087],[-107.45623362702172,36.936484646633026],[-107.45706304946228,36.93511370787046],[-107.45750722643716,36.93387890154552],[-107.45782309216914,36.93358995025057],[-107.45850657702856,36.933469988510545],[-107.45818924212543,36.932507487687424],[-107.45868428244883,36.93244821772843],[-107.45924565278847,36.931824034441135],[-107.45944818021137,36.9308631728454],[-107.46029708712562,36.9307284848875],[-107.45988532352835,36.93004040567897],[-107.46020175972346,36.92894254345652],[-107.46109885180384,36.928557454769006],[-107.46130211792958,36.928259209390426],[-107.46024578017558,36.92804971106758],[-107.46030684447133,36.927844016624555],[-107.46007613190372,36.92775028834136],[-107.45904845046844,36.92796243969661],[-107.45869489805217,36.927838943517266],[-107.45868578430336,36.9270147720129],[-107.45922294682146,36.92591760781609],[-107.45881236555607,36.925366885318624],[-107.45857920640277,36.92454200686043],[-107.45897503119274,36.9238564689567],[-107.45884735106847,36.923581352079076],[-107.45945791813888,36.92330856091627],[-107.45953016524678,36.92303407382874],[-107.45882050238441,36.92261976684478],[-107.4580488272857,36.9224490275268],[-107.45719767067085,36.92156932333473],[-107.4567294651563,36.92137694071842],[-107.45583658357243,36.92001513335774],[-107.45535984329932,36.91972430343435],[-107.45524399795781,36.91931186289971],[-107.45487665673718,36.9190359785722],[-107.45515258308463,36.91889950000391],[-107.45508521769418,36.91876192821693],[-107.45419418051193,36.918347015807356],[-107.45453554168091,36.917798675497835],[-107.45334643234892,36.9165586618067],[-107.4530392503674,36.91545881992266],[-107.45257502925604,36.91477054603434],[-107.45243303299884,36.91394594643732],[-107.45276979993376,36.91339759604868],[-107.45224332466802,36.9127091212232],[-107.45239946444055,36.91243490710426],[-107.45180354260935,36.9116088500857],[-107.45245304017392,36.91106150427501],[-107.45245194621717,36.910786785808355],[-107.45196362670221,36.910373146800254],[-107.45247045381187,36.908819410657166],[-107.45315747141068,36.908591325439446],[-107.4534142511933,36.90831743177066],[-107.45301741413294,36.90776673190258],[-107.45385086895296,36.906417915008404],[-107.45470509292485,36.90663535922084],[-107.45539027022845,36.90644549333378],[-107.45624435235464,36.906692717600585],[-107.4565814842155,36.90654186924544],[-107.45650593742066,36.906129556844256],[-107.45584373984482,36.90571538186356],[-107.45565354366305,36.90530270454804],[-107.45605578110428,36.904891909635744],[-107.45608424259544,36.90446858282153],[-107.45694618101403,36.903112367174245],[-107.45797623973628,36.90234787264267],[-107.45883828344867,36.90095831930723],[-107.4603834315926,36.899411264446236],[-107.46295326853264,36.898921446298914],[-107.46297840830705,36.89845787678232],[-107.46500451111261,36.89791474355215],[-107.46569705346404,36.897441981601894],[-107.46603843887262,36.897586812319744],[-107.46706672665144,36.89715835725057],[-107.46773984130188,36.897099044258795],[-107.46767652019588,36.89696149154301],[-107.46826659159352,36.89661432215912],[-107.4691214335676,36.896687453680144],[-107.47014866369533,36.89647604055541],[-107.47271231367877,36.89688285912106],[-107.47356797790566,36.896782377747805],[-107.47407965446229,36.89708924929185],[-107.47476680894741,36.8964482788573],[-107.47562367031706,36.8960896705651],[-107.47613680686737,36.89608403497267],[-107.47682318260573,36.895604856446255],[-107.47750786863178,36.895487825152365],[-107.47939383368133,36.89449696130938],[-107.48058958555737,36.894818735834114],[-107.48127063933208,36.89548977023108],[-107.48178323341182,36.89560146673837],[-107.48331857235769,36.896473583908616],[-107.48339353390121,36.89687146181448],[-107.48382907440526,36.89704617436361],[-107.4838330600882,36.89604860777152],[-107.48156871417606,36.893706840246935],[-107.48165290723682,36.893157657423856],[-107.48290398661939,36.8905515506484],[-107.48413316992068,36.888769513841126],[-107.48832900693998,36.885287750768846],[-107.48901199034779,36.88552548420217],[-107.48935676040945,36.884913891218716],[-107.49124163937589,36.88407375421156],[-107.4921286177852,36.88329841188065],[-107.49256376837637,36.882612869017755],[-107.49303524532367,36.87931761981099],[-107.49425895034207,36.87863432558847],[-107.49656598533558,36.87882839611713],[-107.49827180684564,36.87978114209498],[-107.49916959135238,36.881395402774075],[-107.498554983794,36.883179331318445],[-107.49859661271663,36.88372073249304],[-107.4987675647031,36.88373386583054],[-107.49945610162665,36.88270038104441],[-107.4997990330947,36.88248944048398],[-107.50201763207588,36.88352781916664],[-107.50321481243071,36.88350035478212],[-107.50458485417396,36.883040547204665],[-107.50525765609831,36.882373874547675],[-107.50571499549153,36.88155098602558],[-107.50616844991359,36.87949185917537],[-107.50595668911751,36.87784297464234],[-107.50683660837828,36.87631016719536],[-107.50786170823004,36.876512133430396],[-107.51008117786328,36.877329063650734],[-107.51059192460252,36.87786106668635],[-107.51110480437951,36.87788702637498],[-107.51212814731844,36.878516259155326],[-107.51468937999886,36.879414942141125],[-107.51691187530479,36.879536537846775],[-107.52085096763317,36.87804149493592],[-107.5218738805442,36.87879688670756],[-107.52185023835372,36.877336259759986],[-107.52359274211763,36.87659860875831],[-107.52503418167852,36.87487210765811],[-107.52550092738906,36.87459860030099],[-107.52580506357066,36.874049953183444],[-107.52796269962334,36.87268193014699],[-107.52837218443824,36.871996188182386],[-107.52850395826685,36.87103501535168],[-107.52986728093582,36.86966491689373],[-107.53002058591886,36.86911587322054],[-107.53043810352189,36.86870486169524],[-107.53058731569459,36.86691957759025],[-107.53113290441667,36.865272660060775],[-107.53114298428947,36.862388149119276],[-107.53145332627227,36.8617021430868],[-107.5314514115103,36.86074062560434],[-107.53203935493569,36.85840701461426],[-107.53153303033639,36.8576380760207],[-107.53136717888904,36.856341710337624],[-107.53170765175021,36.85670410059471],[-107.53222172960784,36.85639050367463],[-107.53376132122627,36.85612023205965],[-107.53358832007116,36.85664603715108],[-107.53461475872389,36.85645485985661],[-107.53546916666093,36.85654132355916],[-107.53623003650056,36.85676925443839],[-107.5364924826231,36.857156085021835],[-107.53871324847226,36.85756970233368],[-107.5391378786819,36.85787535933408],[-107.53913136245308,36.85924893354803],[-107.5396362088648,36.86076113104367],[-107.53967981126192,36.862272187417986],[-107.54128009274885,36.864611232009885],[-107.54149519779924,36.865847990354176],[-107.54124587843455,36.86588303891974],[-107.54122167065275,36.86625939503573],[-107.54175607136241,36.866597865059965],[-107.5415444250489,36.86612282895689],[-107.54181091543042,36.865574047380036],[-107.54178042719526,36.86447510144512],[-107.54053650935849,36.8615875060392],[-107.54070700735947,36.86021433605266],[-107.54048071013607,36.85897754759114],[-107.54085451167208,36.85774223654564],[-107.54057823227394,36.85705476109377],[-107.54151419788145,36.85609554894364],[-107.54228009097369,36.8547238355364],[-107.54317285946827,36.85363328130173],[-107.544144908667,36.852530640241106],[-107.54454532652912,36.852323380145705],[-107.54625478391155,36.85230679135499],[-107.54744967897669,36.852758337239045],[-107.54898714754567,36.853027267675856],[-107.54967135132844,36.85290837324118],[-107.5501814454878,36.853648119390854],[-107.55103529238018,36.85388352327733],[-107.55120223158983,36.85497295279289],[-107.55205686957942,36.8549973288572],[-107.55264772405133,36.85543556421619],[-107.55205439535814,36.855672573243645],[-107.5517893262195,36.85612032990454],[-107.55161533044252,36.857218790628494],[-107.55204657572908,36.85780649454267],[-107.55221736205513,36.85785166910457],[-107.55232257724646,36.856945746480925],[-107.55273476406923,36.85660799923099],[-107.55358935509346,36.85665039887365],[-107.55444162546533,36.85733177878626],[-107.55529539118008,36.85760451612049],[-107.5552946966558,36.85779625190713],[-107.55631918061339,36.85813613706176],[-107.55922607158874,36.85794069643792],[-107.56076670342104,36.85735976807331],[-107.56179285028234,36.857234834646896],[-107.56171766948253,36.85792909965741],[-107.56195888225515,36.858626037615764],[-107.56352701050207,36.86026832505566],[-107.56382949875268,36.86143794552497],[-107.564170385349,36.86173255020989],[-107.56416067520361,36.86013240262344],[-107.56351928539733,36.85875735748991],[-107.56364711967193,36.85642254223725],[-107.56590498683799,36.854558697282414],[-107.56710465860658,36.85423258909148],[-107.5672792359601,36.852627674053565],[-107.56765429301684,36.85217343001181],[-107.5684519838418,36.84929066458915],[-107.57000869744631,36.84654693540664],[-107.57054739818645,36.84669777285752],[-107.57070131102346,36.846548467550654],[-107.57053516287853,36.84613602211828],[-107.57066848444244,36.845449519596755],[-107.57140850954944,36.84479922818877],[-107.57212879557954,36.84435386145628],[-107.57363342386297,36.843936752076914],[-107.57397420760763,36.84425008766102],[-107.57499914936264,36.84442497892122],[-107.57653534188938,36.84532497794482],[-107.57679202652233,36.845737610508046],[-107.5779765308409,36.84574016071304],[-107.57687664095816,36.84521886817507],[-107.5761963074427,36.844214856420216],[-107.57602752395397,36.84357671045547],[-107.5753962512794,36.84326211969347],[-107.575511098891,36.842987649796136],[-107.57688598367623,36.84242112466341],[-107.57896123210138,36.84052260999313],[-107.57945859923844,36.839743436877725],[-107.58014321118512,36.83945061302586],[-107.58321981546862,36.83938740803755],[-107.58407314069993,36.8397661907481],[-107.58458648620869,36.83957774421961],[-107.58595398882397,36.83951190888715],[-107.58703194636846,36.83971544642404],[-107.587490537559,36.84002800575803],[-107.58834569610767,36.83984087511148],[-107.58902912330927,36.83991019210203],[-107.58988246466723,36.84029478680648],[-107.59330217550563,36.83983015790813],[-107.59449833101175,36.83990344827489],[-107.5948416816336,36.83941184121835],[-107.59695577750242,36.838087275318316],[-107.59944255437912,36.83616915742989],[-107.59963912079516,36.83549017886498],[-107.60136433259709,36.832601568015754],[-107.60225504658624,36.83040554476019],[-107.60237977484772,36.82930690794203],[-107.60324767662216,36.82894310727161],[-107.60632432843448,36.82871543756803],[-107.60718013315655,36.82825044817082],[-107.60817192841367,36.829043297642684],[-107.60883497236024,36.83083023021576],[-107.60884868173133,36.83206649497849],[-107.60844695998033,36.83398877356291],[-107.60800967042233,36.83536154363101],[-107.6061368589882,36.838379893947454],[-107.60589579394588,36.84002774929294],[-107.60515903418494,36.84126257444328],[-107.60476873492543,36.842635420937164],[-107.60387986544616,36.84359522585592],[-107.60261629481317,36.84592789274324],[-107.60241268934166,36.84688901401036],[-107.60181119452605,36.84812407947415],[-107.6016918200888,36.849085363142336],[-107.60101364400262,36.85059499345372],[-107.60065439542319,36.85251732226552],[-107.60150774739193,36.855952972735956],[-107.60170006899997,36.8571895811317],[-107.60158659229148,36.85787615621308],[-107.60276259930062,36.861587141701385],[-107.60297344595021,36.863647937597044],[-107.60339868369583,36.86433555651796],[-107.60369162932233,36.86557235464231],[-107.60358948290308,36.86584687538265],[-107.60297297375972,36.866257759292154],[-107.60412466701138,36.866534703947856],[-107.60478070642957,36.867085403457736],[-107.60512693249856,36.867772863889414],[-107.60700233742817,36.86997419401115],[-107.6074089254201,36.87093648036572],[-107.6073903529455,36.87296624096184]]}},{"type":"Feature","properties":{"depth_ft":75,"elevation_ft":6010.0,"major":false},"geometry":{"type":"LineString","coordinates":[[-107.6064185820971,36.81983684237866],[-107.60316704210324,36.816533949200625],[-107.6029456280631,36.81569145720893],[-107.60328779725558,36.815540188578915],[-107.60362915214498,36.81566099536207],[-107.60431128643593,36.81609686148587],[-107.6049574473749,36.81626268066248],[-107.60567595389703,36.81684173811964],[-107.60627825054688,36.81832561281096],[-107.60657716143113,36.819562424598686],[-107.6064185820971,36.81983684237866]]}},{"type":"Feature","properties":{"depth_ft":100,"elevation_ft":5985.0,"major":true},"geometry":{"type":"LineString","coordinates":[[-107.41688973449136,37.00298345031304],[-107.42044187752805,37.0011976457835],[-107.42233414876618,36.99873181795732],[-107.42428591716417,36.997134905880145],[-107.42514435198737,36.996737864229424],[-107.42634272321538,36.996824227271425],[-107.42671266503861,36.996686567617196],[-107.42671731248608,36.99641187276707],[-107.42613595976937,36.99627252451283],[-107.42681115837719,36.99503864015645],[-107.42841626950509,36.993353010824066],[-107.43026945253236,36.9892815022591],[-107.43146506691573,36.987362577426325],[-107.43220679092278,36.98516739564391],[-107.43230126734608,36.983656802226825],[-107.43203393281092,36.98296912027455],[-107.43212190352953,36.98228263894911],[-107.43250546986869,36.981734511610945],[-107.43223944047323,36.98118419008587],[-107.43270634920536,36.97994956458007],[-107.43096389448581,36.97843275796854],[-107.43056456162364,36.97760726891116],[-107.4305594115569,36.97664461719654],[-107.43146393673626,36.97719824907686],[-107.43193387666778,36.97774926224603],[-107.43311888886188,36.97831972401003],[-107.43316727637261,36.97926434006412],[-107.43345603638973,36.979331300966365],[-107.4334609753487,36.97838743617671],[-107.4323601472677,36.97747599098715],[-107.43175913568864,36.9764147745987],[-107.43193488635393,36.975551399760796],[-107.43210682757666,36.975412910198294],[-107.43261980271484,36.97554003165406],[-107.4331340939352,36.97541614304319],[-107.43690899156445,36.97383679096784],[-107.4382834618663,36.972910561317065],[-107.43965589654748,36.972373096707074],[-107.4401670742668,36.972848165655414],[-107.44018959364195,36.97255736167217],[-107.44065420014624,36.97214683116553],[-107.44188461319855,36.9717825871055],[-107.44256954309654,36.971761718957765],[-107.4433076781907,36.97201822139581],[-107.4437729427319,36.972706528976836],[-107.44409831366531,36.974134190691736],[-107.44529500602066,36.97448582825314],[-107.4458678438715,36.97518579193683],[-107.44678003698893,36.97560083328109],[-107.44709085134953,36.976151268661646],[-107.44652277653091,36.97807240217633],[-107.44657848566362,36.97875936314629],[-107.44742116058846,36.97986095231535],[-107.44800749571237,36.979821298839425],[-107.448046096371,36.978352067323],[-107.44766433184125,36.977938760062656],[-107.44772758470275,36.976840118124834],[-107.44785237109717,36.97662974567888],[-107.44826633039418,36.97656715480766],[-107.44869872764137,36.97546970875231],[-107.44861425914273,36.97505736713932],[-107.44803371193903,36.97462155817596],[-107.4470060026153,36.97470784768846],[-107.44666421039014,36.974582817647814],[-107.44550737680306,36.97339898718501],[-107.44534141394602,36.97284902090494],[-107.44483433021917,36.97229793864976],[-107.44474557175056,36.97174822404878],[-107.44421956951835,36.97147178927344],[-107.44412833652704,36.97119677814725],[-107.44548992529558,36.969813652027796],[-107.4463558971584,36.96784515674758],[-107.44704119986312,36.967743302570966],[-107.44721412607154,36.96740088471807],[-107.4479013081755,36.966925234483405],[-107.4494450016142,36.96633996883121],[-107.45081906701537,36.9654373175856],[-107.45167972852661,36.96449510592909],[-107.45236420450081,36.964551738495686],[-107.45249295234456,36.96421873834322],[-107.45288054850695,36.9639940517904],[-107.4546446187825,36.96353883867166],[-107.45326404964709,36.96229822116662],[-107.45442959591978,36.96230873133971],[-107.45477287819924,36.962124323268704],[-107.45546252789941,36.96120638714499],[-107.4559759588803,36.96115350875004],[-107.4564537854292,36.960660112064346],[-107.45680996723439,36.95969974747471],[-107.45741734661482,36.95928960269125],[-107.45655053049575,36.958462717076706],[-107.45646470170861,36.95805037549548],[-107.45733522679919,36.957091640126166],[-107.45716358722079,36.956816383654676],[-107.45751669972218,36.955993362999614],[-107.45796605061096,36.95572007131486],[-107.45783354600992,36.95517022649046],[-107.45824336850049,36.95462209571779],[-107.45820395432062,36.95434725821695],[-107.45772318431302,36.9539336689995],[-107.45762120818775,36.952697137688304],[-107.45715619187644,36.951459456600595],[-107.45688073410915,36.95122655986113],[-107.45654653178144,36.94957852524023],[-107.45616457066582,36.94925860594372],[-107.45620356217785,36.94857194667472],[-107.45586825092612,36.94829280957234],[-107.45535492605256,36.9482654826658],[-107.4548810857546,36.94746888656568],[-107.45491096881109,36.94554598841793],[-107.45525441871844,36.945272368896994],[-107.45490865013271,36.94472184082266],[-107.45512537394845,36.943623677397454],[-107.45562544893723,36.9432131986178],[-107.45582084798791,36.94184025223244],[-107.45637912380444,36.9415673118931],[-107.45623093899042,36.94101741429251],[-107.45648870158398,36.939782021088334],[-107.45678572854982,36.939370892649755],[-107.45624064865005,36.93840766530964],[-107.45609780553764,36.936447317659294],[-107.45739764623748,36.93374119779116],[-107.45782479576846,36.93324268195511],[-107.45816714375886,36.9332205055568],[-107.45816797256002,36.933051403041986],[-107.45759583251423,36.932780325992844],[-107.45771563012521,36.931819205829996],[-107.45800375076622,36.931644688970586],[-107.4585166973145,36.931726727213075],[-107.45868615018783,36.931547556931534],[-107.45851879237496,36.931298841733756],[-107.45783462717962,36.93123849229456],[-107.457822343196,36.93017125876118],[-107.458141411924,36.92976019583935],[-107.45852670335852,36.92968305721224],[-107.45891600234249,36.93017471121863],[-107.4596708406712,36.93031444528052],[-107.45913595120973,36.929488618970616],[-107.45934451870512,36.92907720458149],[-107.45921676793985,36.92853346928379],[-107.45801584460932,36.92917794211365],[-107.45558795044118,36.92659288957517],[-107.45580782325771,36.925848889337246],[-107.45666552727214,36.92540403471591],[-107.45717240359696,36.92536170334195],[-107.45654334074985,36.92481028092673],[-107.45638624547779,36.92426035378452],[-107.45721543009282,36.923438838927794],[-107.45718998813405,36.92313336862856],[-107.4575925367315,36.922890603479715],[-107.45716142190851,36.922339810113066],[-107.4565110683654,36.92202211647216],[-107.45632498379995,36.92151301494826],[-107.45549478745569,36.92068623367668],[-107.45549299579119,36.9203004386026],[-107.4544665340754,36.91917202857733],[-107.45447376087458,36.91882291958778],[-107.4538627037179,36.918758029344374],[-107.45376474804247,36.91820828715256],[-107.45397326439128,36.917796881246886],[-107.45298641691167,36.91669486704952],[-107.45272774642966,36.91559517970345],[-107.4522216596137,36.91518148508535],[-107.45213951121231,36.913807647559736],[-107.45234719637013,36.91367095636706],[-107.45231477127454,36.91312142268824],[-107.45204539008758,36.9124337712422],[-107.45133664357911,36.91174470719072],[-107.45224640197962,36.91092348413792],[-107.45177150263534,36.91037252990967],[-107.45231236516459,36.9087259756402],[-107.45320394858115,36.908316759076335],[-107.45275025153619,36.90776587637878],[-107.45319701054285,36.90721787643019],[-107.45330382605668,36.90680614542826],[-107.45311218619496,36.90639345952927],[-107.453682185272,36.90593838835361],[-107.45470575511938,36.90650135564259],[-107.4552198930528,36.90630717350833],[-107.45624579311321,36.906399970885055],[-107.45638121118287,36.906266518788556],[-107.45573537272946,36.905840198393136],[-107.45536117096849,36.90516441715035],[-107.45584435062383,36.90489123805684],[-107.45582867075646,36.90420440002739],[-107.45670369251413,36.90283360036735],[-107.45832492181174,36.90100308000194],[-107.46021472386977,36.89930280000385],[-107.46268322699432,36.89873167195477],[-107.46261474622773,36.898184683542055],[-107.46312781040564,36.89819709024609],[-107.46396214617295,36.89791150772193],[-107.46381568585096,36.89742760344646],[-107.46415745067407,36.897492907436195],[-107.4648430844158,36.897186230690366],[-107.46518415042982,36.89739698289958],[-107.4655274192573,36.897149089408565],[-107.46604000138825,36.89726075119913],[-107.46741139330332,36.89661617317303],[-107.4694666966453,36.89601612158385],[-107.46997978512827,36.89602059682904],[-107.47117518849167,36.89641271388321],[-107.47254300566695,36.89651522408417],[-107.47305706166443,36.89631462052678],[-107.47356998152897,36.89635550312115],[-107.47390978656463,36.89683951535601],[-107.4754544222127,36.895706578800485],[-107.4759670644525,36.89580641861475],[-107.47665357973759,36.8952969408925],[-107.47699627873357,36.89516163642049],[-107.47733787915448,36.89526261528819],[-107.47922386598242,36.89426630585326],[-107.48144419860438,36.89494000784442],[-107.48144236231282,36.895340007778486],[-107.4817948452944,36.89535580528482],[-107.48366033027972,36.89654315722126],[-107.48369288280819,36.896185553326525],[-107.48317632825605,36.895497242394896],[-107.48263993628129,36.895268290792615],[-107.48213079717962,36.894402725915896],[-107.48121730874149,36.89343108342],[-107.48123679600425,36.89260699306222],[-107.48159558086365,36.89219598155635],[-107.48179209121338,36.891509772856075],[-107.48248889650498,36.890899548851905],[-107.48381521667675,36.88876857905767],[-107.48541162242766,36.887528713161586],[-107.48575595140653,36.88702276538515],[-107.48832985302788,36.885099700274615],[-107.48894160544921,36.88534959227575],[-107.48918640513297,36.8847675857152],[-107.49066013326924,36.883980977826816],[-107.4916707499774,36.88315973807309],[-107.4924117230784,36.88178828304823],[-107.49283536453736,36.87917968890634],[-107.49417346100861,36.87849987568731],[-107.49537074284676,36.87843214075384],[-107.49656672931965,36.87865895470796],[-107.4975908390526,36.87908801979835],[-107.49838354236743,36.87974488937972],[-107.49947610728387,36.88139626427582],[-107.49881914351654,36.88235592524817],[-107.49876864350125,36.883486597901694],[-107.4997993733973,36.88241119635032],[-107.50014133268738,36.8824234993287],[-107.50082310815027,36.882942454688425],[-107.5020179470105,36.88345492563672],[-107.50321514692358,36.883422653516945],[-107.50458541870908,36.88290885919621],[-107.50564776267497,36.881550800656385],[-107.50605528203798,36.87949154757393],[-107.50585939044755,36.87770534810541],[-107.50648518854332,36.876333485977675],[-107.50683713323383,36.87618686052858],[-107.51025222284686,36.87731721837341],[-107.51059249006215,36.87772668250223],[-107.51127603090438,36.87783220544287],[-107.51212858931926,36.878410715740245],[-107.5150314742149,36.879392125705046],[-107.51674106413729,36.879490781865975],[-107.519480797695,36.87857819170312],[-107.52050919696896,36.877986869775846],[-107.52085136159755,36.87794479421305],[-107.52170375256532,36.87858265425511],[-107.52187491029446,36.87854330470901],[-107.52173558292859,36.87733595919829],[-107.52347223860711,36.87651634855292],[-107.52560960278682,36.87404944725064],[-107.52665947255572,36.87322800912204],[-107.52711388660875,36.87309182215906],[-107.52812305978767,36.871995548683635],[-107.52830031690556,36.871034492877584],[-107.52974505021619,36.869389887244495],[-107.5297786945032,36.8689705515817],[-107.53024381737637,36.86870436640451],[-107.53074064608519,36.86568373861779],[-107.5309837177907,36.865272280655134],[-107.5309991007369,36.86252514214173],[-107.53173997102799,36.85881833240012],[-107.5309208357674,36.856343788716394],[-107.53136867831392,36.855960546398116],[-107.53307941913012,36.85563712713144],[-107.53342079071194,36.85577076980662],[-107.53427574317145,36.85571515946272],[-107.5345319991213,36.856215561913366],[-107.53547047112937,36.856205154961536],[-107.53632401748355,36.856513828041415],[-107.53666413714639,36.85697386645482],[-107.53905511994309,36.85757776463381],[-107.53936730788384,36.85801328599894],[-107.53924641200032,36.859249218250106],[-107.53972707276084,36.860676135060686],[-107.5397762749966,36.86213506674496],[-107.54047552319891,36.86309830426141],[-107.54091359038088,36.86335032471518],[-107.54040615766766,36.86158718486921],[-107.5405723579345,36.8602140044889],[-107.54037402145482,36.85897728469124],[-107.54073140971128,36.85774193358291],[-107.54042540557444,36.856876519170626],[-107.54144500738018,36.8559580199626],[-107.54168538430469,36.85527181441949],[-107.54208414855714,36.85499807387254],[-107.54234516060622,36.854449276566335],[-107.54420371197357,36.85225314596437],[-107.54522995556887,36.852091304064444],[-107.54591528647329,36.851670645037075],[-107.5460856444285,36.85182569903548],[-107.54659873542577,36.851751878521185],[-107.54676818352792,36.85215110892182],[-107.54762119027797,36.852604965325064],[-107.54813425681623,36.85253873995446],[-107.54881726580794,36.852741416190845],[-107.54903742710714,36.85267980100881],[-107.54882317313896,36.85226721078391],[-107.54933282724821,36.8520007315459],[-107.55069741056911,36.85279589518994],[-107.5506957027581,36.85325977492937],[-107.55120871374443,36.8532091466799],[-107.55187565873538,36.85378542861606],[-107.55153815239085,36.85474614324041],[-107.55222869387119,36.854757349688875],[-107.55292382460948,36.85529885669233],[-107.55290384625329,36.85557352786913],[-107.5522248259949,36.85581358360999],[-107.55192893955795,36.85625801963238],[-107.55176740563795,36.85708179184129],[-107.55204803255239,36.85740895488451],[-107.55214261242318,36.85694532089795],[-107.55273550579244,36.85640509261881],[-107.55376051027375,36.85659384577144],[-107.55446537935653,36.85722551110956],[-107.555295684489,36.857523542430194],[-107.55563630830812,36.857876928499756],[-107.55631952569091,36.858040521358284],[-107.55751680866153,36.85786888204777],[-107.55820020432996,36.85798384359278],[-107.55888503488868,36.857698075697826],[-107.55922650496841,36.85781933912661],[-107.56025378646984,36.85737790130401],[-107.56179349738444,36.85705191174526],[-107.5619926456633,36.85724293200395],[-107.5619124353698,36.85792954454539],[-107.56226671108179,36.85875450767093],[-107.56365747231811,36.86026862111545],[-107.56383184054647,36.86077105856858],[-107.56400279684159,36.860771665489835],[-107.56400511684124,36.86011054389287],[-107.56331014660431,36.858482164354314],[-107.56351375831929,36.85642223959597],[-107.56580436593443,36.854504388238674],[-107.56704856261877,36.85409510421519],[-107.56715509642582,36.852859109611686],[-107.56756215175508,36.85217322404364],[-107.56827822562887,36.84942763663941],[-107.56984691244602,36.84654657693751],[-107.57037767418751,36.84634643822004],[-107.57050328361446,36.84544915447767],[-107.57147566872302,36.84462714357655],[-107.57209402493653,36.84426309654707],[-107.57363383080448,36.8438164147549],[-107.57414543362209,36.84415991534734],[-107.57499963462402,36.84428072535686],[-107.57653500166012,36.84515655121583],[-107.57664154066897,36.84505048836637],[-107.57585594746838,36.84377246243759],[-107.57529106823189,36.84339925094202],[-107.57530752899075,36.842987208146134],[-107.57671524446869,36.84236773015605],[-107.57757181390097,36.84177258927399],[-107.57884699846251,36.84052236552459],[-107.57938676052858,36.83969936214153],[-107.58014349185684,36.83936546729083],[-107.58253655400162,36.839270388615695],[-107.58339080734072,36.83936252217627],[-107.58390264313414,36.83963865392674],[-107.58441605128759,36.83943074195992],[-107.5857834250174,36.83940412820899],[-107.5871500657031,36.839605939511095],[-107.58766178718895,36.83992255254018],[-107.58834600012418,36.839745560798406],[-107.58902943829938,36.83981116135843],[-107.59005374683397,36.84017821564531],[-107.59159296223085,36.83986008064953],[-107.59449868628944,36.839789193487555],[-107.59467070031363,36.8394344764468],[-107.59679482942784,36.83808695521457],[-107.59930205402591,36.836168880950126],[-107.601627080514,36.831777921313964],[-107.60220212606083,36.83026808201627],[-107.60219777992944,36.82930655429728],[-107.60324799396317,36.828837129481684],[-107.6062274634884,36.82862751977688],[-107.60718043090668,36.82814928127008],[-107.6082173663318,36.82890602374765],[-107.60893630903988,36.830830421509425],[-107.60897722447103,36.83179201787345],[-107.60862238090098,36.8337143855957],[-107.60808520099297,36.835361686749415],[-107.60629934253211,36.838380204337405],[-107.60599006754634,36.840027929603636],[-107.60527659660433,36.84126280001674],[-107.60486208150255,36.84263560036481],[-107.60401186679566,36.84359548055243],[-107.60274126846144,36.84592813521751],[-107.6011312619388,36.85069890668675],[-107.60080279446593,36.852517612643574],[-107.60159652481659,36.85595314584106],[-107.60171197081402,36.85787640058814],[-107.6029129232436,36.861587433205415],[-107.60314356998221,36.86368012257736],[-107.60375027303633,36.865023031615834],[-107.603847758782,36.86571001526343],[-107.6032425146461,36.866120922333835],[-107.60347753936007,36.86633784884902],[-107.60433224180959,36.86638892157973],[-107.60484384605182,36.86682852823361],[-107.60532112678658,36.867773236590175],[-107.60699813588396,36.869699468044765],[-107.60744291460753,36.8703871091116],[-107.60758143053529,36.87258511543103],[-107.60729266007809,36.873408720030575],[-107.60612398342349,36.87505479810048],[-107.60557281386507,36.87628997270005],[-107.6023193333579,36.88026709751802],[-107.60175057683969,36.882051653737044],[-107.60161417427894,36.883699691846246],[-107.60174816439937,36.88452410486765],[-107.60264572455638,36.88589943678591],[-107.60307640556009,36.88605905569278],[-107.60373548955693,36.88672569886578],[-107.603827442857,36.88823682071971],[-107.60332450976821,36.889472075104415],[-107.6039333855352,36.89002268615202],[-107.60421808550818,36.891122103390394],[-107.60472257615343,36.89167250895532],[-107.60452453960752,36.892084203186776],[-107.60559722463702,36.89332248992638],[-107.6053531421982,36.89345938030844],[-107.6059600121063,36.894033051934464],[-107.60630192092876,36.894085941625875],[-107.60708378751701,36.89524834756879],[-107.6069799925522,36.896072300199485],[-107.60818294547603,36.89799760270832],[-107.60821765412031,36.89937125165818],[-107.6078229543617,36.90029322326918],[-107.60850147055609,36.900470655372],[-107.6092367432201,36.902532418266674],[-107.61054807442619,36.90429286022684],[-107.61310887960732,36.906042863434244],[-107.61379313534093,36.90603675949967],[-107.61413477861909,36.90620308558632],[-107.6146242901766,36.90680056174076],[-107.61512847752515,36.90817507013166],[-107.61518543647868,36.9096861138268],[-107.61410951782446,36.91503119812945],[-107.613989166816,36.91641445330407],[-107.6141561647661,36.91696419319661],[-107.61384460663811,36.919023986268236],[-107.6121047420257,36.92190527321263],[-107.60902147647005,36.92423457298441],[-107.60927689975985,36.924921843645365],[-107.60980498605231,36.924467765926785],[-107.61048963089787,36.92438460152794],[-107.6106614140138,36.9241498731157],[-107.61168893092048,36.92383309903946],[-107.6130601653942,36.92298483550821],[-107.61356150350335,36.92286948174679],[-107.61478021752069,36.9219102257157],[-107.61556697065147,36.92053809242749],[-107.6163664922493,36.91765504017598],[-107.61693960345227,36.91696929596226],[-107.61646031507108,36.915045410801966],[-107.61738450311314,36.9124372924681],[-107.61778822772905,36.90694370209025],[-107.61670229747489,36.90563009819596],[-107.61533720203006,36.90444424440808],[-107.61209207945863,36.90273279168],[-107.61113940892383,36.901437125675564],[-107.61117394579928,36.90061304062399],[-107.61156126684504,36.900201689332334],[-107.61141186141575,36.89992669378234],[-107.61155388136179,36.899789600656014],[-107.61124371705282,36.89937694639391],[-107.61139912023066,36.89910252013776],[-107.61116116590952,36.89855264214472],[-107.61110854169607,36.89717896028282],[-107.6090156525558,36.89401578458795],[-107.6083384654572,36.89209148596752],[-107.60840750930296,36.89044331479218],[-107.60906810137693,36.889620412240085],[-107.6082604479046,36.88934416815763],[-107.6077412463398,36.88851903235668],[-107.60686310344389,36.88659434200262],[-107.60540949929191,36.88425646635024],[-107.60507351690211,36.882332800143104],[-107.60548624553238,36.88079842608647],[-107.60582921514727,36.88047372730945],[-107.60617090411877,36.88058041622471],[-107.60625130066067,36.880137317079146],[-107.60804229394363,36.878355061851295],[-107.60926033328003,36.87668520660207],[-107.6102887737167,36.87583367053381],[-107.6122469731983,36.875890499402075],[-107.61085518793566,36.874789031218235],[-107.61093454816657,36.87423974421199],[-107.6113822770473,36.87369114560469],[-107.61118070497606,36.873141333351256],[-107.61150913400353,36.87108156266679],[-107.61127167442496,36.86970752942459],[-107.6100692051668,36.867095455227734],[-107.60928775266174,36.864346803069566],[-107.60764577485394,36.86063499949825],[-107.60795791500641,36.85884992190693],[-107.60761963829201,36.858574561554995],[-107.60637117793138,36.85596235815492],[-107.60597100440954,36.85390120354562],[-107.60624306841152,36.85239077056793],[-107.60691396227831,36.85019429973291],[-107.60780084306728,36.84965326126435],[-107.60774304848353,36.848410202994515],[-107.60883684306825,36.84609721873514],[-107.60964890083415,36.84525453536014],[-107.61033885502125,36.84401959537835],[-107.6115783875049,36.84376675455009],[-107.61113544599671,36.842922210073255],[-107.61226899369565,36.8413615859928],[-107.61363808766708,36.84074250137451],[-107.61412612749598,36.840317928645305],[-107.61345391005392,36.840041967935164],[-107.61326158830013,36.839766892706194],[-107.61357433473081,36.837844435161486],[-107.61448738622255,36.83551100326266],[-107.61525502971958,36.834825614737774],[-107.61503796780293,36.83413841729524],[-107.61558028846807,36.83249109357183],[-107.61668834044296,36.83235575785424],[-107.61639843759629,36.83163343236244],[-107.61554534793795,36.83114691096906],[-107.61536749501192,36.83084238501549],[-107.61530926123214,36.82878187929461],[-107.61616368728247,36.827684563183254],[-107.61504680355858,36.826720998094316],[-107.61542782834627,36.825485456826215],[-107.61522026082342,36.825264423921595],[-107.6144628447737,36.82507160440069],[-107.61422667858689,36.82465908933219],[-107.61452817312201,36.82397284422801],[-107.61402846456562,36.82373627821115],[-107.61385851213653,36.823412808367195],[-107.61317548407291,36.82324741440146],[-107.6129191344928,36.82287099194357],[-107.6128918797001,36.82135998029958],[-107.61334331784848,36.820261935267425],[-107.61242949895956,36.81957344042034],[-107.61239685436912,36.81874921875924],[-107.612192305408,36.81847411818039],[-107.61271326642792,36.81778828488237],[-107.61199559470533,36.81760938341166],[-107.61199668031826,36.81723234945578],[-107.61163167884848,36.816962112081185],[-107.61149179652773,36.81600032961065],[-107.61046446119661,36.81532273749741],[-107.60969605262932,36.81407392248388],[-107.60894507706661,36.81338570642492],[-107.60789414086517,36.81132331408616],[-107.60888170096489,36.809127416214444],[-107.60899024645329,36.80789137737044],[-107.60856625197773,36.805967530616755],[-107.60759342283393,36.80389955375321],[-107.60827611984989,36.804115288342906],[-107.60898146529098,36.80253430199708],[-107.61251569332627,36.798832180201465],[-107.61246301060991,36.798145279145885],[-107.61000421758018,36.79730582668811],[-107.60966345972925,36.79700418641853],[-107.60897991085862,36.797100806979195],[-107.606931016801,36.79679170020435],[-107.60488058327202,36.79700656258207],[-107.60449916138833,36.79744342044149],[-107.60351219475629,36.7976272935023],[-107.60299862319809,36.79800039378614],[-107.6024859458644,36.798073854120226],[-107.60226816360206,36.79853799224836],[-107.60080709793932,36.79935930845548],[-107.60033614449695,36.80086935313935],[-107.59909364084679,36.801828436378266],[-107.59857697533869,36.80333838335354],[-107.59822061906509,36.80361240040988],[-107.59819607265169,36.80441852621368],[-107.59861887601811,36.804712070865605],[-107.59873327840748,36.80581118021197],[-107.59898476574678,36.805949036467126],[-107.59848982999405,36.80663486231999],[-107.59887137742427,36.80705175719241],[-107.59921361168975,36.806869078921125],[-107.59978600169583,36.80691213558952],[-107.59990389024736,36.80732444827637],[-107.59961424768888,36.808285402197185],[-107.60016029895247,36.8085611948292],[-107.6001219984479,36.808835840484356],[-107.59818129541499,36.80925117787064],[-107.59613106552534,36.80928446966233],[-107.59305370851123,36.80997731733183],[-107.59146723999253,36.81115367930167],[-107.59053353924615,36.8125253794565],[-107.58945909059526,36.81214075381665],[-107.5880918858129,36.81226684520065],[-107.58740714869856,36.81268412044684],[-107.5862060824182,36.81427249771553],[-107.58569366839217,36.814225581089815],[-107.58432878242013,36.8136224180713],[-107.58381625607554,36.81361180274986],[-107.58279003244725,36.81395001790865],[-107.58187812437316,36.814842516483814],[-107.58056741831466,36.814408681468365],[-107.57954059927474,36.81491972001202],[-107.5790303330236,36.81422345999591],[-107.5778375902017,36.8132480506749],[-107.57647202936012,36.81287058865133],[-107.57561637790236,36.813285844138605],[-107.57488695235405,36.813041845704966],[-107.57467664914356,36.812079866979374],[-107.5740413889163,36.81152904267004],[-107.5738671005148,36.81097922156922],[-107.5740238403767,36.81043012242108],[-107.5737490869805,36.809704941076326],[-107.5735148013847,36.811115812649646],[-107.57387708322382,36.81235284566826],[-107.57368821617193,36.8134513150824],[-107.57516691705518,36.81455341586461],[-107.57527161900835,36.81482836345275],[-107.57407347867175,36.81483492834235],[-107.57356023225326,36.81503547373018],[-107.5727042606328,36.81553341422819],[-107.57201832884287,36.816269048765335],[-107.56997087148208,36.81543544849147],[-107.56843228250324,36.81568816910607],[-107.56740919904298,36.81509111065613],[-107.56604362399119,36.81472315535203],[-107.56518926979217,36.81474446508304],[-107.5643340274241,36.815019474951804],[-107.56296837713576,36.814677487367284],[-107.5619411258717,36.815276917236986],[-107.56179461138751,36.81562251446897],[-107.56005765360283,36.81641431588137],[-107.55965372677375,36.81699120746758],[-107.55981054259252,36.81740364844632],[-107.5594327004326,36.817540138808],[-107.5596272175452,36.81712850651706],[-107.55936481049183,36.816853182125996],[-107.55834846045131,36.81658095127083],[-107.55681582020938,36.81516300197108],[-107.55647447329525,36.81506111819556],[-107.5557455027709,36.81533382782272],[-107.55527439296299,36.81619010523977],[-107.55596010924081,36.81555833901881],[-107.55647285754071,36.815509768702775],[-107.55817612928858,36.81699193806359],[-107.5588588580454,36.81719224151608],[-107.55747407736492,36.81849713157102],[-107.55868266287747,36.818685054187185],[-107.56039374515704,36.81799936981743],[-107.56075957834165,36.817543187630775],[-107.56091029956168,36.81688065022282],[-107.56227875896677,36.81643443398574],[-107.56330648656011,36.81570306892692],[-107.56352748357062,36.816038539017086],[-107.56435105393955,36.81604040472403],[-107.5646692226506,36.81688454061295],[-107.56501441915431,36.815888974558604],[-107.56535651680986,36.81577981219886],[-107.56685719244427,36.81604604701523],[-107.56745877877485,36.81645947387646],[-107.5670118492095,36.81700791416426],[-107.56705953020713,36.81738783493558],[-107.56723029142069,36.81741692159139],[-107.56876819416169,36.817374791001406],[-107.56945384970689,36.816731570440716],[-107.57047856540088,36.81686230745213],[-107.57082380343886,36.817153750310474],[-107.57081750325366,36.817677428233075],[-107.5720118807935,36.818165845858566],[-107.57321243565966,36.816833285457214],[-107.57406800634239,36.81645755851432],[-107.57577662669075,36.816451083876814],[-107.57620934092603,36.816203996173925],[-107.57697679956723,36.81520545021141],[-107.57749926392488,36.815794697832686],[-107.57752632295295,36.81648155674209],[-107.57799522065515,36.817229085899214],[-107.57970198903827,36.81778904647327],[-107.58047767981022,36.81731202968732],[-107.58090142845253,36.816753835362746],[-107.58380493014953,36.817101241474404],[-107.58426686370605,36.81677058585141],[-107.58432253640495,36.81555080644567],[-107.5846631935811,36.815878067211706],[-107.5856872078735,36.81623114069194],[-107.58654139465233,36.8162654802945],[-107.58807998653126,36.815997008348866],[-107.58853627813744,36.815543209791635],[-107.58873374275447,36.81430737430456],[-107.58894011808383,36.81416089899889],[-107.58962039733932,36.81515140583491],[-107.59132745056176,36.815633294714296],[-107.59200961525124,36.81603712577903],[-107.59235209715759,36.8157934315372],[-107.59249498203721,36.815963373606714],[-107.59207601227088,36.816099884534054],[-107.59211423475391,36.816237322255155],[-107.59360835669911,36.81720186485283],[-107.59385939219356,36.81816389171999],[-107.59524421699251,36.81982087920762],[-107.59626633433034,36.82082181461692],[-107.59746135639185,36.821169005666135],[-107.59907300499287,36.82256980008317],[-107.59906941662734,36.822844513115385],[-107.59721669318682,36.82517596888697],[-107.59607951762395,36.82598772373149],[-107.59453140807814,36.82778044537512],[-107.59432795669899,36.8286041960596],[-107.59481454230706,36.82887989294676],[-107.59500825875472,36.82970444070903],[-107.5941867429853,36.83080167012791],[-107.59333589760583,36.830525236052004],[-107.5938363300377,36.83189984350581],[-107.59332342891503,36.833028129127115],[-107.59229513344123,36.833957163083255],[-107.59109754080349,36.834369690604156],[-107.58887554564238,36.834463461468644],[-107.58494741946723,36.83366776352684],[-107.58050424174675,36.83361472854006],[-107.5794779024206,36.83390256548854],[-107.57896555208755,36.83379816123034],[-107.5765718601779,36.83413141978028],[-107.57588666862284,36.834607335824224],[-107.5750667957629,36.83488246869776],[-107.57245899311008,36.83745517638437],[-107.57191556895089,36.838309572999435],[-107.56950063076926,36.84022727261233],[-107.56791054954444,36.84228412627085],[-107.5657029515297,36.84433956924876],[-107.56460806887567,36.84598541255102],[-107.56410161964263,36.847220501214636],[-107.56399992999029,36.84776970836259],[-107.56426611243606,36.84928126397902],[-107.56404118501693,36.84982954708772],[-107.56301634755735,36.84961172466058],[-107.56250542895397,36.84907814203956],[-107.56229908348399,36.84913943620126],[-107.56234547467913,36.84955161993628],[-107.56334517361661,36.85051540979587],[-107.56343084565661,36.8510650415213],[-107.56318086421149,36.85143543914998],[-107.5605532630154,36.85298150283416],[-107.55933642192642,36.853390781975776],[-107.55855522774581,36.854319011309656],[-107.55787174482481,36.85423729886487],[-107.5575307206496,36.853996945083836],[-107.55693518882114,36.85420937818871],[-107.55667696540604,36.853730196279415],[-107.55633531617508,36.8536647354901],[-107.55489912726698,36.85255631604126],[-107.55462036073477,36.852143585075545],[-107.55275643568038,36.850678649265824],[-107.54951392114471,36.84925369132276],[-107.545756535408,36.84841695757618],[-107.54267880226769,36.84867535863791],[-107.5421648333674,36.848985131754525],[-107.54143470904951,36.849090035590564],[-107.54045121228853,36.85011246112252],[-107.53993751049521,36.850347463582644],[-107.53978406755826,36.85100900031375],[-107.53852813488032,36.85251684337071],[-107.53891278574737,36.85320459250602],[-107.53855751041739,36.85360811703353],[-107.53753179938425,36.85362287065724],[-107.53428610720411,36.85305471737259],[-107.53223521547588,36.85295232148275],[-107.53018285148217,36.85322417853626],[-107.52915560064616,36.853628497648785],[-107.52827282077432,36.85441399546643],[-107.52714520266929,36.856334123206494],[-107.52571090615072,36.85660513808646],[-107.52677384356264,36.85715732025318],[-107.52622138168977,36.85907892014983],[-107.52664859700174,36.86141512534043],[-107.52604661611639,36.86162772220222],[-107.52450972459863,36.86119282409507],[-107.52348172922036,36.86174770138026],[-107.52262372655753,36.86253823253031],[-107.52211040159936,36.86264633798889],[-107.52125772605295,36.862120926727314],[-107.52045564585771,36.861948420767696],[-107.52045710197463,36.86139898901993],[-107.51989627301545,36.86059379065611],[-107.51801905195143,36.859786860892825],[-107.51682281569143,36.85967629284785],[-107.51562529913647,36.85987585954354],[-107.51511510792237,36.85923008025048],[-107.51494458250659,36.85863717258811],[-107.51527280619993,36.85836333340241],[-107.51665688722066,36.85845782437628],[-107.51765286881805,36.85795760121829],[-107.51808775152928,36.8571346014739],[-107.5181950505947,36.85631073198383],[-107.51777679648337,36.85562282730957],[-107.51632903624906,36.85505456226092],[-107.51461936524113,36.85510662989549],[-107.51410536143119,36.85538726329271],[-107.51358970457413,36.85606385013622],[-107.51335617955642,36.856023086939366],[-107.51359430003413,36.852864469847894],[-107.51306767868056,36.85094002489306],[-107.51346833235688,36.84956751230727],[-107.51302723791443,36.849016888010155],[-107.51242325633109,36.8488427873286],[-107.51088274798624,36.84934846575907],[-107.51016219770118,36.84804761972872],[-107.50912707461934,36.846808568607635],[-107.50918474541152,36.84666585849078],[-107.51100981639058,36.846126892208694],[-107.51118147261602,36.8450284836438],[-107.51163312076397,36.84448026967085],[-107.51073196628514,36.84455215303757],[-107.50851647213906,36.843017079788844],[-107.50612535232011,36.842608399837566],[-107.50458454190367,36.84320430959787],[-107.5043417056787,36.84308672281503],[-107.50412831074979,36.84198725789157],[-107.50356595881868,36.84159010995619],[-107.50288220524419,36.84161143989099],[-107.50202628026125,36.84192381398434],[-107.50134306926319,36.84181884685858],[-107.50088134090602,36.8412914259898],[-107.50134942351225,36.84034882023899],[-107.50175009671977,36.84019497773246],[-107.5014212460361,36.83991934145611],[-107.50141621687503,36.83936989009164],[-107.50050371037499,36.83830643587851],[-107.49907213675222,36.837302932435264],[-107.49744522209468,36.83674890975318],[-107.49672771157569,36.83688423988772],[-107.49589220462907,36.83762048257571],[-107.4957214620878,36.83758316051372],[-107.49492870910227,36.83605497668182],[-107.4952523513026,36.83468230337312],[-107.49505337870315,36.834053745916364],[-107.4938598474236,36.8334293335551],[-107.49339643684662,36.83344077667024],[-107.49298373048123,36.83371431485416],[-107.49244126242624,36.83481163610614],[-107.49192941427614,36.83508488624264],[-107.49197158939792,36.83531713580048],[-107.49282745900823,36.8350097660756],[-107.4936869663635,36.83387805319224],[-107.49451205792461,36.83454283659515],[-107.49418971055394,36.83613202121201],[-107.49497318881133,36.83770341570621],[-107.49486430498553,36.83817880018811],[-107.49588938966474,36.83826125655392],[-107.49708953096119,36.837396548630664],[-107.49907538606595,36.83798973840989],[-107.5005996363382,36.83964232619718],[-107.50046973570215,36.840328759169736],[-107.49987854081866,36.84128861754937],[-107.50071684990444,36.84238984011689],[-107.50202302586425,36.842678212122024],[-107.50322049823363,36.84243456440968],[-107.5037276397579,36.84374181395076],[-107.50423948330038,36.8439558446988],[-107.50646344720656,36.84348725481209],[-107.50817122326983,36.84382283243952],[-107.50896777169508,36.84419830877612],[-107.5100456004252,36.84518817621644],[-107.5100436909794,36.84564173190109],[-107.50884607813335,36.84591183821787],[-107.50816067486105,36.84631397852907],[-107.50813703819024,36.84749266040378],[-107.50901870092227,36.8481818647981],[-107.5090933861135,36.84873150515485],[-107.50947063956436,36.84886989266968],[-107.50912343878733,36.849281023699554],[-107.5097005022736,36.84955731438319],[-107.50985445231056,36.84998912909485],[-107.51036546909674,36.85041365143022],[-107.51087762569584,36.85056812750583],[-107.51212619395362,36.85011332994773],[-107.51184317744412,36.851348796929706],[-107.51231554640495,36.85258630528759],[-107.51205794676213,36.85505807216697],[-107.51235550259582,36.85684454297127],[-107.5129015965654,36.85709803746396],[-107.51375648323557,36.85706523958628],[-107.51467054223743,36.85643869473533],[-107.51581175208223,36.856129835553666],[-107.51649542153825,36.856159409446484],[-107.51684776374334,36.856581870496996],[-107.51648978064134,36.85752600521623],[-107.51512293786931,36.85734144048345],[-107.51426692450437,36.85764468009166],[-107.51368287048463,36.85849642738366],[-107.51396278967712,36.85945869233529],[-107.51198806647751,36.86014016470354],[-107.51442749265966,36.86014371093694],[-107.51527957888104,36.86079473205832],[-107.51613378477975,36.860936384634506],[-107.5173315681787,36.86067571523324],[-107.51855998478919,36.8611192623932],[-107.51909838992107,36.86167012256767],[-107.51800936761995,36.862144009601906],[-107.51740830463186,36.86290187231637],[-107.51783278490637,36.863511387562575],[-107.5185160242736,36.86366202415796],[-107.5190287359987,36.863706531484986],[-107.52022728625474,36.86326613494844],[-107.52125035131368,36.86393442348438],[-107.52295969067296,36.864011954192584],[-107.52450261308898,36.86296006818398],[-107.52603988632869,36.863308448075806],[-107.52758012502085,36.8629160424409],[-107.52764584496386,36.865126384102176],[-107.52677184878227,36.86759659166682],[-107.52584479973399,36.8693284510503],[-107.52154894855308,36.87459876977522],[-107.5200044694839,36.87596426870798],[-107.51760552099022,36.87719340113162],[-107.51589467989079,36.8774091564162],[-107.51486929643505,36.87726746399129],[-107.50923602994752,36.87500317705107],[-107.50650251657082,36.87445750373927],[-107.50530491160617,36.87461752651615],[-107.50359194519973,36.87533316387777],[-107.50290438851763,36.87616754820375],[-107.50281298902762,36.876598046876246],[-107.50369164641104,36.87962237322258],[-107.50357026046973,36.880377058126264],[-107.50305263998052,36.88144866728438],[-107.50219852884607,36.88123789766148],[-107.49981863261637,36.877982523027384],[-107.49884911142682,36.87713639058745],[-107.4977730219908,36.876531677005424],[-107.4948699642457,36.87566427880162],[-107.49281686431974,36.87593557552305],[-107.4910714564442,36.87711424593187],[-107.490081752658,36.87821025879055],[-107.48989674134131,36.878897260221244],[-107.488700081294,36.87882396665789],[-107.48954151547453,36.879444922608045],[-107.48957315747687,36.88013180592503],[-107.48683360882517,36.88314573250815],[-107.48413022238036,36.8845114017081],[-107.48337059414648,36.885078287132266],[-107.4825145199408,36.885299711260096],[-107.482582000414,36.88588042410786],[-107.48240421191232,36.886154615575855],[-107.4804501931414,36.887945014553004],[-107.47890046293463,36.89022992221736],[-107.4781532258201,36.89026272925967],[-107.47823293358775,36.8908123997303],[-107.47804147006602,36.89106593553077],[-107.47666854049282,36.89208156118938],[-107.47441637682546,36.89299866134595],[-107.47067882432084,36.89287275792962],[-107.46999385697207,36.89305190935041],[-107.46657627174623,36.89242200284711],[-107.46572068152693,36.89251533923559],[-107.46520864352179,36.892297059972385],[-107.46366715295936,36.89276083684251],[-107.46245859408113,36.89337401418151],[-107.46007022711753,36.8938516473594],[-107.45955547670599,36.89419113440908],[-107.45904207201632,36.89425408541913],[-107.457504198807,36.89396447177429],[-107.45665188405958,36.893385535301014],[-107.45545615570578,36.89308408105239],[-107.4551170186874,36.89249166143028],[-107.45474590358731,36.89348704879631],[-107.45350754414223,36.89416988616481],[-107.45356869727263,36.89432125815511],[-107.45545247316656,36.89383112418387],[-107.45596496638674,36.893953333048465],[-107.45749516326977,36.895807308418334],[-107.45743797398353,36.89665482653914],[-107.4528578502499,36.89970344436096],[-107.45199841984773,36.90054892451977],[-107.450353099674,36.901302365162316],[-107.44947423936198,36.90212367510879],[-107.44896230144342,36.90308352364107],[-107.44637202920954,36.904448691748854],[-107.44605688451442,36.905271810460654],[-107.44563394740332,36.90568250380796],[-107.44618670009568,36.90623373653682],[-107.44593201622115,36.90678233656436],[-107.44630011706445,36.907882396554115],[-107.44590787968193,36.90843054817875],[-107.44608860567035,36.90884320989971],[-107.44590273564314,36.90925467639262],[-107.44483077783377,36.91007532067327],[-107.44490142015326,36.91117441128048],[-107.44451661181844,36.9117225822297],[-107.44473756686784,36.91227273484986],[-107.44445358774531,36.91295859264384],[-107.44341232554753,36.91405403865764],[-107.44286272138756,36.91433077767285],[-107.44200764232832,36.914270596476015],[-107.4411732013702,36.9148708124057],[-107.44166084945923,36.91517773718152],[-107.44217542628355,36.91491548581117],[-107.44283973586971,36.915700446068314],[-107.44336789677762,36.9159132421131],[-107.44353739054289,36.916225098294795],[-107.44387937906986,36.916259427679186],[-107.44478772264004,36.917492478337344],[-107.4441412993755,36.91817714871917],[-107.4442097664266,36.91845208755414],[-107.44399696028486,36.91872610482026],[-107.44444814899903,36.91968908346553],[-107.44505522289289,36.91996578374655],[-107.44519184279984,36.920240944687656],[-107.44505496505172,36.92059611645078],[-107.44439673704653,36.9209251301901],[-107.44475706473494,36.92106366661529],[-107.44495782510434,36.921339037570164],[-107.44487836227874,36.92168264578891],[-107.44516074302945,36.92188912962079],[-107.44468950992858,36.92257437474281],[-107.44495891096861,36.92284997018913],[-107.44491287875914,36.92312453401433],[-107.442823459863,36.924491254928995],[-107.44175024661465,36.924899793242844],[-107.44002058488185,36.92667972079522],[-107.43903305732518,36.927143225367054],[-107.43732181291851,36.92717906309171],[-107.43629841083475,36.92655547113175],[-107.43510041113284,36.926606933272105],[-107.43424349733834,36.926873670442085],[-107.43355530418195,36.92759606757117],[-107.43183939502373,36.928519063466524],[-107.42944179955595,36.928911507502846],[-107.42771987458535,36.927187782255444],[-107.4275725009455,36.92647577381142],[-107.4272914899093,36.92691160468004],[-107.42802243579962,36.92828767086773],[-107.42797973289672,36.92897430993863],[-107.4292652411999,36.929943817307304],[-107.42994894762859,36.93008463962545],[-107.43046458361636,36.92964783247857],[-107.43149133520839,36.92963205201692],[-107.43543663060291,36.92775950879712],[-107.4359494779504,36.9278509180625],[-107.43697271615032,36.92850893963414],[-107.4373157804466,36.92834531256532],[-107.43885538428214,36.92841779581267],[-107.43936564654372,36.92901321648824],[-107.43971006977418,36.928584734198665],[-107.44056598705438,36.9285123024978],[-107.44125668670415,36.92728919709459],[-107.4428035907909,36.92592707506775],[-107.44469123356039,36.9248420579311],[-107.4453754779797,36.92487339610947],[-107.44524816758762,36.924224487110536],[-107.4460635418036,36.92414968855625],[-107.4464046931922,36.924356909783555],[-107.44709097867039,36.92398290493911],[-107.44741104473151,36.92354474789815],[-107.4473797811173,36.92272050327276],[-107.44812957785572,36.92159629913932],[-107.44869377675955,36.922724765274765],[-107.44929213514678,36.92313877282494],[-107.44931631029095,36.92377434833743],[-107.45068838426167,36.92520363616756],[-107.45097314761226,36.92630341018162],[-107.45143384679272,36.926442249369295],[-107.451304553648,36.926853904948324],[-107.4521022968425,36.927955324726895],[-107.45204173658335,36.928504558658325],[-107.45260990128355,36.92891845232539],[-107.45242938736368,36.92932994477618],[-107.45271369935534,36.92988028435991],[-107.45245155502717,36.93056622922731],[-107.45271895933902,36.93111651447783],[-107.4526288686454,36.931803010790624],[-107.45345890374189,36.93290452421592],[-107.45333091488051,36.93372825661162],[-107.45281651332913,36.934276037554525],[-107.45310558429536,36.934414320234275],[-107.45306862006028,36.93468891577142],[-107.45249651740274,36.934824439699455],[-107.45294274401805,36.93537529733226],[-107.45287917975169,36.93578716447921],[-107.45213698505498,36.93660892613612],[-107.45155832319784,36.93770592249099],[-107.45145223169112,36.938667079348185],[-107.45097232295888,36.93935231945185],[-107.45098220720347,36.94003913531828],[-107.4506123254627,36.9409994415002],[-107.44956903033899,36.942094929033274],[-107.44905315468091,36.94211384106511],[-107.44850349784691,36.942640908176635],[-107.44869937114942,36.94346568302374],[-107.44767857612301,36.94469858289096],[-107.44690631608815,36.94606963923757],[-107.44536435894223,36.94688875174212],[-107.44423529313364,36.94721843801711],[-107.44389098156921,36.947613286982225],[-107.44343457056567,36.947569214779435],[-107.44298062498436,36.947979793321814],[-107.44132018440551,36.948300565778624],[-107.44063583922296,36.948248405903115],[-107.44012116543378,36.9484846916421],[-107.43909522469912,36.948294310981346],[-107.43686954334107,36.9484274118956],[-107.43652743120218,36.94838984710268],[-107.43584523968576,36.94792367108322],[-107.43487011227236,36.948227570700794],[-107.43498618904829,36.948555309808825],[-107.43564396949374,36.94905430385324],[-107.43669283000264,36.94949977183936],[-107.43772223459374,36.94902228598246],[-107.43850125436899,36.94947590741585],[-107.43857393362913,36.949812006753675],[-107.4389161488852,36.94983100325897],[-107.43915158350032,36.9493407112576],[-107.4396033859694,36.94932379453139],[-107.43988206165967,36.94948049016742],[-107.43993541149716,36.950030093014796],[-107.44034989534809,36.95016882185136],[-107.44030923388215,36.9504434003206],[-107.44062289192286,36.950770591715234],[-107.44113602285788,36.9508379479538],[-107.44199280974223,36.95064397369551],[-107.44216337013752,36.95076093489691],[-107.44387866103838,36.95003349946364],[-107.44456256907085,36.9501752673933],[-107.44490825415457,36.94951151914],[-107.44610778524593,36.94922716353756],[-107.44696602667052,36.948739137965276],[-107.44866906545731,36.95043033451697],[-107.44935247558894,36.95067379082123],[-107.44940857573701,36.9510225922941],[-107.44849127677503,36.95174833422373],[-107.44760500381676,36.95321445193337],[-107.44735687391388,36.95403778453494],[-107.44764045272397,36.954450775282666],[-107.44752024868902,36.9555492363331],[-107.44692364647378,36.957128867311255],[-107.446022827679,36.957742064167576],[-107.4461247249533,36.958017109210964],[-107.44570032391394,36.95815308093163],[-107.44594125462896,36.95842857988789],[-107.44571194398709,36.95938932596941],[-107.44448648821277,36.960209457275006],[-107.44393506020594,36.9611691443072],[-107.4420380424561,36.96198704578617],[-107.44158221443124,36.96397459480579],[-107.44106958433832,36.96379237412431],[-107.43935734089494,36.963863104895644],[-107.43901581277872,36.963698675375134],[-107.43867278854452,36.963824386239004],[-107.43740705616001,36.96361996940121],[-107.43729885877818,36.96375696477271],[-107.43802305774165,36.96472087127512],[-107.43810355730552,36.965545276230806],[-107.43727759043152,36.96636666089868],[-107.43591728135328,36.96699875201097],[-107.43561597224667,36.96732259961307],[-107.43557086940827,36.96777175853201],[-107.4338550996775,36.96849934312433],[-107.43231407142942,36.96854560315539],[-107.43074931888535,36.96936653937214],[-107.43071240672802,36.96964112626623],[-107.429281181192,36.97018568843706],[-107.4285356374633,36.970824480732986],[-107.428021951764,36.970838619397256],[-107.4273698029371,36.97141537238123],[-107.42648093288614,36.970873650505474],[-107.4268208757672,36.97182556210922],[-107.42578889300441,36.97222881338506],[-107.42540173182027,36.97291954221983],[-107.42530475944618,36.97360598857978],[-107.42491318811138,36.974016709941445],[-107.42457017362676,36.976350579241895],[-107.42430193920285,36.97676172292934],[-107.42362861661204,36.977034112929026],[-107.42336416222277,36.97741857484797],[-107.42344164738195,36.9777202466308],[-107.42284435562387,36.97856383644983],[-107.42146945475373,36.97951638342931],[-107.42080043996413,36.98073292515385],[-107.41907444218403,36.98251253904654],[-107.41893784686908,36.983748263244216],[-107.41910381477855,36.98416090937969],[-107.41857893165503,36.98635676647691],[-107.41876048446018,36.986769467370564],[-107.41862934965832,36.98759314272008],[-107.41524929448347,36.98977495811302],[-107.41507590329925,36.990166746265764],[-107.41417584929982,36.99087403331546],[-107.41386894488069,36.99166555105415],[-107.41291989270725,36.99210579080792],[-107.41372943060806,36.993344853822876],[-107.4143008933232,36.994720426314764],[-107.41414756439188,36.99691757041632],[-107.4143136362992,36.99746757801707],[-107.41396062395344,36.99829046309256],[-107.41427791020308,36.99842893894718],[-107.41536606448143,36.99972986720347],[-107.41570800326812,36.99983916987581],[-107.4157064502834,37.00012312071919],[-107.41587716515623,37.000224510740054],[-107.41607728533718,37.00008354108738],[-107.41661873833358,37.000360153726845],[-107.4170723531255,37.00090284180634],[-107.4172448434854,37.00067906186156],[-107.41746513832312,37.00091254319312],[-107.41715399765695,37.001048807898236],[-107.41698684005101,37.00159764259518],[-107.41667199113903,37.00159653778486],[-107.41670422652795,37.002146071794954],[-107.4164254089165,37.002282447997274],[-107.41634173189095,37.00296893003249],[-107.41688973449136,37.00298345031304]]}},{"type":"Feature","properties":{"depth_ft":100,"elevation_ft":5985.0,"major":true},"geometry":{"type":"LineString","coordinates":[[-107.44628335316466,36.98217148602628],[-107.4460653196336,36.98136745157774],[-107.44619235218059,36.98095579840433],[-107.44707888808723,36.98040926267196],[-107.44728121051722,36.979997853178396],[-107.44629803110853,36.979273636649204],[-107.44571990433502,36.97999276592048],[-107.44537374315907,36.98122783778606],[-107.44628335316466,36.98217148602628]]}},{"type":"Feature","properties":{"depth_ft":100,"elevation_ft":5985.0,"major":true},"geometry":{"type":"LineString","coordinates":[[-107.42164354557015,36.97898406671334],[-107.42181655615649,36.97865189373477],[-107.42145652188132,36.97894957843018],[-107.42164354557015,36.97898406671334]]}},{"type":"Feature","properties":{"depth_ft":100,"elevation_ft":5985.0,"major":true},"geometry":{"type":"LineString","coordinates":[[-107.54159190300123,36.864808547002305],[-107.5415931062077,36.864337282904444],[-107.54091320240937,36.86345214223982],[-107.54092687384613,36.863786210114334],[-107.54159190300123,36.864808547002305]]}},{"type":"Feature","properties":{"depth_ft":100,"elevation_ft":5985.0,"major":true},"geometry":{"type":"LineString","coordinates":[[-107.60666738181222,36.8198373168882],[-107.60635015157762,36.81997283481274],[-107.6060818264237,36.81983619929088],[-107.60506483947806,36.81846064991],[-107.60311374217198,36.81660778082577],[-107.60281225417764,36.81598382113128],[-107.60294614143878,36.81552015422429],[-107.60362960166462,36.81551055340235],[-107.60431170367116,36.815956810596084],[-107.60482401317826,36.81604665811953],[-107.60533587640339,36.81628738401313],[-107.60581937568331,36.816813773684395],[-107.60679843870744,36.81915076589857],[-107.60666738181222,36.8198373168882]]}},{"type":"Feature","properties":{"depth_ft":100,"elevation_ft":5985.0,"major":true},"geometry":{"type":"LineString","coordinates":[[-107.56756648245101,36.81901722885248],[-107.5677725658479,36.81879529630477],[-107.56760281117458,36.81783339667389],[-107.56722946149486,36.81765666452697],[-107.56747180719273,36.81865726421674],[-107.5673288631713,36.8189316646384],[-107.56756648245101,36.81901722885248]]}},{"type":"Feature","properties":{"depth_ft":100,"elevation_ft":5985.0,"major":true},"geometry":{"type":"LineString","coordinates":[[-107.60827405392885,36.8048212544773],[-107.60827569169228,36.804261600301416],[-107.60827405392885,36.8048212544773]]}},{"type":"Feature","properties":{"depth_ft":125,"elevation_ft":5960.0,"major":false},"geometry":{"type":"LineString","coordinates":[[-107.43032947535173,36.98777860229101],[-107.43057378930271,36.98763426812378],[-107.43033292440839,36.987124786572394],[-107.43009660935051,36.98735793699289],[-107.43032947535173,36.98777860229101]]}},{"type":"Feature","properties":{"depth_ft":125,"elevation_ft":5960.0,"major":false},"geometry":{"type":"LineString","coordinates":[[-107.43136268959115,36.986683010671726],[-107.43168738340577,36.98598977344702],[-107.43167097394743,36.985165583957475],[-107.43207073690681,36.98461751313421],[-107.4317642417632,36.983105564054426],[-107.43229000443289,36.98008551467628],[-107.43075191189378,36.97856939515847],[-107.4302724312633,36.97719420997117],[-107.43047951543969,36.976370777673765],[-107.43097936604876,36.97637247269656],[-107.43097417355581,36.975960387472504],[-107.43193663768193,36.975217937946006],[-107.43388622359518,36.974871373397086],[-107.43674299175146,36.973782102832594],[-107.43811300281685,36.97276565552445],[-107.4396568734032,36.97218342907762],[-107.43999861338591,36.97231429018956],[-107.4420579746478,36.97136146514732],[-107.44342577144127,36.971722601597214],[-107.44404357403616,36.972157992540545],[-107.4442236049685,36.972845362792256],[-107.44407683158825,36.97353166170846],[-107.44427060809306,36.973921366141695],[-107.44546778123092,36.97417776503968],[-107.44622014364417,36.97518694114737],[-107.44709813933402,36.97505244466782],[-107.44721855875349,36.97491548037043],[-107.44649062044462,36.97505261775706],[-107.44619121696424,36.9747747789078],[-107.4458188564347,36.973949428226874],[-107.44513054434502,36.9735351116721],[-107.44455773403762,36.972709101340534],[-107.44445552988275,36.97174727443114],[-107.44390516345962,36.97147075846334],[-107.44358570617047,36.97105764209821],[-107.44417955677456,36.96996074144708],[-107.44386421349053,36.96899821484515],[-107.44411346912851,36.96817489551985],[-107.44531092433253,36.966805253387825],[-107.44584333494154,36.966806992073245],[-107.4459528682692,36.96694470563765],[-107.44584316849918,36.96767501778271],[-107.44687362251403,36.96702729927482],[-107.44739051479051,36.96637226302747],[-107.44856170140599,36.96640376365852],[-107.44842779912548,36.96612861729913],[-107.4485912008002,36.96590926458343],[-107.4494496631365,36.96541157994461],[-107.45030657783042,36.965220593011814],[-107.45077183443567,36.96338906812086],[-107.45168352666921,36.96297993312289],[-107.45203219019845,36.96247329347125],[-107.45220746015856,36.96165373385241],[-107.45341101662692,36.96059218947111],[-107.45426838925961,36.96029592961417],[-107.45458029333713,36.95955530020273],[-107.45496466869622,36.95955652559509],[-107.45501161676167,36.9590072496806],[-107.45575620278277,36.9587349068055],[-107.45578350334219,36.95832292442245],[-107.45616196510055,36.958147948456165],[-107.4563200746265,36.957637847160825],[-107.45700714305092,36.957090600845135],[-107.45720173775571,36.95612972225355],[-107.45796805789524,36.95462122579596],[-107.4575046225038,36.953795620979996],[-107.45743620065934,36.952696552216885],[-107.45704965449161,36.95168182762933],[-107.45662734562963,36.951320423643196],[-107.45662089218114,36.95063362030252],[-107.45601434652865,36.950219624941184],[-107.45626200907955,36.94967098518584],[-107.45592754415418,36.949532566135005],[-107.4557636515077,36.94870790549915],[-107.45511822296851,36.948293781848825],[-107.45431251186933,36.94719236002802],[-107.45452942239099,36.945544772046006],[-107.4542724345681,36.945131881995735],[-107.45473034872059,36.94444655912446],[-107.45483918554271,36.943622765676416],[-107.45565713199268,36.942389158825456],[-107.45563664295113,36.94170230978981],[-107.45614522121919,36.94142921248637],[-107.456310123978,36.93978145433964],[-107.45661397618403,36.939370347998924],[-107.4560720029225,36.93826977288055],[-107.45602007079086,36.93634661149814],[-107.45748415302322,36.933329400620295],[-107.45750095497658,36.931955883776645],[-107.45777326682209,36.931544674034676],[-107.45760500464718,36.93126942783497],[-107.45764638066794,36.93003334528291],[-107.45841079757888,36.929348975213415],[-107.45767248871854,36.929409198955994],[-107.45633605406928,36.927556766131204],[-107.45443782264103,36.926086483454995],[-107.45433500814937,36.92576475567255],[-107.45504686563277,36.925492310501284],[-107.45409978807002,36.925244024671436],[-107.45369486608723,36.92411442555592],[-107.45273834524964,36.92301250719211],[-107.45271476054569,36.922463002791865],[-107.4529166328957,36.92231396538851],[-107.45308641551948,36.922578297756964],[-107.45377253758967,36.92222747466867],[-107.45462773403793,36.92228380927607],[-107.45531050300532,36.9226102693592],[-107.45535037106264,36.922471418453],[-107.45462991063131,36.92184368541555],[-107.45394611828159,36.92172575483809],[-107.45327939258793,36.92136595277921],[-107.45370850970029,36.92054318138314],[-107.45374088801661,36.919719141212795],[-107.45429734193323,36.91990016808446],[-107.45437409966252,36.91972116290681],[-107.45412986327416,36.91917086278419],[-107.45378806637778,36.91909429447381],[-107.45345381223923,36.91861936518455],[-107.45297380848378,36.917381613385544],[-107.45225493406018,36.91641780812444],[-107.45242609122566,36.91600628497157],[-107.45168938539875,36.91504241893984],[-107.4516410287382,36.91408076183693],[-107.45197531439626,36.91325769091538],[-107.45102913648907,36.91174371803131],[-107.45192910492291,36.91092246591225],[-107.4516338909995,36.91037208786192],[-107.45211387032955,36.908725338881595],[-107.45296260276247,36.90831598662544],[-107.4525617766011,36.90776527247183],[-107.45295305755492,36.907217095626464],[-107.45290877823165,36.90639280839011],[-107.45334061084104,36.905828934104974],[-107.4538545617228,36.90567230052619],[-107.45419427694132,36.9061575010189],[-107.45470650298702,36.90635001393796],[-107.4557055424246,36.90612701552044],[-107.4550535389196,36.90535409479694],[-107.45511689280005,36.90502628214523],[-107.45563821350454,36.90475322529454],[-107.45554271269019,36.904340848739125],[-107.45581134832484,36.90338019903091],[-107.4577434011033,36.90118859913477],[-107.46004433317061,36.899168700610495],[-107.46227016905588,36.89869991102],[-107.46241625725827,36.89859348103807],[-107.46213878855154,36.898043183276336],[-107.46244563504199,36.89778581111017],[-107.46295863575905,36.89781079161935],[-107.46467377403344,36.89682680810294],[-107.46501514674357,36.896973308550976],[-107.46518693325788,36.89681761053488],[-107.46621350739231,36.89674576119062],[-107.46912599206637,36.89572810076167],[-107.47049401631376,36.89578368995798],[-107.47117667538375,36.89609801922787],[-107.47322956193756,36.89600321130251],[-107.47375643635566,36.89615589896757],[-107.47391148261828,36.896477826550786],[-107.4752839757599,36.89558038952014],[-107.47751067289127,36.89488372727225],[-107.47905384231935,36.89404797962603],[-107.48059113724831,36.89448154181277],[-107.48127524024638,36.89448803110807],[-107.48178529283967,36.895152429703096],[-107.48263802091758,36.895686932453984],[-107.48280928420517,36.895637208358764],[-107.48190824472137,36.894394634886936],[-107.4807022551027,36.89356691402731],[-107.48075739524843,36.89260557155683],[-107.48132734328082,36.89205782919927],[-107.48135272559365,36.89137111414917],[-107.4818051645631,36.89081909207989],[-107.48230450044484,36.89054978121416],[-107.48300284016422,36.88917826115856],[-107.48374389839623,36.888356294873304],[-107.48524397255203,36.887261833283944],[-107.48578315780841,36.88657662059709],[-107.48821401491085,36.884935406735],[-107.48884255099216,36.88517515133793],[-107.48901611878082,36.88460607476473],[-107.49052057655798,36.883843217053844],[-107.49158832366116,36.88302715066366],[-107.49224050058972,36.88178779172272],[-107.49262063796145,36.87904171510261],[-107.49297517242141,36.878794010740684],[-107.49417400853584,36.87837605540665],[-107.49537155538965,36.87824773691329],[-107.49707961533241,36.87868357926512],[-107.49854240545864,36.879745337026584],[-107.49959010632425,36.88125922612133],[-107.4989289581662,36.88235623431382],[-107.49882888496604,36.8831801026203],[-107.49962838962541,36.88240600298437],[-107.50014178636437,36.88231908008617],[-107.50099419973613,36.8829230661728],[-107.50236028297385,36.883381120509796],[-107.50407155194563,36.88310548969312],[-107.50515685300644,36.882236237855906],[-107.5056177878886,36.881428961601934],[-107.50592908083266,36.88004063364813],[-107.50575737432865,36.8774303500094],[-107.50636489158583,36.87633315507424],[-107.50683745817054,36.876110521317926],[-107.50956987888324,36.87692956707564],[-107.5107638999107,36.87762827158147],[-107.5116179973435,36.87783840310347],[-107.51209488333159,36.87827180048822],[-107.51247119720422,36.87826421609432],[-107.5141777685322,36.87908143447134],[-107.51520278177033,36.87931790931244],[-107.51674143902162,36.87939996382844],[-107.52085174588755,36.877850467675785],[-107.52170469833656,36.87834987802633],[-107.52164628582354,36.87733572503514],[-107.52342287236078,36.87632047008403],[-107.5235953411591,36.87595497002486],[-107.52517770455323,36.8744604040464],[-107.52534325828047,36.87404875732416],[-107.52668453075576,36.87312028190546],[-107.5270266501923,36.873083248799134],[-107.52792734385775,36.87199504591791],[-107.52823224122794,36.87089791461245],[-107.53005416835038,36.868566523859435],[-107.53055018387032,36.86568325357799],[-107.53084394820092,36.865271925028615],[-107.53091122642513,36.862387559677934],[-107.53149627177643,36.859916585730694],[-107.53152735907042,36.858268356726846],[-107.53076037970797,36.85620602133619],[-107.53130097774142,36.85565795989516],[-107.53290987905572,36.85527766884259],[-107.53359274241254,36.85551350908305],[-107.53427704870097,36.85538004996474],[-107.53513076769975,36.85564068312888],[-107.53495858841758,36.85595774365099],[-107.53581389394483,36.8558112977878],[-107.53666725841389,36.85616626218645],[-107.53700731769685,36.85664207988109],[-107.53888537817772,36.85726248171814],[-107.53944176076644,36.85773875200076],[-107.53933376015934,36.859249434327836],[-107.53973378373963,36.86034929512858],[-107.5398924872578,36.86212603508338],[-107.54074338555738,36.863151185013706],[-107.54032485696942,36.861586984482244],[-107.54048334035463,36.86021378520627],[-107.5402961649907,36.85897709277862],[-107.54061284400781,36.857741641663715],[-107.54032985994094,36.85677943097505],[-107.54123851386859,36.85582015362655],[-107.54143472275388,36.85527119915645],[-107.54197447027394,36.854997805094676],[-107.54194910795694,36.854723024668374],[-107.5431914457121,36.85335247195472],[-107.5440343990679,36.85182152040557],[-107.54471924957292,36.8515297474005],[-107.54486655869124,36.85115880154883],[-107.54574794786356,36.85070971283854],[-107.54694336731373,36.8510132309152],[-107.54819885741361,36.851578918824934],[-107.54779351840054,36.85223179237041],[-107.54830625198804,36.85225453639147],[-107.54864907582879,36.85199967761845],[-107.54950416376667,36.851893161088256],[-107.5515857426832,36.85323530504323],[-107.55207647696749,36.85378590393167],[-107.55214497478211,36.854335502711365],[-107.55274178890548,36.854686195597886],[-107.55322094337268,36.85529955721157],[-107.55310886882,36.85571137051688],[-107.55225113587733,36.85612142281354],[-107.55222195741295,36.8565968960487],[-107.55273585948909,36.85630833426191],[-107.55376125568687,36.85638918145827],[-107.55463574752277,36.857225910677094],[-107.55548959287296,36.85750262777192],[-107.55563664510704,36.857783835285936],[-107.55597885412175,36.857699278408056],[-107.55614918051022,36.857872397215736],[-107.55683270511166,36.85795100078556],[-107.55751727765622,36.85773836513299],[-107.55820049703912,36.85790218343017],[-107.56114224294501,36.85696626945624],[-107.56196489804763,36.856924474608725],[-107.56243526082464,36.85875489191874],[-107.56366353731904,36.86001537464695],[-107.56318711809607,36.858481884812456],[-107.56346060037238,36.85614740058498],[-107.5657343966266,36.8544570345712],[-107.56695075252662,36.854094885070204],[-107.5670912624777,36.85285896665887],[-107.56746609073002,36.852173009237376],[-107.56818446432895,36.849290068204034],[-107.56952169583717,36.846738430847196],[-107.57023340023032,36.84613535466034],[-107.5703754594506,36.8454488718092],[-107.57140928596931,36.84457158872303],[-107.57209429980261,36.844182295473104],[-107.57363410340804,36.84373580232222],[-107.57421374988303,36.844083705169076],[-107.57499997339366,36.84418001875635],[-107.57619428243798,36.844819625295465],[-107.5757479353012,36.843812320205956],[-107.57517134989565,36.84339899102965],[-107.5751777694654,36.84298692644767],[-107.57688682572926,36.842168946848545],[-107.57872924884146,36.840522113416704],[-107.57928787059281,36.83968810177069],[-107.58014382144451,36.839265481756165],[-107.58270775305367,36.83918199542332],[-107.58390308238044,36.839503394709425],[-107.5844167610936,36.83921171505209],[-107.58595493514555,36.83921808458469],[-107.58732134820467,36.839490074002754],[-107.58766218704761,36.83979753937085],[-107.58834645778738,36.83960207480698],[-107.59005408578982,36.84007120243539],[-107.59125142958592,36.839767656998895],[-107.59261872016646,36.83976879618757],[-107.59347389865056,36.839570384990836],[-107.5943281179075,36.839678822817156],[-107.59467121262038,36.839269600205554],[-107.59586959413724,36.83862047928049],[-107.59913736351598,36.836168556657036],[-107.60154536773429,36.83177776204637],[-107.60206047313937,36.83040516645477],[-107.60206209601344,36.829306290460835],[-107.60290661683237,36.828704460878306],[-107.6060966102037,36.82848990983791],[-107.60649688163008,36.82815110347514],[-107.60700990971038,36.82802543281781],[-107.60752227772996,36.82812380362428],[-107.60817759618331,36.82863122857357],[-107.60871190223358,36.82959375864718],[-107.60909226456752,36.8316548750233],[-107.60873049306865,36.83371458987568],[-107.60816037849435,36.83536182915116],[-107.60626985483434,36.83879222713425],[-107.60603758599686,36.84016538012846],[-107.6053959865504,36.841263028977814],[-107.6049694109784,36.84263580657933],[-107.60371460825586,36.844243682241085],[-107.60286472885159,36.845928374626766],[-107.60126157489185,36.850732837137556],[-107.60095225713378,36.85251790491561],[-107.6019425559612,36.85719005340839],[-107.60194820721031,36.85828893839923],[-107.60289099954556,36.86076323567208],[-107.60341420628885,36.862961995384374],[-107.60338950294584,36.86378610233132],[-107.60379102767057,36.864198955759655],[-107.60405580394007,36.86502362137506],[-107.60400962701699,36.865847686749625],[-107.60358681836199,36.86612158835738],[-107.60381968745068,36.86626892838486],[-107.60433287925689,36.86617532570711],[-107.60501525092376,36.86668307419678],[-107.60545872374715,36.86722406434595],[-107.605525046422,36.867733882304606],[-107.60671736375323,36.869257947442954],[-107.60716113199942,36.86956241934288],[-107.60756548538541,36.87038734200603],[-107.60764008908808,36.87258522683692],[-107.60728750031318,36.87354606911623],[-107.6053341187599,36.8768389503045],[-107.60242525504538,36.88026730337194],[-107.60183657905327,36.88205182130019],[-107.6017482111293,36.883699953129174],[-107.60188413585217,36.88445726832082],[-107.60275355868458,36.885762287470136],[-107.60381054975993,36.88658848528153],[-107.60394673225784,36.8878249753903],[-107.60358421122243,36.889472577504],[-107.60483277437385,36.89153536244095],[-107.60506707861987,36.892497322020205],[-107.60588753249155,36.89332304596657],[-107.60596106959156,36.893676531300386],[-107.60651557226784,36.89373632175334],[-107.60671535078845,36.89428613662284],[-107.607237119108,36.89483656422702],[-107.60724455941333,36.89634752064695],[-107.60814093154941,36.8975854480718],[-107.60840957608008,36.89854746524804],[-107.60838165445318,36.899371562264975],[-107.60806220351104,36.9000577485067],[-107.60864435811334,36.90047092566681],[-107.60935582393014,36.902534664771295],[-107.61071894797875,36.90435553928894],[-107.61310953794472,36.90581380756877],[-107.6139644258016,36.90595610519907],[-107.61474789131852,36.90680078920723],[-107.61526468297545,36.90803796209343],[-107.61544887066012,36.90954923916202],[-107.61458793492434,36.913668398208756],[-107.61564904421368,36.91509817472157],[-107.61582046285821,36.91497884666719],[-107.61570996111257,36.91394517485025],[-107.61668014917751,36.913462555510996],[-107.61719581170635,36.9125998694498],[-107.61755374542011,36.906995551478474],[-107.61687237312566,36.90597806237982],[-107.6156780607601,36.90488546296691],[-107.6120917136835,36.90285948539248],[-107.6110151117825,36.9015742514258],[-107.61089557468048,36.90116195290595],[-107.61127147238689,36.89965171488471],[-107.61098048560564,36.89731607907495],[-107.60886869635655,36.89401550707134],[-107.60821116700703,36.8920912448629],[-107.60821998732793,36.89044295969088],[-107.60870386442429,36.88975708278989],[-107.60807762655767,36.88934382173885],[-107.60683680015703,36.88671382167323],[-107.60532615762101,36.884256306473894],[-107.60499294590214,36.88233264535794],[-107.60512436346148,36.88150874560775],[-107.6056500261319,36.88041088411163],[-107.60664960524433,36.87958864249701],[-107.60920820977564,36.87657160180804],[-107.61028920527394,36.875685253853796],[-107.61174538339468,36.8757522063897],[-107.6107511649805,36.874788836444914],[-107.61083000351455,36.87423954853252],[-107.61125280990284,36.873553544846104],[-107.6110432915961,36.87327843533419],[-107.61136391141467,36.87135600945957],[-107.61114272068365,36.8697072884214],[-107.60960173341411,36.86627042181665],[-107.60918335116085,36.86434660623106],[-107.6074646258916,36.860634655412035],[-107.60776514279878,36.858986915483406],[-107.60740386899333,36.85871151088094],[-107.60680895639919,36.857062067537974],[-107.60621846043979,36.85609942576757],[-107.60579134943619,36.85376350044074],[-107.60610930741139,36.85321467120839],[-107.60613815892134,36.85239057010824],[-107.60674231548032,36.850193972680245],[-107.60711659441893,36.84982749571638],[-107.60765677175615,36.84964627443127],[-107.60756348314689,36.84840986210653],[-107.60862650245616,36.84607676453717],[-107.60948046861847,36.84525421832566],[-107.61021060693123,36.843909491813086],[-107.61131303406525,36.843746699497],[-107.61082886116118,36.84292163666763],[-107.61250810950429,36.84086437301879],[-107.613125190358,36.84079665896231],[-107.61372886091479,36.84045455518073],[-107.61376648997245,36.84031726499961],[-107.6132196216052,36.840178894085035],[-107.6130006013249,36.83990376900768],[-107.61344243595154,36.83770683154529],[-107.61459757915567,36.834961766829565],[-107.61501103467339,36.834825166949656],[-107.61487400062197,36.83413811613493],[-107.61543883558319,36.83235347455652],[-107.61554225171126,36.832239179687846],[-107.61647712508892,36.83235537280956],[-107.61627207486805,36.83166819923575],[-107.61537450950615,36.83112779170606],[-107.61523252409843,36.83084213751174],[-107.61513547538422,36.828644200551736],[-107.61531530939365,36.82823245054302],[-107.6159755893623,36.82768421948608],[-107.61484103053867,36.82699534015087],[-107.61467327640638,36.82672031178305],[-107.61470177354757,36.82630828416982],[-107.61512237511668,36.826034336759584],[-107.61515489118563,36.825484956333305],[-107.61419448712202,36.82543843014022],[-107.61382510097023,36.82479570872375],[-107.61436915720098,36.82410822630166],[-107.61317298680373,36.82411915918083],[-107.61318159058483,36.82383299866887],[-107.61258844251287,36.823007738584884],[-107.61254003592151,36.82218348817328],[-107.61274237230522,36.82190914349442],[-107.61256243668082,36.82122200899123],[-107.61278419732051,36.82067297999083],[-107.61317842628398,36.82039899024517],[-107.61267178748932,36.820137525083574],[-107.6119883245055,36.82013414638382],[-107.61191636029825,36.81970984621887],[-107.61130863657444,36.81882388273124],[-107.61043545300603,36.81874555840618],[-107.61055934887692,36.81792162947811],[-107.6111458568515,36.817785366589646],[-107.61048681755315,36.817234692574964],[-107.61069969865245,36.81627356977894],[-107.61023664141062,36.81586062125099],[-107.6099743256316,36.81489860709306],[-107.60949886087495,36.814210911764945],[-107.60867200574883,36.81352255115207],[-107.60769770793469,36.811460301888225],[-107.60882384983225,36.80912730701665],[-107.60892313854926,36.807891250760136],[-107.60851249901567,36.805967429016135],[-107.60742221014108,36.804029128511516],[-107.607594364695,36.80357866386301],[-107.60823961794468,36.80349442401235],[-107.60891846287339,36.802259462040965],[-107.61195372155208,36.7991058568024],[-107.61168663259141,36.79828119552858],[-107.61186666508601,36.79800680958181],[-107.61168817901864,36.79786911644702],[-107.6100040566212,36.797361269846526],[-107.60966329759947,36.79705994839316],[-107.6089797488093,36.79715637126778],[-107.60693093433896,36.79681971965855],[-107.60499573865783,36.79703229282482],[-107.60453751777145,36.79748803264894],[-107.6035120130473,36.79768811529834],[-107.60300906690257,36.79812734743627],[-107.60257274797677,36.798126501710115],[-107.6023133516763,36.79866490928901],[-107.60096179382525,36.7994969713833],[-107.60070190298444,36.800045905685536],[-107.60089116105135,36.800458357433826],[-107.60055643951195,36.801007145054584],[-107.59922857564543,36.80195334809387],[-107.59878992509977,36.803338803494896],[-107.59845962117052,36.80361287264274],[-107.59847220089806,36.80429969989782],[-107.59884253629417,36.804575151587976],[-107.59906232052046,36.80539974748395],[-107.59955958298369,36.80545654085474],[-107.5999002681131,36.80578134004021],[-107.59972809606109,36.80622109111627],[-107.59913081255647,36.806498765887454],[-107.60024026225962,36.80663830593644],[-107.59989335533542,36.80801122960183],[-107.60038425671448,36.80856163372028],[-107.6002324979884,36.80889646609138],[-107.59818107310413,36.80932387214765],[-107.5961307925874,36.80937294710819],[-107.59322438444556,36.81003162837491],[-107.59161020537474,36.81115396997825],[-107.59065334728646,36.812677947737726],[-107.58945887508422,36.812208697009744],[-107.58809157395271,36.81236461530342],[-107.58702640062717,36.813204968518534],[-107.58620559963249,36.81442268783678],[-107.5850112538429,36.81391436628185],[-107.5838159805851,36.81369668658095],[-107.58278974078831,36.81403951435039],[-107.5819325821066,36.814922087640014],[-107.5807379217699,36.8145157775082],[-107.57954022187923,36.815034038146464],[-107.57902989559018,36.81435570183542],[-107.57774209195023,36.813322736808686],[-107.57664246014825,36.81299671839412],[-107.57561603719746,36.813387482798774],[-107.5747627556942,36.81309499078575],[-107.5745652721744,36.81207962468151],[-107.57391354511554,36.81159792297836],[-107.57371059132215,36.8118030414226],[-107.57396589858662,36.812353039406844],[-107.57378866349968,36.813451534351586],[-107.57407702658732,36.813782846937805],[-107.57547981946169,36.814554094745],[-107.57526910516677,36.814944350974024],[-107.57407317185132,36.81492590878732],[-107.57355991222728,36.815130181777896],[-107.57270387750044,36.815646423400175],[-107.57201796836067,36.81637509508489],[-107.5699704712249,36.81555228388196],[-107.56894514965839,36.815603043907686],[-107.5684317792428,36.81583421653611],[-107.56740888926606,36.815180664900105],[-107.56604310800799,36.81487156199986],[-107.56518896165966,36.81483280757647],[-107.56450442013528,36.815152141249406],[-107.5629680121757,36.81478126316828],[-107.56193975958479,36.81566393697755],[-107.56005719664942,36.81654285763683],[-107.55983382714004,36.81685426175716],[-107.55990829384966,36.81754123330119],[-107.55868463069228,36.81813431227469],[-107.55941096426628,36.81712800857555],[-107.55920185180379,36.816835862564204],[-107.55882427869545,36.81685193557939],[-107.55903054516358,36.81696085052816],[-107.55903875872175,36.8172645106768],[-107.55791250507855,36.818360787808864],[-107.55834143788559,36.81854403080267],[-107.55902502133101,36.81850881015121],[-107.5602230504168,36.81795194578898],[-107.56078412532639,36.816856443580924],[-107.56245041671578,36.81620797572509],[-107.56330708407405,36.81553295927863],[-107.5646721699022,36.81604123702283],[-107.56552769021852,36.815689364964506],[-107.56702554658548,36.8160464241526],[-107.5676342816024,36.816459866136434],[-107.56722152408753,36.8168710234722],[-107.56723080502076,36.817268555115135],[-107.56893968160088,36.817192914161474],[-107.5694543832472,36.81657614104765],[-107.57047883728356,36.816782795144725],[-107.57084477225663,36.8170164365004],[-107.57126424589063,36.81770416214263],[-107.57201253511981,36.81797337340392],[-107.57321282975298,36.816716820992504],[-107.57389723096495,36.81643252503635],[-107.57526406196843,36.81644666394826],[-107.57609969800555,36.816203759052435],[-107.57680634095516,36.815086033205],[-107.57740944451875,36.815519784264424],[-107.5779956522456,36.81709915280675],[-107.57901916461121,36.817599546029996],[-107.57970234926394,36.817679870710855],[-107.58038713610145,36.8172737311796],[-107.58090184135567,36.81662809489677],[-107.58260946749543,36.816927511242895],[-107.58397637034125,36.81692279064368],[-107.58424661081993,36.81649582313367],[-107.58415189496526,36.815484030170914],[-107.58551664987647,36.81613764340749],[-107.58654159700318,36.816202449558915],[-107.58808019372734,36.81593206282575],[-107.58845856284657,36.81554304978665],[-107.58868416315255,36.81430727231651],[-107.58894024503566,36.814120963294705],[-107.58976407106557,36.81513365032344],[-107.59200999490189,36.815916186659734],[-107.59235239748807,36.815697623388],[-107.59258430455073,36.81596355447389],[-107.59221473778229,36.816237526079135],[-107.59370758716221,36.8172020648517],[-107.5940530775859,36.81823639033123],[-107.59526038864517,36.819677666231506],[-107.59626679227722,36.82067334033353],[-107.59729115826136,36.820950094152984],[-107.59882556369774,36.82207230278408],[-107.59920857087336,36.822570067080015],[-107.59859570352582,36.823667739128254],[-107.59727784465339,36.82528483551054],[-107.59573616606656,36.82650174974769],[-107.5946593949375,36.827918062270605],[-107.59447355626962,36.82846712873655],[-107.59500092027464,36.82888026667674],[-107.595142324404,36.829842069230715],[-107.59444086525849,36.830802180979894],[-107.59418454236817,36.83089832917855],[-107.59367251700759,36.830689698388575],[-107.59359025632793,36.83080046890069],[-107.59397286363209,36.83176275862134],[-107.59383872597792,36.83231192778832],[-107.59332279197044,36.83323201279547],[-107.59229476130174,36.834075771635575],[-107.59109722429416,36.834470068469805],[-107.58887523556513,36.83456090528374],[-107.58494711612776,36.833761585109265],[-107.580674904857,36.83368616212414],[-107.57947741537821,36.83404995843651],[-107.57879426410466,36.833915732290045],[-107.57845189511364,36.83408801590224],[-107.57759754087544,36.83404560892508],[-107.57657141629463,36.834264230086916],[-107.57520188835191,36.83495832323909],[-107.57262967778692,36.83752054986129],[-107.57208238132333,36.83830993967098],[-107.56971495153641,36.84023396919008],[-107.56804688159329,36.84228443056568],[-107.56595913796102,36.844202786246434],[-107.56469215470352,36.84598560259304],[-107.56422085071196,36.84733828333606],[-107.56438271097795,36.84992722583154],[-107.56297311573087,36.8498277676653],[-107.5637877733957,36.85106585137865],[-107.56291518716638,36.85216274381106],[-107.56112306649237,36.85298280900795],[-107.5607544755516,36.85339404208322],[-107.56087973767113,36.85380640691343],[-107.56043605076326,36.85419562940687],[-107.56009432652516,36.854149751720065],[-107.5597539112512,36.853736687078765],[-107.5595825262247,36.853860717914976],[-107.55923177144278,36.85462677357755],[-107.55943409206893,36.854901958312034],[-107.55889433483854,36.855096907065736],[-107.55838245149447,36.85483056765348],[-107.5575513356419,36.85489760519264],[-107.55446043608859,36.85215392933732],[-107.55394796323009,36.8520592013359],[-107.5536084850182,36.851400560934295],[-107.55309638833613,36.8512044403204],[-107.55258545395488,36.85069118034044],[-107.55053774249757,36.84973560518802],[-107.54661038282948,36.848633010955425],[-107.54558524707043,36.848512353231236],[-107.54319161312479,36.84867095255526],[-107.54216415044837,36.849165218179586],[-107.54182263460294,36.849073259713904],[-107.54148023655617,36.849213609145764],[-107.54123250484133,36.849638975930496],[-107.54079435048662,36.849779399514325],[-107.54061151351178,36.850186885382165],[-107.54004460070114,36.85046020651384],[-107.5396824721435,36.8516955454048],[-107.53924733365456,36.852027800553785],[-107.53904109681882,36.85251811440673],[-107.53975828222187,36.85251629790963],[-107.53956765622516,36.853206212669534],[-107.53910564479715,36.8537545066242],[-107.53753122410369,36.85377217146953],[-107.53428567299183,36.8531661864877],[-107.53206397880233,36.85302769717143],[-107.53018258941253,36.85329054495234],[-107.5291550742634,36.853761346255475],[-107.52833519164052,36.85455151460351],[-107.52743567487104,36.85626404702594],[-107.52651215631215,36.856744567994824],[-107.52695295607187,36.85715778204903],[-107.52639002630374,36.85907935575658],[-107.52683503559794,36.86114088838069],[-107.52673086070862,36.861526621849734],[-107.52604617108047,36.861738871689255],[-107.52450908492636,36.86135179203445],[-107.52356108042173,36.86181919566992],[-107.52263073274763,36.86264092074643],[-107.52210998531798,36.86274898715776],[-107.52125735833421,36.862211355035],[-107.52033970150057,36.86208547440002],[-107.52035562452713,36.861398721862344],[-107.52005262300928,36.86084848801543],[-107.51853083500639,36.86005140483883],[-107.51682242028296,36.85977217655523],[-107.5156250198483,36.859943329191765],[-107.51531263227027,36.85973702932713],[-107.5149998079746,36.85918675625397],[-107.51492700107168,36.85849976654775],[-107.51546090370431,36.85829171014914],[-107.51648599951433,36.85844199079179],[-107.51739449953011,36.85809427374047],[-107.51797648269655,36.85713430632881],[-107.5180496561086,36.85631034643265],[-107.51786424303305,36.85585820065478],[-107.51735284179,36.8555082272064],[-107.51598679288416,36.85513980419049],[-107.51461885457194,36.85522962777228],[-107.51410478890799,36.85552493559555],[-107.51358913461303,36.85620068192972],[-107.51320379537127,36.856160035643434],[-107.51347909890114,36.85286415992874],[-107.51298930071252,36.85093981370621],[-107.51331728083936,36.84956710577251],[-107.51293490974896,36.84911634141566],[-107.51242279256626,36.84895374895295],[-107.51088202480152,36.84952066677422],[-107.51003348605082,36.84806556278536],[-107.50904488161312,36.84694570361839],[-107.50918504641832,36.84659455235664],[-107.5108965323812,36.84606591603612],[-107.51124408608143,36.84470628074977],[-107.51056078098618,36.8446147784754],[-107.5083452773911,36.84308232456428],[-107.5059537968289,36.842758011016954],[-107.50458410895983,36.843305447738416],[-107.50418667855874,36.843086293703664],[-107.5041162200064,36.8422619429793],[-107.50373598626139,36.841797032104964],[-107.5020257010103,36.84205809156181],[-107.50117191861656,36.841873113008596],[-107.50070918520795,36.84129094445223],[-107.5012372177786,36.840193546185006],[-107.50118271630406,36.83937634576957],[-107.50033218387576,36.8384490715611],[-107.49947967839202,36.83798046877981],[-107.4994787301286,36.83819864217782],[-107.5007908833989,36.8395055019571],[-107.5007665441858,36.8400548711768],[-107.50007993600853,36.841289182255245],[-107.50082826103151,36.84229474979638],[-107.50202358450892,36.842548715326856],[-107.5032210795919,36.84229931240303],[-107.50349482216399,36.842534939133024],[-107.5037286190737,36.84351363760619],[-107.50423997341318,36.843841474141705],[-107.50492381477643,36.843804177574654],[-107.50578004393633,36.8434226679174],[-107.50800109731284,36.84363529030532],[-107.50912835996661,36.84419874682338],[-107.51012578695585,36.845162977453],[-107.51017103252948,36.84571253737994],[-107.50884569555602,36.84600237530025],[-107.50822452701004,36.84639402618667],[-107.50823435281761,36.84735556739213],[-107.50921710476297,36.84831976506528],[-107.50958698660158,36.84887020958165],[-107.50939324914138,36.849281759239624],[-107.51036594064581,36.8503015520042],[-107.51087816522974,36.850439663274784],[-107.51207667979315,36.84996926725117],[-107.51224305685389,36.85011364565793],[-107.51196560191796,36.85121176885422],[-107.51239587266309,36.85258652218227],[-107.51216140073281,36.855058351731536],[-107.51230240837901,36.85643232264717],[-107.51253332920469,36.85684502302155],[-107.51307275227005,36.85704874024978],[-107.51375673065412,36.85700581216118],[-107.51478539859691,36.85629037747269],[-107.51581207593202,36.85605154391041],[-107.51649578954762,36.85607025018945],[-107.51690399417943,36.85644466119554],[-107.51685902478587,36.85713133645087],[-107.51648921383152,36.8576633186747],[-107.51529354673065,36.8574239122688],[-107.51443789105542,36.857640996277375],[-107.51377834625431,36.85849668409563],[-107.51408832428007,36.8594837156241],[-107.51257704041406,36.86000439661535],[-107.5144277966517,36.860070549693056],[-107.51545060292565,36.86077885104363],[-107.51613399856981,36.86088465688477],[-107.51733182041751,36.86061445265377],[-107.5186974280571,36.861115819886294],[-107.51920875063536,36.86149559794383],[-107.51920784667146,36.8617164523492],[-107.51800878593919,36.86228558088876],[-107.51756014236902,36.86290227579544],[-107.51783343635664,36.86335293102532],[-107.51851639054577,36.86357274065727],[-107.51902913189232,36.86360987008734],[-107.5202276647342,36.863173370168944],[-107.52056944728538,36.86320885719869],[-107.52107996799955,36.863791396348276],[-107.5226179520772,36.863964450003635],[-107.52333087009141,36.86374161980749],[-107.52450296381703,36.86287291421342],[-107.52604020597373,36.86322862172177],[-107.52770652696128,36.86279143938104],[-107.52770122781129,36.86540124420421],[-107.52680961235086,36.86773404784393],[-107.52584410124086,36.86950273874131],[-107.5215903039505,36.87472576541289],[-107.52001404897204,36.87609520609467],[-107.517605264431,36.8772557293476],[-107.51606517222653,36.87753075072695],[-107.51486880333877,36.877386226504875],[-107.51213794335185,36.87617697849995],[-107.50923541762594,36.87514810348784],[-107.50650208077302,36.87455978934826],[-107.50530444587142,36.87472643884353],[-107.50374919806367,36.87536442038984],[-107.503001693286,36.876186496069614],[-107.5029385473799,36.87659839600311],[-107.50305775781064,36.87756023666859],[-107.5037779086678,36.87907317877219],[-107.50383233171742,36.88003483861231],[-107.50337141839181,36.88140714367467],[-107.50288069255504,36.881667559070394],[-107.50193766618415,36.88112843738513],[-107.49981813364299,36.878097274621915],[-107.49828435678707,36.87690826495125],[-107.49708997660777,36.876320066725604],[-107.49538220621909,36.87583041179739],[-107.49384323796824,36.87584017163669],[-107.49281626675221,36.87607018548514],[-107.49144435792199,36.8769611645065],[-107.49035892783023,36.8782110590317],[-107.49006727487429,36.879001147238206],[-107.48961156907271,36.87917040850761],[-107.48982875546177,36.87972046993698],[-107.4896645343704,36.88026942855752],[-107.48823481388452,36.88205094355241],[-107.48699521093096,36.883283561860885],[-107.48422781983695,36.884602856133704],[-107.48336992291281,36.885225360831086],[-107.48269921538031,36.88533133724785],[-107.48258291663682,36.88615514318115],[-107.48058774478004,36.88807225152814],[-107.47903033550696,36.89026534773395],[-107.47827747395998,36.890400458643704],[-107.47829127743293,36.89094993212392],[-107.47752471894091,36.89185763380402],[-107.47609825324001,36.89259165565948],[-107.47596894461964,36.89286598283962],[-107.47443911946822,36.893375845463986],[-107.47170363989781,36.893161428805804],[-107.47016406630168,36.89322512704344],[-107.46708796081597,36.8927143118923],[-107.46503571879968,36.8926918052581],[-107.46041046700748,36.89422646930319],[-107.45904098667725,36.89447636109592],[-107.45750343016773,36.89412124559939],[-107.45665137343084,36.89348945123914],[-107.45528488233406,36.89313344125044],[-107.45511518380647,36.89280143528775],[-107.45500459007489,36.89335051482824],[-107.4546464590593,36.893761447688966],[-107.4556239340652,36.89374400092722],[-107.45630639830496,36.89408179989328],[-107.45689211860399,36.8950048042582],[-107.45772310322572,36.895694223319566],[-107.45776008177899,36.89665584511404],[-107.45697400381914,36.89744703648874],[-107.45623691727812,36.89761252554217],[-107.45296899485457,36.899799833382176],[-107.45199733531977,36.90076688135651],[-107.45053294599239,36.90144030242567],[-107.44977934575978,36.9022620181165],[-107.44953731983908,36.90294802485164],[-107.44852710032376,36.90363154546442],[-107.448234950093,36.90404267176269],[-107.44659922047072,36.90472414668396],[-107.4464387909284,36.905410412306296],[-107.44596648910986,36.905683588497716],[-107.44666905782262,36.905883818397655],[-107.44688912421461,36.906236023365956],[-107.4463489939175,36.906783695489416],[-107.44655601498836,36.908157944952116],[-107.44615869686464,36.90939286831238],[-107.44548560895365,36.91007746024458],[-107.44508839829322,36.91021352030799],[-107.44531223675192,36.9109010388705],[-107.44494709081144,36.91172399032915],[-107.4451986423468,36.91199952728418],[-107.44488747116046,36.91296001212071],[-107.44406178624126,36.91403095312761],[-107.44303290294462,36.9145065725483],[-107.44197234379335,36.91446137570221],[-107.4419595160885,36.91459869079173],[-107.44252875358573,36.91473792209356],[-107.44285790958854,36.91527468443913],[-107.4432004936176,36.91528955935763],[-107.44513178183773,36.91735624586544],[-107.4443563747959,36.91817785315217],[-107.44419043092954,36.91886409600832],[-107.44471809034428,36.91955011899779],[-107.44527483358597,36.91969178686935],[-107.44553817788199,36.920242075802406],[-107.44548912107365,36.920653987331924],[-107.44502054973509,36.92106452820878],[-107.44552449359476,36.92161560330481],[-107.44531885809852,36.92243907494507],[-107.44564183511,36.92298955819052],[-107.44452712177934,36.923465661099144],[-107.442780586226,36.924765828213864],[-107.44143757626657,36.925377847851045],[-107.44016196106891,36.926817545888824],[-107.43920347898145,36.92727614647348],[-107.437149737794,36.92736635033813],[-107.43629734221442,36.92676154307251],[-107.43561255918327,36.92683139944062],[-107.43458421914332,36.92715952369381],[-107.43458305177612,36.92734837693235],[-107.43389632702265,36.9278243382432],[-107.43327725201179,36.927893414263394],[-107.43240523964211,36.928577259090574],[-107.43543784568325,36.92752570884163],[-107.4371458644342,36.92811485902603],[-107.43902811753307,36.92810237953228],[-107.4393674446481,36.92866379822492],[-107.43971190838498,36.92822712619105],[-107.44039626564977,36.9282419504887],[-107.4403369224088,36.92791698123896],[-107.44084077844062,36.927643933120684],[-107.44194586934691,36.9263585080737],[-107.44486391698031,36.924530114834575],[-107.44503726476833,36.92408688048166],[-107.44640653858582,36.92399171583755],[-107.44692122762581,36.923715814230384],[-107.44761671360193,36.92151362150882],[-107.44813077270943,36.9213587617123],[-107.44942720699797,36.92300185224806],[-107.44955765807538,36.92355170250102],[-107.45083896634152,36.92520412114227],[-107.45119688015248,36.926029415907536],[-107.45230932782773,36.927269203539524],[-107.45225815253006,36.92754375356946],[-107.45254236593985,36.92795673630711],[-107.45239099048966,36.92836832217913],[-107.45285342489649,36.928781875560226],[-107.45267568121716,36.92933073433001],[-107.45318290631396,36.929607072862474],[-107.45298824998859,36.930155877895594],[-107.45304815649534,36.9302815701058],[-107.45356282227688,36.93001411974467],[-107.45402578234382,36.930845980818255],[-107.45362583984696,36.93139413105069],[-107.45424102698823,36.931275216162675],[-107.4543758488574,36.9320833113278],[-107.4540913101315,36.93331861603362],[-107.4532309819364,36.934964149335805],[-107.45319355504401,36.935459732319984],[-107.45181340464205,36.93769731924733],[-107.45079935673304,36.94100004405171],[-107.44973741019618,36.94217413287015],[-107.44902495684947,36.94236788322288],[-107.44888420215926,36.9434662814803],[-107.44787240002496,36.94469921213162],[-107.44732240864703,36.945949860397626],[-107.44577738397079,36.94687626012583],[-107.4457765246294,36.94704590256901],[-107.4449200766399,36.94718294629487],[-107.44337467598241,36.94817251281566],[-107.44063341956505,36.94871978887303],[-107.43926458083955,36.94864318813345],[-107.43823598055252,36.948967784703775],[-107.43844709716988,36.94920101428763],[-107.43943329585655,36.949116878960815],[-107.44028725062529,36.949471211307525],[-107.4406297699383,36.94943076603577],[-107.44095330833238,36.95003346058642],[-107.4413125617305,36.94978812096829],[-107.4416528890787,36.95017596306833],[-107.44216892020899,36.94967553907323],[-107.44233883050002,36.94991932844721],[-107.4426821229623,36.94972766646029],[-107.44336683450891,36.949710833862056],[-107.4435372373343,36.94985872699955],[-107.44439288686993,36.94988510912435],[-107.44456616532082,36.94946762045505],[-107.4461085366448,36.94907871499435],[-107.44696689164829,36.94856786769774],[-107.44969506146067,36.9506114484904],[-107.44976479069712,36.95102374337001],[-107.4491302008033,36.95225790073392],[-107.44951570832401,36.95377006878452],[-107.44898796439111,36.95509088846025],[-107.4485292476327,36.955689866669964],[-107.44910849928995,36.95802680117919],[-107.44795504322309,36.95870984520792],[-107.44828294807938,36.95913143412854],[-107.44879811506387,36.95880638558239],[-107.4489950600939,36.95926264134027],[-107.44880833911468,36.95967410587109],[-107.44841601146301,36.95981019110629],[-107.44811529220398,36.96035864123185],[-107.4475899376636,36.960776951169635],[-107.44706331705339,36.9609046490927],[-107.44723457738876,36.96104256237635],[-107.44711493597815,36.96131688588912],[-107.44655640717825,36.96205083737304],[-107.44610210202167,36.962275081210414],[-107.44552677728707,36.96309734113917],[-107.44527775006726,36.96309652755792],[-107.44387940763447,36.96460286783663],[-107.44328984947937,36.96480734903119],[-107.44277382958711,36.96528683799001],[-107.44225929880221,36.96547393629822],[-107.44174696807092,36.96523099209253],[-107.44122883460113,36.966120154654334],[-107.43971566447387,36.96582534364336],[-107.43951639579682,36.96621871395588],[-107.43707530907547,36.967052766614025],[-107.43674102482366,36.96760107496342],[-107.43642624892676,36.967888175299635],[-107.43608398053435,36.967863984248275],[-107.43591120807756,36.96816704354998],[-107.43488242744645,36.96847299362403],[-107.43214145004983,36.96881673295928],[-107.43076680730411,36.9697756961073],[-107.42915304099917,36.97045996430436],[-107.42715908851828,36.97212685019905],[-107.4270745321334,36.97251321006065],[-107.4273458610245,36.97333827375973],[-107.42698105605122,36.973410836871835],[-107.42664577506395,36.973747945529645],[-107.42651048516467,36.974434261547046],[-107.4269751314908,36.97539734396105],[-107.42678186150233,36.97567139404927],[-107.42675615235511,36.97663279700306],[-107.42593603673643,36.97674333144261],[-107.4255762533488,36.97704081803839],[-107.42584038395472,36.97814057144538],[-107.42543622969674,36.978551250976146],[-107.42533136175271,36.979237669562885],[-107.42493451168207,36.97951101662069],[-107.42406314383837,36.98101892916875],[-107.42448977064755,36.982531312012036],[-107.42420651905184,36.982805047591775],[-107.42428047808093,36.98308001382303],[-107.42538194649227,36.98431852276399],[-107.42648101452392,36.984873199377745],[-107.42674718923418,36.98518811323926],[-107.42743160318926,36.985287695090584],[-107.42742993758414,36.9856011999516],[-107.42811626869991,36.98534018743785],[-107.42862936036842,36.98545659658432],[-107.42880210186941,36.9851723343988],[-107.42914376844817,36.98532447437175],[-107.42948666446335,36.98524428559212],[-107.42967989120706,36.98557089755582],[-107.42999831549885,36.98563385925358],[-107.4300480926088,36.98598421589503],[-107.43050792070267,36.9864124245969],[-107.4311910991291,36.986749754927395],[-107.43136268959115,36.986683010671726]]}},{"type":"Feature","properties":{"depth_ft":125,"elevation_ft":5960.0,"major":false},"geometry":{"type":"LineString","coordinates":[[-107.43106955300433,36.98585032587481],[-107.43067994890343,36.9855742937492],[-107.43068587736843,36.98513771907379],[-107.43085565945276,36.985413645991],[-107.43109542367297,36.98543834656275],[-107.43106955300433,36.98585032587481]]}},{"type":"Feature","properties":{"depth_ft":125,"elevation_ft":5960.0,"major":false},"geometry":{"type":"LineString","coordinates":[[-107.42855772758593,36.98378145297808],[-107.42846651881621,36.983872430660185],[-107.42805452401966,36.983367669115],[-107.4284698407047,36.98324553026356],[-107.42855772758593,36.98378145297808]]}},{"type":"Feature","properties":{"depth_ft":125,"elevation_ft":5960.0,"major":false},"geometry":{"type":"LineString","coordinates":[[-107.56271582875102,36.856969862327425],[-107.56230282772893,36.85696892136394],[-107.56264978137237,36.85661709842895],[-107.56271582875102,36.856969862327425]]}},{"type":"Feature","properties":{"depth_ft":125,"elevation_ft":5960.0,"major":false},"geometry":{"type":"LineString","coordinates":[[-107.60664107301801,36.820111987006264],[-107.606008390644,36.81998140612895],[-107.60489640411289,36.81846032646242],[-107.6030553951568,36.816671093256225],[-107.60269987043365,36.815983603223074],[-107.60277569783773,36.815382018103506],[-107.60363013532114,36.81533195167589],[-107.6043122890939,36.81576030355741],[-107.60554188454257,36.81612644139474],[-107.6067706691513,36.81791447147763],[-107.60755042173011,36.81854450429551],[-107.6077540309402,36.81928994264908],[-107.60708446595464,36.81997547131859],[-107.60664107301801,36.820111987006264]]}},{"type":"Feature","properties":{"depth_ft":150,"elevation_ft":5935.0,"major":false},"geometry":{"type":"LineString","coordinates":[[-107.44190307293871,36.968177629370736],[-107.44211136952187,36.96761889117044],[-107.44235268280349,36.96775704215267],[-107.44234698646193,36.96803173563367],[-107.44275959695037,36.96807284194239],[-107.44379123378992,36.96719915041389],[-107.44464840607472,36.96696419521887],[-107.4455077179898,36.9663064159253],[-107.44636454697674,36.9661362715464],[-107.44752515982078,36.96543890686612],[-107.44820397491686,36.96434226083393],[-107.44842676767776,36.96283206454061],[-107.44878085085539,36.962239513063835],[-107.45049781164552,36.961217660255535],[-107.4515257695741,36.961044468403166],[-107.45186687671843,36.961296339683564],[-107.45238092181228,36.96119638546613],[-107.45370513535633,36.95996457462385],[-107.45409945599916,36.95984285495876],[-107.4545159844761,36.95914302595011],[-107.45668082907513,36.9570641136413],[-107.45742884343187,36.95530630257292],[-107.45753034500353,36.95448248490865],[-107.45713958788912,36.952558256421995],[-107.45653608012199,36.95170044695827],[-107.45624606847487,36.95063243070976],[-107.45585650063947,36.95067419123224],[-107.45574936850473,36.9504934959113],[-107.45518163553103,36.948697875388284],[-107.45450006551742,36.94808259651249],[-107.4534200663804,36.9477389350066],[-107.45313715689461,36.94705124643018],[-107.45275118366744,36.94691265350586],[-107.45225716826721,36.94594957272627],[-107.45218915425669,36.9451252143878],[-107.45255075611789,36.94416487741404],[-107.45401062654143,36.94323791216712],[-107.45452702767611,36.94263692656741],[-107.4548693687973,36.942624826924614],[-107.45533737012677,36.94211342800803],[-107.45531462337364,36.94156392849363],[-107.4558094902244,36.94142814577203],[-107.45586789790379,36.940192120171275],[-107.45638129822905,36.93936960974834],[-107.45585214487106,36.93785700371606],[-107.45586469379917,36.936620831609986],[-107.45647112137004,36.934837117313144],[-107.45729781122786,36.93332881082427],[-107.45751669253308,36.93003293502466],[-107.45769875600475,36.92975879679757],[-107.45645678121777,36.927831863458294],[-107.45413952213725,36.92590148893362],[-107.45419745816528,36.92548960242691],[-107.45392276127716,36.92535136818883],[-107.45340448243795,36.9241134971479],[-107.45248931621444,36.92287435184637],[-107.45245824975922,36.92232482339992],[-107.4531858367996,36.92191508236615],[-107.45253836867404,36.92163829413411],[-107.45267125630312,36.92053986207684],[-107.45310166876226,36.91971709691439],[-107.45263734365432,36.919578252512025],[-107.45270890295193,36.91889169537198],[-107.4517298875301,36.91806441067274],[-107.45172474304334,36.91696553555198],[-107.45126173058931,36.9161399032425],[-107.45107381472373,36.915040439795256],[-107.45105743436832,36.914353600154605],[-107.45147838042797,36.913393452096855],[-107.45067360011566,36.912017288283074],[-107.45083450571441,36.91160573409518],[-107.45165392528445,36.91092158215776],[-107.4514905268202,36.91023426967609],[-107.45198603129884,36.90872492860668],[-107.45265891550302,36.90817765640564],[-107.4523449938187,36.90776457749179],[-107.45275242476828,36.90721645309936],[-107.45282531138722,36.906256703049074],[-107.45324715068388,36.905707103399855],[-107.453855788921,36.905424508414264],[-107.4545003958958,36.9061231789034],[-107.45519996155623,36.905988049874075],[-107.45485493303212,36.90543752080563],[-107.45486465581877,36.90488812128434],[-107.45539926880068,36.90462112617302],[-107.4553330167544,36.90392810882162],[-107.45590891851043,36.90255636294562],[-107.456608652565,36.90218150456564],[-107.45814095944532,36.900365708774686],[-107.45884287143221,36.90001942161649],[-107.45987426968516,36.89896757247622],[-107.46090146003367,36.89877583312194],[-107.4612453152071,36.898411287597554],[-107.46175710301904,36.898687225109285],[-107.46211793922255,36.89859254939379],[-107.46195487486494,36.8981799663954],[-107.46210361270522,36.89777370974359],[-107.46296004214003,36.89751975530082],[-107.46450392164795,36.8965803492411],[-107.46604375937791,36.896476523522985],[-107.46809959051369,36.89576714641691],[-107.4698112655487,36.89548987663661],[-107.47083742300246,36.895501488624035],[-107.47117777720602,36.89586481986318],[-107.47220459330936,36.89573775064802],[-107.4740845740879,36.89603961916652],[-107.47545020076454,36.895336865012524],[-107.47786895176816,36.894519977763615],[-107.47925333429622,36.893699963252885],[-107.4797421310839,36.89314614943325],[-107.48008009139356,36.89403588893472],[-107.48059237968312,36.89421154740183],[-107.48112150977389,36.894117589493014],[-107.48047898599324,36.893840967222616],[-107.48043401461764,36.892467253560376],[-107.48102174813354,36.89191956547849],[-107.48115589111084,36.89123317287795],[-107.48222964581488,36.89000012772302],[-107.48277080406852,36.88904021873171],[-107.48369820877782,36.88794408602936],[-107.48622789854134,36.885891129532304],[-107.48816002222495,36.8848372272922],[-107.4885024592023,36.88474526939408],[-107.48867286751347,36.88487947352702],[-107.48953214238861,36.88393918376049],[-107.49064341045177,36.883568854795996],[-107.49039813372437,36.88329343067943],[-107.49085584946027,36.88288267580825],[-107.49149756869248,36.88288452345847],[-107.49142902148212,36.882472251368114],[-107.49159231468157,36.882131561533114],[-107.49176265757617,36.88228037456965],[-107.49189829014144,36.88206152563952],[-107.49235038733191,36.88068924039517],[-107.49252611061678,36.879041444059126],[-107.49280469538978,36.87867661052001],[-107.49348949643799,36.87849402804932],[-107.49400469056397,36.87799646093104],[-107.49451724997483,36.87809382328955],[-107.49503103502843,36.877913603999055],[-107.49588487154942,36.878173876041814],[-107.49656912015838,36.8781144346592],[-107.49708100403124,36.87836681895391],[-107.49862280496069,36.87960820510082],[-107.49970696693205,36.881122195886995],[-107.49981615798785,36.88139721910621],[-107.49917676585558,36.882082214699814],[-107.49911445692558,36.882615638436945],[-107.49997142748147,36.88217017534401],[-107.50116534567688,36.88289110911532],[-107.5023606755859,36.88329015345813],[-107.50407200335759,36.883000354183075],[-107.50492973253809,36.88237205079235],[-107.50545390142548,36.881550265943964],[-107.50581731243305,36.88004032567391],[-107.50558315028178,36.87742986965575],[-107.50602062933072,36.87646956593217],[-107.50649544015286,36.87611833770314],[-107.5068377727949,36.87603660456714],[-107.50854590195372,36.87646001388827],[-107.51076445276979,36.877496810817256],[-107.51161853848421,36.87770938816038],[-107.51212966853886,36.8781530113679],[-107.5126424484563,36.87820345098323],[-107.5143490135164,36.87902229317843],[-107.51520319022063,36.87921943753873],[-107.51657069275831,36.879338591131486],[-107.51931039431487,36.87843297807787],[-107.52068101766017,36.87778470281139],[-107.52153472848545,36.8780971054411],[-107.52156471096318,36.87733551106332],[-107.52331301472368,36.87624121617255],[-107.52496949466268,36.87440850709763],[-107.52514218748999,36.87398432517325],[-107.526513981885,36.873011040314736],[-107.52686821336174,36.872953830259],[-107.52702882251221,36.87253918591123],[-107.52771490513429,36.87200083544361],[-107.52789684391848,36.87062138054048],[-107.52823321201426,36.87065380038057],[-107.52943577338397,36.86921494971254],[-107.5298974923081,36.868291406419644],[-107.53038433722618,36.866506983952156],[-107.53036227163354,36.86568277473299],[-107.53066473515324,36.865271468802604],[-107.53080870216859,36.86238729877871],[-107.53139992005472,36.85991634102192],[-107.53144278464822,36.85826814195928],[-107.53062150321816,36.85620566775394],[-107.53102877643049,36.855454407696605],[-107.53291054275019,36.855108081144635],[-107.5342777383897,36.85520301515228],[-107.53666821770011,36.855918047672205],[-107.5376908443588,36.856712132631785],[-107.5389711258019,36.85718815121679],[-107.53956542401704,36.85773905768626],[-107.53941984881608,36.859249647227074],[-107.5397888305322,36.860349431083996],[-107.53989386750035,36.86176505055783],[-107.54040351463055,36.86261246085294],[-107.54022806927695,36.86144938688129],[-107.54039277745329,36.86007620304653],[-107.54020501121386,36.85925158607425],[-107.54051412174651,36.857741398510576],[-107.54020728912612,36.85664176970102],[-107.542642634346,36.85390056779872],[-107.54403488109027,36.8516936014376],[-107.54574853377282,36.85055329146216],[-107.54840141923695,36.85144204529174],[-107.54864974845206,36.8518182844655],[-107.54984607736131,36.85188330214992],[-107.55073397490943,36.852409127922435],[-107.55120981911448,36.85290835809646],[-107.55189240384512,36.85322988641062],[-107.55238156840966,36.85433606213503],[-107.55300938267013,36.85461226266566],[-107.55342367768101,36.85520467711937],[-107.55327396163223,36.85571175959381],[-107.55249819663386,36.85612200676566],[-107.5538483133269,36.85626254796608],[-107.55481991863032,36.857226342342244],[-107.55614964541847,36.85774365591622],[-107.55717509209546,36.8578168221351],[-107.55751761658209,36.85764404465589],[-107.5582007476737,36.857832260997895],[-107.56059725432846,36.85693712401258],[-107.56196555682388,36.85673813146958],[-107.56247800823186,36.856850612031415],[-107.56241307351765,36.85655709522245],[-107.56265011812438,36.856521602016336],[-107.56274303091223,36.856969924253285],[-107.56230863991475,36.85724365290697],[-107.56231986998179,36.85806783330814],[-107.5625592450352,36.858755174416636],[-107.56315281331992,36.85940568735449],[-107.56327333579668,36.856146975284226],[-107.56573466746521,36.854379338508636],[-107.56689462193573,36.8539574000412],[-107.56703243707803,36.8528588348921],[-107.5679842905233,36.85011377756751],[-107.56800301449321,36.849289663352636],[-107.56952250602338,36.846502606951326],[-107.57003666124278,36.84613491908796],[-107.57055284724959,36.84510544725985],[-107.5711732610753,36.84462647709376],[-107.57192341913824,36.844170293302405],[-107.57363437798911,36.843654604786714],[-107.57602389764953,36.84465901043177],[-107.5756093153944,36.843812019778106],[-107.57506480024658,36.843398759605535],[-107.57505180482006,36.842986652852154],[-107.57675752695486,36.842166189193485],[-107.57858275497884,36.840521799603145],[-107.57927155207135,36.83956175639859],[-107.58014423474194,36.83914010086074],[-107.58270829786741,36.839015025267145],[-107.58356257366769,36.8390994430364],[-107.58390370703607,36.83931103994662],[-107.58407539206343,36.83902248647956],[-107.5839596988462,36.83874752460037],[-107.58459003445893,36.83848208220907],[-107.58510175630703,36.838793000594656],[-107.5856150951666,36.8386038156862],[-107.5864694161879,36.83867375153951],[-107.58663920102346,36.838753114695436],[-107.58652064096151,36.839027587908795],[-107.58749297942818,36.83926509417935],[-107.58766274851672,36.83962199845699],[-107.58851781736222,36.839461460691794],[-107.59005444881319,36.83995659013486],[-107.59125192656013,36.83960997630821],[-107.59244819580307,36.83964526776158],[-107.59313260386095,36.83940158589793],[-107.59432866819631,36.83950197814309],[-107.59455421254732,36.83918135366312],[-107.59640418984148,36.838086177379594],[-107.59896810876374,36.83616822313877],[-107.60105321085435,36.832738320437],[-107.60194115325766,36.83040493430591],[-107.60188565893462,36.82944330705302],[-107.60256513866777,36.828605826521056],[-107.60495895994917,36.82813357654845],[-107.60581307746162,36.828239002357826],[-107.60592165798468,36.827802775635845],[-107.60615623727051,36.82776970428004],[-107.60752268475834,36.82798529681312],[-107.60832534782304,36.82863150826678],[-107.60916094762075,36.830830845252656],[-107.60910733366424,36.83247906261301],[-107.60830384872094,36.835224740996516],[-107.60639617516772,36.83879246832105],[-107.6061454040604,36.840165586210276],[-107.60546934872939,36.841400529247046],[-107.60509622929906,36.842636050113335],[-107.60388564103717,36.84420652760426],[-107.60299257329459,36.84592862240227],[-107.60271962689303,36.84716432882538],[-107.60217305423905,36.8482621431314],[-107.60201444512002,36.84936071025296],[-107.60141680961385,36.85073314008841],[-107.6011135887194,36.852655579551865],[-107.60124053564432,36.85347998360428],[-107.6014814274305,36.85375517237507],[-107.60148015620886,36.85485404451097],[-107.60188694094762,36.85609107094209],[-107.60210955298139,36.858289252364045],[-107.60290830682432,36.8604885508553],[-107.60347582124231,36.861039086391685],[-107.60325924024802,36.8613133857172],[-107.60342809775398,36.86227522655465],[-107.60386868184746,36.86296287363004],[-107.60376543803987,36.863512110776696],[-107.6045125430236,36.86326002136141],[-107.6047185843213,36.86378866610578],[-107.60420015559167,36.864474463369305],[-107.60428543458166,36.86571085950244],[-107.60450460382388,36.86592249927053],[-107.60467712350129,36.8654024578544],[-107.60510904206583,36.86530036656731],[-107.60529359619679,36.866262234296144],[-107.60740133166577,36.86923826897523],[-107.6076914123494,36.87038758114586],[-107.60769874764118,36.87258533821386],[-107.60744757973224,36.87340901457424],[-107.60547052770544,36.87683921192196],[-107.60253214633894,36.88026751101451],[-107.60190127786919,36.8821893060004],[-107.60187109166327,36.88356283388213],[-107.6021084704698,36.88452480648196],[-107.60296246880084,36.88576269264581],[-107.60391122207547,36.88658867968484],[-107.60404645795803,36.88782516785416],[-107.60384298230116,36.88933571901767],[-107.6049918787353,36.891535668286906],[-107.60521995634328,36.89236025714682],[-107.60613288489918,36.89341222282898],[-107.60681642604176,36.89360994472168],[-107.60738548594337,36.89483684644623],[-107.60728866198826,36.89607288780879],[-107.60783257039142,36.897025003048434],[-107.60843757216503,36.897448651561064],[-107.60869229143105,36.898960075046276],[-107.60864700345208,36.90019621410618],[-107.60894544676226,36.900608852939484],[-107.60952686671835,36.90253772188185],[-107.61071983502248,36.904050203485276],[-107.6115743121918,36.904326071749864],[-107.61191789067793,36.90381835695393],[-107.61226044670714,36.90366346954982],[-107.6131156225875,36.90369664988201],[-107.61178103906438,36.90281190632509],[-107.61076963409533,36.90143643359223],[-107.61075815950322,36.900749620749885],[-107.61111035421324,36.89965141365632],[-107.61081838316862,36.89731577561582],[-107.60844091336342,36.89346526446393],[-107.60793427378823,36.89126656907384],[-107.60803149215724,36.8903052439381],[-107.6083699340521,36.88989380959747],[-107.6080250159002,36.88974224455996],[-107.60683611731378,36.88694498499652],[-107.60504059056208,36.88384368227454],[-107.60490506189845,36.88233247646147],[-107.60554981587018,36.88041069207901],[-107.61011866471131,36.87553017737961],[-107.6111443842537,36.87560935892608],[-107.61130801617185,36.87547667239404],[-107.61082688425698,36.87520105485178],[-107.6106470088919,36.874788641331094],[-107.61070622551465,36.87423931673448],[-107.6111137876475,36.87355328498774],[-107.61088916018801,36.873278146953304],[-107.61123285870892,36.87163048254127],[-107.61099380679148,36.869707009940385],[-107.61046117969288,36.86819506322142],[-107.6095067174733,36.866544961062296],[-107.60905910352308,36.864346371855156],[-107.60726245430727,36.860634271068086],[-107.60725040645289,36.859810092919],[-107.60756013338455,36.85912388550039],[-107.60701575710715,36.858573413320705],[-107.60658205214914,36.857188062542235],[-107.60624101360825,36.856896475815056],[-107.60589913998416,36.85688760804619],[-107.60564789585298,36.85651041213975],[-107.60586164163765,36.85527458764406],[-107.60554580613713,36.85376303017497],[-107.60597179346152,36.85321440827274],[-107.60662857974381,36.85005639639617],[-107.60754863314423,36.849508709638975],[-107.60723526859765,36.84840923832096],[-107.608326677381,36.846076197437235],[-107.60866823251399,36.84566476478274],[-107.6090678376273,36.84552815974247],[-107.61007192881361,36.843744375214406],[-107.61107974837032,36.84360890400099],[-107.61048823749698,36.84292099867201],[-107.61175605193735,36.84142938678413],[-107.61244183097824,36.84069334210216],[-107.6135209687915,36.84045417099106],[-107.61283212982673,36.840040816354744],[-107.61293575759909,36.83811797257029],[-107.61341090122701,36.837019974464134],[-107.61384391502403,36.83660869535384],[-107.6143110816941,36.83496123940337],[-107.61480118405959,36.834824781424054],[-107.61458310214728,36.834412300932364],[-107.61523000046569,36.83221573178559],[-107.6155426188827,36.832109654181664],[-107.6162257599423,36.83226471939595],[-107.61634259168503,36.83208040760562],[-107.61605584994905,36.83166780429983],[-107.61513518275922,36.83125403861991],[-107.61497981669426,36.830704313788864],[-107.61477076952475,36.82795673090215],[-107.61555438276615,36.82795931953848],[-107.61577526247638,36.827683853116625],[-107.61457911643109,36.82713221857536],[-107.61423054635584,36.826719496800145],[-107.61470591682512,36.82586381969708],[-107.61436455626334,36.82572299323233],[-107.61385166183096,36.825811444612455],[-107.6135104960274,36.82560316336141],[-107.61333112014721,36.825069515861195],[-107.61371638632983,36.82438342784114],[-107.61283007611178,36.824522274866155],[-107.6122956400482,36.82383135508257],[-107.61238472301515,36.823419440447985],[-107.6116576607306,36.82286864694546],[-107.61223736591211,36.82177084547848],[-107.61232889833472,36.82053845318501],[-107.61130222136994,36.82104475181232],[-107.61061677604152,36.82172272562008],[-107.6104272747508,36.821355385795314],[-107.6107290849193,36.82039443029916],[-107.61045052724812,36.82012854320456],[-107.60959539229435,36.82040138161883],[-107.6094257542275,36.81997891325159],[-107.60874269834964,36.81983675353028],[-107.60840069555124,36.8199282670128],[-107.60805765539592,36.820373444058866],[-107.60634895345477,36.82037855125832],[-107.6058001770817,36.819973020838994],[-107.60472311301618,36.81845999344135],[-107.60294426423583,36.816670878003514],[-107.602387491957,36.81543355608701],[-107.60277659967504,36.815081310848086],[-107.60363077095093,36.81511921994246],[-107.60448362265402,36.81560069500811],[-107.60550853904198,36.815678989177854],[-107.60601892645681,36.81641871303953],[-107.60721280222032,36.817147420157305],[-107.60823689764945,36.81751408086002],[-107.60835066493982,36.8172306702827],[-107.60893155361603,36.81709440766624],[-107.60848370716518,36.81681884129293],[-107.60875292588128,36.81633618709905],[-107.60919654259904,36.81613338588494],[-107.60897832141819,36.81585825391354],[-107.60920021938088,36.8151718711243],[-107.60886320286693,36.814209713611696],[-107.60850525711199,36.81407167714894],[-107.60802991227521,36.813521336395155],[-107.60806587003023,36.812834603035725],[-107.60747664178076,36.81159724258113],[-107.60875908013418,36.80912718472623],[-107.60886610982621,36.8078911431361],[-107.6084587460539,36.80596732739122],[-107.60781330566383,36.804592500453545],[-107.60741417972419,36.80417966146227],[-107.6074231649966,36.803704059499836],[-107.60776652430627,36.80312578265034],[-107.60793681285162,36.803310662717394],[-107.60804332020322,36.80321933128939],[-107.6086232703674,36.802237850212556],[-107.61170750057457,36.799003635171644],[-107.61154896233651,36.79786885693384],[-107.61000390660536,36.79741294344008],[-107.60966310344048,36.79712672610181],[-107.60880875571695,36.79721666770635],[-107.6069308518768,36.79684773911259],[-107.60624695263901,36.7970623711683],[-107.60505121485839,36.79706896400854],[-107.60453734048028,36.797547641953315],[-107.60334080072646,36.797819913737726],[-107.60316905990217,36.79812815110067],[-107.60265652199124,36.798154887241616],[-107.60231304129708,36.798768256543156],[-107.60116123635609,36.79949736087234],[-107.60092750574029,36.799908986151856],[-107.60110402785641,36.80045877325744],[-107.6008417191595,36.80114506360756],[-107.5993488534605,36.802103659802754],[-107.59897536143556,36.80347652953943],[-107.59867712092411,36.80375066246215],[-107.59913290172558,36.805125165586574],[-107.59998042246747,36.80540155243177],[-107.60015010319336,36.805676606141844],[-107.5999462936741,36.80636300855788],[-107.60041071196338,36.80646307868823],[-107.60060062493825,36.806913732524734],[-107.60026504385684,36.808011958600964],[-107.60062265411091,36.8084247400617],[-107.60034433324066,36.80897363664262],[-107.5992062724567,36.809279614860166],[-107.5963014768087,36.80942484404857],[-107.59390836038597,36.80984108211165],[-107.59322409905148,36.81012302122546],[-107.59168307099719,36.81120974929945],[-107.5906531188056,36.81275033292374],[-107.58991764314132,36.812386760139304],[-107.58911701287809,36.81225946344193],[-107.58792008609956,36.812564189241066],[-107.58667242077134,36.81375367574934],[-107.58637619663638,36.8145031231008],[-107.58569310048948,36.8144018849318],[-107.58501095528767,36.81400679846977],[-107.58381566948727,36.81379254130287],[-107.5827893914049,36.814146723211834],[-107.58193224480713,36.81502523231526],[-107.58073752446198,36.81463669961589],[-107.57953994081427,36.81511917605249],[-107.57766616939257,36.81341887438631],[-107.5766419777892,36.81314119172462],[-107.57561570656391,36.81348611649209],[-107.57476228700504,36.8132343487894],[-107.57447599321884,36.812079430382006],[-107.5739131202935,36.81172383115589],[-107.57409562217028,36.812628042689006],[-107.57390706109501,36.81351956266539],[-107.5751003963832,36.81430495843089],[-107.57544204871132,36.81432220008251],[-107.57557019339676,36.81455429066917],[-107.57526876518709,36.815045630669374],[-107.57424377775178,36.81500025460675],[-107.57338845479299,36.815307782160524],[-107.57201773588778,36.81644348344533],[-107.57175124483899,36.816468993506525],[-107.57099414643464,36.8159835789522],[-107.5699701200973,36.81565477776007],[-107.56911574910748,36.81567825411668],[-107.56843138249788,36.81594935215497],[-107.56740856620982,36.81527405767108],[-107.5657012477726,36.81491396728754],[-107.56518865415866,36.814920968627554],[-107.56450398339108,36.81527703612148],[-107.56348013725461,36.81490752597756],[-107.56296760445893,36.814897196139626],[-107.56217612936526,36.815623385020494],[-107.56021860518491,36.816580425954044],[-107.55996531881006,36.81685456410631],[-107.56000417050777,36.8175414537138],[-107.55902613833872,36.81819579740831],[-107.55843817760817,36.81836200416983],[-107.55902548783502,36.818378084967115],[-107.56022349065343,36.817828037671916],[-107.56062455758354,36.81685607775413],[-107.56245081332602,36.81609542157551],[-107.56330744681817,36.815429686888415],[-107.56467244686851,36.81596198622599],[-107.56552803112707,36.81559150489579],[-107.56706437750057,36.81598842381103],[-107.5677124756262,36.816460040821646],[-107.5673614506382,36.81687133651835],[-107.56740210118912,36.81714294862781],[-107.56876900156502,36.817140195277815],[-107.5694545889091,36.81651622791009],[-107.57047912939292,36.816697367181675],[-107.57133056934502,36.81753706759959],[-107.57201305282021,36.817821088658235],[-107.57269818324396,36.81732593347905],[-107.57304181667726,36.816746545610684],[-107.5735552716209,36.81650346653198],[-107.57597172566749,36.81620348216261],[-107.57680667434987,36.814986120012236],[-107.57697746431893,36.815006102418195],[-107.57756711431904,36.81565748363405],[-107.57806168971084,36.81703214769449],[-107.57901947564068,36.81750553293985],[-107.57970261241421,36.81760011579787],[-107.580902107152,36.81654715211968],[-107.58379770761283,36.8169069624383],[-107.58411287010563,36.81663290307123],[-107.58401006663,36.81553380629141],[-107.58415218134714,36.81539567728465],[-107.58568772122238,36.816071787428406],[-107.5868836131034,36.81610967827994],[-107.58823418592918,36.815817307905334],[-107.58868982121787,36.81416992373957],[-107.58911118776818,36.814093259008956],[-107.58952589653417,36.81485844185181],[-107.59000051975242,36.815134134382824],[-107.59183955925599,36.815781507673165],[-107.5924031696606,36.81568846724593],[-107.5926578498302,36.815963703343726],[-107.59239143532967,36.816237884222566],[-107.59384112207724,36.817202333860465],[-107.59429421574222,36.818302126724106],[-107.59541573546917,36.81961054158245],[-107.5962676534791,36.82039412086233],[-107.59746232658034,36.8208528628354],[-107.59940817607064,36.8224330998644],[-107.59877184878084,36.82366808672699],[-107.59693274424694,36.82586220460038],[-107.59573523094457,36.82680418984555],[-107.59485570069921,36.82805581606907],[-107.5948739421188,36.82860529228957],[-107.59521642646597,36.82879066952705],[-107.59554991799298,36.828744005943896],[-107.59531305838203,36.82915561171864],[-107.59550331149698,36.82970543196091],[-107.59473679840043,36.83094013504795],[-107.59381147901709,36.83093827460367],[-107.59414850845732,36.83190047191657],[-107.59391736114647,36.83272416558457],[-107.59312096901856,36.8336840778148],[-107.59229438793956,36.83419476918579],[-107.59109689801453,36.834573544371864],[-107.58887490054379,36.83466618741638],[-107.58460509894253,36.83382966770194],[-107.58067461435911,36.83377449241814],[-107.57947689763019,36.834206642606595],[-107.57896475676876,36.83403836299566],[-107.57862241970345,36.83420096709408],[-107.57691309316908,36.83430079968402],[-107.57520403642847,36.83515748612928],[-107.57229431165752,36.83831040517908],[-107.56971434842401,36.84040968794143],[-107.56820718464678,36.842284788164115],[-107.56599586992331,36.84434022830637],[-107.56478205466865,36.84598580570979],[-107.56436184030203,36.84735844964027],[-107.56428548707679,36.847770354979424],[-107.56457927748208,36.84845781632644],[-107.56446472538283,36.84996850998],[-107.56421122263718,36.85008529700992],[-107.56325868385754,36.84996577610231],[-107.56397969840253,36.851066286407125],[-107.5637247624241,36.85161514561958],[-107.56317816617754,36.85220218251819],[-107.56250794689707,36.85257389447718],[-107.56232051932453,36.85303790191542],[-107.56060553807298,36.85460559005548],[-107.56009234419956,36.85470668481587],[-107.55923535502713,36.85534093851127],[-107.5576977925659,36.8550751616377],[-107.55454960192927,36.852555496842854],[-107.55441797995444,36.85228046963196],[-107.5538999452491,36.852141893798766],[-107.55354603496771,36.85145426514781],[-107.55258518441359,36.85076489253888],[-107.55053745964707,36.84981239965154],[-107.54661002230898,36.84872955606027],[-107.54558487810088,36.84861080934952],[-107.54319117499813,36.84878689737792],[-107.54216316112525,36.8494261008294],[-107.54182208972512,36.849216775535425],[-107.54165087874,36.84929005553978],[-107.54147812393123,36.8497693938385],[-107.54094999103427,36.84991299989653],[-107.54031423398578,36.850598230667394],[-107.53983016168404,36.851970628529216],[-107.54002375850162,36.85238318392184],[-107.53983263082561,36.85348158551146],[-107.5394549332229,36.853892729803036],[-107.53753077837692,36.853887848823796],[-107.53428534535011,36.85325029685292],[-107.5320636640161,36.85310791181811],[-107.53018230830281,36.85336173282662],[-107.52915450384336,36.85390530801311],[-107.52830395841403,36.85482615263176],[-107.5278185348971,36.85606113760666],[-107.52688180102342,36.85674552154283],[-107.52710391067916,36.857432889078645],[-107.52655225325002,36.85935449250933],[-107.52699236372995,36.86114129396079],[-107.52685204948236,36.861553009029734],[-107.52587479267312,36.861843207198355],[-107.5245085327259,36.86148902094246],[-107.52365219165898,36.86187111423339],[-107.52279417364976,36.86266552763084],[-107.52210958479522,36.862847749978805],[-107.52125697876151,36.862304698007534],[-107.5202319330499,36.86212718253239],[-107.52026881465574,36.86139849325103],[-107.51992564682477,36.86084815328399],[-107.51853051158938,36.86013025561292],[-107.51733489874874,36.8598667870321],[-107.5156247405592,36.860010798839234],[-107.51524479600431,36.85973684781255],[-107.51477590249196,36.85857854454928],[-107.51546114270727,36.85823399883595],[-107.51648617008111,36.858400671544686],[-107.51747781496756,36.85795713618958],[-107.51790346292772,36.856996753592234],[-107.51782474722424,36.85603503165327],[-107.51660534570746,36.855344993700214],[-107.51513163209316,36.8552441239651],[-107.51412640447724,36.855613080752725],[-107.51358889090649,36.85625918880355],[-107.51312293847226,36.85615981785746],[-107.51333810737476,36.852726421401684],[-107.51289458727948,36.85093955843503],[-107.51316447770614,36.84956669432822],[-107.51293421074614,36.84928385189756],[-107.51225133199642,36.84908017560138],[-107.51071061397698,36.84963434970138],[-107.51020261389206,36.84849377539332],[-107.50889777196333,36.84694530223156],[-107.50901415643526,36.84658587864245],[-107.51024216706735,36.846262167603555],[-107.51089737366466,36.845865559554234],[-107.510900076271,36.845221904904854],[-107.50851499768912,36.84336568947732],[-107.50718797682103,36.843094565297285],[-107.50595239273198,36.843087391439205],[-107.50765997656559,36.84346567265909],[-107.50800206432353,36.8434070204552],[-107.50934726694254,36.84419934360102],[-107.51037041504696,36.84530100151511],[-107.51021381811238,36.84583122998169],[-107.50850265039958,36.84628476900253],[-107.50827429920189,36.84666888068846],[-107.50831797164811,36.84721843685352],[-107.50931628020791,36.84832003542157],[-107.50966946484861,36.84887043417111],[-107.50961543895212,36.84928236449974],[-107.51036644293534,36.85018214409657],[-107.51104964761443,36.85030930408438],[-107.51207705173346,36.84988037502858],[-107.51232113836149,36.849976497401364],[-107.51205705367488,36.85107465694439],[-107.51249636041125,36.852586793440004],[-107.5122682776377,36.85478392241068],[-107.51255267506416,36.856707716251854],[-107.51290226530412,36.856937841548195],[-107.51358589186593,36.856985217989674],[-107.51478571636027,36.856213805213784],[-107.51581233751307,36.8559883057006],[-107.51663709668148,36.85603187339202],[-107.51700181557553,36.8564449215571],[-107.51699366840703,36.856994335862325],[-107.5164889512171,36.857726938450206],[-107.51529321281961,36.85750450059494],[-107.5142660107863,36.85786449083535],[-107.51386466482353,36.85849691612001],[-107.51411190055148,36.85959645179955],[-107.51323180432858,36.85990170201632],[-107.51445729558671,36.860009455634035],[-107.51505071855073,36.86056048175228],[-107.51562159176233,36.860771458194655],[-107.51767363589549,36.86063883309619],[-107.51920919357458,36.86138737915732],[-107.51920730175816,36.86184958316338],[-107.5180082581022,36.862414046648205],[-107.51769724236266,36.86290263994521],[-107.51797693136939,36.86331545889205],[-107.51851669882004,36.863497594574504],[-107.51902956425246,36.863504304495876],[-107.52039902214347,36.863076792294024],[-107.52113772900631,36.86373587956282],[-107.52261824787216,36.863891395147945],[-107.52330303713673,36.86366157850827],[-107.52450323980716,36.86280433193379],[-107.52586962702549,36.86313257943838],[-107.52657459853634,36.863063241243935],[-107.52740997470498,36.86271216305733],[-107.52796164116822,36.86279209508178],[-107.5279241614385,36.86512709956969],[-107.52753414214433,36.86663704382756],[-107.52596996708972,36.869517543269616],[-107.52558140804057,36.86979125524785],[-107.52175630459386,36.87472620072836],[-107.52051772840987,36.875894961132275],[-107.51950992892162,36.87650595163989],[-107.51743372967849,36.87738679418433],[-107.51606458005647,36.8776739113609],[-107.51469744551586,36.877473507780415],[-107.51213752986065,36.87627572516131],[-107.5080394618958,36.87491799424314],[-107.50633064551893,36.87466449771309],[-107.50449240188844,36.87509176208362],[-107.50376225565418,36.87549146985436],[-107.5031435664967,36.87618689032483],[-107.50319500371528,36.877560618008054],[-107.5039425465056,36.8789362767786],[-107.5040076267466,36.879897966103016],[-107.50348764649958,36.88140746633193],[-107.50288006892613,36.88181228780094],[-107.50185664518857,36.88120923792203],[-107.50028505062149,36.87878872465483],[-107.49828398783235,36.87699273026409],[-107.4970895030386,36.87642809871177],[-107.49538176106525,36.87593145024148],[-107.49418489108328,36.875914869435235],[-107.49298699023832,36.876130746675365],[-107.4916153860995,36.87695353289778],[-107.49066401379736,36.8780745807082],[-107.49017299149764,36.879172030973386],[-107.48983935669845,36.879308425486016],[-107.48998885749181,36.87985829095789],[-107.48975012531943,36.88040703438941],[-107.48871124118482,36.88164025120118],[-107.48855229398515,36.88218922337397],[-107.48777722463144,36.882599047018935],[-107.48777582996021,36.88287375952662],[-107.48714026652789,36.88343852573409],[-107.4843984953453,36.884676623350316],[-107.48354060592007,36.88529760496352],[-107.48285577879986,36.88546743159907],[-107.48268099917728,36.88629107269333],[-107.48061940603449,36.88833753803828],[-107.47907067025827,36.890406594986075],[-107.47854376604184,36.89053861208918],[-107.47835326049575,36.89136219145127],[-107.477694664448,36.89209083066529],[-107.4754650280511,36.89343488687792],[-107.47443741653377,36.8937395766612],[-107.47255645120377,36.89365857308002],[-107.47170252174061,36.89339845291812],[-107.47033395021549,36.89346722694515],[-107.46794205550538,36.89293486211788],[-107.46520581776636,36.89288550117568],[-107.46390437492126,36.89324116004163],[-107.46229259293243,36.894067778953826],[-107.46195103298682,36.89396366621836],[-107.46093637299748,36.89446811652979],[-107.4590395863955,36.894763132902995],[-107.45851540333115,36.89446050440084],[-107.45750259519787,36.89429154702217],[-107.45634028470721,36.89349211800341],[-107.45546738736095,36.8934893453463],[-107.4563071891194,36.893921015030266],[-107.45698666974698,36.89486745053131],[-107.45789949876854,36.89555742294317],[-107.45811818181654,36.896244902962515],[-107.45788278889935,36.896930948570855],[-107.45714444332798,36.89756931887741],[-107.4562883910712,36.89774260395232],[-107.4544009282072,36.89896004580252],[-107.45302778990043,36.89992613464733],[-107.45216774546523,36.90089494038351],[-107.45119041322687,36.90157977655382],[-107.45079554610639,36.9016603215664],[-107.45017021773275,36.90240063695891],[-107.44969054263623,36.90349795028388],[-107.44821563113581,36.90448172160659],[-107.44689596530037,36.904862469831386],[-107.4466255440251,36.90554837788724],[-107.44718363974474,36.90560472638122],[-107.44747737485973,36.906237935293845],[-107.44736164578175,36.906924347166864],[-107.44710237439689,36.907060862131814],[-107.44745780766597,36.90733673216442],[-107.44747271340286,36.90816092575906],[-107.44693747809386,36.90843390123697],[-107.44722992263458,36.908709567024836],[-107.44677722247792,36.9096695973998],[-107.4465056953122,36.91008078604672],[-107.4459704752807,36.91035375708687],[-107.44646329381601,36.91063007784208],[-107.44632422256512,36.911591127023655],[-107.44561194149571,36.911963322107795],[-107.44552012596506,36.913511508630755],[-107.44498136130537,36.91405917816956],[-107.44474283215109,36.91467369389608],[-107.4444002341468,36.91476071157784],[-107.44388918177411,36.91433145830236],[-107.44320290093646,36.91471856111306],[-107.44281970733553,36.91473887887337],[-107.44303054567676,36.91496919027779],[-107.44371432233025,36.91507501298352],[-107.44367612505485,36.915291120385696],[-107.44473315339015,36.91658144550856],[-107.44562823313798,36.917220509841535],[-107.44558228446284,36.9174950744731],[-107.44463858674156,36.91817877688564],[-107.44460682972709,36.91872810205424],[-107.44618452113771,36.92024418402971],[-107.44620124611885,36.92079366745654],[-107.44643852612268,36.92093179772247],[-107.446124461728,36.923128489536516],[-107.44471239409178,36.92353594976461],[-107.44315166782557,36.92477505892156],[-107.44212293864334,36.92519104086298],[-107.44055588398072,36.92681884911009],[-107.43931243838746,36.927501516179696],[-107.43954421925224,36.92756236685022],[-107.44091542251653,36.92710417836524],[-107.44188591825585,36.92586174009936],[-107.44349215907401,36.925110928053336],[-107.44503821360162,36.92389977148684],[-107.4466191707527,36.92354217258841],[-107.44762189538409,36.92048482750924],[-107.4486840802105,36.921625876251724],[-107.45127509954742,36.92575495325912],[-107.4524704677071,36.92713236321774],[-107.45314731281454,36.9290575307101],[-107.45445017886115,36.93112204937251],[-107.45451459467374,36.93208375391198],[-107.45426607201306,36.93331917390421],[-107.45267454305764,36.93661065019635],[-107.45279353406124,36.936885745266956],[-107.45249806824584,36.93743422573921],[-107.45255158668547,36.938258538485016],[-107.45201484642723,36.93880624382798],[-107.45227209821775,36.93921913996629],[-107.45220727614047,36.93949364561735],[-107.45042350121848,36.94186783410041],[-107.44946873917787,36.94264403188588],[-107.44962828575744,36.943193974368974],[-107.44912231008843,36.94346705201598],[-107.44886827252063,36.94401565673895],[-107.4481851471055,36.94455959334398],[-107.44783659741191,36.94580205064074],[-107.44608960852572,36.94689111879426],[-107.44594615190883,36.94734672101977],[-107.44497547319953,36.947711620321265],[-107.44470640208124,36.94798545330398],[-107.44446924775193,36.94894617304336],[-107.44354418810147,36.9484945596508],[-107.44285327455658,36.94839144438986],[-107.44320030854992,36.94880285821001],[-107.44422437703497,36.949364710576084],[-107.44594427284221,36.94895099375516],[-107.44696770614689,36.94840659124644],[-107.44919910624363,36.948961566460866],[-107.45030918267304,36.94965193485325],[-107.45024364120334,36.950338506286315],[-107.45072029547279,36.950963463211046],[-107.45123407091091,36.95090386301708],[-107.45174566643082,36.951281108621544],[-107.45197919325386,36.95089351848744],[-107.45226099628661,36.950909748791624],[-107.4534540298898,36.951932767938096],[-107.45381170124332,36.951998241406464],[-107.45430698682893,36.95250798277047],[-107.45481946397551,36.95271229374746],[-107.45557946358323,36.95420158209385],[-107.45569952617932,36.955163459347304],[-107.45518019236818,36.956260658362886],[-107.45446634703868,36.956807808741345],[-107.45342776458754,36.95722093476575],[-107.45239647170304,36.95807484640777],[-107.45068296273983,36.95842606492349],[-107.44948105217075,36.9591590276532],[-107.44896382797023,36.959893469271115],[-107.44755762123722,36.961043612326684],[-107.44567863478757,36.96337254949085],[-107.44431638632079,36.96446694407843],[-107.44407852140024,36.96501558934032],[-107.44431531214082,36.965137238813135],[-107.44448773811729,36.96489439791353],[-107.44468720053085,36.965017583181606],[-107.44465582614176,36.965504665723564],[-107.44431491317968,36.96521564962983],[-107.44436891656196,36.965703321907455],[-107.44396795066355,36.96611503678635],[-107.44328417608818,36.96591943633551],[-107.4417255887679,36.966656126497064],[-107.44270862278525,36.9665220084398],[-107.4417119192314,36.96775493047034],[-107.44190307293871,36.968177629370736]]}},{"type":"Feature","properties":{"depth_ft":150,"elevation_ft":5935.0,"major":false},"geometry":{"type":"LineString","coordinates":[[-107.45163567949368,36.95048034520444],[-107.45125674887444,36.95020441353587],[-107.45140937012181,36.95007462481819],[-107.45163567949368,36.95048034520444]]}},{"type":"Feature","properties":{"depth_ft":150,"elevation_ft":5935.0,"major":false},"geometry":{"type":"LineString","coordinates":[[-107.44695008226954,36.919285175813364],[-107.44677209186386,36.919365126886156],[-107.44608938166311,36.91903997871492],[-107.44584871985487,36.91873215938481],[-107.44592106490985,36.918492174285234],[-107.44643471129967,36.9184156599541],[-107.44677574478038,36.918641408227764],[-107.44695008226954,36.919285175813364]]}},{"type":"Feature","properties":{"depth_ft":175,"elevation_ft":5910.0,"major":false},"geometry":{"type":"LineString","coordinates":[[-107.45472617305248,36.9369765692041],[-107.45507684092611,36.93527449305756],[-107.45541764888698,36.935566218104356],[-107.45576101226033,36.93534045249623],[-107.4559810886628,36.93263784996252],[-107.45643384926963,36.93208985949967],[-107.45668510678698,36.93126651439386],[-107.45730200480918,36.930719040827725],[-107.45716031052048,36.92917413286312],[-107.45631470026525,36.92783141257585],[-107.45460663935259,36.926548819492865],[-107.45386887582612,36.92576326750753],[-107.45324949536891,36.92419323878329],[-107.45230012492742,36.92287374513624],[-107.4521053157556,36.922323691260374],[-107.45223331004296,36.9221013913409],[-107.45195940932136,36.92191115125856],[-107.45124856973567,36.92026058010672],[-107.45134466510966,36.91998617462652],[-107.44990627156548,36.91833325326889],[-107.44879643417165,36.91764287940145],[-107.44849397476818,36.91717660206497],[-107.44829381843084,36.91613032082154],[-107.44901013501766,36.916596839872106],[-107.44936936209518,36.91599644462081],[-107.44843079299575,36.91571869266121],[-107.44836607816204,36.914894338806434],[-107.44887203831114,36.91324768861015],[-107.44971496810754,36.91250297600105],[-107.45014193582526,36.912977076633936],[-107.45043378226872,36.91229123047221],[-107.45035367941416,36.91201625738766],[-107.45126320842044,36.910782498960856],[-107.45184592520198,36.908449763743135],[-107.45221973203473,36.90817624837744],[-107.45211323746086,36.90762647651804],[-107.45245916059919,36.90707815574352],[-107.45242839215943,36.906665984382414],[-107.45297481294936,36.905706231842615],[-107.45385664848251,36.90525094656381],[-107.4542973571459,36.90529838567108],[-107.45453916330112,36.905597569492144],[-107.4545367322332,36.90433764569452],[-107.45524982933797,36.90365312881635],[-107.45570217937787,36.90255570603201],[-107.45772556515254,36.90036439632727],[-107.45884565768621,36.89944921355852],[-107.45918858536153,36.89940750797161],[-107.45936074645415,36.89904830550954],[-107.46176052087093,36.89798223770026],[-107.46210436275797,36.89761885173375],[-107.46296116798145,36.897286770782756],[-107.46364862949811,36.896601741332184],[-107.46433409049901,36.89632970477156],[-107.46638764364789,36.89609862829982],[-107.4681011574515,36.89543829529832],[-107.46878493641623,36.895514434725385],[-107.47032551605386,36.89524824489372],[-107.47391451638049,36.895830851001875],[-107.4776836524839,36.89446440991091],[-107.47905561649338,36.8936640984381],[-107.47974305127319,36.89294665321442],[-107.48025419900935,36.89336819474583],[-107.48029084247173,36.892329470238636],[-107.48072643042296,36.89191868951121],[-107.4811185947655,36.89095834621107],[-107.48422487486187,36.887121485534855],[-107.48678975853409,36.88531737466223],[-107.48817109578391,36.884660565609906],[-107.48867382801053,36.88466577828249],[-107.48877975401386,36.884250257199746],[-107.49012149197551,36.883429990306134],[-107.49122105319569,36.88247165284393],[-107.49142271668254,36.88181581908683],[-107.49176590130335,36.88155209048083],[-107.4921749718283,36.880688736949665],[-107.49242894548553,36.87904116537383],[-107.49280681209035,36.87819985330673],[-107.49314869017046,36.87822596529708],[-107.49332211399546,36.87780749850228],[-107.49383641131519,36.87738256611915],[-107.49554709170579,36.87721701709357],[-107.49674151785626,36.87779520170281],[-107.49871608621129,36.87960846778773],[-107.4998586346464,36.88112262158006],[-107.5000118189579,36.88139776806279],[-107.4994599110955,36.881825377400496],[-107.49928713261001,36.882232514227184],[-107.50014329863406,36.8819710090333],[-107.5006540061107,36.88250320735035],[-107.50236108319612,36.88319571094331],[-107.50390107897883,36.88298095714709],[-107.50503111861023,36.88209853220334],[-107.50551640629836,36.881138363228025],[-107.50571230416155,36.88004003623122],[-107.5054963235422,36.876880196246354],[-107.5056618443519,36.876468577250726],[-107.50649591315572,36.87600732827923],[-107.50786316395309,36.87616905737723],[-107.50905841920114,36.87656934105387],[-107.51434949986042,36.878905354812886],[-107.51537447988841,36.87914940273371],[-107.51657120241819,36.87921518850901],[-107.51759831051615,36.87894503254978],[-107.52068144203808,36.87768059254951],[-107.52140840192041,36.87788453502883],[-107.52146814648272,36.87733525770118],[-107.52316560537845,36.87624083154692],[-107.524284677097,36.87462271138444],[-107.52478828662002,36.87432203507787],[-107.52467811383609,36.87404703175817],[-107.52501039519866,36.873498459722185],[-107.52636172812136,36.87295252314965],[-107.52594543033653,36.87253937119625],[-107.52634856624054,36.87161912014835],[-107.52669076659872,36.87156020497597],[-107.5270312524073,36.87193059532063],[-107.52754543564502,36.871621044702984],[-107.52714153620796,36.87089415449568],[-107.52729447563568,36.87048247227323],[-107.52830861951372,36.870073003154715],[-107.52858095459479,36.86919816627671],[-107.52875252863102,36.869047783237605],[-107.52909400890478,36.86916710880246],[-107.5295563059296,36.86856525242395],[-107.52947077201826,36.868152957457525],[-107.52984395406308,36.867741834592536],[-107.53015264446256,36.8666437519904],[-107.53006278620246,36.866094087457505],[-107.53054720158788,36.8644470162983],[-107.5307974535166,36.861700475526774],[-107.53129428861499,36.85991607265529],[-107.53135791628137,36.85826792638479],[-107.53051320794876,36.856146230055025],[-107.5306141962536,36.85551885381364],[-107.53085856265997,36.85526846557717],[-107.5318852100784,36.85502114118528],[-107.53427823933502,36.85507442753394],[-107.5368394080649,36.85585517055357],[-107.53717985860315,36.85622950038023],[-107.53905686697846,36.85712207371837],[-107.53963400289544,36.85773922715223],[-107.53948395215133,36.859112446694496],[-107.54006481565716,36.86176829111864],[-107.54031094860356,36.86007600135147],[-107.54012371436016,36.85897666751414],[-107.54041936852352,36.85774116505608],[-107.54008476123579,36.85654802264307],[-107.5411149745934,36.85536072848322],[-107.5418403988585,36.85486011727397],[-107.54403534006799,36.85157179730304],[-107.54506425491458,36.850696177535866],[-107.54574887412541,36.850462426288644],[-107.54813940186753,36.851153712338245],[-107.54899230049833,36.851635976813355],[-107.54984670253297,36.85171399318978],[-107.55087017140904,36.8523011689759],[-107.55133184845234,36.852822625389784],[-107.55193612514167,36.853098775788645],[-107.55242448200228,36.853786726819564],[-107.55251037808084,36.85433636650644],[-107.55300945574889,36.85447490366373],[-107.55342463291048,36.854942706556834],[-107.55345890873694,36.855574836039004],[-107.5527696002581,36.856122647662595],[-107.55393292428377,36.856191379323484],[-107.55495498250104,36.857192572975734],[-107.55614983748326,36.857690469546625],[-107.55717526240362,36.85776948559426],[-107.5578598834449,36.857542621956135],[-107.55820103951434,36.85775084252147],[-107.55977245825933,36.85710048409128],[-107.56265032488292,36.85646296903826],[-107.56277023307351,36.8569699861729],[-107.56239788187435,36.85738121549063],[-107.56241635559425,36.8580680532538],[-107.56281262658005,36.858916542158994],[-107.5632261673929,36.856833663925514],[-107.56315633828439,36.85600935024692],[-107.56539237895879,36.854493973721816],[-107.56674774828478,36.85395707074851],[-107.56784778284153,36.85011347278458],[-107.56786564583577,36.849289356671086],[-107.56943121913118,36.84640829545709],[-107.57003727681237,36.84592200813745],[-107.5702102200676,36.845333103925185],[-107.5709428023895,36.84462596866437],[-107.5719237697054,36.844067305592255],[-107.5736347199619,36.84355347810293],[-107.57568303315743,36.84436670708556],[-107.57556816200697,36.84394929004884],[-107.57495310780874,36.843398516908834],[-107.57492465918874,36.84298637655617],[-107.57671624004689,36.84206977211818],[-107.57757311097879,36.841383088571924],[-107.57928873510238,36.839426724707785],[-107.58014462293002,36.839022336614086],[-107.58270877589983,36.83886852057819],[-107.58305210104132,36.83840643378847],[-107.58459172358525,36.83796047705047],[-107.58527556160638,36.83789633713997],[-107.5854453039603,36.83825740436511],[-107.58647109686926,36.83815080664518],[-107.58715354611141,36.838520036299755],[-107.5880075870831,36.8386778108602],[-107.58834836910502,36.83900282989479],[-107.5887135633756,36.839032120143116],[-107.59022561781356,36.83987545132736],[-107.5912523456324,36.839477011495994],[-107.59244861531016,36.839511504144646],[-107.5929620736744,36.83927991300185],[-107.5938167650223,36.83923568919979],[-107.59415795820252,36.839437367474744],[-107.59450113923101,36.839000327208765],[-107.59621328399953,36.83801426630197],[-107.59878272257468,36.83610814899508],[-107.60090067070793,36.832875382156566],[-107.60182847340188,36.83040471496596],[-107.60183945133369,36.82916849728677],[-107.60256610118186,36.82828533466338],[-107.60273749118433,36.8281174762719],[-107.6034204379623,36.828316930942584],[-107.60454160524213,36.82807484806368],[-107.60478880820922,36.82788672802328],[-107.60530151809215,36.82786862242691],[-107.60535523808997,36.82766433101477],[-107.60581541589256,36.82744923120506],[-107.60735238224552,36.82778702375788],[-107.60837559458936,36.828503891442196],[-107.60883872364982,36.82931927832036],[-107.60926583291184,36.83083104295594],[-107.60923000846468,36.832479293898565],[-107.60873789386714,36.834401402929764],[-107.60646483451023,36.83900408814346],[-107.6062663801022,36.84016581732564],[-107.60486261450227,36.84332239937933],[-107.60480066310197,36.84387171864039],[-107.60393419451357,36.84455684769263],[-107.60317634972115,36.84592897833873],[-107.60285095269285,36.847257884879085],[-107.60232846144186,36.848262445219625],[-107.60128467340927,36.85251855427694],[-107.60253434043004,36.859114233284735],[-107.6032716837332,36.86007717714615],[-107.60332426402594,36.86043399046362],[-107.60383667480991,36.86058872176685],[-107.60420301858203,36.861315208767515],[-107.60517558594462,36.86214123457985],[-107.60553966953852,36.86280797860834],[-107.6055542822785,36.86351555229847],[-107.60499796872942,36.864750716885275],[-107.60756856686417,36.86928847598613],[-107.60779231111411,36.87025041368632],[-107.60779318417939,36.87244815854004],[-107.60749668661977,36.873546466797194],[-107.60607722688961,36.87615357947724],[-107.60258043716114,36.88038425915633],[-107.60202893097437,36.8821895545305],[-107.60203954222229,36.88370052051009],[-107.6025667207312,36.88494260242791],[-107.60404996556903,36.88645158887693],[-107.60426813212507,36.88785926899704],[-107.60495125482487,36.888179252388994],[-107.60546250458201,36.888788012995654],[-107.60563616381117,36.88975124414662],[-107.60685609573392,36.891264519028624],[-107.60784395558848,36.89315480836632],[-107.60801506845056,36.893126881896414],[-107.60770273769398,36.89140348814375],[-107.60712051738167,36.8905782302285],[-107.6069992401744,36.89002856525477],[-107.60692825090668,36.889204278870274],[-107.60722354910637,36.88879276551138],[-107.6070047628899,36.88774834452797],[-107.6049034333461,36.88398077735826],[-107.6048140238915,36.882332301435056],[-107.60548805474237,36.88018943961136],[-107.60759101994371,36.87821684672293],[-107.61011911140052,36.87537667202435],[-107.61081557549895,36.87547575140989],[-107.61053751845486,36.87506315387483],[-107.61052113313065,36.8743763287616],[-107.61088969116156,36.873552865767536],[-107.61073817344538,36.87314050534769],[-107.61113003817523,36.871630290352755],[-107.61084921652782,36.869706739366364],[-107.61034447842056,36.868194844330546],[-107.60929768788979,36.866544567242435],[-107.60897463574844,36.864483571557614],[-107.60674566032179,36.8596753179457],[-107.60731718688844,36.85926078303044],[-107.60657597429034,36.85924541340321],[-107.60538329877014,36.85789493011935],[-107.60542100145194,36.85760885151394],[-107.6048927557956,36.857470478240494],[-107.6043609015063,36.85678339634356],[-107.60420535338547,36.85623292172122],[-107.60514326631964,36.855410570095984],[-107.60534935157233,36.85376265355895],[-107.60576064808906,36.853076644873966],[-107.60650322448956,36.84991879782996],[-107.60743972125229,36.849371143276315],[-107.60711932748151,36.84889985231759],[-107.60651000952875,36.84854521619739],[-107.60705186371466,36.847722091925945],[-107.60694839977695,36.84730981644598],[-107.6073160567903,36.84689843748428],[-107.60719809211531,36.846623494115875],[-107.60763882391787,36.8466204241999],[-107.60792846468412,36.845938083538016],[-107.60890139174106,36.84539048608223],[-107.60957919495024,36.84401816803258],[-107.61004084446367,36.84351102290816],[-107.61074675068352,36.84347092139727],[-107.61021246057683,36.84292048142082],[-107.61092513810422,36.84223501870191],[-107.61087157371392,36.84196019921436],[-107.61116164678397,36.841823382008656],[-107.61135412353879,36.841411662606895],[-107.6119614710834,36.84100071608613],[-107.6119766335604,36.84045130564155],[-107.61232753888187,36.839902519739255],[-107.61220952436479,36.838803422688365],[-107.61262112091838,36.8377784776374],[-107.61330753411058,36.83680670373245],[-107.61355367097522,36.836745518943914],[-107.61363537980345,36.835784151522546],[-107.61446422801102,36.83468680179903],[-107.61508310644051,36.832215462236796],[-107.61537190727262,36.83204507748757],[-107.61612981827638,36.83208001910157],[-107.61571505495593,36.83156551388571],[-107.61492000450296,36.831253643540805],[-107.61479327809292,36.83084133098103],[-107.61471961503469,36.82850607672225],[-107.61450083416327,36.82795623441308],[-107.61544162140147,36.82782060216346],[-107.61547535771247,36.827683304002505],[-107.61425753747031,36.82713162651556],[-107.6139642496198,36.82658164580406],[-107.61441152156837,36.825895670087306],[-107.61350955306261,36.8259328105205],[-107.61312474302032,36.82520649387421],[-107.6134566268468,36.82465766788898],[-107.61334266608391,36.82453758146045],[-107.61300038751345,36.824719875202184],[-107.61265877044163,36.82467123703125],[-107.61199713186718,36.82383079981326],[-107.6120152174887,36.8234187532825],[-107.61146639377179,36.82336497381374],[-107.61100353539027,36.82300478577777],[-107.61190837608498,36.82135815298209],[-107.61149182095387,36.82135737658406],[-107.6109574245048,36.82210115862568],[-107.61044397086349,36.8223894386083],[-107.60939785454039,36.82176553194767],[-107.60940460694367,36.821490824455935],[-107.6097712530527,36.82121679412197],[-107.60959363013222,36.821006739627286],[-107.60891095716707,36.8207302065912],[-107.60822632492983,36.82112433352262],[-107.6061777882345,36.820478886159094],[-107.60294231629155,36.81679649283728],[-107.60200687560936,36.81515809583984],[-107.60226529621157,36.81465968850498],[-107.60312019258271,36.81445380506239],[-107.60399116942862,36.814749858500164],[-107.60414561746514,36.81435592780582],[-107.60465841141848,36.81427925861],[-107.60500108023375,36.81395651385667],[-107.60551241176967,36.814372164405974],[-107.60602539620929,36.814230649915686],[-107.60684466377906,36.81516740813916],[-107.60671908595627,36.81557924962536],[-107.60687537818472,36.815688099696544],[-107.60786571257482,36.815306708659676],[-107.60773317640641,36.8147570162916],[-107.60700610933372,36.814206193707854],[-107.60686078859291,36.81379383622554],[-107.60725435791682,36.813519864524984],[-107.60712181359688,36.813382252185505],[-107.60732902274292,36.81310792557445],[-107.60707563708762,36.81283272316085],[-107.60741257018853,36.8121465621766],[-107.60723342709073,36.811596780422875],[-107.60843677325394,36.80967601719621],[-107.60880908110347,36.80789103548474],[-107.60831641799642,36.805692337257156],[-107.60738272861302,36.80417960171463],[-107.60742611904257,36.80269835716387],[-107.6079383629991,36.80278171234809],[-107.61143969730374,36.7989675383062],[-107.61140902456071,36.797868595912234],[-107.61000374684434,36.79746797365782],[-107.60966289951125,36.797196863879485],[-107.60880849569043,36.79730575850102],[-107.60693076941453,36.79687575856652],[-107.6062467650424,36.79712592118624],[-107.60505106162984,36.79712059964778],[-107.60453716995764,36.79760497535832],[-107.60341354776241,36.79785340875215],[-107.60316889855976,36.798182074285364],[-107.60265632665163,36.798220027688664],[-107.60231275284724,36.79886430147775],[-107.60138854184427,36.79949780436684],[-107.60113518318506,36.79990939177714],[-107.60128533472472,36.800459127130004],[-107.60093851161778,36.80140438962184],[-107.59930465298278,36.80251565440593],[-107.59917987782536,36.80333957186763],[-107.59937101871759,36.80361466902179],[-107.59888771916843,36.80388843827741],[-107.59933958641903,36.805125572413914],[-107.59990239541493,36.805080500866],[-107.60042998367676,36.80540243366429],[-107.6004840452872,36.8056772604248],[-107.60006967817736,36.80625152171893],[-107.6005309360885,36.80636415442432],[-107.6013514141438,36.80718992022054],[-107.60091897875908,36.80786812219107],[-107.60055130684185,36.808012519261645],[-107.60078968913334,36.80856242717529],[-107.60052547329555,36.80897399137744],[-107.59920595470324,36.809383972965044],[-107.5963013119918,36.809478310424424],[-107.59390820237164,36.80989182860998],[-107.59201189258377,36.81101742546766],[-107.5906528477896,36.8128361933575],[-107.5894583722656,36.8123672174699],[-107.58860877253082,36.812384073871165],[-107.58795194171344,36.812657440901155],[-107.58679467500421,36.81375392926262],[-107.58637547895593,36.814726538290834],[-107.58501060280024,36.81411592742495],[-107.58398618899801,36.81389566613201],[-107.58296023634207,36.814149739291054],[-107.58193185844212,36.81514338036556],[-107.58073702481963,36.814788766551295],[-107.57953960264928,36.81522160976014],[-107.57749499562294,36.81351523158863],[-107.57647014348248,36.813435057505515],[-107.57544451346064,36.81358742878559],[-107.57459129331184,36.813276242908294],[-107.5742537658507,36.812036363758246],[-107.57410811441697,36.81207862905322],[-107.57419817069123,36.812902986605884],[-107.57437369122744,36.81304072914747],[-107.57395570452779,36.81317717841391],[-107.5739683611962,36.81345192640687],[-107.57441842706623,36.81387411178048],[-107.57561296828827,36.81430297287305],[-107.57547735383858,36.81496616989485],[-107.57526842843767,36.81514594757415],[-107.57424330074083,36.81514179301902],[-107.57338815538745,36.81539632840456],[-107.57184632342744,36.816605949993786],[-107.57099379429397,36.81608676801642],[-107.56996977019361,36.81575691385536],[-107.56928633075788,36.815758743513186],[-107.5684310008186,36.8160601150936],[-107.56740821080065,36.81537680290125],[-107.56638340581554,36.81527900251523],[-107.56553015893365,36.814980693144456],[-107.56450350820258,36.815412923960025],[-107.56347963452646,36.815050745675805],[-107.5630104136823,36.81507584398385],[-107.56210988060695,36.81587283908523],[-107.56136324643008,36.816170969080154],[-107.56220661769542,36.81603553483286],[-107.56330800609673,36.815270460576365],[-107.564672864883,36.81584237550373],[-107.5651865992898,36.81551009308627],[-107.56552836880456,36.81549457185688],[-107.56759554374933,36.81618505936775],[-107.56783443758926,36.816460313181636],[-107.56757341650074,36.81701164281788],[-107.56876936728402,36.817033932600154],[-107.5694548253666,36.81644734321948],[-107.57013794302907,36.816541283493486],[-107.5708205677395,36.816780068293404],[-107.57133112871428,36.81737295133331],[-107.57201343769728,36.81770787396022],[-107.57269865139743,36.81718785777684],[-107.57287544176818,36.816746181323225],[-107.5735557252653,36.81636922463379],[-107.57583105035441,36.81620317762883],[-107.57680708855901,36.81486198731385],[-107.57760508341174,36.81552020513841],[-107.57816696361085,36.816963567243576],[-107.57953211926248,36.817488272826864],[-107.58049559570532,36.81689998740199],[-107.58073161491933,36.816435204931395],[-107.58363493713156,36.81683392517016],[-107.58400993935118,36.81635796700695],[-107.58398164188098,36.81529761381878],[-107.58432344399482,36.815270609504545],[-107.58568803473482,36.815974466585864],[-107.58688386576517,36.81603086630808],[-107.58808071566227,36.81576846161335],[-107.58861387634549,36.814169767480415],[-107.58911137658248,36.814033821224804],[-107.58970964176122,36.81485881842401],[-107.59025503084769,36.81513465489433],[-107.59201054963789,36.815739472146895],[-107.59245934126868,36.815688581037456],[-107.5927294135345,36.81623856852996],[-107.59388576616621,36.81709595052033],[-107.59435740906204,36.81816489359574],[-107.59529242999041,36.8192656500314],[-107.59643905893068,36.820219965684316],[-107.59695075339012,36.82051601377905],[-107.59746321424625,36.820563606247525],[-107.59916843104655,36.82170388187705],[-107.59948719931018,36.82147173481055],[-107.59931697565243,36.821196679766615],[-107.59951208117612,36.82107706900745],[-107.599555599456,36.82229602973122],[-107.59889489814212,36.82366832939337],[-107.59703882845321,36.82599977543332],[-107.59608741948298,36.82682204068534],[-107.59583057300863,36.827783047480054],[-107.59590271899245,36.82790293040519],[-107.59624585417791,36.82764651632804],[-107.59650231008978,36.82833382701838],[-107.5961667679408,36.82970675717796],[-107.59555093735077,36.83113788971142],[-107.59435802043467,36.83176353337498],[-107.5948673463397,36.83258871490287],[-107.59400565777959,36.83346414181975],[-107.59229399446998,36.83432017458303],[-107.59092557700217,36.83470690254927],[-107.58887453200174,36.83478200296504],[-107.58459887310751,36.833941274268234],[-107.58169980481148,36.83383552875753],[-107.5806741649225,36.83391114968475],[-107.57947643736837,36.834345928918616],[-107.57896424846622,36.83419187876035],[-107.57862186723182,36.83436759735753],[-107.57691271203574,36.83441498625752],[-107.57537203707392,36.83518235405759],[-107.57365724427038,36.836891574024484],[-107.57359400968737,36.83721437469857],[-107.57297020630713,36.83789962047952],[-107.570909829351,36.83981831280206],[-107.56980384387805,36.84050266421766],[-107.56852642934729,36.84214814017083],[-107.56659833407632,36.84379214372205],[-107.56487904903601,36.84598602477912],[-107.56443833445428,36.847770700805924],[-107.56476913777253,36.8484582454011],[-107.56457958794151,36.84873253572709],[-107.56456055899827,36.84996872669269],[-107.56438188185555,36.85016391984853],[-107.56348936124915,36.850103659265166],[-107.56412848479212,36.85106662344187],[-107.5639388632006,36.851615631009174],[-107.56241495577126,36.85353519725806],[-107.56214716578803,36.853720809703205],[-107.56197672846272,36.853577831208696],[-107.56077609863544,36.85471377720834],[-107.56026288079224,36.85482146933541],[-107.55923486478484,36.85547823558819],[-107.55786811098132,36.855249972649816],[-107.55592252921444,36.85379494166426],[-107.55548056736608,36.853674676583616],[-107.55468890011483,36.85269318266968],[-107.55380538003675,36.852141671469454],[-107.55360749391072,36.85167258474005],[-107.55263477918993,36.85090267989121],[-107.55053713518822,36.84990049050421],[-107.55002429594515,36.84991045269323],[-107.54985422678854,36.84967616332787],[-107.54934202797045,36.849513363508215],[-107.54917064098161,36.84963595070826],[-107.54845685928915,36.84924443006658],[-107.5479754682395,36.849269424535464],[-107.5474638249984,36.8489592060649],[-107.5466096679024,36.84882446344481],[-107.54507169078079,36.84871562730241],[-107.54336174254779,36.84888330895481],[-107.5421626306805,36.84956597672542],[-107.54182074378134,36.849571280414786],[-107.54052524368626,36.85059875060243],[-107.5400378312087,36.85197114108962],[-107.54030774071977,36.85279596181173],[-107.53984909242773,36.85375634445651],[-107.53941063442947,36.85402283550863],[-107.5371887169465,36.85393333293317],[-107.53428505173771,36.853325671102674],[-107.53206333127581,36.85319270122547],[-107.53035315583092,36.85338561478424],[-107.5291788742569,36.85400423993482],[-107.52845486788443,36.854826539779474],[-107.52794885452799,36.856179851963354],[-107.52723194148994,36.856883782749144],[-107.52742917896639,36.8585325986466],[-107.52732076349015,36.858944396552076],[-107.5269117789682,36.85903238329367],[-107.52669872901205,36.85949222943124],[-107.52718305653741,36.86100442633967],[-107.52700637814222,36.86155340685894],[-107.52672970846785,36.86181504059622],[-107.52604542357753,36.86192556213762],[-107.5246789733506,36.86161812739459],[-107.52416567070041,36.86172293702073],[-107.5227937275284,36.86277577705138],[-107.52228012292532,36.86295254206569],[-107.52115470101272,36.86236233548028],[-107.52023167683157,36.86218998458305],[-107.5201810709569,36.86139826211608],[-107.519894866863,36.860938102488184],[-107.51853017993533,36.86021111430518],[-107.51733456964777,36.859946720453955],[-107.51579525887472,36.86011671593269],[-107.51528351670353,36.85984448595419],[-107.5148581735838,36.859186376857615],[-107.51474899636641,36.85849928959318],[-107.5154614061114,36.8581703952556],[-107.51648636717812,36.85835292532742],[-107.51720037323666,36.858093757607776],[-107.51775483198355,36.857133718080924],[-107.51779273442925,36.85630966470341],[-107.51752227811386,36.85587530089168],[-107.51666737814263,36.85548251799478],[-107.5153021686559,36.85534292777151],[-107.51427527100125,36.85563667465188],[-107.51358849909072,36.85635325205489],[-107.5132465002201,36.85637774635714],[-107.51301300029755,36.85615952165358],[-107.51309356088757,36.85300048099478],[-107.51291972437497,36.85275508313029],[-107.51239939469367,36.85455119608994],[-107.51270543832786,36.856708128404726],[-107.51324424406899,36.8569187930579],[-107.51375725642959,36.8568795256568],[-107.51478614108862,36.856111456869414],[-107.51564160628126,36.855936034613926],[-107.51666722117427,36.85595295543936],[-107.51708535733593,36.85644514384823],[-107.51707401425999,36.85699454965743],[-107.51648872840327,36.857780916160735],[-107.51512184405918,36.857605286000485],[-107.51426553247823,36.85797955519342],[-107.51397343385713,36.858497208402],[-107.51418408466135,36.85959664563436],[-107.5135394073884,36.85986963076854],[-107.51459908046056,36.85999177048873],[-107.51494377941158,36.860422836449764],[-107.51562173625858,36.86073655265768],[-107.51750306763365,36.86054414068818],[-107.51920939008139,36.86133936848371],[-107.51925828181328,36.86194526294012],[-107.51800769570926,36.86255092178931],[-107.51801298956761,36.863178195705366],[-107.51851707630648,36.863405576693104],[-107.51903004001015,36.863388142269976],[-107.52057026556325,36.863008078079595],[-107.52108075625898,36.86359767071237],[-107.52227657415885,36.86382806919572],[-107.52330346356322,36.86355602655642],[-107.52450357389098,36.86272131333535],[-107.52587007947308,36.863019649480776],[-107.5267252747685,36.86292480669915],[-107.52775265617338,36.86252223158908],[-107.52843458971024,36.862930668114],[-107.52814244946988,36.86540237794688],[-107.52690377991274,36.86814636698428],[-107.52606496577097,36.86951778890612],[-107.52490913781948,36.87075102358816],[-107.52192964545587,36.874726655045166],[-107.52051705635044,36.87605975791216],[-107.51691927244863,36.87774349420378],[-107.5155505268899,36.877931086765486],[-107.51213709294935,36.87638006430404],[-107.50803905326431,36.87501435523581],[-107.50633028059762,36.87475010234833],[-107.504790043524,36.875061383568564],[-107.50393319150417,36.87550430393184],[-107.50317048197975,36.87659904057033],[-107.50332269712864,36.877560972663474],[-107.50408781233696,36.878936679320674],[-107.50415614719904,36.880035735995286],[-107.50358443870117,36.881407734947004],[-107.5028795093501,36.881942150567596],[-107.50236712362555,36.88179610315624],[-107.5018560129216,36.881355520446434],[-107.50016462578348,36.8787883871085],[-107.49828353600289,36.87709616773018],[-107.49572307191795,36.87608434693919],[-107.4941845117043,36.87600067444765],[-107.492986436711,36.87625549747192],[-107.49178626090176,36.876980338210686],[-107.490786258965,36.87821229152615],[-107.49014353025686,36.879584021004895],[-107.48994131546668,36.88054494533793],[-107.4880191715841,36.88301182515316],[-107.48456899673879,36.8847887447369],[-107.48353971742219,36.88549237616174],[-107.48304272140905,36.88560706670888],[-107.48281053368422,36.88643053116345],[-107.48076539650044,36.88848485312533],[-107.47910009187396,36.8906776299043],[-107.47878281171606,36.890814041703116],[-107.47859657000508,36.89150027610412],[-107.47563486102128,36.893691596582755],[-107.47426480237942,36.89407744797765],[-107.4734100741266,36.8939852170414],[-107.47255414402179,36.89414878778522],[-107.471188270419,36.89364380899895],[-107.46811250787998,36.893056036377736],[-107.46606010272576,36.893065594275804],[-107.4650318388182,36.89349938531031],[-107.46434752959101,36.89353793016843],[-107.46314839449826,36.893935114950075],[-107.4621192314689,36.894548770542855],[-107.46126347376791,36.894670622947935],[-107.46127908453829,36.8950186216831],[-107.46109040141599,36.895090464531066],[-107.46057858978295,36.89482483692739],[-107.46021373816208,36.895152638981216],[-107.46040427016248,36.89550019816034],[-107.45920594605202,36.895720768019196],[-107.45917542155243,36.89514937396024],[-107.45835532237109,36.89478954073519],[-107.45767125998114,36.89477471229353],[-107.45716077215702,36.894242180500605],[-107.45683939965,36.894180489970175],[-107.45714468880364,36.89473088841889],[-107.45817505289756,36.895558293279294],[-107.45846981147959,36.8963833706743],[-107.45834005846787,36.89665767692482],[-107.45782373453952,36.89734283541928],[-107.45714375394016,36.8977097754759],[-107.45645900613778,36.897829092916076],[-107.453198554695,36.89998266723984],[-107.4521655504296,36.90133626314891],[-107.45052787190342,36.90253914749519],[-107.44980969575444,36.90377305024147],[-107.44934325136309,36.904046258895846],[-107.44942908774543,36.904321251526135],[-107.4490501959124,36.904732099472476],[-107.44906757677887,36.90514596391343],[-107.44818388695082,36.90541608227619],[-107.44855101635422,36.90582101864452],[-107.44889267107669,36.90591308876956],[-107.44923549977521,36.905771131977446],[-107.44957289495639,36.905970007313634],[-107.4494302569542,36.906381619224284],[-107.44889031221182,36.906383223467216],[-107.44846073548875,36.90679055515486],[-107.44854548535115,36.906922385522904],[-107.44905935837608,36.90678468063805],[-107.44915302736413,36.90693015334671],[-107.44884839148995,36.908302743272905],[-107.4482979096273,36.90857567554071],[-107.44863887953241,36.9089888526319],[-107.44777429792582,36.910222267346676],[-107.44799065173282,36.91077239917061],[-107.44749352031742,36.91200573075617],[-107.44718321135397,36.91228070932098],[-107.4472098556258,36.91255551076541],[-107.44554647171118,36.91461045364045],[-107.4455922545296,36.915852653197994],[-107.44542087661071,36.91591133593178],[-107.44489189602501,36.91556981658847],[-107.44505078298116,36.91598240801118],[-107.44576009789816,36.91649243071664],[-107.44618675204484,36.91722233133342],[-107.44522395030421,36.917905976189054],[-107.44506654699197,36.918311655777686],[-107.44592419601804,36.91787318133918],[-107.44660898081192,36.917785280078355],[-107.44779306356295,36.92046951302395],[-107.44938232407227,36.92231492120909],[-107.45136022862128,36.92563121455969],[-107.45279933364108,36.927270774330545],[-107.45318125400132,36.92795878272389],[-107.45336291457492,36.92892086352899],[-107.45451743708183,36.93071019281229],[-107.45470443288498,36.93126021714694],[-107.45466868375746,36.93249631623923],[-107.45435593948521,36.933594174613305],[-107.45371045543116,36.934748684623045],[-107.45346025057748,36.936063738155774],[-107.45370165339004,36.93652332019212],[-107.45472617305248,36.9369765692041]]}},{"type":"Feature","properties":{"depth_ft":175,"elevation_ft":5910.0,"major":false},"geometry":{"type":"LineString","coordinates":[[-107.60689847051961,36.878352887994055],[-107.60663102468492,36.878352378120404],[-107.60686249013824,36.878015054931446],[-107.60689847051961,36.878352887994055]]}},{"type":"Feature","properties":{"depth_ft":200,"elevation_ft":5885.0,"major":true},"geometry":{"type":"LineString","coordinates":[[-107.45127116144732,36.909187783861135],[-107.45179346285842,36.907359708008705],[-107.45166178832704,36.9061140938102],[-107.45225536119204,36.90487978073925],[-107.45253723359953,36.904743326877146],[-107.45256867692508,36.90433135476855],[-107.4533827082347,36.90378453021936],[-107.45420574251672,36.90384025488599],[-107.45563046547463,36.90228076269669],[-107.45644394981885,36.90089085339804],[-107.45970513714929,36.898575661308996],[-107.46159000759447,36.8978734526063],[-107.46279086700467,36.89713403600877],[-107.46347923479125,36.89626121909974],[-107.46570440989534,36.89590823495648],[-107.46656255395338,36.89528910240671],[-107.4669046000978,36.89529406234201],[-107.4674195536636,36.89490678493496],[-107.46827585974445,36.89466832027452],[-107.46967594716962,36.89476990133647],[-107.47135172463564,36.89524836522127],[-107.4739153186421,36.895659758439265],[-107.47729391102803,36.894518256106075],[-107.47901527328293,36.89356189562737],[-107.4797436335475,36.89282041564562],[-107.48010646522215,36.89301571239392],[-107.48015443895096,36.89219170686063],[-107.48055348440363,36.89178081813894],[-107.48089554418273,36.89095768485754],[-107.48420401946952,36.88684670792541],[-107.48661926144463,36.88520332213143],[-107.4881614265243,36.8845252561027],[-107.48853921548447,36.88452427602494],[-107.48858949925355,36.884249705417176],[-107.49107378196182,36.88247122878325],[-107.49208854408248,36.880551130457405],[-107.49260304292655,36.877805439050725],[-107.49298071953721,36.87754395605616],[-107.493837227226,36.87719822775957],[-107.49571899873169,36.87700976121196],[-107.49733718053378,36.87809363472059],[-107.49917428783912,36.88002183223859],[-107.50014605011738,36.88139814448238],[-107.4996211850698,36.88180874682541],[-107.49962988632551,36.88206204662787],[-107.50031448947425,36.88192830297728],[-107.50116628274162,36.882674770517085],[-107.50253243785764,36.88311537919402],[-107.50338773106006,36.88305647956706],[-107.50424430591384,36.88269861905923],[-107.5048190804761,36.88223530459789],[-107.50531942060007,36.881412536449815],[-107.50562190789286,36.87990242857406],[-107.50525175796125,36.87633008737718],[-107.50564047665131,36.87611872333912],[-107.50666739352889,36.875892680497216],[-107.50786354740681,36.87607868633907],[-107.51117374656118,36.8773077976088],[-107.51452068348728,36.87886084800839],[-107.51571667373446,36.87910219406166],[-107.51759867323013,36.87885692252811],[-107.52051081368404,36.87759046800154],[-107.52119418008547,36.87774195656333],[-107.5217101216178,36.87701503100954],[-107.52308171609745,36.87611537783601],[-107.52480326052877,36.87322636554747],[-107.52605320091452,36.87157813915099],[-107.52670117313274,36.871167736593456],[-107.52682175891934,36.870755971528546],[-107.52763631423454,36.86993391710637],[-107.5288713140608,36.868151423376176],[-107.52910096693753,36.867412307227866],[-107.52943730757853,36.867191360372104],[-107.53040369278335,36.86444665063155],[-107.53077357256966,36.86197513259899],[-107.53065667694008,36.86170011712979],[-107.5312026348436,36.85977848074768],[-107.53125546773765,36.8582676660741],[-107.53041604715376,36.85593042623929],[-107.53064615429605,36.855106857957516],[-107.53171507932836,36.85481378304571],[-107.53462041400438,36.85500158720453],[-107.53871764692938,36.85642373474293],[-107.53875573054766,36.85677554041199],[-107.53970170741927,36.85773939441875],[-107.53955942939642,36.8591126332592],[-107.54006869182618,36.86075390407748],[-107.54021091013459,36.85993839569152],[-107.54001300823002,36.85897639438018],[-107.54032048720579,36.85760356229131],[-107.53992462379087,36.856366354151334],[-107.54173146273406,36.854859850092176],[-107.54450763811707,36.85088321158215],[-107.54506494141094,36.85051333669308],[-107.54574925640183,36.850360368072266],[-107.54831110559178,36.85094716583113],[-107.54916360430536,36.85153715172991],[-107.5498475320027,36.85148935404963],[-107.55104176050178,36.85212450667735],[-107.55142981673411,36.852685498548354],[-107.55215656505605,36.853099297412754],[-107.55274316322256,36.85431019853474],[-107.55321900001918,36.85447539763003],[-107.5535064896253,36.85488815225681],[-107.55362210313902,36.85543786100807],[-107.55300157476637,36.85598583582048],[-107.5530742323949,36.85612336628777],[-107.55376271500218,36.85598849861578],[-107.55410410427321,36.85612765486227],[-107.55523284371667,36.85722730912997],[-107.55615004837404,36.85763206974077],[-107.55717542767724,36.857723548275665],[-107.55803113711735,36.85745829138051],[-107.55820143129588,36.857641541754965],[-107.55871542145675,36.85732405889008],[-107.5624797395707,36.856359948295555],[-107.56285081194173,36.85655809209088],[-107.56247904283568,36.85751875959141],[-107.56262630791389,36.85834324982617],[-107.56281442496552,36.85840628509491],[-107.56315318637219,36.85655877975147],[-107.56299457428392,36.85579519963141],[-107.56374044625709,36.855598598885344],[-107.56539272472422,36.85439490993193],[-107.5666532040985,36.853819499449536],[-107.56772674490081,36.850113202410085],[-107.56782936286893,36.84887719759605],[-107.56822386281632,36.848465999947116],[-107.56862027349568,36.847230648902716],[-107.56932906003236,36.84627070921499],[-107.56978797032407,36.84599700860584],[-107.57055426103801,36.84469228940101],[-107.57158173609605,36.84412336801088],[-107.57346404504847,36.84348101234134],[-107.57380593364566,36.84346661109078],[-107.57534225342913,36.84404994344338],[-107.57483420311128,36.84339825842528],[-107.57478522109233,36.84298607339151],[-107.57705936744456,36.8416820613765],[-107.57915223659441,36.839424141760894],[-107.58031611464074,36.838845763617456],[-107.58202575848775,36.83867855687497],[-107.58270907853328,36.83877577063105],[-107.58305278013013,36.8381980196253],[-107.584080125913,36.837613631844874],[-107.58510627609039,36.83739439183816],[-107.585788215309,36.83791776102907],[-107.58647254958454,36.83769878261638],[-107.58766671213496,36.83838274677231],[-107.5881793726931,36.83840325676459],[-107.58851969587361,36.838872086201526],[-107.59022598486708,36.83975948404657],[-107.59141695839436,36.839312371028136],[-107.59100858945781,36.8390368200832],[-107.59125430538563,36.83885520206659],[-107.59159606931527,36.83887285068361],[-107.59227825577659,36.839335723580234],[-107.59279179451686,36.83907825404018],[-107.5941589647671,36.839114116932755],[-107.59423139625466,36.83876862589443],[-107.59484422281946,36.83859340833739],[-107.59501633689818,36.83820505562791],[-107.59617495478999,36.83781100095232],[-107.59856235663739,36.83603006287897],[-107.60084358486617,36.832797776828315],[-107.60172677209916,36.83040451690492],[-107.60173210300279,36.82916828823824],[-107.60256791879878,36.82768010219709],[-107.60273907713537,36.827588989471586],[-107.60307995869006,36.8278852972384],[-107.60321621497626,36.82779757049638],[-107.60319409829626,36.82724808788787],[-107.60366951863786,36.82711164715474],[-107.60358327606824,36.826836760616565],[-107.60376723215309,36.82663610447424],[-107.60388513796559,36.82711206342835],[-107.60427788522897,36.82730529889207],[-107.60445157554403,36.82636315046647],[-107.60606317321266,36.827253606375855],[-107.60769401870768,36.82783261649787],[-107.60853024423784,36.82849453588973],[-107.60899437482766,36.829456932022175],[-107.6094309784475,36.831243433718406],[-107.60934580792642,36.83247951210555],[-107.6088448048923,36.83440160483822],[-107.60659006263216,36.83906755764714],[-107.60625103367184,36.84057786700055],[-107.60522958057385,36.84304838485348],[-107.60521716420149,36.84400987813363],[-107.60388319731415,36.845024417293025],[-107.60304092971445,36.846752873178154],[-107.60240292261861,36.84881202774021],[-107.60242283217603,36.84977358253223],[-107.60222970271633,36.85004792609574],[-107.60172701704204,36.85334357309138],[-107.60177666760539,36.85485462247525],[-107.60270099767568,36.85911455676238],[-107.60506651047966,36.861728947677165],[-107.60554051483169,36.86252319869348],[-107.60573714394789,36.86255438862952],[-107.60577430625725,36.86324125548139],[-107.60517234389827,36.864751051742424],[-107.60757311675988,36.868963787324],[-107.60787424689251,36.870113210166856],[-107.6078913901367,36.87286042162348],[-107.60718629688184,36.874370029914836],[-107.60712544871895,36.87491934960259],[-107.60686967050206,36.87546829792429],[-107.60652736923451,36.87569065594454],[-107.60664069136486,36.87601729676035],[-107.60646073958951,36.87629167104443],[-107.6060185544809,36.876565543756946],[-107.60574616500342,36.87738917533024],[-107.60515332080452,36.87774589316618],[-107.60413566710503,36.878897026912846],[-107.60497984159514,36.87857983304728],[-107.60634804675435,36.878505819027694],[-107.60686301840416,36.87783614192058],[-107.60788971029643,36.87759382855033],[-107.61017626795662,36.87506247610844],[-107.610234398187,36.87437579085294],[-107.60983883681975,36.873550894284065],[-107.60958678098133,36.873413061121084],[-107.61037693950402,36.87300246931856],[-107.61092258730503,36.87190462021896],[-107.610668449488,36.86956904184973],[-107.61018882935429,36.868194552208855],[-107.60951872452829,36.86736913800882],[-107.60915600227639,36.866544300092215],[-107.6088121060454,36.864345905543],[-107.60701083565603,36.86063379224109],[-107.60671368342067,36.859396993196704],[-107.60416814175119,36.8567822871209],[-107.60398187119903,36.85623249073526],[-107.60562897101292,36.85293903334796],[-107.60623270099693,36.85060507850036],[-107.60623832511746,36.84978093263488],[-107.60660482028614,36.849479201140774],[-107.60727202652457,36.84937082450097],[-107.60660594316307,36.84909894007655],[-107.60609260056876,36.84928303113419],[-107.60592226632123,36.84908087405623],[-107.60574541891744,36.84813167645019],[-107.60609992811774,36.84680701188374],[-107.60661524076075,36.84595004355418],[-107.6069654841665,36.845936253784274],[-107.60764366295643,36.84497395785562],[-107.60801390181302,36.84511408821411],[-107.60798639065736,36.84467377218345],[-107.60877872176168,36.84387929916337],[-107.60915975186924,36.84305586067276],[-107.60969915702223,36.8434585227257],[-107.61016715875132,36.84319511561178],[-107.6098964574291,36.84291988793426],[-107.60981895822842,36.84237030377825],[-107.61026378193509,36.84223377961932],[-107.6100082947493,36.84140914213495],[-107.61021842249875,36.84121928479297],[-107.61124449340815,36.84101852341462],[-107.61157270522034,36.840725272228404],[-107.61158844289524,36.84028413994862],[-107.6108928342958,36.84003720375588],[-107.61086298192328,36.83935034944808],[-107.61193909566241,36.8372218247234],[-107.612452713545,36.83690905492873],[-107.61296521967338,36.836982364398324],[-107.61323849604887,36.83660757614216],[-107.61332405258516,36.83619565517585],[-107.61275928581479,36.835919889189285],[-107.6131724713546,36.835371215862516],[-107.61331372553727,36.83464501558692],[-107.6138253780873,36.83501206222642],[-107.61412959717052,36.83468618532056],[-107.61451981346464,36.83331330579776],[-107.61403197702562,36.832900327448186],[-107.614686439504,36.83270887763864],[-107.61508995099523,36.83207811492484],[-107.61589482672089,36.831942229705916],[-107.61569573858294,36.8316671456818],[-107.61470261012926,36.83125324399734],[-107.61459945727468,36.83029153493319],[-107.61423456309072,36.83015350318218],[-107.61455011916009,36.829055204775685],[-107.61431576592575,36.82781853369291],[-107.61500025860406,36.827545072585686],[-107.6140749573399,36.827406009951396],[-107.61372175500793,36.82671855817501],[-107.61385049269632,36.82622078896082],[-107.61332725305842,36.82616838888223],[-107.6129840548003,36.825343593273104],[-107.61302647891097,36.82493159178597],[-107.61252324908472,36.82479329831615],[-107.61182997228946,36.823967848602265],[-107.61181009549016,36.823555731391],[-107.61146574855874,36.82358847189198],[-107.61078349115289,36.8231581945665],[-107.61129972242352,36.82190979187526],[-107.610614335841,36.822564810007044],[-107.60993069830684,36.82261409581309],[-107.60901493660077,36.821764810211164],[-107.60932665938198,36.82121595742243],[-107.60890987345391,36.82110135837347],[-107.60822562009832,36.82136498847526],[-107.6061366546315,36.82066046482118],[-107.6028390818725,36.816808034376244],[-107.60212426210622,36.815707765037544],[-107.60106845713933,36.81494014026689],[-107.59903819093047,36.8143281225434],[-107.59885072606949,36.814053032558824],[-107.59936365914317,36.813702085746165],[-107.59941060006001,36.81405413518245],[-107.60004510800678,36.81435013550651],[-107.60107215716033,36.81371543165696],[-107.60158380618354,36.81401817038069],[-107.60155864726329,36.81433306162871],[-107.60175338448592,36.81444185467318],[-107.6032924500931,36.813985260584175],[-107.6048328685624,36.81306733910778],[-107.60534457344647,36.81335479750141],[-107.60557866292147,36.813791387626836],[-107.60653766241846,36.814331963667364],[-107.60632862506608,36.81296865986177],[-107.60598115152939,36.81283063577773],[-107.6059466165282,36.81228112853182],[-107.60617069975943,36.8120068361531],[-107.60688642840839,36.81193654715737],[-107.60762374370188,36.81091072016894],[-107.60851931011605,36.80926409210303],[-107.60875210693966,36.808028288327215],[-107.60827939421179,36.805692267202055],[-107.60735127750195,36.80417954195868],[-107.60734560808798,36.80211912330252],[-107.60777074880207,36.80168532159641],[-107.60845398910932,36.801708697120844],[-107.61119539423618,36.79887990303227],[-107.61124380509457,36.797868287521545],[-107.61000354991324,36.797535807022854],[-107.60966266180564,36.79727861813142],[-107.60880822871553,36.79739722955176],[-107.60693065363604,36.79691509830714],[-107.60624658110574,36.79718823116151],[-107.60505090107382,36.79717470438577],[-107.6045370079513,36.797659445243944],[-107.60265610185606,36.798294990633295],[-107.60231245717664,36.79896275022486],[-107.60146239973895,36.79963530896937],[-107.60123459361519,36.80142055204161],[-107.60080586856321,36.801694435713166],[-107.60003051514774,36.80279180151864],[-107.59959098360315,36.8029282990224],[-107.59962571114511,36.80334044878238],[-107.6003552840454,36.803616601180266],[-107.59973449875322,36.804113240520245],[-107.59922234592982,36.80399998472463],[-107.59918386002359,36.80416374264322],[-107.5995612501076,36.804908103191295],[-107.60092932532785,36.80444453618168],[-107.60178222678603,36.80486465046376],[-107.60188036087379,36.80499318372723],[-107.60111225859251,36.80567848872355],[-107.60143659162222,36.8061801570725],[-107.60177929279341,36.805839102227864],[-107.60263403600443,36.8056519728011],[-107.60282295049609,36.80664333979597],[-107.60256528066603,36.80678020052642],[-107.60194654444166,36.80787788164221],[-107.60143446994883,36.80815160503499],[-107.60136403098099,36.80842618844437],[-107.60098099248934,36.808562801087206],[-107.60057359991231,36.809089523663324],[-107.59988945837912,36.80934222919215],[-107.59818031441102,36.80957195812755],[-107.59630111278884,36.80954293139995],[-107.5939080089631,36.8099539418308],[-107.59188828419146,36.81129189517051],[-107.59082350327883,36.81289845412067],[-107.59048174024397,36.81291713482427],[-107.58945806826895,36.812463055978355],[-107.5887746398115,36.81247069353767],[-107.58809048354041,36.81270646259686],[-107.58673126016684,36.81402851821622],[-107.586500046998,36.81485219976431],[-107.58483956589238,36.81417229975198],[-107.58364404269261,36.81403049553183],[-107.58261733498837,36.81451519812384],[-107.5819312114096,36.815341237394044],[-107.58056554709182,36.814977806672104],[-107.57936828437066,36.81536119993988],[-107.57749447329117,36.813672195625166],[-107.57544417405062,36.8136886125696],[-107.57424963033054,36.813263600023475],[-107.57410218264214,36.81345221819528],[-107.5745541449336,36.81386528311857],[-107.57577400671191,36.814280011921234],[-107.575522905711,36.81510362881713],[-107.57342809767951,36.81551114935087],[-107.57187950405165,36.81674399579291],[-107.57099337878601,36.81620852514833],[-107.56996933194847,36.81588483589269],[-107.569119485949,36.81591373484135],[-107.56860118211384,36.81625689738529],[-107.56723701993496,36.81547313229778],[-107.56613578806902,36.81549498781596],[-107.56706537481452,36.81570048776663],[-107.5677475050495,36.816077466631555],[-107.56807567318326,36.81632349142516],[-107.56791600981244,36.816759328500915],[-107.56877009755519,36.816821744606465],[-107.56962613411653,36.81631647637328],[-107.57082107413724,36.81663177822945],[-107.57201388466362,36.81757639440906],[-107.5725761144347,36.81715760565998],[-107.5728606665523,36.8166087888478],[-107.57355622693188,36.81622077102439],[-107.57577783178924,36.81609139417901],[-107.5768076362369,36.81469785471826],[-107.57714890477843,36.81483090875796],[-107.57803998536465,36.81593322003373],[-107.57816756991802,36.81678090969691],[-107.57867907871021,36.81710481395793],[-107.57953296477218,36.81723218687163],[-107.5800459759662,36.81710278435063],[-107.58073201096902,36.81631467650234],[-107.58226867894756,36.81664174051972],[-107.5836355212846,36.81665408720024],[-107.58385114155115,36.8163576339631],[-107.58381126926824,36.815148277531456],[-107.58432381835537,36.81515503338856],[-107.58510779061267,36.815673462883765],[-107.58585912327595,36.81590311066108],[-107.58688416503317,36.81593751621288],[-107.58791012910707,36.815683315701044],[-107.58848921984696,36.8141695108903],[-107.58894084656835,36.81393173589206],[-107.58935783566963,36.81403393589036],[-107.58976445438735,36.814721570496104],[-107.5903042342713,36.81502207245306],[-107.59201089651062,36.81562897295112],[-107.59235276880335,36.81557916981238],[-107.59404124541136,36.81706537656672],[-107.59450236688194,36.81816518481992],[-107.59594929942492,36.81967904348603],[-107.59695153560085,36.82026166975438],[-107.59763483446967,36.820318655036914],[-107.5984875466072,36.820852304549504],[-107.5986596721934,36.820440978724804],[-107.59968414459537,36.82068455892561],[-107.59982115759006,36.82092295074068],[-107.59949557845897,36.82298271198225],[-107.59693260667963,36.82641570828449],[-107.5965906824657,36.82646765779025],[-107.59630306342099,36.82682247075617],[-107.59624964393814,36.827371804020785],[-107.59659462806908,36.82764721125325],[-107.59674504285859,36.82819695033099],[-107.59663291820745,36.82915824651868],[-107.59583902533738,36.83121706148043],[-107.59492181438478,36.831627305381],[-107.59486112067329,36.831901903323875],[-107.59520907684377,36.83203996052911],[-107.59529958218312,36.83231486139735],[-107.59452240004173,36.8334121813644],[-107.59212233119923,36.834563378882756],[-107.59092503700852,36.834878032409186],[-107.58887407787843,36.83492471179255],[-107.58443346656338,36.83405617379583],[-107.5810157603808,36.83397263456459],[-107.57947600941752,36.83447543628861],[-107.57896349647066,36.83441899170529],[-107.57776634486073,36.83467536413744],[-107.57691219752643,36.83456913089541],[-107.57554246035888,36.83532486161883],[-107.57496231477363,36.83611847885582],[-107.57463257932517,36.83625512150685],[-107.57497598151402,36.836530587551195],[-107.57498388145984,36.83680532403291],[-107.57442044160692,36.836804098361114],[-107.57434012021339,36.83711261563612],[-107.57382688230288,36.83726669331947],[-107.57365417269929,36.837800166900145],[-107.57279824674168,36.83820978511721],[-107.57243665693022,36.838585436847666],[-107.57226175043012,36.838859772101955],[-107.5725088851603,36.83927239331418],[-107.57159459828986,36.84034936598893],[-107.57073828658804,36.84086027388143],[-107.57046921012478,36.84036677766364],[-107.57003653719528,36.84050317978271],[-107.56887461305871,36.84201155569263],[-107.56662591538088,36.84386444664101],[-107.56497283473044,36.845986236526166],[-107.5646214050829,36.84749639601222],[-107.56488087790066,36.848458497786396],[-107.5646828057282,36.84873276903206],[-107.56465544456866,36.8499689411854],[-107.56452368807474,36.85024336195261],[-107.5636899113386,36.850241473645596],[-107.56426766415032,36.85106693854594],[-107.56417844182147,36.85175353297932],[-107.5643747314769,36.85220506166465],[-107.56384640779467,36.85271429556651],[-107.56333582304805,36.85285049621769],[-107.5631739551484,36.85339883971946],[-107.56283201848326,36.85341378499885],[-107.56077564094666,36.85484268493845],[-107.5592344802494,36.855585927792276],[-107.55752529916177,36.855505923301514],[-107.5568441712563,36.85476774207576],[-107.55667281668136,36.85488138057749],[-107.55642008578185,36.85475761611014],[-107.55578088436827,36.85393197022312],[-107.55536456074695,36.853793638226456],[-107.55462905429894,36.85279327214517],[-107.55330536674667,36.85186577618545],[-107.55340247221851,36.851591286412635],[-107.55241384092777,36.85087623455453],[-107.55190101708426,36.85088027738638],[-107.55187892208407,36.85062617417877],[-107.55156008305758,36.85062451126351],[-107.55087797414855,36.85018029983006],[-107.55050598271572,36.85021083784533],[-107.55053663183945,36.8500371493638],[-107.55003884195239,36.85007236625131],[-107.5498537814316,36.84979678718857],[-107.54951172908389,36.849846696052104],[-107.54695099117669,36.84896930408729],[-107.54507137878363,36.848798731954396],[-107.5433612964583,36.84900142938207],[-107.54147681304269,36.85011425180497],[-107.54164936064144,36.850326795691856],[-107.54134669916618,36.851699644834],[-107.54057187403087,36.85128566152676],[-107.54058052288973,36.851697760434284],[-107.54112924194573,36.852111188087676],[-107.54115418320406,36.85238596776737],[-107.54061003260288,36.85328980507735],[-107.53941020594348,36.85413474850216],[-107.53718831585981,36.85403730408748],[-107.53428473844808,36.85340609645594],[-107.53206297265997,36.853284083878876],[-107.53035289407494,36.853451938639324],[-107.52930733942664,36.854004568567085],[-107.52859386488824,36.85482689619709],[-107.52767469899365,36.85688492208574],[-107.52818809715333,36.85661152306084],[-107.52851376935254,36.85674971768315],[-107.52913626366917,36.85850819505072],[-107.52845094889554,36.85888628339423],[-107.52776254307005,36.86003907529991],[-107.52729752494871,36.860043208488186],[-107.52767157106965,36.86059360675545],[-107.52732715702395,36.86141687419858],[-107.52672922762815,36.861935398928104],[-107.52587412496392,36.86200987548445],[-107.52467853338926,36.86172752263238],[-107.5241652494931,36.861827494846345],[-107.52279332986903,36.86287404960974],[-107.5221088151021,36.86303754323264],[-107.52124415182902,36.862499929261624],[-107.52017517255274,36.86222239992195],[-107.51989419949147,36.86110151366063],[-107.51888037285148,36.86043331586487],[-107.5173342151973,36.8600328105176],[-107.5159657508334,36.86022912073765],[-107.51545344758509,36.86009203369403],[-107.51483058217747,36.8593236618588],[-107.51466769384777,36.85849907165855],[-107.51529066535149,36.85811931302474],[-107.51648668953338,36.85827483539456],[-107.51703665572182,36.858093322077885],[-107.51759949585886,36.85713330558171],[-107.51769140373568,36.85631832562227],[-107.51649787794838,36.85556427666018],[-107.5153014858232,36.85550774381824],[-107.51443542120873,36.85575126918247],[-107.51427303578981,36.85617444278663],[-107.51478716739044,36.85586414302476],[-107.51666775473814,36.85582361532835],[-107.51712978721108,36.85617054403165],[-107.51719607684268,36.85672015636562],[-107.51694749611514,36.85740628993248],[-107.51648833803954,36.85787548328469],[-107.51512146033076,36.85769784697277],[-107.514312337233,36.858086041607464],[-107.51409861182768,36.858634903597704],[-107.51433353086965,36.85945968787873],[-107.51404950377372,36.859871002043114],[-107.51459944472063,36.859904056925956],[-107.515610917525,36.86069933938661],[-107.5175032892428,36.860490287824355],[-107.51920958658773,36.861291357809726],[-107.51935383863963,36.86194551539658],[-107.51810581086045,36.862629006479246],[-107.51816978101702,36.8630412526947],[-107.5185176151892,36.86327421536701],[-107.52057054662056,36.86293911518075],[-107.52108566204116,36.86346102508686],[-107.52244798562411,36.86371787606075],[-107.52325630343911,36.86346670758229],[-107.52450394767037,36.86262843012401],[-107.52484607279813,36.86257859154164],[-107.52587062827448,36.86288266896666],[-107.52672571594276,36.86281438240076],[-107.52787896159843,36.8622424470253],[-107.52881262835645,36.861145971323715],[-107.52894230626404,36.86018479083489],[-107.52947208974577,36.86004407018123],[-107.52893821623289,36.86375611226296],[-107.52830928377627,36.86595224153545],[-107.52613896070204,36.86951798018097],[-107.52498097230911,36.87075120997989],[-107.52206110450152,36.874798687393074],[-107.52102781501007,36.87582315729879],[-107.51880295233659,36.877079376814734],[-107.5169186748672,36.87788835191471],[-107.51589184202832,36.87809485188238],[-107.5149983032197,36.87786753766641],[-107.51354143733046,36.87703947531298],[-107.51111237623547,36.87608460163524],[-107.50786791981596,36.87504818359714],[-107.50632993661611,36.87483079451687],[-107.50478973345885,36.875133777733794],[-107.50393261392047,36.87563880528171],[-107.50332105597825,36.87646210029987],[-107.50344319445563,36.87756130720667],[-107.5042110019179,36.878937020548726],[-107.50427903636516,36.88003607632446],[-107.50365332389518,36.881407926067304],[-107.50287906929336,36.882044275489996],[-107.50236655840307,36.88192707308736],[-107.50188514397692,36.881540366020396],[-107.5000591596722,36.87878809139071],[-107.49818703834099,36.87713452534366],[-107.49572277456328,36.87615190636078],[-107.49401315219409,36.87608374157762],[-107.4929860057577,36.876352622706655],[-107.49180700253288,36.877116361982495],[-107.49097482526513,36.87821283489426],[-107.48999343476818,36.88095717093694],[-107.48885481528477,36.88244505756713],[-107.48748200970067,36.88349928514],[-107.48531051579423,36.88451486421445],[-107.4832669203107,36.88574508557446],[-107.48289405339398,36.886568135669044],[-107.48090203301986,36.888622616566074],[-107.47872705581017,36.891500665577084],[-107.4752904959451,36.89418450289404],[-107.4730661464396,36.894381736877996],[-107.47101669924268,36.893758036414866],[-107.46795871925495,36.89311633804594],[-107.46708585083543,36.893155948217164],[-107.4651841785116,36.89365720593112],[-107.4646876659594,36.89393835022521],[-107.4629756655645,36.89428636352981],[-107.45937446807379,36.89623602580476],[-107.45872769007926,36.89583475257262],[-107.4589315447461,36.89652218433266],[-107.45807063973767,36.89734361546911],[-107.45731436855536,36.8977965393311],[-107.45647209336377,36.89802534509067],[-107.45351434569733,36.89993893569437],[-107.45285334775703,36.90061036374195],[-107.45240345214333,36.90144631417822],[-107.45160091329757,36.90199316920168],[-107.45044458753618,36.90343367531613],[-107.45020353758079,36.9040490361751],[-107.45032460548119,36.90501092984469],[-107.44964351859626,36.90693173840388],[-107.4501221560176,36.90803214359149],[-107.45006032862885,36.90830665921537],[-107.4505769597192,36.9085830398229],[-107.45075814748117,36.90915101078651],[-107.45127116144732,36.909187783861135]]}},{"type":"Feature","properties":{"depth_ft":225,"elevation_ft":5860.0,"major":false},"geometry":{"type":"LineString","coordinates":[[-107.4799219485472,36.891240079429906],[-107.48026511975306,36.89099704517653],[-107.48060690453448,36.891054873645174],[-107.48507828816226,36.88561297882407],[-107.48590802673438,36.884928687286006],[-107.48799261562937,36.88403671957122],[-107.48833419113264,36.88413549073802],[-107.4885064402602,36.88385996629663],[-107.48987691278623,36.883324975435556],[-107.4909124096124,36.8824707639095],[-107.49195833393757,36.88055075649044],[-107.49254153754099,36.877667904278276],[-107.49397447341126,36.87684785410409],[-107.49589042165455,36.8769123339735],[-107.49725426794377,36.87784954314273],[-107.49791619921042,36.878369987188535],[-107.49988050726067,36.88071060783862],[-107.5002427788448,36.88139841564127],[-107.49986072548833,36.881809419244036],[-107.50031495727995,36.88182057389793],[-107.5011667912292,36.88255737585696],[-107.50253280041855,36.883031330387],[-107.50338819758494,36.882948049196216],[-107.5041293350294,36.88264547092534],[-107.50510404523547,36.881599532719854],[-107.50548536062087,36.879902051955796],[-107.50516452209399,36.876329846522346],[-107.50598369116824,36.87583055723489],[-107.50769321233443,36.875923875825066],[-107.51264407374903,36.877814724978236],[-107.51452118944631,36.87873912709501],[-107.51571709901195,36.87899949877181],[-107.51742775658245,36.87883704238601],[-107.52051123990725,36.87748596119286],[-107.52116138437998,36.87747181084462],[-107.5217106645853,36.87688138408045],[-107.52297758682258,36.87610298212739],[-107.52497565934449,36.872674217714234],[-107.52600753147426,36.871386935518046],[-107.5265215063171,36.871129609396476],[-107.52674984268695,36.87061842732851],[-107.52819673213116,36.868973846014704],[-107.52963436471323,36.86636771118979],[-107.53032361465121,36.864309087644926],[-107.5306266724867,36.861150604969325],[-107.5310897757882,36.85964083484899],[-107.53109862660523,36.85799254935506],[-107.53033083223751,36.85593020905345],[-107.53051787123421,36.854964102582656],[-107.53171566911615,36.85466367456045],[-107.53410842073907,36.85478529599649],[-107.53598707741317,36.85523399679318],[-107.53769357095759,36.8560041908265],[-107.53888914732467,36.856279892571294],[-107.53979377257367,36.85773962180723],[-107.53967734653179,36.858975565606],[-107.53990187928032,36.85966954609992],[-107.53985823457737,36.85897601235007],[-107.5402171454769,36.85760330750459],[-107.53974367695358,36.856335313477146],[-107.54183182049854,36.85458537797341],[-107.54437861820577,36.85074553880733],[-107.54506564209706,36.85032671486223],[-107.54574964775696,36.850255885533635],[-107.54899496024643,36.85091781060201],[-107.55155473944394,36.85208047983534],[-107.55274627886894,36.85345776824943],[-107.55290818711043,36.854199946449704],[-107.55346452528067,36.854475975945654],[-107.5537789964872,36.855300870930414],[-107.55342613805026,36.85584947717443],[-107.55427513512103,36.856104877460275],[-107.55512652925798,36.85702803951404],[-107.55597971433222,36.85746121508185],[-107.55734665750443,36.8576461705567],[-107.56196696336222,36.85634026866584],[-107.56265076542088,36.8563380398743],[-107.56295938784326,36.85655833910294],[-107.56282011597484,36.85679148641294],[-107.56299103083317,36.85680133865493],[-107.56277977998803,36.85600849377445],[-107.5629951528774,36.855630907137865],[-107.56372698074065,36.855461209158825],[-107.56647772266028,36.85368174640457],[-107.56760914438449,36.850112939596066],[-107.5673679057518,36.84860144736417],[-107.56783116831778,36.848465123554554],[-107.56761717765495,36.84818992670627],[-107.56769331560226,36.847778018744286],[-107.56877431206827,36.84558267884601],[-107.56918252795516,36.8459574582911],[-107.56952461256212,36.84588943605904],[-107.56952746801711,36.845058241052186],[-107.57055525615769,36.844401475954776],[-107.57209567652673,36.84377758156543],[-107.5738063809259,36.84333425490873],[-107.5746598777748,36.84366123542482],[-107.57480641414499,36.84353555749839],[-107.57462435492586,36.842985723435],[-107.57698776167075,36.84161724768352],[-107.57968379345539,36.838875838564114],[-107.58031688711516,36.838611256394195],[-107.58202616901774,36.838553080193456],[-107.58253821647388,36.83876123255358],[-107.58287377742509,36.83805844370019],[-107.5840808739866,36.837383092357975],[-107.58527756303101,36.8372765709353],[-107.58578925821234,36.83759414675488],[-107.5863023699506,36.837472564410305],[-107.58783836615972,36.83814953657853],[-107.58835115049713,36.83813076355303],[-107.5886863085266,36.83875734476816],[-107.59022647729991,36.8396039032512],[-107.5908534461732,36.839311223058154],[-107.59032997261819,36.83889807531981],[-107.59091486359475,36.8381018269232],[-107.59125631460924,36.8382176763311],[-107.5915985007238,36.838100273045455],[-107.59210998536318,36.83849497518724],[-107.59228151929375,36.83829582025243],[-107.59279438404856,36.8382513477431],[-107.59398867874353,36.83891376876607],[-107.5944161246326,36.83821955857004],[-107.5942269230362,36.83794445884578],[-107.59467757507183,36.83722185334156],[-107.59484874968769,36.837135369940725],[-107.59553165435742,36.837367629785454],[-107.59621572096857,36.837224818506314],[-107.59673028089509,36.83662694268805],[-107.59707138340914,36.83685683801158],[-107.59818982195335,36.83616668641506],[-107.60074829550585,36.83273772435829],[-107.60160312470364,36.83040427598717],[-107.60146637825653,36.82957985006295],[-107.60231470395033,36.82765846241591],[-107.60354709979428,36.82656197076875],[-107.60428127242183,36.826168942463276],[-107.60752382857416,36.82759606510271],[-107.6086570338338,36.82849477553668],[-107.60933773778999,36.83014437894493],[-107.60955017608883,36.83193045749298],[-107.6088856505756,36.83467640156062],[-107.60673625283934,36.83906783636685],[-107.60622963004879,36.84098990507411],[-107.60629524998457,36.841402109335185],[-107.60594411214913,36.8417036280606],[-107.60551676479785,36.84277421632153],[-107.6054965871831,36.844147773540215],[-107.60416082665783,36.84496936345432],[-107.60313290814115,36.84689041082518],[-107.60306230705505,36.84771443105118],[-107.60255332413979,36.8488123198121],[-107.60264857519326,36.849774020808276],[-107.60238349030837,36.850185584395064],[-107.60198594191515,36.852107843003694],[-107.60188416167044,36.854854831821555],[-107.60252540404488,36.858152701325096],[-107.60293695482197,36.859252373567905],[-107.60468965985686,36.8611948719824],[-107.60486125833854,36.86098023251964],[-107.60511836187489,36.86104225137716],[-107.60503081279577,36.86145240882279],[-107.60554123211165,36.86228154338043],[-107.60576967149693,36.86227973260681],[-107.60562591474668,36.862416816447016],[-107.60585513112832,36.86255461449258],[-107.60595327211185,36.86324159797653],[-107.60546808573551,36.864751619078255],[-107.60604620861959,36.864952087273764],[-107.60660640998842,36.86557795045134],[-107.60672627145928,36.86624184414204],[-107.60706869528016,36.866078286703825],[-107.60785817012744,36.8664044860892],[-107.60809168109326,36.86704464583969],[-107.60877634524137,36.86678020482564],[-107.60880722721092,36.865307410050605],[-107.60833709528637,36.86393292996255],[-107.60844318055746,36.86378462596389],[-107.60736334451246,36.861733336381455],[-107.6066013051912,36.85953413811356],[-107.60407121080507,36.85678210020954],[-107.60391565573553,36.8560950036673],[-107.60546446804646,36.852938718125024],[-107.60610893981406,36.85046748257609],[-107.60608378112296,36.849780637303574],[-107.60657748457422,36.849232142252475],[-107.60609214930588,36.84943550543406],[-107.60567408787252,36.84881833723483],[-107.60591365788567,36.846895762951995],[-107.60644440622809,36.84591922905949],[-107.60720026874655,36.84524990289669],[-107.6088466237731,36.842751403555795],[-107.60918851457092,36.84273294841775],[-107.60952957896367,36.84299802258805],[-107.60960774315747,36.842781985350996],[-107.6097882459244,36.841820807506146],[-107.60900439442567,36.83975893613188],[-107.60902678375736,36.83958711683103],[-107.60936883404285,36.839509119026104],[-107.60970978044816,36.83981003536201],[-107.60972103756599,36.839485566811135],[-107.609028506982,36.838997031500334],[-107.60900917930012,36.83838534816496],[-107.61039935008124,36.83776969532819],[-107.61177130443619,36.83614186696303],[-107.61236022529916,36.83633122750401],[-107.61197002228339,36.83578106252997],[-107.61259376977276,36.83454598402752],[-107.61269639558269,36.83372201557619],[-107.61401670545365,36.83386181818965],[-107.61382975751378,36.83347933604285],[-107.61314808948453,36.8330360537197],[-107.61336993713573,36.83234966505881],[-107.61485903074896,36.83211278132141],[-107.6156057228518,36.83180434076554],[-107.61486070543421,36.831523847835825],[-107.6134763193327,36.8315257025624],[-107.6133240701487,36.831032759292256],[-107.61387610407647,36.8305649218494],[-107.61337075269462,36.83042662812555],[-107.61334835041788,36.83015186685166],[-107.61352622284386,36.829190676308905],[-107.61387319888291,36.829053957295294],[-107.61411193134848,36.82850495788575],[-107.61409824068494,36.827818132817285],[-107.61333128928213,36.827954076202865],[-107.61312261670435,36.827541610004495],[-107.61330771935566,36.8269925127365],[-107.6128985774086,36.82685439494915],[-107.61341650489443,36.82644327400059],[-107.61282599942946,36.8259430453295],[-107.61266862467313,36.825205648293014],[-107.61231475531856,36.82545656773062],[-107.61217074069425,36.82534208331369],[-107.6120822105362,36.82465511845179],[-107.61143898706023,36.824241839731854],[-107.61146437528747,36.82406415691085],[-107.61095176206301,36.82405811274698],[-107.61078177039674,36.82375242455204],[-107.61018394686498,36.82355269080441],[-107.61046413347013,36.82286641593467],[-107.60975081007203,36.82313979697557],[-107.60877672309677,36.82231380096719],[-107.60856651573073,36.821654332201916],[-107.6077102841715,36.82229266450708],[-107.6074605359373,36.82217394803511],[-107.60754057390582,36.82189689902502],[-107.6061751406486,36.82137472186577],[-107.60549330280894,36.82081952866496],[-107.60552607688136,36.82038457642868],[-107.60515462424543,36.81978850656711],[-107.60209071452356,36.815898312195955],[-107.60038516332932,36.81489640035684],[-107.59816573937427,36.81433727578319],[-107.597921842323,36.81405119738787],[-107.59802778571479,36.81377668656171],[-107.59885271486401,36.81317183569116],[-107.59987916601514,36.812732105651925],[-107.60039089414208,36.813005028678575],[-107.60073364632544,36.812658752420525],[-107.60192924800768,36.81277801300182],[-107.60209838260722,36.81334895811155],[-107.60261226629207,36.81290759449882],[-107.60278261551812,36.81307528277661],[-107.60299788441108,36.81282489499685],[-107.60380855821829,36.812797933458626],[-107.60453677027829,36.8125531450668],[-107.60505289060019,36.81255413692315],[-107.6053459990477,36.81287405340477],[-107.60566519905773,36.81214322979924],[-107.60678570339537,36.81173328868179],[-107.60753848374367,36.81091055832059],[-107.60844779376883,36.80926395688902],[-107.60869274165881,36.80789081578954],[-107.60827130614958,36.8057601868528],[-107.60731982639098,36.8041794821944],[-107.6071973972077,36.80211884159417],[-107.60777125775404,36.80151177312697],[-107.60845507850604,36.80133609156362],[-107.61085369803641,36.79889868271953],[-107.61108364984742,36.798554791612936],[-107.61102744278631,36.79788698613303],[-107.60966239172804,36.79737150570108],[-107.60880797756334,36.7974832790492],[-107.606930389803,36.79700474441462],[-107.60590457000676,36.79731566957543],[-107.60505059503491,36.79727783406794],[-107.60453684594454,36.797713915129044],[-107.60265581576843,36.79839039234035],[-107.60231190932608,36.79914516548122],[-107.60162673283953,36.7997727622506],[-107.60135909232746,36.80142079493213],[-107.6009295584598,36.80183203801277],[-107.60072050467872,36.80238107145493],[-107.60031881504975,36.802655006188665],[-107.60078985529003,36.803342730671574],[-107.60028235732375,36.80416590025751],[-107.6005882226862,36.80425820681723],[-107.60127264776527,36.80389575257737],[-107.60155200431454,36.80403102090726],[-107.60158397275282,36.80430580417738],[-107.60220279527533,36.80485645031324],[-107.60142798339838,36.8055417443313],[-107.60283895021479,36.80540712678437],[-107.603054646642,36.80664378864822],[-107.60280124488952,36.80719273942814],[-107.60194330141465,36.808108258619725],[-107.6005732344246,36.809210264808016],[-107.59869270723611,36.80961820495295],[-107.59630083780573,36.80963213493267],[-107.59390776202888,36.81003324456993],[-107.59205473278145,36.81129223298778],[-107.59082289423233,36.813091539829564],[-107.58945773782202,36.81256723273598],[-107.58877417990846,36.8126152772798],[-107.58791878389178,36.81297214609224],[-107.58688911516997,36.814028845452434],[-107.58673852814286,36.81485269452693],[-107.5865454731386,36.81499502516023],[-107.58466850796668,36.81423509270843],[-107.58364371657835,36.814130906647996],[-107.58261693548182,36.81463770086947],[-107.5819306541114,36.81551165288101],[-107.58107751469016,36.81516133183662],[-107.58039422663505,36.81511878983081],[-107.57936759398306,36.81557018179986],[-107.5786862683081,36.81493440706817],[-107.57817441796993,36.814717734521295],[-107.57749400944394,36.813811583660474],[-107.57715192390064,36.81392488857203],[-107.57476081185106,36.813672958422515],[-107.57510143409606,36.8139960161577],[-107.57544343423405,36.81390916245159],[-107.57594527376892,36.81428038273288],[-107.57555347568618,36.815241055243675],[-107.5735582889731,36.815610558544996],[-107.57201622909153,36.81688674384095],[-107.57110845750297,36.81660493793767],[-107.57201511029871,36.81721585739182],[-107.57235718073902,36.81711354202366],[-107.57264130558548,36.81660830816195],[-107.57372782921627,36.816000769901414],[-107.57560742700345,36.8159558952888],[-107.57680835980054,36.81448100919394],[-107.57816458125494,36.815796127303955],[-107.57824577737331,36.816620462345625],[-107.57885001572633,36.817081948208454],[-107.57987520414481,36.8170756406789],[-107.58073243861074,36.816184532973814],[-107.58192742649072,36.816498594504964],[-107.58329397509473,36.81660044494776],[-107.58367127140488,36.81621989631363],[-107.58364062724719,36.81508209202988],[-107.58449487841803,36.81509230057499],[-107.58585938933605,36.81582046233927],[-107.58705550308319,36.815787905927515],[-107.58776286731585,36.81554161518378],[-107.58830379330311,36.814169128970754],[-107.58911264896781,36.813633276218205],[-107.59001359837708,36.81472208052918],[-107.59235290368515,36.81553614088896],[-107.59420840963627,36.816928352660156],[-107.59459839826722,36.81802801750747],[-107.59644023548361,36.819838218194434],[-107.59695221627132,36.820040340008575],[-107.59797777665686,36.81992508442938],[-107.59849125875543,36.81963734785064],[-107.59917388325938,36.81991425720507],[-107.59994466176153,36.82078583311108],[-107.59983484108258,36.82215921832972],[-107.5996085772599,36.82298293414334],[-107.59752343831369,36.82572601753724],[-107.59712386279065,36.8265493842385],[-107.59652061296181,36.82682290423118],[-107.59699601646929,36.82833480935985],[-107.59623511460487,36.83094121632343],[-107.59633932476146,36.83121805974642],[-107.5949701730243,36.83176476216963],[-107.59549502141297,36.832177892685856],[-107.5954062308799,36.833001873912565],[-107.5956770630302,36.833139775372665],[-107.59554422183655,36.83330768315424],[-107.59503137052045,36.83335897254055],[-107.59298866353726,36.83423324953175],[-107.59227118524693,36.83478123603719],[-107.59092439539133,36.83508136598705],[-107.58887354714153,36.83509149526088],[-107.58767833248469,36.83474912869333],[-107.58545702572093,36.834624905799274],[-107.58426206707878,36.834210533035616],[-107.58221180640591,36.83404784268921],[-107.58101512467104,36.83416619036978],[-107.57896185973163,36.83491330046064],[-107.57844918273332,36.83490553631811],[-107.57827577488662,36.835660602359034],[-107.57690979920254,36.83528764228093],[-107.57673967044043,36.835056222068296],[-107.57614683631387,36.835296888979514],[-107.57611270111286,36.83557153451406],[-107.57658625592755,36.83612199680718],[-107.57630307918451,36.83653346396526],[-107.57574481849127,36.83653225576976],[-107.57587079163999,36.836807247952116],[-107.57622020384466,36.83707681381529],[-107.57733233150526,36.83708512326162],[-107.57755387728389,36.83736031939743],[-107.57735869610471,36.83777197826381],[-107.57707153107931,36.83803643020974],[-107.5762167699294,36.838102706423946],[-107.5750208666167,36.83796808586781],[-107.57467972516991,36.837767939559924],[-107.57431945404589,36.83817747476221],[-107.57328182120597,36.83872464810575],[-107.57399168189593,36.83907536012904],[-107.57501759256648,36.838941646410476],[-107.57552975536562,36.83911052122675],[-107.5763850408445,36.83889103413634],[-107.57639119564696,36.83914348749049],[-107.57598381230623,36.839554685159094],[-107.57521073024441,36.83982772839544],[-107.57536736888068,36.84010278753959],[-107.57449933495691,36.84058207359287],[-107.57295971079203,36.84099579543111],[-107.57288316799728,36.841333607348076],[-107.57261638902821,36.841435585361985],[-107.57227489742064,36.84133579044768],[-107.57162174072852,36.841605556272576],[-107.57022250191291,36.841748346190485],[-107.56988252459075,36.84120760478806],[-107.56957714457597,36.84160103781134],[-107.56970961881821,36.84187605068662],[-107.56885344488319,36.84225021914829],[-107.56713997455377,36.84349032192617],[-107.56506516670602,36.84598644491876],[-107.56480262176403,36.84694736796383],[-107.5649456389074,36.84845864401278],[-107.56469763606827,36.85024375516637],[-107.5639999869233,36.85037953588433],[-107.56454928588262,36.85117247999875],[-107.56506300489472,36.85091266192129],[-107.56522528641895,36.85106910219875],[-107.56524556248078,36.85189330363598],[-107.56437093436988,36.853288897199754],[-107.56351461981869,36.8537457671589],[-107.56197463096278,36.854171222284144],[-107.55991878858144,36.85543968164247],[-107.55854027627036,36.85599876881167],[-107.55769380889949,36.856184586328894],[-107.55649730658116,36.85614716537909],[-107.55560588664933,36.85420627988155],[-107.55447844191188,36.852830048379786],[-107.55316830417807,36.851865453232755],[-107.55318687685757,36.85159077852393],[-107.55218198754305,36.851176328363934],[-107.55244149641743,36.851039582593394],[-107.55224272921572,36.85092413472374],[-107.55207120285182,36.85108516429756],[-107.54968242091488,36.849912257384624],[-107.54746251347707,36.84931146529289],[-107.54729227557166,36.849124926978384],[-107.54490013241315,36.84888250239813],[-107.54302113748645,36.84923127967837],[-107.54199027916961,36.8499397068731],[-107.54157192179449,36.8517001978267],[-107.54123147130625,36.8519740801419],[-107.54133927397191,36.85238642255781],[-107.5411246863594,36.85280934816211],[-107.54043755787993,36.853691626367194],[-107.53958091042645,36.85419722289185],[-107.53821305452361,36.85427694095948],[-107.5341135968306,36.85345733760673],[-107.53206258591061,36.85338263506773],[-107.53069491558524,36.85341704838375],[-107.52943114092183,36.854004885137634],[-107.52872815803345,36.854827240398635],[-107.52811422058396,36.85633661530381],[-107.52884679960218,36.8568879302606],[-107.5293638251542,36.858400202752094],[-107.5284989706405,36.859222141908866],[-107.52758621870451,36.86138649716684],[-107.52689990089092,36.862007427121895],[-107.5260447407377,36.86209610132764],[-107.52467807500774,36.86184149737373],[-107.52416482380677,36.8619331639601],[-107.52291883086588,36.86291639124261],[-107.52210840464795,36.86313875353022],[-107.52125570292179,36.86261844415704],[-107.52006055296775,36.86222978501248],[-107.51994455572469,36.86139763876369],[-107.5189647466004,36.86057089796169],[-107.51733373627413,36.860149132318014],[-107.51562328417461,36.860362623307886],[-107.5146017821868,36.85934118769383],[-107.51458205761034,36.859597713517616],[-107.51557853255834,36.86056189391596],[-107.51767443404611,36.86044477104209],[-107.5193805178709,36.86129822916612],[-107.51950291659892,36.86194590909983],[-107.51834884043997,36.862740878598224],[-107.51851908027552,36.86291707270469],[-107.51886203789046,36.86266532504495],[-107.5192029308479,36.862917432932385],[-107.52057094019747,36.86284254300212],[-107.52193542736123,36.86363503063063],[-107.52313304012566,36.863422183235066],[-107.52467554073117,36.86247162352928],[-107.52587123676219,36.86273078970126],[-107.52730743480853,36.86251569473111],[-107.52859103836131,36.86114540341491],[-107.52879585819913,36.86018441571562],[-107.52930252564,36.859692526927844],[-107.52961769853852,36.859774441579795],[-107.52914458359459,36.86334456393166],[-107.52848940052289,36.865952703634015],[-107.52704382232325,36.86842144549101],[-107.52429619164458,36.8717644481112],[-107.52218584554518,36.874864684666875],[-107.52134841759889,36.87568664078308],[-107.51880255507974,36.87717625369876],[-107.51708941870632,36.87794959953034],[-107.5158914548077,36.8781884118429],[-107.51520811195924,36.87803283601535],[-107.51114308913513,36.87620884640465],[-107.50820920199602,36.87521282194571],[-107.5063296219423,36.87490461132144],[-107.50478943612764,36.875203198524105],[-107.50408741890783,36.87564007489341],[-107.50342219838578,36.876462381113484],[-107.50341323016053,36.877129088982585],[-107.50433140405939,36.87893735393233],[-107.50441994962003,36.87976174958634],[-107.50428264049012,36.880448161518615],[-107.5036846060773,36.88154537121987],[-107.50287852676836,36.882170179733755],[-107.5023659750131,36.882062251787666],[-107.50173050936964,36.88153993463324],[-107.49981585565102,36.87862114841424],[-107.49777102243775,36.87698874194825],[-107.4960230092473,36.876304252218944],[-107.49503887452825,36.87613613911618],[-107.49387273940805,36.87616077130828],[-107.49299762858276,36.876432985376375],[-107.49195440227658,36.87711678548086],[-107.49144047667089,36.8778319090771],[-107.49034551259221,36.88109554594213],[-107.490398006339,36.88152070826377],[-107.49011057849044,36.881919017568784],[-107.48748142207042,36.88362957875178],[-107.48553612405111,36.88451552472382],[-107.4842243313642,36.885369092267055],[-107.4833655357295,36.88618660818911],[-107.48287014043687,36.88698013965127],[-107.481128921672,36.88862328926779],[-107.48027074964696,36.88977455443089],[-107.47951288938471,36.89095357589104],[-107.4799219485472,36.891240079429906]]}},{"type":"Feature","properties":{"depth_ft":225,"elevation_ft":5860.0,"major":false},"geometry":{"type":"LineString","coordinates":[[-107.56281616805235,36.857911705642934],[-107.5629681442747,36.85724515478099],[-107.56281941558058,36.856990227149],[-107.56258705465598,36.857519005660635],[-107.56281616805235,36.857911705642934]]}},{"type":"Feature","properties":{"depth_ft":250,"elevation_ft":5835.0,"major":false},"geometry":{"type":"LineString","coordinates":[[-107.50510822395837,36.88062315654503],[-107.50499829700756,36.87632938740409],[-107.50521945456346,36.87578056417519],[-107.50564335945269,36.875443912171484],[-107.50632745609502,36.875412672713026],[-107.50816620516913,36.87578866318088],[-107.5090600246471,36.876189583304956],[-107.50904658924661,36.876340502778724],[-107.515717698768,36.878854669808575],[-107.51689888950693,36.87883412289944],[-107.51879847564462,36.87817105666163],[-107.52072383552148,36.8773333021738],[-107.52188327216348,36.87648402786754],[-107.52279624661531,36.8761025084311],[-107.52542667611826,36.8718512350227],[-107.52807443495048,36.868973531974184],[-107.52927377180586,36.866950047422044],[-107.52989811357632,36.865269514149404],[-107.53103368901873,36.85881653827996],[-107.53101885588158,36.85797335591709],[-107.53023067845979,36.85606731277698],[-107.53020827840882,36.85510574215786],[-107.53051879617854,36.85472962402417],[-107.53154527046782,36.85452477863368],[-107.53410898165448,36.85464139388491],[-107.53581668895417,36.85509014804705],[-107.53785213178621,36.855949143208065],[-107.5388896621671,36.85614567319049],[-107.54007977819668,36.857852337957524],[-107.53966313581186,36.85622834933348],[-107.54128526987587,36.8549961138226],[-107.54125729857485,36.85472132684345],[-107.54163648600878,36.85458489880322],[-107.54153826037773,36.85430993945186],[-107.54180220672552,36.85445307795622],[-107.54197383764584,36.85427215918169],[-107.54420958504464,36.85069360851336],[-107.54472396100984,36.85027641235643],[-107.54557927763756,36.85010518233851],[-107.54899534191078,36.85081475422423],[-107.55155534855977,36.851914520006424],[-107.55278029295054,36.853100771117326],[-107.55346562652544,36.854063900992095],[-107.55396458021274,36.85530130723456],[-107.55376348898635,36.855775983281106],[-107.55427571049998,36.85594660458684],[-107.55522098745824,36.85695256314524],[-107.55600823806311,36.85736647981711],[-107.5571758254323,36.85761299300604],[-107.56025570934405,36.85683740454057],[-107.56196757096406,36.85616839593716],[-107.56282186301287,36.856295746212915],[-107.56264879040002,36.85600819556225],[-107.56290243794581,36.85559669535555],[-107.56367992908783,36.85534955921522],[-107.56625015871317,36.853615163840516],[-107.56667581521428,36.8528580354488],[-107.56746626025205,36.849975260796526],[-107.56721686340826,36.84860110934222],[-107.56739869200621,36.84709056310599],[-107.56792250126371,36.84613021787243],[-107.56787332185779,36.84585538922574],[-107.56850145452594,36.84519532220071],[-107.56901426952685,36.84518262143494],[-107.5690156905979,36.84476975388701],[-107.57038527164127,36.84412767991921],[-107.57089812393077,36.8441018961573],[-107.57175425167868,36.84365533462594],[-107.57312273498754,36.84332462982033],[-107.57380678597636,36.84321439433206],[-107.57448950499185,36.84349877067906],[-107.57449125587519,36.842979288329175],[-107.57688882561534,36.84157000887786],[-107.5796328397563,36.838735616227346],[-107.58065990717714,36.83824592974657],[-107.58151369990323,36.83847439200849],[-107.58157117695215,36.838193052108295],[-107.58185663046972,36.83813447752519],[-107.58236828721301,36.838461220206476],[-107.58254153048982,36.83774622916691],[-107.5837395112885,36.83724454891309],[-107.58527816893162,36.83708894246863],[-107.58783928541057,36.83786191238727],[-107.58852380294152,36.83758345226059],[-107.58960084309724,36.83766034581586],[-107.58969386664161,36.837797896158484],[-107.58905829362244,36.83862074998807],[-107.58937462397482,36.83875267157501],[-107.59014979987177,36.837798829610776],[-107.59017129520251,36.837524154216254],[-107.59091727033481,36.83733921537659],[-107.59245559042911,36.83728729475635],[-107.59296786773595,36.837428371123174],[-107.59296760010918,36.83711776136033],[-107.59317879436915,36.83698082844409],[-107.59382361859554,36.83703773360222],[-107.59405872919389,36.83670788317733],[-107.59570573854376,36.83634039243646],[-107.59597701228346,36.83602492966503],[-107.59707546474593,36.835529827180025],[-107.59729775838956,36.83589019929746],[-107.59783963306262,36.835891273828],[-107.5976884951311,36.835616254881096],[-107.59782928573377,36.835341814336914],[-107.59858743953995,36.835068594137844],[-107.60030819430365,36.83328630189011],[-107.60111260918514,36.83163955776563],[-107.6014926251357,36.83026670069701],[-107.60133690841002,36.82957959751598],[-107.60212486584115,36.82738337353065],[-107.60199530996918,36.82669632174524],[-107.60140228388269,36.825733646656914],[-107.60137925485684,36.82518533962756],[-107.6022330300141,36.82539206670427],[-107.60291523289163,36.825831117092534],[-107.60291213168098,36.826865377622525],[-107.60381212070934,36.82628776267592],[-107.60386913859821,36.82601315275425],[-107.60438765462652,36.82601415225667],[-107.60496485116036,36.826151280671766],[-107.60591193279117,36.82684123729501],[-107.60752430000485,36.8274356386874],[-107.60803590951558,36.827791599588444],[-107.60871770059444,36.8283901564167],[-107.60921508380342,36.82945734824295],[-107.60956609376564,36.8304639902073],[-107.60970834905885,36.83193075509081],[-107.60903852739041,36.83467669005975],[-107.60676922906384,36.8393426185939],[-107.60650414193447,36.84126514843101],[-107.60605391371747,36.84181372711051],[-107.60575379711995,36.84263731069629],[-107.60586786693815,36.84318696741157],[-107.60557506072823,36.844147923906185],[-107.60414102240689,36.84524404436942],[-107.60405256553935,36.84554532626065],[-107.60440103633651,36.845656623982194],[-107.60443727186714,36.845931412819425],[-107.60336494539774,36.846854773334364],[-107.60334099990472,36.84785233003871],[-107.60272916246899,36.84881266103965],[-107.60284397846316,36.84958126575689],[-107.60325454265474,36.84963783572539],[-107.60284358644425,36.84971185421243],[-107.60252796189233,36.85018586498244],[-107.60245513297615,36.850597801818964],[-107.6027533939648,36.850873099546035],[-107.60234213084082,36.85100966052593],[-107.60283862496566,36.85136453788048],[-107.60318105162253,36.85118059339406],[-107.60334644974536,36.85128632662041],[-107.60300872304873,36.85164438441713],[-107.60249644563052,36.85146567894782],[-107.60271113354065,36.85183453335684],[-107.60211287483502,36.8532069649007],[-107.60197423291538,36.85458462570147],[-107.60240852580883,36.85513057026204],[-107.60248392731387,36.855628772467746],[-107.60361199464639,36.854034027486726],[-107.60402804009757,36.85375781817435],[-107.6045404490789,36.85389870350475],[-107.60505474552993,36.85340548019914],[-107.60578429810222,36.85074158044905],[-107.60525494371792,36.84950433108915],[-107.60540932622531,36.84912886530198],[-107.60560744613959,36.84909292851674],[-107.6053540208481,36.847856207527045],[-107.60558432127931,36.84775927485708],[-107.60636581584959,36.84579775088139],[-107.60699006550179,36.84524950287143],[-107.60876262883988,36.842643032347084],[-107.60939518657308,36.842644225543246],[-107.60956274851242,36.84168302364555],[-107.60887660894836,36.839896054629605],[-107.60890844442619,36.83920931628849],[-107.60855393493243,36.83907128686544],[-107.60888985929145,36.838797202101986],[-107.60885590761424,36.83838505887172],[-107.6102286238272,36.837707332679855],[-107.61079539236381,36.83715246738097],[-107.61173994909399,36.83578063394418],[-107.61193799867178,36.834956844144834],[-107.61241849317902,36.834408298667356],[-107.61263349630063,36.83347107146253],[-107.61331686455924,36.833548962270875],[-107.61294761503943,36.83303568229286],[-107.61314979303782,36.83221382421272],[-107.61468884545738,36.831863461324964],[-107.61485943806696,36.83196954213292],[-107.61498570053693,36.83180320376235],[-107.61486032547712,36.83165746814923],[-107.61332220479858,36.83168417250803],[-107.61319528976303,36.831525182576506],[-107.61299473324469,36.83097537151913],[-107.61313523639677,36.82973939260174],[-107.6132880967484,36.82891551597515],[-107.61361928068092,36.82877876846846],[-107.61375247951794,36.82836693466134],[-107.61309581508934,36.828091000247035],[-107.6125312658212,36.82671635343776],[-107.6127702056127,36.82644207690389],[-107.61241294495971,36.8260293336503],[-107.61245951871865,36.825754700145936],[-107.61214309995572,36.82572594928352],[-107.61134872915842,36.82451639135785],[-107.60995892475289,36.823689628363866],[-107.60992854729326,36.82335408337482],[-107.60924476272594,36.823451239338645],[-107.60833385193796,36.82327448431793],[-107.6083921541741,36.82284679660014],[-107.60770807139933,36.823046415161635],[-107.60617163865771,36.82244621291805],[-107.60600186346271,36.82218826226853],[-107.60446232191234,36.82148141462798],[-107.60423151052828,36.8209315297568],[-107.60445543959472,36.82010780028272],[-107.60469280854694,36.819970896795034],[-107.60447224842054,36.81914631167619],[-107.60199674277422,36.81598223747185],[-107.60038488071841,36.81498966741118],[-107.59816537126136,36.81445761598551],[-107.5974336734421,36.813912869769126],[-107.59742598594873,36.81363813401403],[-107.59516488717387,36.812534744987225],[-107.5956088426766,36.81241891075746],[-107.59612072104521,36.81263753705941],[-107.5962920390673,36.81248620628346],[-107.59697465818209,36.812741673117564],[-107.5978296715856,36.812495205971295],[-107.59817048561729,36.81278561199655],[-107.59868387425152,36.812512590685174],[-107.59970906940822,36.81248361832295],[-107.60329620399276,36.81273066066144],[-107.6051763324922,36.812474582491184],[-107.60568399672785,36.81200590546976],[-107.60671640678201,36.81165552105959],[-107.6074630326151,36.810910415041285],[-107.60831696938774,36.809401069816914],[-107.60863413680853,36.80789070507715],[-107.60827096147582,36.80587796082124],[-107.60728837528008,36.80417942242181],[-107.60712616252388,36.80198134558041],[-107.60843373235002,36.80102230135378],[-107.60898130879825,36.80019917199199],[-107.6106837121612,36.79861016305774],[-107.61092885642027,36.79800505967344],[-107.60966207316746,36.79748106743545],[-107.60880775054767,36.797561058600415],[-107.6069301034301,36.797102048744584],[-107.60590444430593,36.7973581873697],[-107.6052136144012,36.797307432210836],[-107.60465030955689,36.79771843244017],[-107.60351089090146,36.79806371687721],[-107.60273818814002,36.79853890444771],[-107.60174171049309,36.79991057434014],[-107.60110602873962,36.802500471444446],[-107.60059312476123,36.80263831856976],[-107.60055095305161,36.80279282128275],[-107.60095866513717,36.80334306061705],[-107.60089181262322,36.80375501147593],[-107.60144390942422,36.80375326813089],[-107.60178493929307,36.80396371773479],[-107.60238243661696,36.80471943881812],[-107.60229274239755,36.80526870648508],[-107.60305582410022,36.80540754690132],[-107.6033154698045,36.806290560570076],[-107.60358526960025,36.806370094018924],[-107.60350553551103,36.80691938169895],[-107.60252466987029,36.807879005045336],[-107.60271985076841,36.80829146487951],[-107.60245451854082,36.808543601767624],[-107.60125783088199,36.808805696419476],[-107.60077588004879,36.80924920204564],[-107.6000597972844,36.80950876917752],[-107.59852124886615,36.80981914156499],[-107.59630054662735,36.80972659172916],[-107.59390750917086,36.81011444941151],[-107.59251005057362,36.811018435293434],[-107.59166573107383,36.81184088427113],[-107.5908214555176,36.8135476475146],[-107.59065034798748,36.81362813713075],[-107.59047799907822,36.813212067317494],[-107.58979884382873,36.81275556108402],[-107.58928650595517,36.812687134058216],[-107.58826058073531,36.812943125396934],[-107.58717084832271,36.813892068750604],[-107.58688720088833,36.81499052332496],[-107.5862036334211,36.815034346295995],[-107.5846681611213,36.814342326133186],[-107.5836433811884,36.814234173245545],[-107.5826164297162,36.814792785323576],[-107.58211634289363,36.81566718100486],[-107.5802229873747,36.815234920301044],[-107.57936619200275,36.815994557711754],[-107.57885565406224,36.81537871362741],[-107.57804424355272,36.81483434790478],[-107.57749325454544,36.81403843176805],[-107.57612671724931,36.813949157270244],[-107.57593998933663,36.81400565093311],[-107.57616166047552,36.814280850880735],[-107.57590158675336,36.81510444917862],[-107.57493101217054,36.81565178474173],[-107.57581919602431,36.81551635125395],[-107.57648952037916,36.81441891962609],[-107.57680903714622,36.81427801266857],[-107.57746853107038,36.81469575042952],[-107.57827644833512,36.815659007139494],[-107.5785012887539,36.816483650033696],[-107.57902133590287,36.816943233049614],[-107.57987567140457,36.81693392486111],[-107.58021932744639,36.81634651013901],[-107.58073311209343,36.81597957134749],[-107.58192783413708,36.816373947092806],[-107.5832945138586,36.816434805368715],[-107.58352124114042,36.81621958123646],[-107.58331398414528,36.81525762450141],[-107.58364125748432,36.814888049669456],[-107.58461139197577,36.814985624782125],[-107.58585974501042,36.815709975899026],[-107.58705579571874,36.81569656025822],[-107.58790653138595,36.815129831200885],[-107.58825723548802,36.81399255244879],[-107.58911314796198,36.81347619143127],[-107.58945426709936,36.81366138087543],[-107.59013458530377,36.81464028623349],[-107.59184137661681,36.81520297635903],[-107.59422851183065,36.81676707295418],[-107.59507843451448,36.818180388882865],[-107.59610350798364,36.8182157582515],[-107.59643262148016,36.8173448849638],[-107.5971362299901,36.81734628458895],[-107.59762099130205,36.818034047272356],[-107.59698909600175,36.818444873502386],[-107.59651348511812,36.81913072794055],[-107.59695434291646,36.819348815269656],[-107.59695511850632,36.819096609534434],[-107.59815272658354,36.818590866478914],[-107.59837092866971,36.818859692309005],[-107.59807255538433,36.81954590302435],[-107.59866330127261,36.81925232159046],[-107.59934505032346,36.819815897758964],[-107.60005821610677,36.8207860559303],[-107.60009703673147,36.8213355724471],[-107.59972667496136,36.82298316621434],[-107.597617989886,36.82581100330082],[-107.59733015956891,36.826549793876524],[-107.59685649076421,36.82682357269767],[-107.59718158707942,36.826961578751934],[-107.59692846492379,36.82737315559091],[-107.5973191986335,36.82819809137694],[-107.59716816179673,36.82957139051004],[-107.59753978735529,36.83039628733255],[-107.5974047292433,36.8308080990103],[-107.5979448993861,36.83065943555428],[-107.59797806444597,36.8309465951354],[-107.5974778748488,36.83163240322529],[-107.59691592771311,36.831836703943594],[-107.5954184949414,36.831765660102086],[-107.59605962481791,36.83242997053111],[-107.59708469555146,36.83252819020654],[-107.59828380116082,36.83160126237468],[-107.59879704799042,36.831415862104],[-107.59882332367937,36.83163506453335],[-107.59816994900677,36.83218321339714],[-107.59553340386086,36.83396364687497],[-107.59468700046581,36.83418792075338],[-107.59422705744585,36.83396102691796],[-107.5941739549161,36.83429953267365],[-107.59370770388053,36.83450942041223],[-107.59331892507859,36.83446974677843],[-107.59229198104178,36.83496187595179],[-107.59075266284107,36.83534459509884],[-107.589556010563,36.83545136839591],[-107.587336002832,36.83491416560685],[-107.58545645435063,36.834801984942885],[-107.58426142026453,36.834410034927004],[-107.5823823712198,36.83415014954695],[-107.58015949347053,36.834510557925384],[-107.57964550040181,36.83490210139296],[-107.57861554900522,36.83627313183529],[-107.5782736381202,36.836304151966466],[-107.57810329133781,36.83613644035387],[-107.57793110545717,36.83652210164248],[-107.57766956662184,36.83653641027515],[-107.57836335051614,36.83667525981402],[-107.57741308403904,36.83811529729685],[-107.576051762495,36.83845595537118],[-107.57689892502708,36.83854510469646],[-107.57704081591336,36.83873281082912],[-107.57552560031647,36.84034843184342],[-107.57364195648763,36.841413405965355],[-107.56987999144633,36.8419460775597],[-107.56851046026676,36.84258378600086],[-107.56678332072899,36.84392991809067],[-107.56516705368838,36.845986674793714],[-107.56495644371022,36.84653563714239],[-107.56483970911941,36.85024407613717],[-107.56432109039078,36.85051762226929],[-107.56455041949371,36.850848671624],[-107.56506363906625,36.85073116712495],[-107.56538740130094,36.850932108421404],[-107.56549592667295,36.851893867999],[-107.56500638962665,36.85285427885162],[-107.5641991268996,36.85353583727184],[-107.56163176950731,36.854446423915576],[-107.56008966431776,36.85545957146795],[-107.55854874040759,36.85613134822692],[-107.55769324742639,36.856340947964604],[-107.5564968689463,36.85626851348149],[-107.55545898516272,36.854205936574765],[-107.55445750941745,36.852959617831075],[-107.55309380866223,36.85191117277777],[-107.55275377995002,36.85140535032356],[-107.55224121098644,36.85133881579593],[-107.54882847811439,36.849715760932966],[-107.54746202794115,36.84944187298359],[-107.54695033871633,36.849144234162054],[-107.54541270706294,36.848941430109846],[-107.54329421450069,36.84923194625057],[-107.54204233502163,36.85005304080154],[-107.54168557906678,36.85183783592918],[-107.5411538442756,36.85307276281409],[-107.53957987053087,36.854468979937586],[-107.53701662719477,36.854230403347344],[-107.53411309740179,36.853585472971],[-107.53086563202044,36.85347427525068],[-107.52966722294468,36.853933081571526],[-107.52888874884438,36.85482765180351],[-107.52846350374762,36.8563375116451],[-107.52907446094673,36.85688851320883],[-107.52947156401335,36.85840047821746],[-107.52838080036841,36.85963391572604],[-107.527723657687,36.861417894309795],[-107.52689924517783,36.86217164760758],[-107.52587323011072,36.86223323950118],[-107.52466532096474,36.86195942726167],[-107.52414937004514,36.862095445188906],[-107.52360920855159,36.862643474452675],[-107.52450557295789,36.862224545418144],[-107.52604291277787,36.862552627055855],[-107.52685145819937,36.86251451987723],[-107.52758281146154,36.862241746579635],[-107.5284420301751,36.8611314416329],[-107.5286714715572,36.86018409696384],[-107.52947424175247,36.85950049863787],[-107.52976134868217,36.85977480853928],[-107.52956534004886,36.861697333086184],[-107.52864065717498,36.86581573265188],[-107.52746557904537,36.86801045530871],[-107.5242955201307,36.87193114952153],[-107.52232736147513,36.875002413676064],[-107.5201729443463,36.87658083991288],[-107.51708846936438,36.878179847919796],[-107.516232833719,36.87833720457729],[-107.51503694554235,36.87807373726016],[-107.51387862854475,36.87745245770149],[-107.50843501709643,36.87537732277549],[-107.5061581256494,36.875023394167876],[-107.50501531505849,36.875230566332505],[-107.50459140261228,36.875504111533274],[-107.50406343449283,36.87632680095736],[-107.50409362080201,36.876464243080534],[-107.50444268065652,36.87631683092322],[-107.50459796933987,36.8764656392288],[-107.50465673374612,36.87907561256824],[-107.50488485999072,36.8796256769843],[-107.50475265257249,36.880449461988434],[-107.50493687887851,36.88070318303375],[-107.50510822395837,36.88062315654503]]}},{"type":"Feature","properties":{"depth_ft":250,"elevation_ft":5835.0,"major":false},"geometry":{"type":"LineString","coordinates":[[-107.60248064846775,36.856719044309365],[-107.60248295010537,36.85595371699235],[-107.60248064846775,36.856719044309365]]}},{"type":"Feature","properties":{"depth_ft":250,"elevation_ft":5835.0,"major":false},"geometry":{"type":"LineString","coordinates":[[-107.60319087500461,36.85417057225858],[-107.60277489260235,36.85403240683005],[-107.60264243700847,36.85348271248052],[-107.60317500857889,36.85319637512585],[-107.60334510289583,36.85347923123956],[-107.60360895292727,36.853484584227125],[-107.60351547694728,36.85366906140184],[-107.60317391535054,36.85356102248474],[-107.60319087500461,36.85417057225858]]}},{"type":"Feature","properties":{"depth_ft":250,"elevation_ft":5835.0,"major":false},"geometry":{"type":"LineString","coordinates":[[-107.60367072506685,36.85018807822769],[-107.60336029793817,36.85018747809507],[-107.6033557943343,36.84991014360602],[-107.60367072506685,36.85018807822769]]}},{"type":"Feature","properties":{"depth_ft":275,"elevation_ft":5810.0,"major":false},"geometry":{"type":"LineString","coordinates":[[-107.55786048571957,36.8573748035635],[-107.56008484784368,36.856812642345766],[-107.56196798923555,36.856050078358486],[-107.56260368540042,36.856145452012505],[-107.56258352930529,36.85587068776104],[-107.56293011249079,36.855459399128506],[-107.5636804182793,36.855210297330984],[-107.5661304302108,36.85354360702326],[-107.56676709656057,36.85243139900466],[-107.5672843438889,36.849974853801974],[-107.56708964118764,36.8486008244791],[-107.56720079101216,36.84599124499525],[-107.56747508241071,36.845434938819096],[-107.56836032852127,36.84503231909909],[-107.56812543450177,36.84475707642781],[-107.56953091529945,36.844054725318294],[-107.56963245837714,36.84379891254047],[-107.57175613185622,36.84310332703335],[-107.57243914122212,36.84329970044392],[-107.57380715366983,36.84310558764135],[-107.57431925952096,36.84329877116359],[-107.574491662963,36.842858504566145],[-107.57635736437432,36.841890605826705],[-107.57715964636071,36.84120553951634],[-107.57843393700645,36.83950003340139],[-107.58021515173652,36.83791545358489],[-107.58083271482249,36.83766814770712],[-107.58151558798917,36.837898469640486],[-107.58149134296906,36.837368725116264],[-107.58237404640566,36.83669846044342],[-107.58357134299676,36.836402514183675],[-107.58391240884738,36.83663123728984],[-107.58510840210089,36.83673648237261],[-107.58783995487728,36.83765244052005],[-107.58852429402894,36.83742936313053],[-107.58989096033493,36.83761431078403],[-107.59074670142903,36.83723236055997],[-107.5926269665555,36.83713734712175],[-107.5956872979535,36.83602435093287],[-107.59741800585907,36.83529003820022],[-107.59930175643733,36.834032678854],[-107.6002499153938,36.83314882784426],[-107.60100357174166,36.8316393447551],[-107.60134617380174,36.830266415045436],[-107.60126241121364,36.82957945213608],[-107.60179791779206,36.82820689697577],[-107.601896116806,36.82752028845752],[-107.60115591138256,36.825458445862026],[-107.6012099401584,36.82466732508253],[-107.60342824139265,36.82570875266246],[-107.60496508768217,36.826071690897066],[-107.60598830467165,36.826771752642415],[-107.60752465065362,36.82731631316661],[-107.60854785868793,36.82803306985809],[-107.60902340890156,36.82863282721055],[-107.60970974933998,36.83041979900058],[-107.60996645004042,36.83234331983574],[-107.61016557589421,36.832481053611936],[-107.60990190332653,36.83251784303105],[-107.60919392781206,36.83481434291985],[-107.60835284893666,36.83627169278631],[-107.60814565012909,36.837147478167175],[-107.60732141548472,36.83831406365094],[-107.60687129786307,36.83961753242811],[-107.60673062637332,36.8412655803329],[-107.60611394802336,36.84206876234458],[-107.60611246245293,36.84257088709005],[-107.60697051344684,36.84139672837563],[-107.60792128458365,36.84085576484915],[-107.60767175947959,36.84044321250745],[-107.60799960270163,36.84017084760694],[-107.60902339464496,36.84074760329205],[-107.60863606386586,36.83962088088306],[-107.6083141771466,36.83934555271432],[-107.60824109221332,36.839070694977266],[-107.60847461325652,36.83879641746673],[-107.60792299001174,36.83865801318992],[-107.60817573884847,36.83838897306291],[-107.60851683901372,36.83863406508754],[-107.6088600758584,36.838148765241534],[-107.60966272115294,36.837837140583645],[-107.61057375331968,36.83715205231888],[-107.61222089358861,36.8344079313516],[-107.61239917213503,36.83344674397398],[-107.61277131825013,36.83317271522905],[-107.61296090755242,36.83221154777643],[-107.61368092365903,36.83193816036639],[-107.61315106560497,36.83176978013278],[-107.61293912564948,36.831387348134186],[-107.6128601111526,36.830837762069834],[-107.6132657160702,36.82850339470329],[-107.61302609322816,36.82836559100652],[-107.61221013325788,36.82602895666388],[-107.61127261434207,36.82465360927762],[-107.60989935463425,36.8238268765],[-107.60971908236306,36.82355181750944],[-107.60821976885971,36.82336270212101],[-107.60689620570017,36.82285967512073],[-107.60514787398948,36.82206225744717],[-107.60384828947524,36.821205511008394],[-107.60381718354469,36.82065601055367],[-107.60428999836103,36.81997012160684],[-107.60430155045783,36.81936460424255],[-107.60183812959436,36.81598192880779],[-107.60038463907738,36.81506941327118],[-107.59816515432846,36.81452853342564],[-107.59680121340858,36.813584534546884],[-107.59492455761753,36.81270308824257],[-107.59455974647615,36.81225881096024],[-107.59487362084862,36.81198472018028],[-107.59561066020238,36.81183108071631],[-107.59680583046585,36.81208377324918],[-107.59800231873454,36.81190843434726],[-107.59919703185007,36.812314238833245],[-107.60295465935086,36.81267768888225],[-107.60517658612883,36.81238911179853],[-107.60586156392904,36.81185708040402],[-107.60671671327243,36.811551534598316],[-107.60740206507639,36.81088605304474],[-107.60823545304686,36.809400915553866],[-107.60820905198702,36.80885142402108],[-107.60855245250657,36.80789055071641],[-107.60810071628312,36.80567607392763],[-107.60719442146188,36.80404188331084],[-107.60694808040918,36.802118367294476],[-107.60791120957877,36.801021312150276],[-107.60842902623494,36.80006076833338],[-107.60895096232316,36.79978703293664],[-107.61044411443677,36.798278873567305],[-107.61055932410831,36.79800436811203],[-107.61032649668604,36.7978665711434],[-107.60949093302023,36.79759183565959],[-107.60880749333107,36.79764918515367],[-107.60692978442424,36.797210440613405],[-107.60522097698174,36.79742467115122],[-107.60357077972253,36.798128433859354],[-107.60276399752988,36.79867631510152],[-107.60189326654982,36.79991086935015],[-107.60204208816562,36.80018588001511],[-107.60166016289595,36.80087193954115],[-107.60181967638407,36.80114697126761],[-107.60165425010446,36.80279497558996],[-107.60134116413424,36.803069086324136],[-107.60138929454763,36.80334390121395],[-107.60185688359539,36.80348217269557],[-107.60260104111664,36.804582502644166],[-107.60252224544135,36.80499443117459],[-107.60330004999378,36.80540801952976],[-107.60381590263684,36.80623317889001],[-107.60365735347068,36.80733175625895],[-107.60330483459609,36.80760579577563],[-107.60328806493433,36.808155204959526],[-107.60262469381395,36.80876594821036],[-107.59988850439237,36.80965645665775],[-107.59852110186846,36.80986727751935],[-107.59630021845994,36.809833047045366],[-107.5939072533409,36.81019660834399],[-107.59261461661984,36.811018646996324],[-107.5916967089202,36.81197830749795],[-107.5908202797306,36.81392039304192],[-107.59064216720719,36.813899203653385],[-107.59018464395795,36.81307410763162],[-107.58928611930722,36.81280894201475],[-107.58826005863925,36.81310691410614],[-107.58757516019287,36.81357259530714],[-107.5868869637084,36.81506450991359],[-107.58620339444403,36.81510868716371],[-107.58466779367228,36.81445592892069],[-107.5836429731306,36.814359813570306],[-107.5826328059215,36.81498147005395],[-107.58244250175693,36.815734022993844],[-107.58192966973813,36.815812659578114],[-107.58049705550724,36.81538902887074],[-107.57970830375734,36.815875120983556],[-107.57976211710849,36.81634898509112],[-107.57932570118761,36.81662277397937],[-107.57980502709819,36.81662379685919],[-107.5799579288284,36.81593732202516],[-107.58022137322577,36.81572517556816],[-107.58209925779911,36.81620138593855],[-107.58312432687552,36.816228077166066],[-107.58336140711054,36.81580716488151],[-107.58313515657572,36.81525724839201],[-107.5836416486874,36.81476760205259],[-107.58466634741114,36.814903057663926],[-107.58572004243923,36.81553737912601],[-107.58705611935181,36.81559553827972],[-107.58779432951563,36.81512959958332],[-107.58825782886112,36.81380641120871],[-107.58911335313633,36.81341160160877],[-107.58945464291547,36.81354290740027],[-107.59030551700397,36.81461630269988],[-107.59184178074213,36.815074326484584],[-107.59474060753527,36.8169237126536],[-107.59525334004614,36.81687541447492],[-107.59542309176842,36.81723379330338],[-107.59644901950035,36.81698790477133],[-107.59739708639367,36.81720944225768],[-107.59790819657434,36.81789725606348],[-107.59786651288317,36.818171893842916],[-107.598322756637,36.81831015654017],[-107.60017994411749,36.82078629466767],[-107.59985533267927,36.8229834189031],[-107.59783076451971,36.82572662661829],[-107.59738042535058,36.826824613541845],[-107.59734019275022,36.827373973475645],[-107.59761133954491,36.82797900372964],[-107.59778186952536,36.82809500106606],[-107.59812416749614,36.82792305572613],[-107.59828993688954,36.828200014262954],[-107.59824947981521,36.82847465411858],[-107.59774998440787,36.82874838533192],[-107.59834246205446,36.82971107702892],[-107.598242793308,36.830122959651725],[-107.59796096029137,36.8302597619516],[-107.59835718269332,36.83080998511479],[-107.59794263079007,36.83139991646032],[-107.59879779048083,36.83117262981629],[-107.59933177576222,36.83122398674186],[-107.59867890888492,36.83204685912487],[-107.59588396810324,36.83397048008838],[-107.59331828672131,36.83467406805785],[-107.59075157662144,36.83568857505433],[-107.58955497665846,36.835777173060464],[-107.58238205926187,36.834245648863444],[-107.58118546370571,36.83433687934452],[-107.58015906848304,36.83463951473971],[-107.57840095500947,36.83653798078299],[-107.57838499796016,36.83695002556508],[-107.57725756238128,36.83832119900914],[-107.57727345966465,36.83859595249525],[-107.57638171164966,36.83988621414897],[-107.57535334702922,36.840747461763165],[-107.57364154344548,36.84153556184701],[-107.56970851942604,36.84210790662546],[-107.56816742377555,36.84293151237241],[-107.566624601857,36.84424266155175],[-107.56631135644223,36.844890375121736],[-107.5652813709808,36.84598693260968],[-107.56502634189464,36.84667315431602],[-107.56507743523548,36.850244612827204],[-107.5648597356314,36.85051883998533],[-107.56554057263976,36.85093245357189],[-107.56583823459795,36.85161992020475],[-107.56563473737316,36.85216889922113],[-107.56521855959329,36.852442679810835],[-107.56534049236832,36.85271767328234],[-107.56505529344712,36.85311948581307],[-107.56368507162203,36.85388554658839],[-107.56202558848028,36.85435846452981],[-107.55957538893831,36.855862134480276],[-107.55765632022141,36.85668351780231],[-107.55700809822808,36.85671737615685],[-107.5564814681683,36.85640606902736],[-107.55588261603808,36.85558051785802],[-107.5553394565056,36.854205657103954],[-107.5544569911816,36.853102280548626],[-107.55343501634982,36.85214079999469],[-107.5529921357746,36.85200239713966],[-107.55275324782839,36.85155095434148],[-107.5513416399192,36.85089961938792],[-107.54950987451262,36.8503483882207],[-107.54821442193142,36.84965592667247],[-107.54611060409262,36.84910142509398],[-107.5445574624294,36.84909687173827],[-107.5433126467376,36.84936935048307],[-107.54257906961966,36.84991699554419],[-107.54267361720159,36.85004505875954],[-107.54356053799141,36.84991939201895],[-107.54344779768549,36.85046855411998],[-107.54301274556605,36.8507698212795],[-107.54266176491674,36.85060399396689],[-107.54267326189792,36.850138913274094],[-107.54232301135464,36.85019108747142],[-107.54196914183066,36.85115173525189],[-107.54220525151484,36.852251187352074],[-107.54157316806321,36.852936433567635],[-107.54153381589857,36.8536231327984],[-107.54180322858258,36.85418399910112],[-107.5439274856381,36.85074444136798],[-107.54489669100695,36.849798597650015],[-107.54575214715229,36.84958859350493],[-107.54677535811298,36.85022889315312],[-107.54899580803882,36.85068889038695],[-107.5517128521478,36.85186201408528],[-107.55330189713374,36.8532393602246],[-107.55358418508514,36.85378946168288],[-107.5537710245625,36.85370679892471],[-107.55431452473992,36.855027410831354],[-107.55410254686633,36.85557634971842],[-107.55534305920686,36.85681548956242],[-107.55649270219612,36.85742384019812],[-107.55786048571957,36.8573748035635]]}},{"type":"Feature","properties":{"depth_ft":275,"elevation_ft":5810.0,"major":false},"geometry":{"type":"LineString","coordinates":[[-107.57919356504819,36.81652938506831],[-107.57934361927951,36.81648545211559],[-107.57902363007962,36.816249752616734],[-107.57891323929238,36.81634717196853],[-107.57919356504819,36.81652938506831]]}},{"type":"Feature","properties":{"depth_ft":300,"elevation_ft":5785.0,"major":true},"geometry":{"type":"LineString","coordinates":[[-107.56557889418444,36.850029526589495],[-107.56576591797636,36.84969672717698],[-107.5652641373146,36.84942087805439],[-107.56557889418444,36.850029526589495]]}},{"type":"Feature","properties":{"depth_ft":300,"elevation_ft":5785.0,"major":true},"geometry":{"type":"LineString","coordinates":[[-107.56576141085846,36.84670593077512],[-107.56649284026165,36.84571493920275],[-107.56730552322284,36.84504088551339],[-107.56747808976407,36.84456626120846],[-107.56816791251993,36.844345092819],[-107.56819876579758,36.844070442707725],[-107.56919111509586,36.843460966107706],[-107.57210006740871,36.8424867451675],[-107.57415207616796,36.84219168316329],[-107.57445345971875,36.84243591335717],[-107.57415076464157,36.8425803126804],[-107.57449256946923,36.84258953975942],[-107.57466480008914,36.8421998107618],[-107.57538776327934,36.84216322512431],[-107.57637026744047,36.84175327417363],[-107.57758798851583,36.84051966387771],[-107.57826707472348,36.83828078236703],[-107.57912392852788,36.83758225964375],[-107.57926421242217,36.83681454800429],[-107.58032659640291,36.83566348570078],[-107.58049664574132,36.8359227294674],[-107.58083865158571,36.835862034201405],[-107.58203744144849,36.835107406919605],[-107.58289177754466,36.83515977723666],[-107.58442843076739,36.835610429305206],[-107.58459836783594,36.83590859013463],[-107.58511052318497,36.83608007606995],[-107.58596263150741,36.8368282750236],[-107.58630446879316,36.836819919354845],[-107.58688508581939,36.8372426683583],[-107.58972053315922,36.83746302609985],[-107.59074702594552,36.837129602363824],[-107.59245650477388,36.836995712508575],[-107.59453776600569,36.836296767128935],[-107.59501427543373,36.8356109245719],[-107.59553794224071,36.83533641983027],[-107.59643767204724,36.835476409455865],[-107.59690596274075,36.83507482395648],[-107.59724754302889,36.83514719258123],[-107.5982743603845,36.834686936114345],[-107.59998899411356,36.833285675863195],[-107.60085689993637,36.831639058066095],[-107.6013164097333,36.82848067823101],[-107.60172372881514,36.82751995279234],[-107.6009883349608,36.8254581185327],[-107.60103967369702,36.8244649379701],[-107.60288236748914,36.825324444422925],[-107.6049654081162,36.82596386410511],[-107.6061150480616,36.82670426563123],[-107.60735491697791,36.826925107576535],[-107.60854951179333,36.82746796376566],[-107.60872142336544,36.827116577122126],[-107.60923230486311,36.8277233466247],[-107.60952019574951,36.827672243689285],[-107.60940247401372,36.8279690009669],[-107.61059842299866,36.82805528334424],[-107.61144948193106,36.82922232103191],[-107.61162103502714,36.828991952696015],[-107.61196268468512,36.82903571234882],[-107.61264225736176,36.83042111948111],[-107.6124977224696,36.829188770529875],[-107.61175845757674,36.82822587557419],[-107.61247919508429,36.82769744225137],[-107.6124797188182,36.82751521886838],[-107.6119849249579,36.82616589764873],[-107.61112071989147,36.82472181244447],[-107.60958566642505,36.823742296840656],[-107.60821942177844,36.823481195433374],[-107.60685400220198,36.82294327214313],[-107.6039537148485,36.82140958283262],[-107.60356251317577,36.820930238948016],[-107.60374504027536,36.81983171056175],[-107.60296918495938,36.818731328941745],[-107.60310434824638,36.81790742972667],[-107.60166514839408,36.81598159194215],[-107.6000682793088,36.81501694875547],[-107.59799428669733,36.814532443115525],[-107.59620804348349,36.81336099118421],[-107.59492423175412,36.81280817464],[-107.59438977031759,36.81225846955813],[-107.59475649887575,36.81180305475448],[-107.59561130935361,36.811621125992225],[-107.5966354215138,36.81194043640696],[-107.59800271020177,36.81178053611268],[-107.60005124103029,36.812328923720386],[-107.60360869802498,36.812551355904844],[-107.60517682604659,36.81230826377719],[-107.60705964624579,36.81113194557987],[-107.60808958225644,36.80947732055836],[-107.60807259676305,36.80885116563677],[-107.60845052503159,36.80789035802297],[-107.60821684591032,36.807752555504024],[-107.60832939959451,36.80747804765212],[-107.60798437992398,36.8056917085745],[-107.60712738612501,36.80404175583017],[-107.60676804204745,36.8019806639155],[-107.60811626705522,36.800365717318876],[-107.60854002066522,36.79951153574092],[-107.60948771240624,36.798698608592474],[-107.60993150407347,36.798003190545685],[-107.60710017938453,36.7973540240261],[-107.60539150393151,36.79752279156197],[-107.6029968711234,36.79858552658175],[-107.60231799930348,36.79949961330632],[-107.60207341959918,36.79991121977416],[-107.60222421858197,36.80018623405695],[-107.60183398196476,36.80087227799325],[-107.60180735237425,36.80279527373006],[-107.60158739384858,36.80320692687704],[-107.60195819343738,36.80315866544775],[-107.6024692582557,36.80363386577731],[-107.60323446750289,36.80485845078894],[-107.6030652398842,36.804995483732654],[-107.60348918545351,36.805327531336715],[-107.60394932115412,36.8062334362945],[-107.60377625111968,36.80760670664868],[-107.60313679756622,36.808907871562006],[-107.59988820024464,36.80975663686288],[-107.59527454398989,36.81002785981008],[-107.59390698971389,36.81028127093244],[-107.59236606542386,36.811336946739125],[-107.59163176038113,36.812252896061395],[-107.59082003322817,36.813998537852456],[-107.59064913320512,36.81401297210868],[-107.59013912555648,36.813205003050605],[-107.58928566247012,36.81295286111642],[-107.58825943767422,36.81330171764144],[-107.58757457324533,36.81375621095296],[-107.58719561402634,36.81499100167574],[-107.58688653554451,36.8151980718937],[-107.58534914028185,36.8150992694289],[-107.58499421526696,36.81484906466113],[-107.585156648157,36.81512412413833],[-107.58603150156121,36.81543073142439],[-107.58718185069455,36.815403053758835],[-107.58761967364451,36.81512923883173],[-107.58785294023895,36.814030838933334],[-107.58825824382824,36.81367623493596],[-107.58928435761112,36.81336393009543],[-107.59030681140376,36.81444795968189],[-107.59235419321737,36.81512475994482],[-107.59232294826779,36.815276224092614],[-107.59457066790272,36.81662707707441],[-107.59576565975799,36.816960482785326],[-107.59627866765541,36.81682275662068],[-107.59696186190332,36.816903663981286],[-107.59756684529286,36.81720977894755],[-107.60030034354965,36.8207865306768],[-107.59990536482272,36.82312087717572],[-107.597919301287,36.826001521888635],[-107.59818398027639,36.82682620539192],[-107.59806638131636,36.82696333271764],[-107.59863906937053,36.82718783688044],[-107.59915610013437,36.82792700345665],[-107.59927129173502,36.82847666996537],[-107.59890622000728,36.828888030490944],[-107.59941149323227,36.8290263855201],[-107.59955270406353,36.83040026214925],[-107.59948319418605,36.83057038466953],[-107.59870089331635,36.830535944146156],[-107.59857598411101,36.83094777718108],[-107.59945072728536,36.831086860930135],[-107.59930566857133,36.831636014907744],[-107.59622605703616,36.83387614174647],[-107.59263348756683,36.83505622884894],[-107.59132288451251,36.83601554717465],[-107.59040742467451,36.83643061276859],[-107.589211213926,36.83639297713896],[-107.58716347216196,36.83542274272903],[-107.58340664702297,36.83449430218759],[-107.58186901175598,36.83435231974654],[-107.58028392309558,36.83475632730744],[-107.57859837234842,36.83653840392545],[-107.57855162783497,36.8369503827634],[-107.57689630260484,36.83933059755021],[-107.57651175430979,36.84079206301046],[-107.57624626037995,36.84106620831893],[-107.57552196207945,36.84143230672344],[-107.5701272540558,36.842151695073696],[-107.5690233476793,36.842544976424506],[-107.56679537741864,36.84428474780862],[-107.56658389135356,36.84489098694911],[-107.56559337716865,36.84587608450608],[-107.5652490257264,36.846592445190424],[-107.56524851732057,36.846738069590984],[-107.56576141085846,36.84670593077512]]}},{"type":"Feature","properties":{"depth_ft":325,"elevation_ft":5760.0,"major":false},"geometry":{"type":"LineString","coordinates":[[-107.60000086514405,36.82892491556941],[-107.60029841250655,36.82861604735502],[-107.60000176636719,36.82862813350589],[-107.60000086514405,36.82892491556941]]}},{"type":"Feature","properties":{"depth_ft":325,"elevation_ft":5760.0,"major":false},"geometry":{"type":"LineString","coordinates":[[-107.60053054051932,36.823309499766566],[-107.60121671109918,36.822425514041335],[-107.60174901789172,36.82106408103515],[-107.60306523692239,36.821341357325444],[-107.6018649385375,36.82051486632658],[-107.60182299836674,36.819415903706144],[-107.60130883957649,36.81776657976329],[-107.60159923197044,36.81666826453623],[-107.60140678005077,36.81606390784633],[-107.60021354787177,36.81514669035117],[-107.59731075825572,36.814566892273575],[-107.59619723976229,36.81349832989856],[-107.59439454077949,36.81253319969499],[-107.59432184395327,36.81184625220697],[-107.59458617907565,36.81163243935604],[-107.5956117477431,36.81147933661657],[-107.59680665073718,36.81181713473007],[-107.5978323146289,36.8116323197574],[-107.60054272439922,36.81227067316837],[-107.60278433247377,36.81250271447097],[-107.60517725759534,36.81216283868763],[-107.60706004274168,36.81099721519998],[-107.60784789754693,36.809674902130794],[-107.60783682263992,36.80816391680328],[-107.60822459372586,36.80788993058946],[-107.60776408595378,36.80555393048765],[-107.60695097429812,36.80390405966292],[-107.60642008428435,36.80198000056195],[-107.60743168961766,36.80080172357711],[-107.60732956111474,36.79992132361465],[-107.60758155618417,36.79937235975904],[-107.60811982311222,36.79915118079893],[-107.60829021986194,36.79929637607681],[-107.60900240359949,36.79841352373648],[-107.6087747813888,36.79800101226905],[-107.60761206865416,36.79754601741653],[-107.60573288158254,36.797610049737635],[-107.60371385665364,36.79826607079434],[-107.60299640565093,36.79874097555767],[-107.6024606429124,36.79949989028091],[-107.60192523387518,36.80155925835026],[-107.60194596857617,36.802932904008514],[-107.60258216367616,36.803483582082194],[-107.6037256000851,36.80540884186032],[-107.60426566899078,36.80692084821646],[-107.60396037640896,36.80746970149397],[-107.60437459568317,36.80774522049443],[-107.60399416960689,36.80784966617653],[-107.60370282373667,36.80856808770562],[-107.60329409369223,36.80897937895699],[-107.60263672209626,36.80925282633361],[-107.60228026244832,36.80967968450658],[-107.59595772856328,36.81009200864765],[-107.59373559634861,36.81045686101076],[-107.59253686870835,36.81135140038528],[-107.59167905487111,36.81248755322216],[-107.59160612964598,36.81293964528259],[-107.59116411364285,36.81324566653504],[-107.59081960956465,36.81413284456887],[-107.59050933782056,36.81403629273062],[-107.58996776644403,36.813364987074124],[-107.58982235278256,36.81348544705859],[-107.59064418999694,36.81444864867793],[-107.5923545306636,36.8150171079374],[-107.5934088635118,36.815827860744356],[-107.59457130369887,36.81642237334312],[-107.59559618636357,36.816511782061276],[-107.59722507701518,36.81569813876509],[-107.59799101950573,36.815599713594594],[-107.59867442426567,36.81560869583749],[-107.60003996966788,36.81604338132559],[-107.60027758990908,36.816390961304556],[-107.600328100799,36.818039382460846],[-107.600989394247,36.82051315881377],[-107.60097073253333,36.82133728293257],[-107.60031500030145,36.82312168061725],[-107.60053054051932,36.823309499766566]]}},{"type":"Feature","properties":{"depth_ft":350,"elevation_ft":5735.0,"major":false},"geometry":{"type":"LineString","coordinates":[[-107.60315627924737,36.80239920212729],[-107.60384062810127,36.80205268985803],[-107.60372281132706,36.801700102804375],[-107.60338467824897,36.80156208898901],[-107.60350084199939,36.80142694659142],[-107.6038422612703,36.80150533192781],[-107.60401463864221,36.8009852385162],[-107.60345037921326,36.80101277376478],[-107.60350094806564,36.80139145059992],[-107.60291251471347,36.802110617348006],[-107.60315627924737,36.80239920212729]]}},{"type":"Feature","properties":{"depth_ft":350,"elevation_ft":5735.0,"major":false},"geometry":{"type":"LineString","coordinates":[[-107.60452741048574,36.80088604999864],[-107.60447314246282,36.800740025057266],[-107.60401551234105,36.80069218587264],[-107.60346952410656,36.8000512867384],[-107.6032935789603,36.80046302831153],[-107.60350290502205,36.800736526873344],[-107.60452741048574,36.80088604999864]]}},{"type":"Feature","properties":{"depth_ft":350,"elevation_ft":5735.0,"major":false},"geometry":{"type":"LineString","coordinates":[[-107.60521143263432,36.800643067336004],[-107.60575962095263,36.79978096946179],[-107.6065719009374,36.79909571785271],[-107.60607059155045,36.79893902168929],[-107.60589926547405,36.79910982833408],[-107.60504591664416,36.79885430318584],[-107.60364692052458,36.799227465872],[-107.60379312309304,36.80005191170281],[-107.60452953991233,36.80017019527853],[-107.60469933375663,36.800516695275526],[-107.60521143263432,36.800643067336004]]}}]}
