recommendation,import_score,name,alternate_name,watercode,atlas_id,county,location_type,fishery_type,access_class,access_basis,species,property_name,access_ease,fishing_pressure,family_friendly,ice_fishing,boating,atlas_stocked_description,gold_medal,special_opportunity,survey_url,property_url,driving_url,lat,lng,duplicate_atlas_records,species_error
import-high-priority,98,[Purposely Left Blank],Riverbend Pond #2,57756,437,Larimer,Water Body,Warmwater,public-indicated,Public-land/property indicator or official property URL is present,Bass: Largemouth | Crappie: Black | Perch: Yellow,Riverbend Ponds Natural Area,Easy,Medium,Yes,No,Non-motorized,Warmwater,False,,"https://www.google.com/search?q=""fishing report""+Riverbend Pond #2+""Larimer County""+Colorado",https://www.fcgov.com/naturalareas/finder/riverbend,"https://www.google.com/maps/dir//40.5677,-105.0227",40.57650646867769,-105.0311541885573,0,
import-high-priority,98,[Purposely Left Blank],North Shields Pond,53481,13,Larimer,Water Body,Warmwater,public-indicated,Public-land/property indicator or official property URL is present,Bass: Largemouth | Catfish: Channel | Crappie: Unspecified | Sunfish: Bluegill,North Shields Pond Natural Area,Easy,Medium,Yes,No,Non-motorized,Warmwater,False,,"https://www.google.com/search?q=""fishing report""+North Shields Pond+""Larimer County""+Colorado",https://www.fcgov.com/naturalareas/finder/nshieldspond,"https://www.google.com/maps/dir//40.6059,-105.0971",40.605943754419066,-105.09712503110845,0,
import-high-priority,98,[Purposely Left Blank],Riverbend Pond #1,57249,428,Larimer,Water Body,Warmwater,public-indicated,Public-land/property indicator or official property URL is present,Bass: Largemouth | Crappie: Black | Crappie: White | Perch: Yellow | Sunfish: Green,Riverbend Ponds Natural Area,Easy,Medium,Yes,No,Non-motorized,Warmwater,False,,"https://www.google.com/search?q=""fishing report""+Riverbend Pond #1+""Larimer County""+Colorado",https://www.fcgov.com/naturalareas/finder/riverbend,"https://www.google.com/maps/dir//40.5677,-105.0227",40.57530000872572,-105.02864548592122,0,
import-high-priority,98,[Purposely Left Blank],Riverbend Pond #6,58056,430,Larimer,Water Body,Warmwater,public-indicated,Public-land/property indicator or official property URL is present,Bass: Largemouth | Crappie: Black | Perch: Yellow,Riverbend Ponds Natural Area,Easy,Medium,Yes,No,Non-motorized,Warmwater,False,,"https://www.google.com/search?q=""fishing report""+Riverbend Pond #6+""Larimer County""+Colorado",https://www.fcgov.com/naturalareas/finder/riverbend,"https://www.google.com/maps/dir//40.5677,-105.0227",40.568071593037956,-105.02526704251189,0,
import-high-priority,98,[Purposely Left Blank],Riverbend Pond #7,58057,431,Larimer,Water Body,Warmwater,public-indicated,Public-land/property indicator or official property URL is present,Bass: Largemouth | Catfish: Black Bullhead | Crappie: Black | Perch: Yellow,Riverbend Ponds Natural Area,Easy,Medium,Yes,No,Non-motorized,No,False,,"https://www.google.com/search?q=""fishing report""+Riverbend Pond #7+""Larimer County""+Colorado",https://www.fcgov.com/naturalareas/finder/riverbend,"https://www.google.com/maps/dir//40.5677,-105.0227",40.56795875281892,-105.02357630894261,0,
import-high-priority,98,[Purposely Left Blank],Riverbend Pond #4,58051,438,Larimer,Water Body,Warmwater,public-indicated,Public-land/property indicator or official property URL is present,Bass: Largemouth | Carp: Common | Crappie: Black | Perch: Yellow,Riverbend Ponds Natural Area,Easy,Medium,Yes,No,Non-motorized,Warmwater,False,,"https://www.google.com/search?q=""fishing report""+Riverbend Pond #4+""Larimer County""+Colorado",https://www.fcgov.com/naturalareas/finder/riverbend,"https://www.google.com/maps/dir//40.5677,-105.0227",40.5769635764489,-105.0329422366213,0,
import-high-priority,98,[Purposely Left Blank],Prospect Pond #3 South,58075,444,Larimer,Water Body,Warmwater,public-indicated,Public-land/property indicator or official property URL is present,Bass: Largemouth | Carp: Common | Catfish: Channel | Crappie: Black | Crappie: Unspecified | Perch: Yellow | Sunfish: Bluegill,Prospect Ponds Natural Area,Easy,High,Yes,No,Non-motorized,Warmwater,False,,"https://www.google.com/search?q=""fishing report""+Prospect Pond #3 South+""Larimer County""+Colorado",https://www.fcgov.com/naturalareas/finder/prospectponds,"https://www.google.com/maps/dir//40.56,-105.0259",40.55996014373768,-105.0258654785946,0,
import-high-priority,98,[Purposely Left Blank],Arapahoe Bend Beaver Pond,53593,590,Larimer,Water Body,Warmwater,public-indicated,Public-land/property indicator or official property URL is present,Bass: Largemouth | Bass: Wiper | Carp: Common | Catfish: Channel | Crappie: Black | Crappie: White | Perch: Walleye | Perch: Yellow | Sunfish: Bluegill,Arapaho Bend Natural Area,Easy,Medium,Yes,No,Non-motorized,Warmwater,False,,"https://www.google.com/search?q=""fishing report""+Arapahoe Bend Beaver Pond+""Larimer County""+Colorado",https://www.fcgov.com/naturalareas/finder/arapaho,"https://www.google.com/maps/dir//40.5269,-104.9996",40.52688761781567,-104.99956763552024,0,
import-high-priority,98,[Purposely Left Blank],Troutman Park Pond,61325,1683,Larimer,Water Body,Warmwater,public-indicated,Public-land/property indicator or official property URL is present,Bass: Largemouth | Perch: Yellow | Sunfish: Bluegill | Sunfish: Green,Troutman Park,Easy,Medium,Yes,No,None,Warmwater,False,,"https://www.google.com/search?q=""fishing report""+Troutman Park Pond+""Larimer County""+Colorado",https://www.fcgov.com/parks/,"https://www.google.com/maps/dir//40.5303,-105.0859",40.53031424652367,-105.08594802076524,1,
import-high-priority,98,[Purposely Left Blank],Twin Lakes Upper,80034,84,Lake,Water Body,Coldwater,public-indicated,Public-land/property indicator or official property URL is present,Trout: Brown | Trout: Cutbow | Trout: Lake | Trout: Rainbow | Trout: Snake River Cutthroat,San Isabel National Forest,Easy,Medium,Yes,Yes,Motor boats,No,False,,https://cpw.state.co.us/thingstodo/Fishery%20Survey%20Summaries/TwinLakesReservoirs.pdf,https://www.fs.usda.gov/activity/psicc/recreation/fishing,"https://www.google.com/maps/dir//39.0785,-106.3689",39.07847721862704,-106.36886440658677,0,
import-high-priority,98,[Purposely Left Blank],Hugo SWA Pond #4,79521,157,Lincoln,Water Body,Warmwater,public-indicated,Public-land/property indicator or official property URL is present,Bass: Largemouth | Catfish: Channel | Sunfish: Bluegill | Sunfish: Green,Hugo SWA,Easy,Low,Yes,Yes,None,Warmwater,False,,"https://www.google.com/search?q=""fishing report""+Hugo SWA Pond #4+""Lincoln County""+Colorado",https://cpw.state.co.us/swa/Hugo%20SWA,"https://www.google.com/maps/dir//38.8948,-103.4234",38.93367918434959,-103.42969933254234,0,
import-high-priority,98,[Purposely Left Blank],Bear Creek Pond #2,57227,91,Jefferson,Water Body,Warmwater,public-indicated,Public-land/property indicator or official property URL is present,Bass: Largemouth | Catfish: Channel | Crappie: Black | Sunfish: Bluegill,Bear Creek Greenbelt,Easy,Medium,Yes,No,None,Warmwater,False,,"https://www.google.com/search?q=""fishing report""+Bear Creek Pond #2+""Jefferson County""+Colorado",https://www.lakewood.org/Government/Departments/Community-Resources/Parks-Forestry-and-Open-Space/A-to-Z-Park-Listing/Bear-Creek-Greenbelt-Park,"https://www.google.com/maps/dir//39.6664,-105.0881",39.666356072985614,-105.0881295021776,0,
import-high-priority,98,[Purposely Left Blank],"Ryan Pond, West",81618,1644,Otero,Water Body,Warmwater,public-indicated,Public-land/property indicator or official property URL is present,Bass: Largemouth | Catfish: Channel | Crappie: Black | Sunfish: Bluegill,Rocky Ford SWA,Easy,Medium,Yes,Yes,Electric,Warmwater,False,,"https://www.google.com/search?q=""fishing report""+Ryan Pond, West+""Otero County""+Colorado",https://cpw.state.co.us/swa/Rocky%20Ford%20SWA,"https://www.google.com/maps/dir//38.052,-103.6537",38.064631415110796,-103.68311161370688,0,
import-high-priority,98,[Purposely Left Blank],"Ryan Pond, Middle",82482,1666,Otero,Water Body,Warmwater,public-indicated,Public-land/property indicator or official property URL is present,Bass: Largemouth | Catfish: Channel | Crappie: Black | Sunfish: Bluegill,Rocky Ford SWA,Easy,Medium,Yes,Yes,Electric,Warmwater,False,,"https://www.google.com/search?q=""fishing report""+Ryan Pond, Middle+""Otero County""+Colorado",https://cpw.state.co.us/swa/Rocky%20Ford%20SWA,"https://www.google.com/maps/dir//38.052,-103.6537",38.064696123511645,-103.68247699797611,0,
import-high-priority,98,[Purposely Left Blank],"Ryan Pond, SE",81810,1692,Otero,Water Body,Warmwater,public-indicated,Public-land/property indicator or official property URL is present,Bass: Largemouth | Catfish: Channel | Sunfish: Bluegill,Rocky Ford SWA,Easy,Medium,Yes,Yes,Electric,Warmwater,False,,"https://www.google.com/search?q=""fishing report""+Ryan Pond, SE+""Otero County""+Colorado",https://cpw.state.co.us/swa/Rocky%20Ford%20SWA,"https://www.google.com/maps/dir//38.052,-103.6537",38.05697922553278,-103.67577385556427,0,
import-high-priority,98,[Purposely Left Blank],Sawhill Pond #1,61084,340,Boulder,Water Body,Warmwater,public-indicated,Public-land/property indicator or official property URL is present,Bass: Largemouth | Catfish: Black Bullhead | Catfish: Channel | Crappie: Unspecified | Perch: Yellow | Sunfish: Bluegill | Sunfish: Pumpkinseed,Sawhill Ponds,Easy,Low,Yes,Yes,Belly boats,No,False,,"https://www.google.com/search?q=""fishing report""+Sawhill Pond #1+""Boulder County""+Colorado",https://bouldercolorado.gov/services/fishing-osmp,"https://www.google.com/maps/dir//40.0396,-105.1851",40.04052874699931,-105.18630868914761,0,
import-high-priority,98,[Purposely Left Blank],Golden Gravel Pond #3,57914,290,Boulder,Water Body,Mixed coldwater/warmwater,public-indicated,Public-land/property indicator or official property URL is present,Bass: Largemouth | Catfish: Black Bullhead | Catfish: Channel | Crappie: Unspecified | Pike: Tiger Muskie | Sunfish: Bluegill | Trout: Cutbow | Trout: Rainbow,Golden Ponds,Easy,High,Yes,No,Unsure,Warmwater,False,,"https://www.google.com/search?q=""fishing report""+Golden Gravel Pond #3+""Boulder County""+Colorado",https://www.longmontcolorado.gov/Home/Components/FacilityDirectory/FacilityDirectory/70/52,"https://www.google.com/maps/dir//40.1686,-105.138",40.16861059230568,-105.13795980736919,0,
import-high-priority,98,[Purposely Left Blank],North Jayhawker Pond,53172,1342,Larimer,Water Body,Warmwater,public-indicated,Public-land/property indicator or official property URL is present,Bass: Largemouth | Catfish: Channel | Crappie: Black | Crappie: White | Perch: Yellow | Pike: Tiger Muskie | Sunfish: Bluegill | Sunfish: Green,River's Edge Natural Area,Easy,High,Yes,No,Belly boats,Warmwater,False,,https://cpw.state.co.us/thingstodo/Fishery%20Survey%20Summaries/RiversEdgeNaturalArea.pdf,https://www.lovgov.org/services/parks-recreation/trail-info/river-s-edge-natural-area,"https://www.google.com/maps/dir//40.3912,-105.0877",40.391845426728715,-105.09417543712756,0,
import-high-priority,98,[Purposely Left Blank],Walden Pond - Bass Pond,61274,297,Boulder,Water Body,Warmwater,public-indicated,Public-land/property indicator or official property URL is present,Bass: Largemouth | Carp: Common | Catfish: Black Bullhead | Catfish: Channel | Crappie: Unspecified | Perch: Yellow | Sunfish: Bluegill,Walden Ponds Wildlife Habitat,Easy,Medium,Yes,No,None,No,False,,"https://www.google.com/search?q=""fishing report""+Walden Pond - Bass Pond+""Boulder County""+Colorado",https://www.bouldercounty.org/open-space/parks-and-trails/walden-ponds-wildlife-habitat/,"https://www.google.com/maps/dir//40.0442,-105.1837",40.04541678312686,-105.18954339582328,0,
import-high-priority,98,[Purposely Left Blank],Sawhill Pond #10,61173,313,Boulder,Water Body,Warmwater,public-indicated,Public-land/property indicator or official property URL is present,Bass: Largemouth | Catfish: Black Bullhead | Catfish: Channel | Crappie: Unspecified | Perch: Yellow | Sunfish: Bluegill | Sunfish: Pumpkinseed,Sawhill Ponds,Easy,Low,Yes,No,Belly boats,No,False,,"https://www.google.com/search?q=""fishing report""+Sawhill Pond #10+""Boulder County""+Colorado",https://bouldercolorado.gov/services/fishing-osmp,"https://www.google.com/maps/dir//40.037,-105.1983",40.036959213423785,-105.19828361636388,0,
import-high-priority,98,[Purposely Left Blank],Sawhill Pond #11,61185,326,Boulder,Water Body,Warmwater,public-indicated,Public-land/property indicator or official property URL is present,Bass: Largemouth | Catfish: Black Bullhead | Catfish: Channel | Crappie: Unspecified | Perch: Yellow | Sunfish: Bluegill | Sunfish: Pumpkinseed,Sawhill Ponds,Easy,Low,Yes,No,Belly boats,No,False,,"https://www.google.com/search?q=""fishing report""+Sawhill Pond #11+""Boulder County""+Colorado",https://bouldercolorado.gov/services/fishing-osmp,"https://www.google.com/maps/dir//40.0396,-105.1851",40.038617080656586,-105.19625298993547,0,
import-high-priority,98,[Purposely Left Blank],Sawhill Pond #9,61161,327,Boulder,Water Body,Warmwater,public-indicated,Public-land/property indicator or official property URL is present,Bass: Largemouth | Catfish: Black Bullhead | Catfish: Channel | Crappie: Unspecified | Perch: Yellow | Sunfish: Bluegill | Sunfish: Pumpkinseed,Sawhill Ponds,Easy,Low,Yes,No,Belly boats,No,False,,"https://www.google.com/search?q=""fishing report""+Sawhill Pond #9+""Boulder County""+Colorado",https://bouldercolorado.gov/services/fishing-osmp,"https://www.google.com/maps/dir//40.0396,-105.1851",40.037492248688096,-105.19473349502228,0,
import-high-priority,98,[Purposely Left Blank],Sawhill Pond #8,61159,328,Boulder,Water Body,Warmwater,public-indicated,Public-land/property indicator or official property URL is present,Bass: Largemouth | Carp: Common | Catfish: Black Bullhead | Catfish: Channel | Crappie: Unspecified | Perch: Yellow | Sunfish: Bluegill | Sunfish: Pumpkinseed,Sawhill Ponds,Easy,Low,Yes,No,Belly boats,No,False,,"https://www.google.com/search?q=""fishing report""+Sawhill Pond #8+""Boulder County""+Colorado",https://bouldercolorado.gov/services/fishing-osmp,"https://www.google.com/maps/dir//40.0396,-105.1851",40.03915600664803,-105.19366223158809,0,
import-high-priority,98,[Purposely Left Blank],Sawhill Pond #15,61224,329,Boulder,Water Body,Warmwater,public-indicated,Public-land/property indicator or official property URL is present,Bass: Largemouth | Catfish: Black Bullhead | Catfish: Channel | Crappie: Unspecified | Sunfish: Bluegill | Sunfish: Pumpkinseed,Sawhill Ponds,Easy,Low,Yes,No,Belly boats,No,False,,"https://www.google.com/search?q=""fishing report""+Sawhill Pond #15+""Boulder County""+Colorado",https://bouldercolorado.gov/services/fishing-osmp,"https://www.google.com/maps/dir//40.0396,-105.1851",40.04286067184291,-105.19623549704197,0,
import-high-priority,98,[Purposely Left Blank],Sawhill Pond #14,61212,330,Boulder,Water Body,Warmwater,public-indicated,Public-land/property indicator or official property URL is present,Bass: Largemouth | Carp: Common | Catfish: Black Bullhead | Catfish: Channel | Crappie: Unspecified | Perch: Yellow | Sunfish: Bluegill | Sunfish: Pumpkinseed,Sawhill Ponds,Easy,Low,Yes,No,Belly boats,No,False,,"https://www.google.com/search?q=""fishing report""+Sawhill Pond #14+""Boulder County""+Colorado",https://bouldercolorado.gov/services/fishing-osmp,"https://www.google.com/maps/dir//40.0396,-105.1851",40.04329854966327,-105.1952720763576,0,
import-high-priority,98,[Purposely Left Blank],Sawhill Pond #13,61200,331,Boulder,Water Body,Warmwater,public-indicated,Public-land/property indicator or official property URL is present,Bass: Largemouth | Catfish: Black Bullhead | Catfish: Channel | Crappie: Unspecified | Perch: Yellow | Sunfish: Bluegill | Sunfish: Pumpkinseed,Sawhill Ponds,Easy,Low,Yes,No,Belly boats,No,False,,"https://www.google.com/search?q=""fishing report""+Sawhill Pond #13+""Boulder County""+Colorado",https://bouldercolorado.gov/services/fishing-osmp,"https://www.google.com/maps/dir//40.0396,-105.1851",40.042705431179144,-105.19427616720272,0,
import-high-priority,98,[Purposely Left Blank],Sawhill Pond #12,61197,332,Boulder,Water Body,Warmwater,public-indicated,Public-land/property indicator or official property URL is present,Bass: Largemouth | Catfish: Black Bullhead | Catfish: Channel | Crappie: Unspecified | Perch: Yellow | Sunfish: Bluegill | Sunfish: Pumpkinseed,Sawhill Ponds,Easy,Low,Yes,No,Belly boats,No,False,,"https://www.google.com/search?q=""fishing report""+Sawhill Pond #12+""Boulder County""+Colorado",https://bouldercolorado.gov/services/fishing-osmp,"https://www.google.com/maps/dir//40.0396,-105.1851",40.04165181299318,-105.19462070255521,0,
import-high-priority,98,[Purposely Left Blank],Sawhill Pond #5,61123,333,Boulder,Water Body,Warmwater,public-indicated,Public-land/property indicator or official property URL is present,Bass: Largemouth | Catfish: Black Bullhead | Catfish: Channel | Crappie: Unspecified | Perch: Yellow | Sunfish: Bluegill | Sunfish: Pumpkinseed,Sawhill Ponds,Easy,Low,Yes,No,Belly boats,No,False,,"https://www.google.com/search?q=""fishing report""+Sawhill Pond #5+""Boulder County""+Colorado",https://bouldercolorado.gov/services/fishing-osmp,"https://www.google.com/maps/dir//40.0396,-105.1851",40.04286644660475,-105.19148671049764,0,
import-high-priority,98,[Purposely Left Blank],Sawhill Pond #4,61111,335,Boulder,Water Body,Warmwater,public-indicated,Public-land/property indicator or official property URL is present,Bass: Largemouth | Catfish: Black Bullhead | Catfish: Channel | Crappie: Unspecified | Perch: Yellow | Sunfish: Bluegill | Sunfish: Pumpkinseed,Sawhill Ponds,Easy,Low,Yes,No,Belly boats,No,False,,"https://www.google.com/search?q=""fishing report""+Sawhill Pond #4+""Boulder County""+Colorado",https://bouldercolorado.gov/services/fishing-osmp,"https://www.google.com/maps/dir//40.0396,-105.1851",40.0423059100551,-105.18898700808239,0,
import-high-priority,98,[Purposely Left Blank],Sawhill Pond #3,61109,336,Boulder,Water Body,Warmwater,public-indicated,Public-land/property indicator or official property URL is present,Bass: Largemouth | Catfish: Black Bullhead | Catfish: Channel | Crappie: Unspecified | Perch: Yellow | Sunfish: Bluegill | Sunfish: Pumpkinseed,Sawhill Ponds,Easy,Low,Yes,No,Belly boats,No,False,,"https://www.google.com/search?q=""fishing report""+Sawhill Pond #3+""Boulder County""+Colorado",https://bouldercolorado.gov/services/fishing-osmp,"https://www.google.com/maps/dir//40.0396,-105.1851",40.04052653453709,-105.18988177681777,0,
import-high-priority,98,[Purposely Left Blank],Sawhill Pond #7,61147,337,Boulder,Water Body,Warmwater,public-indicated,Public-land/property indicator or official property URL is present,Bass: Largemouth | Catfish: Black Bullhead | Catfish: Channel | Crappie: Unspecified | Perch: Yellow | Sunfish: Bluegill | Sunfish: Pumpkinseed,Sawhill Ponds,Easy,Low,Yes,No,Belly boats,No,False,,"https://www.google.com/search?q=""fishing report""+Sawhill Pond #7+""Boulder County""+Colorado",https://bouldercolorado.gov/services/fishing-osmp,"https://www.google.com/maps/dir//40.0396,-105.1851",40.03985812282202,-105.19178680170145,0,
import-high-priority,98,[Purposely Left Blank],Sawhill Pond #1A,53487,338,Boulder,Water Body,Warmwater,public-indicated,Public-land/property indicator or official property URL is present,Bass: Largemouth | Catfish: Black Bullhead | Catfish: Channel | Crappie: Unspecified | Perch: Yellow | Sunfish: Bluegill | Sunfish: Pumpkinseed,Sawhill Ponds,Easy,Low,Yes,No,Belly boats,No,False,,"https://www.google.com/search?q=""fishing report""+Sawhill Pond #1A+""Boulder County""+Colorado",https://bouldercolorado.gov/services/fishing-osmp,"https://www.google.com/maps/dir//40.0396,-105.1851",40.040588750295456,-105.18806850855215,0,
import-high-priority,98,[Purposely Left Blank],Sawhill Pond #2,61096,339,Boulder,Water Body,Warmwater,public-indicated,Public-land/property indicator or official property URL is present,Bass: Largemouth | Catfish: Black Bullhead | Catfish: Channel | Crappie: Unspecified | Perch: Yellow | Sunfish: Bluegill | Sunfish: Pumpkinseed,Sawhill Ponds,Easy,Low,Yes,No,Belly boats,No,False,,"https://www.google.com/search?q=""fishing report""+Sawhill Pond #2+""Boulder County""+Colorado",https://bouldercolorado.gov/services/fishing-osmp,"https://www.google.com/maps/dir//40.0396,-105.1851",40.03861205519339,-105.1901479925522,0,
import-high-priority,98,[Purposely Left Blank],Heron Lake - Pella Crossing,52915,276,Boulder,Water Body,Warmwater,public-indicated,Public-land/property indicator or official property URL is present,Bass: Largemouth | Catfish: Channel | Crappie: Unspecified | Perch: Yellow | Sunfish: Bluegill | Sunfish: Green,Pella Crossing,Easy,High,Yes,No,Non-motorized,No,False,,"https://www.google.com/search?q=""fishing report""+Heron Lake - Pella Crossing+""Boulder County""+Colorado",https://www.bouldercounty.org/open-space/parks-and-trails/pella-crossing/,"https://www.google.com/maps/dir//40.183,-105.1713",40.18304088068295,-105.1713270000641,0,
import-high-priority,98,[Purposely Left Blank],Poplar Pond - Belly Boat #2,60416,281,Boulder,Water Body,Warmwater,public-indicated,Public-land/property indicator or official property URL is present,Bass: Largemouth | Catfish: Channel | Crappie: Unspecified | Perch: Yellow | Sunfish: Bluegill,Pella Crossing,Easy,Medium,Yes,No,Non-motorized,Warmwater,False,,"https://www.google.com/search?q=""fishing report""+Poplar Pond - Belly Boat #2+""Boulder County""+Colorado",https://www.bouldercounty.org/open-space/parks-and-trails/pella-crossing/,"https://www.google.com/maps/dir//40.1869,-105.1862",40.186860903580886,-105.18618025701146,0,
import-high-priority,98,[Purposely Left Blank],Dragonfly Pond - Belly Boat #1,60414,282,Boulder,Water Body,Warmwater,public-indicated,Public-land/property indicator or official property URL is present,Bass: Largemouth | Catfish: Channel | Crappie: Black | Crappie: Unspecified | Perch: Yellow | Sunfish: Bluegill,Pella Crossing,Easy,Medium,Yes,No,Non-motorized,Warmwater,False,,"https://www.google.com/search?q=""fishing report""+Dragonfly Pond - Belly Boat #1+""Boulder County""+Colorado",https://www.bouldercounty.org/open-space/parks-and-trails/pella-crossing/,"https://www.google.com/maps/dir//40.1867,-105.1841",40.18668263840268,-105.1840572864668,0,
import-high-priority,98,[Purposely Left Blank],Golden Gravel Pond #1,57899,293,Boulder,Water Body,Warmwater,public-indicated,Public-land/property indicator or official property URL is present,Bass: Largemouth | Catfish: Channel | Crappie: Unspecified | Perch: Walleye | Perch: Yellow | Sunfish: Bluegill,Golden Ponds,Easy,Low,Yes,No,Unsure,Warmwater,False,,"https://www.google.com/search?q=""fishing report""+Golden Gravel Pond #1+""Boulder County""+Colorado",https://www.longmontcolorado.gov/Home/Components/FacilityDirectory/FacilityDirectory/70/52,"https://www.google.com/maps/dir//40.1709,-105.1435",40.17089470281017,-105.14354889240332,0,
import-high-priority,98,[Purposely Left Blank],Mead Pond #3,58536,303,Weld,Water Body,Warmwater,public-indicated,Public-land/property indicator or official property URL is present,Bass: Largemouth | Catfish: Channel | Sunfish: Bluegill,Mead Ponds,Easy,Low,Yes,No,Unsure,Warmwater,False,,"https://www.google.com/search?q=""fishing report""+Mead Pond #3+""Weld County""+Colorado",https://www.townofmead.org/parksandrec/page/mead-ponds,"https://www.google.com/maps/dir//40.2336,-105.0263",40.23363949077405,-105.02632268693823,0,
import-high-priority,98,[Purposely Left Blank],Mead Pond #1,58534,305,Weld,Water Body,Warmwater,public-indicated,Public-land/property indicator or official property URL is present,Bass: Largemouth | Carp: Common | Catfish: Channel | Sunfish: Bluegill,Mead Ponds,Easy,Medium,Yes,No,Unsure,Warmwater,False,,"https://www.google.com/search?q=""fishing report""+Mead Pond #1+""Weld County""+Colorado",https://www.townofmead.org/parksandrec/page/mead-ponds,"https://www.google.com/maps/dir//40.2349,-105.0264",40.23490857962022,-105.02644568875851,0,
import-high-priority,98,[Purposely Left Blank],Simpson Property Pond #2,58152,34,Larimer,Water Body,Warmwater,public-indicated,Public-land/property indicator or official property URL is present,Bass: Largemouth | Carp: Common | Catfish: Channel | Crappie: Unspecified | Crappie: White | Perch: Yellow,Simpson Ponds SWA,Easy,Medium,Yes,Yes,Belly boats,No,False,,"https://www.google.com/search?q=""fishing report""+Simpson Property Pond #2+""Larimer County""+Colorado",https://cpw.state.co.us/swa/Simpson%20Ponds%20SWA,"https://www.google.com/maps/dir//40.3843,-105.0307",40.384071004411204,-105.03177704983257,0,
import-high-priority,98,[Purposely Left Blank],Big Thompson Pond #4,58138,139,Larimer,Water Body,Warmwater,public-indicated,Public-land/property indicator or official property URL is present,Bass: Largemouth | Carp: Common | Catfish: Channel | Sunfish: Bluegill,Big Thompson Ponds SWA,Easy,Low,Yes,Yes,Belly boats,No,False,,"https://www.google.com/search?q=""fishing report""+Big Thompson Pond #4+""Larimer County""+Colorado",https://cpw.state.co.us/swa/Big%20Thompson%20Ponds%20SWA,"https://www.google.com/maps/dir//40.3923,-104.9971",40.39091232142706,-104.99966901129837,0,
import-high-priority,98,[Purposely Left Blank],Simpson Property Pond #1,57201,350,Larimer,Water Body,Warmwater,public-indicated,Public-land/property indicator or official property URL is present,Bass: Largemouth | Carp: Common | Catfish: Channel | Crappie: Unspecified | Perch: Yellow | Sunfish: Bluegill,Simpson Ponds SWA,Easy,Medium,Yes,Yes,Belly boats,Warmwater,False,,"https://www.google.com/search?q=""fishing report""+Simpson Property Pond #1+""Larimer County""+Colorado",https://cpw.state.co.us/swa/Simpson%20Ponds%20SWA,"https://www.google.com/maps/dir//40.3843,-105.0307",40.3879359454123,-105.03407653483899,0,
import-high-priority,98,[Purposely Left Blank],Bass Pond,18515,1776,Larimer,Water Body,Warmwater,public-indicated,Public-land/property indicator or official property URL is present,Bass: Largemouth | Catfish: Channel | Crappie: Black | Sunfish: Bluegill,River's Edge Natural Area,Easy,High,Yes,No,Belly boats,Warmwater,False,,https://cpw.state.co.us/thingstodo/Fishery%20Survey%20Summaries/RiversEdgeNaturalArea.pdf,https://www.lovgov.org/services/parks-recreation/trail-info/river-s-edge-natural-area,"https://www.google.com/maps/dir//40.3912,-105.0877",40.38935194593632,-105.08525442614449,0,
import-high-priority,98,[Purposely Left Blank],Grandview Pond #1,52824,401,Adams,Water Body,Warmwater,public-indicated,Public-land/property indicator or official property URL is present,Bass: Largemouth | Catfish: Channel | Sunfish: Bluegill,Grandview Ponds,Easy,Medium,Yes,No,None,Warmwater,False,,"https://www.google.com/search?q=""fishing report""+Grandview Pond #1+""Adams County""+Colorado",https://www.thorntonco.gov/thornton-parks/Pages/fishing-guide.aspx,"https://www.google.com/maps/dir//39.8818,-104.9372",39.881770925815125,-104.937234409321,0,
import-high-priority,98,[Purposely Left Blank],Grandview Pond #2,52826,402,Adams,Water Body,Warmwater,public-indicated,Public-land/property indicator or official property URL is present,Bass: Largemouth | Catfish: Channel | Sunfish: Bluegill,Grandview Ponds,Easy,Medium,Yes,No,None,Warmwater,False,,"https://www.google.com/search?q=""fishing report""+Grandview Pond #2+""Adams County""+Colorado",https://www.thorntonco.gov/thornton-parks/Pages/fishing-guide.aspx,"https://www.google.com/maps/dir//39.8825,-104.9346",39.882451310842775,-104.9346196120566,0,
import-high-priority,98,[Purposely Left Blank],Valente Open Space North Pond ,57537,1722,Adams,Water Body,Warmwater,public-indicated,Public-land/property indicator or official property URL is present,Bass: Largemouth | Carp: Common | Perch: Yellow | Sunfish: Bluegill,Elaine T. Valente Open Space,Easy,Low,Yes,No,None,No,False,,"https://www.google.com/search?q=""fishing report""+Valente Open Space North Pond +""Adams County""+Colorado",https://www.adcogov.org/openspace,"https://www.google.com/maps/dir//39.8857,-104.9074",39.89132447843325,-104.90472243882772,0,
import-high-priority,98,[Purposely Left Blank],Valente Open Space West Pond,57536,1723,Adams,Water Body,Warmwater,public-indicated,Public-land/property indicator or official property URL is present,Bass: Largemouth | Carp: Common | Sunfish: Bluegill,Elaine T. Valente Open Space,Easy,Medium,Yes,No,None,No,False,,"https://www.google.com/search?q=""fishing report""+Valente Open Space West Pond+""Adams County""+Colorado",https://www.adcogov.org/openspace,"https://www.google.com/maps/dir//39.8857,-104.9074",39.88735850047325,-104.90951154445693,0,
import-high-priority,98,[Purposely Left Blank],Blackrock Lake,60208,172,Arapahoe,Water Body,Warmwater,public-indicated,Public-land/property indicator or official property URL is present,Bass: Largemouth | Bass: Smallmouth | Catfish: Channel | Perch: Yellow | Sunfish: Green,South Platte Park/Carson Nature Area,Easy,Medium,Yes,No,None,Warmwater,False,,"https://www.google.com/search?q=""fishing report""+Blackrock Lake+""Arapahoe County""+Colorado",https://www.ssprd.org/nature,"https://www.google.com/maps/dir//39.5684,-105.0417",39.56839283311716,-105.04166112397053,0,
import-high-priority,98,[Purposely Left Blank],Colorado River,21286,1713,Grand,Stream or River,Coldwater,public-indicated,Public-land/property indicator or official property URL is present,Trout: Brown | Trout: Mountain Whitefish | Trout: Rainbow,Kemp Breeze SWA,Easy,High,Yes,No,None,No,False,,https://cpw.state.co.us/thingstodo/Fishery%20Survey%20Summaries/ColoradoRivernearParshall.pdf,https://cpw.state.co.us/swa/Kemp%20Breeze%20SWA,"https://www.google.com/maps/dir//40.064,-106.1908",40.06324565915022,-106.1906933176008,0,
import-high-priority,98,[Purposely Left Blank],John Meade Park Lake (North),60432,1716,Arapahoe,Water Body,Warmwater,public-indicated,Public-land/property indicator or official property URL is present,Bass: Largemouth | Carp: Common | Sunfish: Bluegill | Sunfish: Green,John Meade Park,Easy,Low,Yes,No,None,No,False,,"https://www.google.com/search?q=""fishing report""+John Meade Park Lake (North)+""Arapahoe County""+Colorado",https://www.cherryhillsvillage.com/183/Parks-Trails-Recreation,"https://www.google.com/maps/dir//39.6373,-104.9586",39.637314482844324,-104.9586120529218,0,
import-high-priority,98,[Purposely Left Blank],Chatfield Pond #2,60296,7,Jefferson,Water Body,Warmwater,public-indicated,Public-land/property indicator or official property URL is present,Bass: Largemouth | Perch: Yellow | Sunfish: Bluegill | Sunfish: Green,Chatfield State Park,Easy,Low,Yes,Yes,Non-motorized,No,False,,"https://www.google.com/search?q=""fishing report""+Chatfield Pond #2+""Jefferson County""+Colorado",https://cpw.state.co.us/placestogo/Parks/Chatfield,"https://www.google.com/maps/dir//39.5204,-105.082",39.51387598017579,-105.0813242761152,0,
import-high-priority,98,[Purposely Left Blank],St. Vrain State Park Killdeer,58102,225,Weld,Water Body,Warmwater,public-indicated,Public-land/property indicator or official property URL is present,Bass: Largemouth | Carp: Common | Catfish: Channel | Crappie: Black | Sunfish: Bluegill,St. Vrain State Park,Easy,Medium,Yes,Yes,Electric,Warmwater,False,,https://cpw.state.co.us/thingstodo/Fishery%20Survey%20Summaries/StVrainStateParkPonds.pdf,https://cpw.state.co.us/placestogo/Parks/stvrain,"https://www.google.com/maps/dir//40.1679,-104.9834",40.168567632367015,-104.98784329874238,0,
import-high-priority,98,[Purposely Left Blank],St. Vrain State Park Red Tail,58085,232,Weld,Water Body,Mixed coldwater/warmwater,public-indicated,Public-land/property indicator or official property URL is present,Bass: Largemouth | Catfish: Channel | Perch: Yellow | Sunfish: Bluegill | Trout: Rainbow,St. Vrain State Park,Easy,Medium,Yes,Yes,Electric,Warmwater,False,,https://cpw.state.co.us/thingstodo/Fishery%20Survey%20Summaries/StVrainStateParkPonds.pdf,https://cpw.state.co.us/placestogo/Parks/stvrain,"https://www.google.com/maps/dir//40.1679,-104.9834",40.16465800898382,-104.98436670630343,0,
import-high-priority,98,[Purposely Left Blank],St. Vrain State Park Pintail Pond,58090,234,Weld,Water Body,Warmwater,public-indicated,Public-land/property indicator or official property URL is present,Carp: Common | Catfish: Black Bullhead | Catfish: Channel | Sunfish: Green,St. Vrain State Park,Easy,Low,Yes,Yes,Electric,Warmwater,False,,https://cpw.state.co.us/thingstodo/Fishery%20Survey%20Summaries/StVrainStateParkPonds.pdf,https://cpw.state.co.us/placestogo/Parks/stvrain,"https://www.google.com/maps/dir//40.1679,-104.9834",40.16525278778789,-104.98955194831169,0,
import-high-priority,98,[Purposely Left Blank],St. Vrain State Park Blue Heron,58083,237,Weld,Water Body,Warmwater,public-indicated,Public-land/property indicator or official property URL is present,Bass: Largemouth | Catfish: Channel | Crappie: Unspecified | Perch: Walleye | Perch: Yellow,St. Vrain State Park,Easy,Medium,Yes,Yes,Electric,Warmwater,False,,https://cpw.state.co.us/thingstodo/Fishery%20Survey%20Summaries/StVrainStateParkPonds.pdf,https://cpw.state.co.us/placestogo/Parks/stvrain,"https://www.google.com/maps/dir//40.1679,-104.9834",40.16480809070276,-104.99417150142261,0,
import-high-priority,98,Akron Pond,Akron Pond,20916,378,Washington,Water Body,Warmwater,public-indicated,Public-land/property indicator or official property URL is present,Bass: Largemouth | Bass: Smallmouth | Catfish: Channel | Sunfish: Redear,Town of Akron,Easy,Medium,Yes,No,None,No,False,,"https://www.google.com/search?q=""fishing report""+Akron City Lake+""Washington County""+Colorado",https://townofakron.colorado.gov/departments/pond,"https://www.google.com/maps/dir//40.138,-103.2197",40.138455579676936,-103.2168459352518,0,
import-high-priority,98,Allen Park Lake,Allen Park Lake,52345,850,Weld,Water Body,Mixed coldwater/warmwater,public-indicated,Public-land/property indicator or official property URL is present,Bass: Largemouth | Catfish: Channel | Crappie: Black | Trout: Cutbow | Trout: Rainbow,Allen Park,Easy,Medium,Yes,No,Non-motorized,Warmwater,False,,"https://www.google.com/search?q=""fishing report""+Allen Park Lake+""Weld County""+Colorado",https://greeleygov.com/activities/parks,"https://www.google.com/maps/dir//40.4238,-104.7578",40.423779820617746,-104.75776158513156,0,
import-high-priority,98,Antero Reservoir,Antero Reservoir,79764,379,Park,Water Body,Mixed coldwater/warmwater,public-indicated,Public-land/property indicator or official property URL is present,Pike: Tiger Muskie | Trout: Brook | Trout: Brown | Trout: Cutbow | Trout: Cutthroat | Trout: Rainbow | Trout: Snake River Cutthroat | Trout: Splake | Trout: Tiger,Antero Reservoir,Easy,High,Yes,Yes,Motor boats,Sub-catchables and Warmwater,False,,https://cpw.state.co.us/thingstodo/Fishery%20Survey%20Summaries/AnteroReservoir.pdf,https://www.denverwater.org/recreation/antero-resevoir,"https://www.google.com/maps/dir//38.9906,-105.9114",38.990572955597514,-105.91137067986305,0,
import-high-priority,98,Avery Pond,Avery Pond,58354,1658,Larimer,Water Body,Warmwater,public-indicated,Public-land/property indicator or official property URL is present,Bass: Largemouth | Sunfish: Bluegill | Sunfish: Green,Avery Park,Easy,Medium,Yes,No,None,Warmwater,False,,"https://www.google.com/search?q=""fishing report""+Avery Pond+""Larimer County""+Colorado",https://www.fcgov.com/parks/,"https://www.google.com/maps/dir//40.5719,-105.1085",40.57190414968633,-105.10848267468903,0,
import-high-priority,98,Balsam Pond,Balsam Pond,57895,500,Jefferson,Water Body,Warmwater,public-indicated,Public-land/property indicator or official property URL is present,Crappie: Black | Sunfish: Bluegill | Sunfish: Green,Balsam Pond Park,Easy,Medium,Yes,No,None,No,False,,"https://www.google.com/search?q=""fishing report""+Balsam Pond+""Jefferson County""+Colorado","https://www.lakewood.org/Community_Resources/Parks,_Forestry_and_Open_Space/A_to_Z_Park_Listing/Park_Listing.aspx","https://www.google.com/maps/dir//39.7175,-105.0889",39.71749786964196,-105.08885575684715,0,
import-high-priority,98,Barnes Meadow Reservoir,Barnes Meadow Reservoir,53784,466,Larimer,Water Body,Coldwater,public-indicated,Public-land/property indicator or official property URL is present,Trout: Brown | Trout: Cutbow | Trout: Rainbow,Roosevelt National Forest,Easy,Medium,Yes,Yes,Non-motorized,Sub-catchables,False,,"https://www.google.com/search?q=""fishing report""+Barnes Meadow Reservoir+""Larimer County""+Colorado",https://www.fs.usda.gov/activity/arp/recreation/fishing,"https://www.google.com/maps/dir//40.598,-105.8308",40.59801090175889,-105.8308351012675,0,
import-high-priority,98,Barnum Pond,Barnum Pond,52390,505,Denver,Water Body,Warmwater,public-indicated,Public-land/property indicator or official property URL is present,Bass: Largemouth | Catfish: Channel | Crappie: Black,Barnum Park,Easy,Medium,Yes,No,None,Warmwater,False,,"https://www.google.com/search?q=""fishing report""+Barnum Pond+""Denver County""+Colorado",https://www.denvergov.org/content/denvergov/en/denver-parks-and-recreation/parks/city-parks.html,"https://www.google.com/maps/dir//39.7242,-105.0272",39.724150438924696,-105.02723482819289,0,
import-high-priority,98,Bear Creek Ponds,Bear Creek Pond #1,57226,90,Jefferson,Water Body,Warmwater,public-indicated,Public-land/property indicator or official property URL is present,Bass: Largemouth | Catfish: Channel | Crappie: Black | Sunfish: Bluegill,Bear Creek Greenbelt,Easy,Medium,Yes,No,None,Warmwater,False,,"https://www.google.com/search?q=""fishing report""+Bear Creek Pond #1+""Jefferson County""+Colorado",https://www.lakewood.org/Government/Departments/Community-Resources/Parks-Forestry-and-Open-Space/A-to-Z-Park-Listing/Bear-Creek-Greenbelt-Park,"https://www.google.com/maps/dir//39.6646,-105.093",39.66460511212538,-105.09304333708738,0,
import-high-priority,98,Big Mac Pond,Big Mac Pond,83259,1646,Otero,Water Body,Warmwater,public-indicated,Public-land/property indicator or official property URL is present,Bass: Largemouth | Catfish: Channel | Crappie: Black | Sunfish: Bluegill,Rocky Ford SWA,Easy,Medium,Yes,Limited,None,Warmwater,False,,"https://www.google.com/search?q=""fishing report""+Big Mac Pond+""Otero County""+Colorado",https://cpw.state.co.us/swa/Rocky%20Ford%20SWA,"https://www.google.com/maps/dir//38.052,-103.6537",38.046384908232305,-103.6486084483346,0,
import-high-priority,98,Big Thompson River,Big Thompson River,12358,1326,Larimer,Stream or River,Coldwater,public-indicated,Public-land/property indicator or official property URL is present,Trout: Brown | Trout: Cutbow | Trout: Rainbow,Forks SWA,Easy,High,Yes,No,None,Sub-catchables,False,,https://cpw.state.co.us/thingstodo/Fishery%20Survey%20Summaries/BigThompsonRiver.pdf,https://cpw.state.co.us/swa/Forks%20SWA,"https://www.google.com/maps/dir//40.4325,-105.3349",40.43270439627889,-105.33436041739894,0,
import-high-priority,98,Birdland Lake,Birdland Lake,57237,515,Jefferson,Water Body,Warmwater,public-indicated,Public-land/property indicator or official property URL is present,Bass: Largemouth | Catfish: Channel | Sunfish: Bluegill,Jack B. Tomlinson Park,Easy,Low,Yes,No,None,Warmwater,False,,"https://www.google.com/search?q=""fishing report""+Birdland Lake+""Jefferson County""+Colorado",https://arvada.org/parks-and-recreation,"https://www.google.com/maps/dir//39.7896,-105.1013",39.789565821578556,-105.101285273818,0,
import-high-priority,98,Boedecker Reservoir,Boedecker Reservoir,52489,279,Larimer,Water Body,Warmwater,public-indicated,Public-land/property indicator or official property URL is present,Bass: Largemouth | Bass: White | Bass: Wiper | Carp: Common | Catfish: Channel | Crappie: Black | Crappie: Unspecified | Perch: Walleye | Perch: Yellow | Sunfish: Bluegill,Boedecker Reservoir SWA,Easy,Medium,Yes,Yes,Motor boats,Warmwater,False,,https://cpw.state.co.us/thingstodo/Fishery%20Survey%20Summaries/BoedeckerReservoir.pdf,https://cpw.state.co.us/swa/Boedecker%20Reservoir%20SWA,"https://www.google.com/maps/dir//40.3866,-105.1424",40.38654981222612,-105.14235558744787,0,
import-high-priority,98,Boulder City Reservoir,Boulder City Reservoir,54089,377,Boulder,Water Body,Mixed coldwater/warmwater,public-indicated,Public-land/property indicator or official property URL is present,Bass: Smallmouth | Carp: Common | Catfish: Channel | Crappie: Black | Perch: Walleye | Perch: Yellow | Sunfish: Bluegill | Sunfish: Green | Trout: Rainbow,Boulder Reservoir,Easy,Low,Yes,Yes,Motor boats,Sub-catchables and Warmwater,False,,https://cpw.state.co.us/thingstodo/Fishery%20Survey%20Summaries/BoulderCityReservoir.pdf,https://bouldercolorado.gov/parks-rec/boulder-reservoir,"https://www.google.com/maps/dir//40.0782,-105.2219",40.078156055952014,-105.22187353831991,0,
import-high-priority,98,Boulder Creek,Boulder Creek,11033,1410,Boulder,Stream or River,Coldwater,public-indicated,Public-land/property indicator or official property URL is present,Trout: Brook | Trout: Brown | Trout: Rainbow,Eben G. Fine Park,Easy,Medium,Yes,No,None,No,False,,"https://www.google.com/search?q=""fishing report""+Boulder Creek+""Boulder County""+Colorado",https://bouldercolorado.gov/locations/eben-g-fine-park,"https://www.google.com/maps/dir//40.0134,-105.2951",40.01342035149519,-105.29511410061409,0,
import-high-priority,98,Boulder Ponds (2),Boulder Ponds (2),52356,93,Boulder,Water Body,Warmwater,public-indicated,Public-land/property indicator or official property URL is present,Bass: Largemouth | Catfish: Channel | Crappie: Black | Sunfish: Bluegill,East Boulder Community Park,Easy,Low,Yes,No,None,Warmwater,False,,"https://www.google.com/search?q=""fishing report""+Boulder Ponds (2)+""Boulder County""+Colorado",https://bouldercolorado.gov/locations/east-boulder-community-park,"https://www.google.com/maps/dir//39.9913,-105.2212",39.991323014353746,-105.22117074764559,0,
import-high-priority,98,Buckeye Reservoir,Buckeye Reservoir,88814,366,Montrose,Water Body,Coldwater,public-indicated,Public-land/property indicator or official property URL is present,Trout: Brown | Trout: Cutbow | Trout: Rainbow,Manti-La Sal National Forest,Easy,Medium,Yes,Yes,Motor boats,Sub-catchables,False,,"https://www.google.com/search?q=""fishing report""+Buckeye Reservoir+""Montrose County""+Colorado",https://www.fs.usda.gov/activity/mantilasal/recreation/fishing,"https://www.google.com/maps/dir//38.4417,-109.0426",38.441676865526944,-109.04259026249038,0,
import-high-priority,98,Camenisch Lake,Camenisch Lake,57516,92,Adams,Water Body,Warmwater,public-indicated,Public-land/property indicator or official property URL is present,Bass: Largemouth | Crappie: Black | Crappie: White | Sunfish: Bluegill,Camenisch Park,Easy,Low,Yes,No,None,No,False,,"https://www.google.com/search?q=""fishing report""+Camenisch Lake+""Adams County""+Colorado",https://www.hylandhills.org/parks/,"https://www.google.com/maps/dir//39.857,-105.0167",39.85696093388592,-105.01674202597401,0,
import-high-priority,98,Carl Park Pond,Carl Park Pond,57922,258,Adams,Water Body,Warmwater,public-indicated,Public-land/property indicator or official property URL is present,Catfish: Black Bullhead | Sunfish: Bluegill | Sunfish: Green,Carl Park,Easy,Low,Yes,No,None,No,False,,"https://www.google.com/search?q=""fishing report""+Carl Park Pond+""Adams County""+Colorado",https://www.hylandhills.org/parks/,"https://www.google.com/maps/dir//39.7959,-105.0378",39.79592179602673,-105.03781738738,0,
import-high-priority,98,Cherry Knolls Pond,Cherry Knolls Pond,52308,1675,Arapahoe,Water Body,Warmwater,public-indicated,Public-land/property indicator or official property URL is present,Bass: Largemouth | Carp: Common | Catfish: Channel | Sunfish: Bluegill | Sunfish: Green,Cherry Knolls Park / Big Dry Creek,Easy,Low,Yes,No,None,Warmwater,False,,"https://www.google.com/search?q=""fishing report""+Cherry Knolls Pond+""Arapahoe County""+Colorado",https://sspr.maps.arcgis.com/apps/webappviewer/index.html?id=27fb075d4a6346d598dc29b553c3c288&find=Cherry%20Knolls%20Park,"https://www.google.com/maps/dir//39.587,-104.9553",39.587004477499036,-104.95531010824543,0,
import-high-priority,98,City Park Lake,City Park Lake,57946,226,Denver,Water Body,Mixed coldwater/warmwater,public-indicated,Public-land/property indicator or official property URL is present,Bass: Largemouth | Carp: Common | Catfish: Channel | Crappie: Black | Sunfish: Bluegill | Sunfish: Green | Trout: Rainbow,City Park,Easy,High,Yes,No,None,Warmwater,False,,"https://www.google.com/search?q=""fishing report""+City Park Lake+""Denver County""+Colorado",https://www.denvergov.org/content/denvergov/en/denver-parks-and-recreation/parks/city-parks.html,"https://www.google.com/maps/dir//39.7462,-104.9488",39.74621859174536,-104.94882042171479,0,
import-high-priority,98,Civic Center Park Lake,Civic Center Park Lake,52822,1651,Adams,Water Body,Warmwater,public-indicated,Public-land/property indicator or official property URL is present,Bass: Largemouth | Catfish: Channel | Crappie: Black | Sunfish: Bluegill,Civic Center Park,Easy,Low,Yes,No,None,Warmwater,False,,"https://www.google.com/search?q=""fishing report""+Civic Center Park Lake+""Adams County""+Colorado",https://www.thorntonco.gov/thornton-parks/Pages/fishing-guide.aspx,"https://www.google.com/maps/dir//39.8726,-104.9861",39.87260277971089,-104.98611837349675,0,
import-high-priority,98,Clear Lake,Clear Lake,54407,780,Clear Creek,Water Body,Coldwater,public-indicated,Public-land/property indicator or official property URL is present,Trout: Brook | Trout: Lake | Trout: Rainbow,Arapaho National Forest,Easy,Medium,Yes,No,Non-motorized,No,False,,"https://www.google.com/search?q=""fishing report""+Clear Lake+""Clear Creek County""+Colorado",https://www.fs.usda.gov/recarea/arp/recreation/fishing/recarea/?recid=28406&actid=42,"https://www.google.com/maps/dir//39.6689,-105.7013",39.66892271917135,-105.70132335092384,0,
import-high-priority,98,Colorado River,Colorado River,21262,605,Grand,Stream or River,Coldwater,public-indicated,Public-land/property indicator or official property URL is present,Trout: Brook | Trout: Brown | Trout: Cutbow | Trout: Mountain Whitefish | Trout: Rainbow,Radium SWA - Fishing Easement,Easy,High,Yes,No,Non-motorized,Sub-catchables,False,,https://cpw.state.co.us/thingstodo/Fishery%20Survey%20Summaries/ColoradoRiverStateBridgeDotsero.pdf,https://cpw.state.co.us/swa/Radium%20SWA,"https://www.google.com/maps/dir//39.952,-106.556",39.95202734757148,-106.55597637369664,0,
import-high-priority,98,Community College Pond,Community College Pond,54448,462,Adams,Water Body,Warmwater,public-indicated,Public-land/property indicator or official property URL is present,Bass: Largemouth | Catfish: Channel | Sunfish: Bluegill,Big Dry Creek Open Space,Easy,Medium,Yes,Unsure,None,Warmwater,False,,"https://www.google.com/search?q=""fishing report""+Community College Pond+""Adams County""+Colorado","https://www.cityofwestminster.us/ParksRecreation/Parks,TrailsOpenSpace/BigDryCreekPark","https://www.google.com/maps/dir//39.9049,-105.0415",39.904921328875574,-105.04145251180537,0,
import-high-priority,98,Connected Lakes,Connected Lakes,73950,368,Mesa,Water Body,Warmwater,public-indicated,Public-land/property indicator or official property URL is present,Bass: Largemouth | Carp: Common | Catfish: Black Bullhead | Crappie: Black | Sunfish: Bluegill | Sunfish: Green,James M. Robb-Colorado River State Park - Connected Lakes Section,Easy,High,Yes,Yes,Electric,No,False,,"https://www.google.com/search?q=""fishing report""+Connected Lakes+""Mesa County""+Colorado",https://cpw.state.co.us/placestogo/Parks/jamesmrobbcoloradoriver,"https://www.google.com/maps/dir//39.0833,-108.6129",39.0832644899206,-108.61291539819527,0,
import-high-priority,98,Coot Lake,Coot Lake,61022,198,Boulder,Water Body,Warmwater,public-indicated,Public-land/property indicator or official property URL is present,Bass: Largemouth | Bass: Smallmouth | Catfish: Channel | Crappie: Unspecified | Sunfish: Bluegill,Coot Lake,Easy,Medium,Yes,No,None,Warmwater,False,,"https://www.google.com/search?q=""fishing report""+Coot Lake+""Boulder County""+Colorado",https://bouldercolorado.gov/locations/coot-lake,"https://www.google.com/maps/dir//40.0872,-105.2089",40.087155070268224,-105.20893578959561,0,
import-high-priority,98,Cottonwood Lake,Cottonwood Lake,57667,1649,Weld,Water Body,Warmwater,public-indicated,Public-land/property indicator or official property URL is present,Bass: Largemouth | Carp: Common | Crappie: Black | Crappie: White | Sunfish: Green,Cottonwood Park,Easy,Low,Yes,No,None,No,False,,"https://www.google.com/search?q=""fishing report""+Cottonwood Lake+""Weld County""+Colorado",https://greeleygov.com/activities/parks,"https://www.google.com/maps/dir//40.4096,-104.7221",40.409606985688946,-104.72211604568719,0,
import-high-priority,98,Cottonwood Park Lake,Cottonwood Park Lake,57958,25,Jefferson,Water Body,Warmwater,public-indicated,Public-land/property indicator or official property URL is present,Bass: Largemouth | Catfish: Channel | Crappie: Black | Perch: Yellow | Sunfish: Bluegill | Sunfish: Green | Sunfish: Pumpkinseed,Cottonwood Park,Easy,Medium,Yes,No,None,Warmwater,False,,"https://www.google.com/search?q=""fishing report""+Cottonwood Park Lake+""Jefferson County""+Colorado",https://www.lakewood.org/Government/Departments/Community-Resources/Parks-Forestry-and-Open-Space/A-to-Z-Park-Listing/Cottonwood-Park,"https://www.google.com/maps/dir//39.6804,-105.1157",39.68040904291236,-105.11574348583936,0,
import-high-priority,98,Croke Lake,Croke Lake,60640,193,Adams,Water Body,Warmwater,public-indicated,Public-land/property indicator or official property URL is present,Bass: Largemouth | Catfish: Channel | Sunfish: Bluegill,Hugh Danahy Park/Croke Reservoir,Easy,Low,Yes,No,None,Warmwater,False,,"https://www.google.com/search?q=""fishing report""+Croke Lake+""Adams County""+Colorado",https://www.northglenn.org/rec_and_events/parks_and_open_space/croke_reservoir_nature_area.php,"https://www.google.com/maps/dir//39.8894,-104.9984",39.88935199872772,-104.99840893187292,0,
import-high-priority,98,Crown Hill Lake,Crown Hill Lake,57833,221,Jefferson,Water Body,Warmwater,public-indicated,Public-land/property indicator or official property URL is present,Bass: Largemouth | Carp: Common | Catfish: Channel | Crappie: Black | Perch: Saugeye | Perch: Yellow | Sunfish: Bluegill | Sunfish: Green,Crown Hill Park,Easy,Medium,Yes,No,None,Warmwater,False,,"https://www.google.com/search?q=""fishing report""+Crown Hill Lake+""Jefferson County""+Colorado",https://www.jeffco.us/1207/Crown-Hill-Park,"https://www.google.com/maps/dir//39.7576,-105.1025",39.75760818254855,-105.10250959670185,0,
import-high-priority,98,Dawn Pond,Dawn Pond,81577,692,Bent,Water Body,Warmwater,public-indicated,Public-land/property indicator or official property URL is present,Bass: Largemouth | Carp: Common | Catfish: Black Bullhead | Catfish: Channel | Sunfish: Bluegill,Dawn Pond SWA,Easy,Low,Yes,Limited,Electric,Warmwater,False,,"https://www.google.com/search?q=""fishing report""+Dawn Pond+""Bent County""+Colorado",https://cpw.state.co.us/swa/Dawn%20Pond%20SWA,"https://www.google.com/maps/dir//38.0918,-103.3167",38.09105923074266,-103.31525670161386,0,
import-high-priority,98,Deep Ward Lake,Deep Ward Lake,92988,35,Delta,Water Body,Coldwater,public-indicated,Public-land/property indicator or official property URL is present,Trout: Brook | Trout: Brown | Trout: Rainbow | Trout: Splake,Grand Mesa National Forest,Easy,High,Yes,Yes,Motor boats,Sub-catchables,False,,"https://www.google.com/search?q=""fishing report""+Deep Ward Lake+""Delta County""+Colorado",https://www.fs.usda.gov/activity/gmug/recreation/fishing,"https://www.google.com/maps/dir//39.0361,-107.9803",39.03609858502091,-107.98025353010617,0,
import-high-priority,98,"Delaney Buttes Lake, East","Delaney Buttes Lake, East",54596,393,Jackson,Water Body,Coldwater,public-indicated,Public-land/property indicator or official property URL is present,Trout: Brown | Trout: Cutbow | Trout: Rainbow,Delaney Butte Lakes SWA,Easy,High,Yes,Yes,Motor boats,Sub-catchables,False,,https://cpw.state.co.us/thingstodo/Fishery%20Survey%20Summaries/EastDelaneyButtesLake.pdf,https://cpw.state.co.us/swa/Delaney%20Butte%20Lakes%20SWA,"https://www.google.com/maps/dir//40.691,-106.4782",40.70739345737384,-106.45314686002902,0,
import-high-priority,98,"Delaney Buttes Lake, North","Delaney Buttes Lake, North",54609,392,Jackson,Water Body,Coldwater,public-indicated,Public-land/property indicator or official property URL is present,Trout: Brown | Trout: Cutbow | Trout: Rainbow,Delaney Butte Lakes SWA,Easy,High,Yes,Yes,Motor boats,Sub-catchables,False,,https://cpw.state.co.us/thingstodo/Fishery%20Survey%20Summaries/NorthDelaneyButtesLake.pdf,https://cpw.state.co.us/swa/Delaney%20Butte%20Lakes%20SWA,"https://www.google.com/maps/dir//40.691,-106.4782",40.71796561764149,-106.46388816410327,0,
import-high-priority,98,"Delaney Buttes Lake, South","Delaney Buttes Lake, South",54611,394,Jackson,Water Body,Coldwater,public-indicated,Public-land/property indicator or official property URL is present,Trout: Brown | Trout: Cutbow | Trout: Rainbow | Trout: Snake River Cutthroat,Delaney Butte Lakes SWA,Easy,High,Yes,Yes,Motor boats,Sub-catchables,False,,https://cpw.state.co.us/thingstodo/Fishery%20Survey%20Summaries/SouthDelaneyButtesLake.pdf,https://cpw.state.co.us/swa/Delaney%20Butte%20Lakes%20SWA,"https://www.google.com/maps/dir//40.691,-106.4782",40.701571570153384,-106.46182704615919,0,
import-high-priority,98,DePoorter Lake,DePoorter Lake,54615,1327,Sedgwick,Water Body,Warmwater,public-indicated,Public-land/property indicator or official property URL is present,Bass: Largemouth | Catfish: Channel | Sunfish: Bluegill | Sunfish: Green,DePoorter Lake,Easy,Medium,Yes,No,None,Warmwater,False,,https://cpw.state.co.us/thingstodo/Fishery%20Survey%20Summaries/DepoortersLake.pdf,https://townofjulesburg.com/recreation/parks/,"https://www.google.com/maps/dir//40.9842,-102.2501",40.98423711192808,-102.25014590336033,0,
import-high-priority,98,"Dome Lake, Lower","Dome Lake, Lower",89638,105,Saguache,Water Body,Coldwater,public-indicated,Public-land/property indicator or official property URL is present,Trout: Brook | Trout: Brown | Trout: Rainbow,Dome Lakes SWA,Easy,Medium,Yes,Yes,Motor boats,No,False,,"https://www.google.com/search?q=""fishing report""+Dome Lake, Lower+""Saguache County""+Colorado",https://cpw.state.co.us/swa/Dome%20Lakes%20SWA,"https://www.google.com/maps/dir//38.1996,-106.7336",38.20590956556227,-106.73446369930701,0,
import-high-priority,98,Doty Park Pond,Doty Park Pond,52517,801,Morgan,Water Body,Warmwater,public-indicated,Public-land/property indicator or official property URL is present,Bass: Largemouth | Catfish: Channel | Sunfish: Redear,Prairie Trails Park,Easy,Medium,Yes,No,None,Warmwater,False,,"https://www.google.com/search?q=""fishing report""+Doty Park Pond+""Morgan County""+Colorado",https://www.brushcolo.com/Pages/aboutPages/parks.html,"https://www.google.com/maps/dir//40.2506,-103.622",40.25062275873368,-103.62203743027727,0,
import-high-priority,98,Duke Lake,Duke Lake,73965,370,Mesa,Water Body,Warmwater,public-indicated,Public-land/property indicator or official property URL is present,Bass: Largemouth | Carp: Common | Crappie: Black | Sunfish: Bluegill | Sunfish: Green,James M. Robb-Colorado River State Park - Connected Lakes Section,Easy,High,Yes,Yes,Electric,No,False,,"https://www.google.com/search?q=""fishing report""+Duke Lake+""Mesa County""+Colorado",https://cpw.state.co.us/placestogo/Parks/jamesmrobbcoloradoriver,"https://www.google.com/maps/dir//39.0785,-108.6085",39.07847812378359,-108.60919285781131,0,
import-high-priority,98,Eagle River,Eagle River,20026,617,Eagle,Stream or River,Coldwater,public-indicated,Public-land/property indicator or official property URL is present,Trout: Brown | Trout: Mountain Whitefish | Trout: Rainbow,Eagle River SWA,Easy,High,Yes,No,Non-motorized,Sub-catchables,False,,"https://www.google.com/search?q=""fishing report""+Eagle River+""Eagle County""+Colorado",https://cpw.state.co.us/swa/Eagle%20River%20SWA,"https://www.google.com/maps/dir//39.6786,-106.7683",39.6730125951914,-106.78731218934301,1,
import-high-priority,98,Eagle River,Eagle River,20038,1637,Eagle,Stream or River,Coldwater,public-indicated,Public-land/property indicator or official property URL is present,Trout: Brown | Trout: Mountain Whitefish | Trout: Rainbow,Eagle River Preserve,Easy,High,Yes,No,Non-motorized,No,False,,"https://www.google.com/search?q=""fishing report""+Eagle River+""Eagle County""+Colorado",https://evlt.org/eagle-river-preserve/,"https://www.google.com/maps/dir//39.6488,-106.5959",39.648753107108185,-106.59592193191213,0,
import-high-priority,98,Elkhead Reservoir,Elkhead Reservoir,66438,361,Moffat,Water Body,Mixed coldwater/warmwater,public-indicated,Public-land/property indicator or official property URL is present,Bass: Largemouth | Bass: Smallmouth | Crappie: Black | Pike: Northern | Pike: Tiger Muskie | Sunfish: Bluegill | Trout: Rainbow,Elkhead State Park,Easy,Medium,Yes,Yes,Motor boats,Warmwater,False,,"https://www.google.com/search?q=""fishing report""+Elkhead Reservoir+""Moffat County""+Colorado",https://cpw.state.co.us/placestogo/Parks/elkheadreservoir,"https://www.google.com/maps/dir//40.563,-107.3893",40.56161949647505,-107.38155049234464,0,
import-high-priority,98,Erie Lake,Erie Lake,52693,1687,Boulder,Water Body,Warmwater,public-indicated,Public-land/property indicator or official property URL is present,Bass: Largemouth | Carp: Common | Catfish: Channel | Crappie: Black | Perch: Walleye | Sunfish: Bluegill,Erie Lake,Easy,Medium,Yes,No,None,Warmwater,False,,"https://www.google.com/search?q=""fishing report""+Erie Lake+""Boulder County""+Colorado",https://www.erieco.gov/Facilities/Facility/Details/Erie-Lake-17,"https://www.google.com/maps/dir//40.0188,-105.0996",40.018756548589124,-105.09956388074806,0,
import-high-priority,98,Fairgrounds Lake,Fairgrounds Lake,61262,288,Boulder,Water Body,Warmwater,public-indicated,Public-land/property indicator or official property URL is present,Bass: Largemouth | Carp: Common | Catfish: Black Bullhead | Catfish: Channel | Crappie: Black | Crappie: Unspecified | Sunfish: Bluegill,Roger's Grove Nature Area,Easy,Low,Yes,No,Unsure,Warmwater,False,,"https://www.google.com/search?q=""fishing report""+Boulder County Fairgrounds Lake+""Boulder County""+Colorado",https://www.longmontcolorado.gov/Home/Components/FacilityDirectory/FacilityDirectory/88/712?npage=2,"https://www.google.com/maps/dir//40.161,-105.1283",40.16096953952703,-105.12825424824112,0,
import-high-priority,98,Faversham Park Pond,Faversham Park Pond,60272,551,Jefferson,Water Body,Warmwater,public-indicated,Public-land/property indicator or official property URL is present,Bass: Largemouth | Catfish: Channel | Sunfish: Bluegill,Faversham Park/Tepper Fields,Easy,Medium,Yes,No,None,Warmwater,False,,"https://www.google.com/search?q=""fishing report""+Faversham Park Pond+""Jefferson County""+Colorado","https://www.cityofwestminster.us/ParksRecreation/Parks,TrailsOpenSpace/FavershamPark","https://www.google.com/maps/dir//39.8295,-105.0629",39.8295438349631,-105.0629231445128,0,
import-high-priority,98,Flatiron Reservoir,Flatiron Reservoir,54851,79,Larimer,Water Body,Coldwater,public-indicated,Public-land/property indicator or official property URL is present,Trout: Brown | Trout: Cutbow | Trout: Rainbow,Flatiron Reservoir,Easy,High,Yes,No,None,Sub-catchables,False,,"https://www.google.com/search?q=""fishing report""+Flatiron Reservoir+""Larimer County""+Colorado",https://www.larimer.org/naturalresources/parks/flatiron-reservoir,"https://www.google.com/maps/dir//40.3706,-105.2315",40.37059500552099,-105.23152613906704,0,
import-high-priority,98,Fraser River,Fraser River,20355,1331,Grand,Stream or River,Coldwater,public-indicated,Public-land/property indicator or official property URL is present,Trout: Brook | Trout: Brown | Trout: Rainbow,Confluence Park,Easy,Medium,Yes,No,None,No,False,,"https://www.google.com/search?q=""fishing report""+Fraser River+""Grand County""+Colorado",https://wpgov.com/our-government/departments/parks/confluence-park/,"https://www.google.com/maps/dir//39.9231,-105.7831",39.92413288660883,-105.78301728551871,1,
import-high-priority,98,Fryingpan River,Fryingpan River,20406,1428,Pitkin,Stream or River,Coldwater,public-indicated,Public-land/property indicator or official property URL is present,Trout: Brook | Trout: Brown | Trout: Rainbow,Ruedi Reservoir inlet,Easy,High,Yes,No,None,Sub-catchables,False,,"https://www.google.com/search?q=""fishing report""+Fryingpan River+""Pitkin County""+Colorado",https://www.fs.usda.gov/activity/whiteriver/recreation/fishing,"https://www.google.com/maps/dir//39.3624,-106.7351",39.36241586363618,-106.73507030017736,1,
import-high-priority,98,Garfield Lake,Garfield Lake,52794,126,Denver,Water Body,Warmwater,public-indicated,Public-land/property indicator or official property URL is present,Bass: Largemouth | Catfish: Channel | Crappie: Black | Sunfish: Bluegill,Garfield Lake Park,Easy,Medium,Yes,No,None,Catchable trout and Warmwater,False,,"https://www.google.com/search?q=""fishing report""+Garfield Lake+""Denver County""+Colorado",https://www.denvergov.org/content/denvergov/en/denver-parks-and-recreation/parks/city-parks.html,"https://www.google.com/maps/dir//39.6962,-105.0353",39.696201278506706,-105.0352734644966,0,
import-high-priority,98,Garland Park Lake,Garland Park Lake,53140,571,Denver,Water Body,Warmwater,public-indicated,Public-land/property indicator or official property URL is present,Bass: Largemouth | Catfish: Channel | Crappie: Black | Sunfish: Bluegill,Garland (David T) Park,Easy,Medium,Yes,No,None,Catchable trout and Warmwater,False,,"https://www.google.com/search?q=""fishing report""+Garland Park Lake+""Denver County""+Colorado",https://www.denvergov.org/content/denvergov/en/denver-parks-and-recreation/parks/city-parks.html,"https://www.google.com/maps/dir//39.696,-104.9197",39.696036914759965,-104.91973918646183,0,
import-high-priority,98,Golden Ponds,Golden Gravel Pond #2,57902,291,Boulder,Water Body,Warmwater,public-indicated,Public-land/property indicator or official property URL is present,Bass: Largemouth | Carp: Common | Catfish: Channel | Crappie: Black | Crappie: Unspecified | Perch: Yellow | Pike: Tiger Muskie | Sunfish: Bluegill,Golden Ponds,Easy,Medium,Yes,No,Unsure,Warmwater,False,,"https://www.google.com/search?q=""fishing report""+Golden Gravel Pond #2+""Boulder County""+Colorado",https://www.longmontcolorado.gov/Home/Components/FacilityDirectory/FacilityDirectory/70/52,"https://www.google.com/maps/dir//40.1694,-105.1412",40.16941717876087,-105.14120528035352,0,
import-high-priority,98,Green Mountain Reservoir,Green Mountain Reservoir,67036,38,Summit,Water Body,Coldwater,public-indicated,Public-land/property indicator or official property URL is present,Salmon: Kokanee | Trout: Brown | Trout: Cutbow | Trout: Lake | Trout: Rainbow | Trout: Snake River Cutthroat,Blue River SWA - Blue River Unit,Easy,Medium,Yes,Yes,Motor boats,No,False,,https://cpw.state.co.us/thingstodo/Fishery%20Survey%20Summaries/GreenMountainReservoir.pdf,https://www.fs.usda.gov/activity/whiteriver/recreation/fishing,"https://www.google.com/maps/dir//39.8235,-106.208",39.866598260243485,-106.27806357262705,0,
import-high-priority,98,Harvey Lake,Harvey Lake,52883,569,Denver,Water Body,Warmwater,public-indicated,Public-land/property indicator or official property URL is present,Bass: Largemouth | Carp: Common | Catfish: Channel | Crappie: White | Sunfish: Bluegill,Harvey Park,Easy,Medium,Yes,No,None,Warmwater,False,,"https://www.google.com/search?q=""fishing report""+Harvey Lake+""Denver County""+Colorado",https://www.denvergov.org/content/denvergov/en/denver-parks-and-recreation/parks/city-parks.html,"https://www.google.com/maps/dir//39.6789,-105.0409",39.678908390623675,-105.04093377964455,0,
import-high-priority,98,Heinricy Lake,Heinricy Lake,52908,1659,Larimer,Water Body,Warmwater,public-indicated,Public-land/property indicator or official property URL is present,Bass: Largemouth | Carp: Common | Catfish: Channel | Crappie: Black | Sunfish: Bluegill | Sunfish: Green,Loveland Natural Area,Easy,Medium,Yes,No,Non-motorized,Warmwater,False,,"https://www.google.com/search?q=""fishing report""+Heinricy Lake+""Larimer County""+Colorado",https://www.larimer.org/naturalresources/openlands/acquisitions/heinricy,"https://www.google.com/maps/dir//40.4229,-105.0464",40.42288567345542,-105.04638856295045,0,
import-high-priority,98,Henry Lake,Henry Lake,79473,487,Crowley,Water Body,Warmwater,public-indicated,Public-land/property indicator or official property URL is present,Bass: Largemouth | Bass: Wiper | Carp: Common | Catfish: Black Bullhead | Catfish: Blue | Catfish: Channel | Crappie: Black | Crappie: Unspecified | Perch: Saugeye | Perch: Walleye | Sunfish: Bluegill,Crowley County,Easy,Low,Yes,No,Motor boats,Warmwater,False,,https://cpw.state.co.us/thingstodo/Fishery%20Survey%20Summaries/HenryLake.pdf,https://crowleycounty.colorado.gov/lake-henry,"https://www.google.com/maps/dir//38.2642,-103.7093",38.264183743097284,-103.70928224096399,0,
import-high-priority,98,"Hohnholz Lake #3, Big","Hohnholz Lake #3, Big",55132,408,Larimer,Water Body,Coldwater,public-indicated,Public-land/property indicator or official property URL is present,Trout: Brown | Trout: Rainbow | Trout: Snake River Cutthroat,Hohnholz Lakes SWA,Easy,Medium,Yes,Yes,Electric,Sub-catchables,False,,"https://www.google.com/search?q=""fishing report""+Hohnholz Lake #3, Big+""Larimer County""+Colorado",https://cpw.state.co.us/swa/Hohnholz%20Lakes%20SWA,"https://www.google.com/maps/dir//40.9358,-105.9678",40.944773376984315,-106.01177415925694,0,
import-high-priority,98,Holyoke City Lake,Holyoke City Lake,61440,1335,Phillips,Water Body,Warmwater,public-indicated,Public-land/property indicator or official property URL is present,Bass: Largemouth | Catfish: Channel | Sunfish: Bluegill | Sunfish: Green,Holyoke,Easy,Medium,Yes,No,None,Warmwater,False,,"https://www.google.com/search?q=""fishing report""+Holyoke City Lake+""Phillips County""+Colorado",https://www.holyokechamber.org/,"https://www.google.com/maps/dir//40.5829,-102.2774",40.58293669694607,-102.2773871284,0,
import-high-priority,98,Homestake Creek,Homestake Creek,23228,1553,Eagle,Stream or River,Coldwater,public-indicated,Public-land/property indicator or official property URL is present,Trout: Brook | Trout: Brown | Trout: Cutthroat,White River National Forest,Easy,Medium,Yes,No,None,No,False,,"https://www.google.com/search?q=""fishing report""+Homestake Creek+""Eagle County""+Colorado",https://www.fs.usda.gov/activity/whiteriver/recreation/fishing,"https://www.google.com/maps/dir//39.3848,-106.4521",39.384824206160665,-106.4521380780161,0,
import-high-priority,98,Horsetooth Reservoir,Horsetooth Reservoir,55168,538,Larimer,Water Body,Mixed coldwater/warmwater,public-indicated,Public-land/property indicator or official property URL is present,Bass: Largemouth | Bass: Smallmouth | Carp: Common | Crappie: Black | Perch: Walleye | Perch: Yellow | Sunfish: Bluegill | Trout: Brown | Trout: Cutbow | Trout: Cutthroat | Trout: Rainbow | Trout: Splake,Horsetooth Reservoir Area,Easy,Medium,Yes,No,Motor boats,Sub-catchables,False,,https://cpw.state.co.us/thingstodo/Fishery%20Survey%20Summaries/HorsetoothReservoir.pdf,https://www.larimer.org/naturalresources/parks/horsetooth-reservoir,"https://www.google.com/maps/dir//40.5583,-105.1595",40.55828452980138,-105.15949153719403,0,
import-high-priority,98,Hunters Glen Lake,Hunters Glen Lake,59964,460,Adams,Water Body,Warmwater,public-indicated,Public-land/property indicator or official property URL is present,Bass: Largemouth | Crappie: Black | Sunfish: Bluegill,Hunter Glen Lake Park,Easy,Low,Yes,No,Non-motorized,Warmwater,False,,"https://www.google.com/search?q=""fishing report""+Hunters Glen Lake+""Adams County""+Colorado","https://www.cityofwestminster.us/ParksRecreation/Parks,TrailsOpenSpace/OpenSpaceTrails","https://www.google.com/maps/dir//39.9309,-104.9734",39.93085920871476,-104.97334729729195,0,
import-high-priority,98,Jeff's Pond,Jeff's Pond,52887,1345,Logan,Water Body,Warmwater,public-indicated,Public-land/property indicator or official property URL is present,Bass: Largemouth | Catfish: Channel | Sunfish: Redear,City of Fleming,Easy,Medium,Yes,No,None,Warmwater,False,,"https://www.google.com/search?q=""fishing report""+Jeff's Pond+""Logan County""+Colorado",https://www.flemingcolorado.us/page/town-of-fleming-colorado-resident-info,"https://www.google.com/maps/dir//40.6863,-102.836",40.686343942157556,-102.83597026022076,0,
import-high-priority,98,John Martin Reservoir,John Martin Reservoir,79524,50,Bent,Water Body,Warmwater,public-indicated,Public-land/property indicator or official property URL is present,Bass: Largemouth | Bass: Smallmouth | Bass: Striped | Bass: White | Bass: Wiper | Carp: Common | Catfish: Blue | Catfish: Channel | Crappie: Black | Crappie: Unspecified | Perch: Saugeye | Perch: Walleye | Sunfish: Bluegill,John Martin Reservoir SWA,Easy,Low,Yes,Limited,Motor boats,Warmwater,False,,https://cpw.state.co.us/thingstodo/Fishery%20Survey%20Summaries/JohnMartinReservoir.pdf,https://cpw.state.co.us/swa/John%20Martin%20Reservoir%20SWA,"https://www.google.com/maps/dir//38.0938,-103.0543",38.07304315816845,-103.02798657423442,0,
import-high-priority,98,John Meade Park Lake,John Meade Park Lake (South),60434,1717,Arapahoe,Water Body,Warmwater,public-indicated,Public-land/property indicator or official property URL is present,Bass: Largemouth | Carp: Common | Sunfish: Bluegill | Sunfish: Green,John Meade Park,Easy,Low,Yes,No,None,No,False,,"https://www.google.com/search?q=""fishing report""+John Meade Park Lake (South)+""Arapahoe County""+Colorado",https://www.cherryhillsvillage.com/183/Parks-Trails-Recreation,"https://www.google.com/maps/dir//39.6363,-104.9569",39.63632081997484,-104.95688741962863,0,
import-high-priority,98,Johnston Reservoir,Johnston Reservoir,60169,177,Jefferson,Water Body,Warmwater,public-indicated,Public-land/property indicator or official property URL is present,Bass: Largemouth | Bass: Smallmouth | Carp: Common | Catfish: Channel | Crappie: Black | Perch: Saugeye | Perch: Yellow | Pike: Tiger Muskie | Sunfish: Bluegill,Clement Park,Easy,Medium,Yes,No,None,Warmwater,False,,"https://www.google.com/search?q=""fishing report""+Johnston Reservoir+""Jefferson County""+Colorado",https://www.ifoothills.org/clement-park/,"https://www.google.com/maps/dir//39.6063,-105.0856",39.60633086741594,-105.08559609587121,0,
import-high-priority,98,Johnstown Reservoir,Johnstown Reservoir,52443,1656,Weld,Water Body,Warmwater,public-indicated,Public-land/property indicator or official property URL is present,Bass: Largemouth | Bass: Smallmouth | Carp: Common | Catfish: Channel | Crappie: Black | Crappie: White | Perch: Walleye | Sunfish: Bluegill,Johnstown Lake Park,Easy,Medium,Yes,No,None,Warmwater,False,,"https://www.google.com/search?q=""fishing report""+Johnstown Reservoir+""Weld County""+Colorado",https://johnstown.colorado.gov/community/parks,"https://www.google.com/maps/dir//40.338,-104.963",40.337984011361954,-104.96298211782717,0,
import-high-priority,98,Ken Mitchell Lake,Ken Mitchell Lake,87001,1351,Adams,Water Body,Warmwater,public-indicated,Public-land/property indicator or official property URL is present,Bass: Largemouth | Carp: Common | Sunfish: Bluegill,Ken Mitchell,Easy,Low,Yes,No,None,No,False,,"https://www.google.com/search?q=""fishing report""+Ken Mitchell Lake+""Adams County""+Colorado",https://www.brightonco.gov/Facilities/Facility/Details/Ken-Mitchell-Park-Fishing-Pier-and-Board-26,"https://www.google.com/maps/dir//39.9728,-104.8385",39.97284129831094,-104.83851533217029,0,
import-high-priority,98,Kendrick Reservoir,Kendrick Reservoir,53087,24,Jefferson,Water Body,Warmwater,public-indicated,Public-land/property indicator or official property URL is present,Bass: Largemouth | Carp: Common | Catfish: Channel | Crappie: Black | Perch: Yellow | Sunfish: Bluegill,Kendrick Lake Park,Easy,Medium,Yes,No,None,Warmwater,False,,"https://www.google.com/search?q=""fishing report""+Kendrick Reservoir+""Jefferson County""+Colorado",https://www.lakewood.org/Government/Departments/Community-Resources/Parks-Forestry-and-Open-Space/A-to-Z-Park-Listing/Kendrick-Lake-Park,"https://www.google.com/maps/dir//39.6842,-105.1078",39.68415078955702,-105.1077945301471,0,
import-high-priority,98,Ketring Lake,Ketring Lake,53075,253,Arapahoe,Water Body,Warmwater,public-indicated,Public-land/property indicator or official property URL is present,Bass: Largemouth | Catfish: Channel | Crappie: Black | Sunfish: Bluegill | Sunfish: Green,Ketring Park,Easy,Low,Yes,No,None,Warmwater,False,,"https://www.google.com/search?q=""fishing report""+Ketring Lake+""Arapahoe County""+Colorado",https://www.ssprd.org/ketring-park,"https://www.google.com/maps/dir//39.6063,-104.9988",39.60630499669258,-104.99883673656068,0,
import-high-priority,98,Kissel Pond,Kissel Pond,81585,846,Lincoln,Water Body,Mixed coldwater/warmwater,public-indicated,Public-land/property indicator or official property URL is present,Catfish: Channel | Crappie: Black | Trout: Rainbow,Doug Kissel Fishing Pond,Easy,Medium,Yes,No,None,Warmwater,False,,"https://www.google.com/search?q=""fishing report""+Kissel Pond+""Lincoln County""+Colorado",https://www.townoflimon.com/index.php/fishing,"https://www.google.com/maps/dir//39.2617,-103.6797",39.26174947037156,-103.67971122535349,0,
import-high-priority,98,KOA Lake - Boulder,KOA Lake - Boulder,57830,294,Boulder,Water Body,Mixed coldwater/warmwater,public-indicated,Public-land/property indicator or official property URL is present,Bass: Largemouth | Carp: Common | Catfish: Channel | Crappie: Unspecified | Sunfish: Bluegill | Trout: Rainbow,KOA Lake Open Space,Easy,Medium,Yes,No,Belly boats,Warmwater,False,,"https://www.google.com/search?q=""fishing report""+KOA Lake - Boulder+""Boulder County""+Colorado",https://bouldercolorado.gov/services/fishing-osmp,"https://www.google.com/maps/dir//40.0279,-105.2195",40.02791691707057,-105.21954430290793,0,
import-high-priority,98,Lagerman Reservoir,Lagerman Reservoir,61248,135,Boulder,Water Body,Warmwater,public-indicated,Public-land/property indicator or official property URL is present,Bass: Largemouth | Bass: Wiper | Carp: Common | Catfish: Channel | Crappie: Unspecified | Perch: Walleye | Pike: Northern | Sunfish: Bluegill,Lagerman Reservoir,Easy,Medium,Yes,No,Motor boats,Warmwater,False,,"https://www.google.com/search?q=""fishing report""+Lagerman Reservoir+""Boulder County""+Colorado",https://www.bouldercounty.org/open-space/parks-and-trails/lagerman/,"https://www.google.com/maps/dir//40.1338,-105.1887",40.133783139098995,-105.18872759888283,0,
import-high-priority,98,Lake Arbor,Lake Arbor,57504,422,Jefferson,Water Body,Warmwater,public-indicated,Public-land/property indicator or official property URL is present,Bass: Largemouth | Carp: Common | Catfish: Channel | Crappie: Black | Perch: Walleye | Sunfish: Bluegill | Sunfish: Green,Lake Arbor Community Park,Easy,Medium,Yes,No,Non-motorized,Warmwater,False,,"https://www.google.com/search?q=""fishing report""+Lake Arbor+""Jefferson County""+Colorado",https://arvada.org/parks-and-recreation,"https://www.google.com/maps/dir//39.8433,-105.0668",39.84332951377823,-105.0667849659866,0,
import-high-priority,98,Lake John,Lake John,55411,446,Jackson,Water Body,Coldwater,public-indicated,Public-land/property indicator or official property URL is present,Trout: Cutbow | Trout: Rainbow | Trout: Snake River Cutthroat,Lake John SWA,Easy,High,Yes,Yes,Motor boats,Sub-catchables,False,,https://cpw.state.co.us/thingstodo/Fishery%20Survey%20Summaries/LakeJohn.pdf,https://cpw.state.co.us/swa/Lake%20John%20SWA,"https://www.google.com/maps/dir//40.7703,-106.4736",40.77959150232314,-106.4728901276665,0,
import-high-priority,98,Lake Loveland,Lake Loveland,53176,72,Larimer,Water Body,Mixed coldwater/warmwater,public-indicated,Public-land/property indicator or official property URL is present,Bass: Smallmouth | Carp: Common | Catfish: Channel | Crappie: Unspecified | Perch: Walleye | Perch: Yellow | Trout: Brown | Trout: Rainbow,North Lake Park,Easy,Medium,Yes,Yes,None,Sub-catchables and Warmwater,False,,https://cpw.state.co.us/thingstodo/Fishery%20Survey%20Summaries/LakeLoveland.pdf,https://www.lovgov.org/Home/Components/FacilityDirectory/FacilityDirectory/93/354?selcat=275,"https://www.google.com/maps/dir//40.4106,-105.0878",40.41061031749344,-105.08784079891664,0,
import-high-priority,98,Lambertson Lake,Lambertson Lake,60641,1726,Adams,Water Body,Warmwater,public-indicated,Public-land/property indicator or official property URL is present,Bass: Largemouth | Perch: Yellow | Sunfish: Bluegill,Lambertson Lakes Park & Open Space,Easy,Medium,Yes,No,None,No,False,,"https://www.google.com/search?q=""fishing report""+Lambertson Lake+""Adams County""+Colorado",https://www.thorntonco.gov/thornton-parks/Pages/fishing-guide.aspx,"https://www.google.com/maps/dir//39.8812,-104.97",39.8804509713963,-104.97111233378082,0,
import-high-priority,98,Left Hand Creek,Left Hand Creek,10968,1797,Boulder,Stream or River,Mixed coldwater/warmwater,public-indicated,Public-land/property indicator or official property URL is present,Bass: Largemouth | Sunfish: Green | Trout: Brown,Left Hand Greenway,Easy,Medium,Yes,No,None,No,False,,"https://www.google.com/search?q=""fishing report""+Left Hand Creek+""Boulder County""+Colorado",https://www.longmontcolorado.gov/Home/Components/FacilityDirectory/FacilityDirectory/98/52,"https://www.google.com/maps/dir//40.1368,-105.1195",40.136821404630616,-105.11954768128602,0,
import-high-priority,98,Loc Amora Lake (Jacobs Pond),Josh's Pond,55489,273,Broomfield,Water Body,Warmwater,public-indicated,Public-land/property indicator or official property URL is present,Bass: Largemouth | Catfish: Channel | Crappie: Black | Sunfish: Bluegill,Josh's Pond,Easy,Medium,Yes,No,None,Warmwater,False,,"https://www.google.com/search?q=""fishing report""+Josh's Pond+""Broomfield County""+Colorado",https://www.broomfield.org/1062/Fishing-in-Broomfield,"https://www.google.com/maps/dir//39.9329,-105.1086",39.93286096169165,-105.10862268341427,0,
import-high-priority,98,Lowell Ponds,Lowell Pond #1 East,60450,257,Adams,Water Body,Warmwater,public-indicated,Public-land/property indicator or official property URL is present,Bass: Largemouth | Catfish: Channel | Perch: Yellow | Sunfish: Bluegill | Sunfish: Green,Lowell Ponds Open Space,Easy,Medium,Yes,No,Belly boats,Warmwater,False,,"https://www.google.com/search?q=""fishing report""+Lowell Pond #1 East+""Adams County""+Colorado",https://www.adcogov.org/openspace,"https://www.google.com/maps/dir//39.7969,-105.0351",39.798014998404895,-105.038879304742,0,
import-high-priority,98,Main Lake,Main Lake,53190,507,Jefferson,Water Body,Mixed coldwater/warmwater,public-indicated,Public-land/property indicator or official property URL is present,Bass: Largemouth | Carp: Common | Crappie: Black | Perch: Saugeye | Perch: Yellow | Sunfish: Bluegill | Sunfish: Green | Sunfish: Pumpkinseed | Trout: Rainbow,Main Reservoir,Easy,Medium,Yes,No,None,Warmwater,False,,"https://www.google.com/search?q=""fishing report""+Main Lake+""Jefferson County""+Colorado",https://www.lakewood.org/Government/Departments/Community-Resources/Parks-Forestry-and-Open-Space/A-to-Z-Park-Listing/Main-Reservoir,"https://www.google.com/maps/dir//39.6942,-105.1172",39.69423642271513,-105.11715409146538,0,
import-high-priority,98,Mann-Nyholt Lake North,Mann-Nyholt Lake North,52302,286,Adams,Water Body,Warmwater,public-indicated,Public-land/property indicator or official property URL is present,Bass: Largemouth | Carp: Common | Catfish: Channel | Sunfish: Bluegill | Sunfish: Green,Adams County Regional Park,Easy,Medium,Yes,No,Belly boats,Warmwater,False,,"https://www.google.com/search?q=""fishing report""+Mann-Nyholt Lake North+""Adams County""+Colorado",https://www.adcogov.org/riverdale-regional-park,"https://www.google.com/maps/dir//39.9302,-104.8678",39.93015655766525,-104.86784663683878,0,
import-high-priority,98,Marys Lake,Marys Lake,55649,796,Larimer,Water Body,Coldwater,public-indicated,Public-land/property indicator or official property URL is present,Trout: Brook | Trout: Brown | Trout: Rainbow,Marys Lake,Easy,Medium,Yes,No,None,Sub-catchables,False,,"https://www.google.com/search?q=""fishing report""+Marys Lake+""Larimer County""+Colorado",https://www.visitestespark.com/things-to-do/outdoor-adventures/fishing/,"https://www.google.com/maps/dir//40.3447,-105.5326",40.34465725519968,-105.53261915396632,0,
import-high-priority,98,McIntosh Lake,McIntosh Lake,57780,1650,Boulder,Water Body,Warmwater,public-indicated,Public-land/property indicator or official property URL is present,Bass: Smallmouth | Bass: White | Carp: Common | Catfish: Channel | Crappie: Black | Perch: Walleye | Sunfish: Bluegill | Sunfish: Green,McIntosh Lake,Easy,Medium,Yes,No,Non-motorized,Warmwater,False,,https://cpw.state.co.us/thingstodo/Fishery%20Survey%20Summaries/McIntoshLake.pdf,https://www.longmontcolorado.gov/Home/Components/FacilityDirectory/FacilityDirectory/86/52,"https://www.google.com/maps/dir//40.1939,-105.1514",40.193857546403784,-105.15141514649557,0,
import-high-priority,98,McMurry Park Lake,McMurry Park Lake,57655,372,Larimer,Water Body,Warmwater,public-indicated,Public-land/property indicator or official property URL is present,Bass: Largemouth | Catfish: Channel | Crappie: Black | Sunfish: Bluegill,Mcmurry Natural Area,Easy,Medium,Yes,No,Non-motorized,Warmwater,False,,"https://www.google.com/search?q=""fishing report""+McMurry Park Lake+""Larimer County""+Colorado",https://www.fcgov.com/naturalareas/finder/mcmurry,"https://www.google.com/maps/dir//40.6021,-105.0897",40.60214999675519,-105.08973648132137,0,
import-high-priority,98,Meredith Reservoir,Meredith Reservoir,79586,210,Crowley,Water Body,Warmwater,public-indicated,Public-land/property indicator or official property URL is present,Bass: Largemouth | Bass: Wiper | Carp: Common | Catfish: Black Bullhead | Catfish: Blue | Catfish: Channel | Crappie: Black | Perch: Saugeye | Perch: Walleye | Sunfish: Bluegill,Meredith Reservoir SWA,Easy,Low,Yes,No,Motor boats,Warmwater,False,,https://cpw.state.co.us/thingstodo/Fishery%20Survey%20Summaries/MeredithReservoir.pdf,https://cpw.state.co.us/swa/Meredith%20Reservoir%20SWA,"https://www.google.com/maps/dir//38.1918,-103.7016",38.19175714571965,-103.70160874017887,0,
import-high-priority,98,Navajo Reservoir,Navajo Reservoir,91518,475,Archuleta,Water Body,Mixed coldwater/warmwater,public-indicated,Public-land/property indicator or official property URL is present,Bass: Smallmouth | Catfish: Channel | Crappie: Unspecified | Perch: Yellow | Pike: Northern | Salmon: Kokanee | Sunfish: Bluegill | Trout: Rainbow,Navajo State Park,Easy,Medium,Yes,No,Motor boats,No,False,,"https://www.google.com/search?q=""fishing report""+Navajo Reservoir+""Archuleta County""+Colorado",https://cpw.state.co.us/placestogo/Parks/Navajo,"https://www.google.com/maps/dir//37.0095,-107.4075",37.0098259924934,-107.40039789709871,0,
import-high-priority,98,Nee Gronde Reservoir,Nee Gronde Reservoir,79613,102,Kiowa,Water Body,Warmwater,public-indicated,Public-land/property indicator or official property URL is present,Bass: Largemouth | Bass: White | Bass: Wiper | Carp: Common | Catfish: Blue | Catfish: Channel | Crappie: Black | Perch: Saugeye | Perch: Walleye | Perch: Yellow,Queens SWA,Easy,Low,Yes,Limited,Motor boats,No,False,,"https://www.google.com/search?q=""fishing report""+Nee Gronde Reservoir+""Kiowa County""+Colorado",https://cpw.state.co.us/swa/Queens%20SWA,"https://www.google.com/maps/dir//38.3319,-102.7254",38.30227879218325,-102.75407565995773,0,
import-high-priority,98,Nee Noshe Reservoir,Nee Noshe Reservoir,79625,55,Kiowa,Water Body,Warmwater,public-indicated,Public-land/property indicator or official property URL is present,Bass: Largemouth | Bass: White | Bass: Wiper | Carp: Common | Catfish: Blue | Catfish: Channel | Crappie: Black | Perch: Saugeye | Perch: Walleye | Perch: Yellow,Queens SWA,Easy,Low,Yes,Limited,Motor boats,Warmwater,False,,https://cpw.state.co.us/thingstodo/Fishery%20Survey%20Summaries/NeeNosheReservoir.pdf,https://cpw.state.co.us/swa/Queens%20SWA,"https://www.google.com/maps/dir//38.3319,-102.7254",38.34277072215791,-102.69645418905188,0,
import-high-priority,98,Neeskah Reservoir,Neeskah Reservoir,79699,5,Kiowa,Water Body,Warmwater,public-indicated,Public-land/property indicator or official property URL is present,Bass: Largemouth | Bass: White | Bass: Wiper | Carp: Common | Catfish: Blue | Catfish: Channel | Crappie: Black | Perch: Saugeye | Perch: Walleye | Perch: Yellow,Queens SWA,Easy,Low,Yes,Limited,Motor boats,Warmwater,False,,https://cpw.state.co.us/thingstodo/Fishery%20Survey%20Summaries/QueensReservoir.pdf,https://cpw.state.co.us/swa/Queens%20SWA,"https://www.google.com/maps/dir//38.3319,-102.7254",38.28449970340517,-102.64171167939273,0,
import-high-priority,98,Officers Gulch Pond,Officers Gulch Pond,68925,770,Summit,Water Body,Coldwater,public-indicated,Public-land/property indicator or official property URL is present,Trout: Brook | Trout: Rainbow | Trout: Tiger,White River National Forest,Easy,High,Yes,Yes,Non-motorized,Sub-catchables,False,,"https://www.google.com/search?q=""fishing report""+Officers Gulch Pond+""Summit County""+Colorado",https://www.fs.usda.gov/activity/whiteriver/recreation/fishing,"https://www.google.com/maps/dir//39.5397,-106.146",39.53969200388153,-106.145957448217,0,
import-high-priority,98,Overland Park Pond,Overland Park Pond,57996,19,Denver,Water Body,Warmwater,public-indicated,Public-land/property indicator or official property URL is present,Bass: Largemouth | Catfish: Channel | Sunfish: Bluegill | Sunfish: Green,Overland Pond Park,Easy,Low,Yes,No,None,Catchable trout and Warmwater,False,,"https://www.google.com/search?q=""fishing report""+Overland Park Pond+""Denver County""+Colorado",https://www.denvergov.org/content/denvergov/en/denver-parks-and-recreation/parks/city-parks.html,"https://www.google.com/maps/dir//39.6899,-104.9977",39.689886780376625,-104.99769524643082,0,
import-high-priority,98,Overland Trail Park Pond,Overland Trail Park Pond,56609,1325,Logan,Water Body,Warmwater,public-indicated,Public-land/property indicator or official property URL is present,Bass: Largemouth | Carp: Common | Catfish: Channel | Crappie: Black | Crappie: White | Perch: Saugeye | Sunfish: Bluegill | Sunfish: Green | Sunfish: Pumpkinseed,Overland Trail Recreation Area,Easy,High,Yes,No,None,Warmwater,False,,"https://www.google.com/search?q=""fishing report""+Overland Trail Park Pond+""Logan County""+Colorado",https://www.sterlingcolo.com/?page_id=147,"https://www.google.com/maps/dir//40.6213,-103.1821",40.62132287514944,-103.18213134059762,0,
import-high-priority,98,Pella Crossing Ponds,Sunset Lake - Pella Crossing,53537,274,Boulder,Water Body,Warmwater,public-indicated,Public-land/property indicator or official property URL is present,Bass: Largemouth | Bass: Smallmouth | Catfish: Channel | Crappie: Black | Crappie: Unspecified | Perch: Yellow | Sunfish: Bluegill,Pella Crossing,Easy,Medium,Yes,No,Non-motorized,Warmwater,False,,"https://www.google.com/search?q=""fishing report""+Sunset Lake - Pella Crossing+""Boulder County""+Colorado",https://www.bouldercounty.org/open-space/parks-and-trails/pella-crossing/,"https://www.google.com/maps/dir//40.185,-105.1754",40.18501715926257,-105.17537845050451,0,
import-high-priority,98,Pinewood Reservoir,Pinewood Reservoir,55928,284,Larimer,Water Body,Mixed coldwater/warmwater,public-indicated,Public-land/property indicator or official property URL is present,Pike: Tiger Muskie | Trout: Brown | Trout: Rainbow,Pinewood Reservoir,Easy,Low,Yes,No,Non-motorized,Sub-catchables and Warmwater,False,,"https://www.google.com/search?q=""fishing report""+Pinewood Reservoir+""Larimer County""+Colorado",https://www.larimer.org/naturalresources/parks/pinewood-reservoir,"https://www.google.com/maps/dir//40.3627,-105.2844",40.362682268904145,-105.28436150920831,0,
import-high-priority,98,Pioneer Lake,Pioneer Lake,60083,263,Yuma,Water Body,Warmwater,public-indicated,Public-land/property indicator or official property URL is present,Bass: Largemouth | Catfish: Channel | Sunfish: Bluegill | Sunfish: Green,City of Yuma,Easy,Medium,Yes,No,None,Warmwater,False,,"https://www.google.com/search?q=""fishing report""+Pioneer Lake+""Yuma County""+Colorado",https://cityofyuma.colorado.gov/departments/parks-recreation,"https://www.google.com/maps/dir//40.122,-102.7079",40.12197776963806,-102.70786148790806,0,
import-high-priority,98,Portner Reservoir,Portner Reservoir,58582,1686,Larimer,Water Body,Warmwater,public-indicated,Public-land/property indicator or official property URL is present,Bass: Largemouth | Catfish: Channel | Sunfish: Bluegill | Sunfish: Green,Fossil Creek Park,Easy,Medium,Yes,No,None,No,False,,"https://www.google.com/search?q=""fishing report""+Portner Reservoir+""Larimer County""+Colorado",https://www.fcgov.com/parks/,"https://www.google.com/maps/dir//40.5043,-105.0628",40.504333096939966,-105.06283685953314,0,
import-high-priority,98,Rio Blanco Lake,Rio Blanco Lake,69458,417,Rio Blanco,Water Body,Warmwater,public-indicated,Public-land/property indicator or official property URL is present,Bass: Largemouth | Crappie: Black | Crappie: Unspecified | Perch: Yellow | Pike: Tiger Muskie | Sunfish: Bluegill | Sunfish: Green,Rio Blanco Lake SWA,Easy,Medium,Yes,Yes,Motor boats,No,False,,"https://www.google.com/search?q=""fishing report""+Rio Blanco Lake+""Rio Blanco County""+Colorado",https://cpw.state.co.us/swa/Rio%20Blanco%20Lake%20SWA,"https://www.google.com/maps/dir//40.0845,-108.2027",40.088792660344254,-108.20878356037053,0,
import-high-priority,98,Rito Hondo Lake,Rito Hondo Lake,91998,451,Hinsdale,Water Body,Coldwater,public-indicated,Public-land/property indicator or official property URL is present,Trout: Brook | Trout: Cutthroat | Trout: Rainbow,Rito Hondo Reservoir SWA,Easy,Low,Yes,Limited,Electric,Sub-catchables,False,,"https://www.google.com/search?q=""fishing report""+Rito Hondo Lake+""Hinsdale County""+Colorado",https://cpw.state.co.us/swa/Rito%20Hondo%20Reservoir%20SWA,"https://www.google.com/maps/dir//37.8916,-107.1767",37.894824782457256,-107.17681657793673,0,
import-high-priority,98,River's Edge Natural Area Ponds,Sandpiper Pond,16931,1775,Larimer,Water Body,Warmwater,public-indicated,Public-land/property indicator or official property URL is present,Bass: Largemouth | Catfish: Channel | Sunfish: Bluegill,River's Edge Natural Area,Easy,High,Yes,No,Belly boats,Warmwater,False,,https://cpw.state.co.us/thingstodo/Fishery%20Survey%20Summaries/RiversEdgeNaturalArea.pdf,https://www.lovgov.org/services/parks-recreation/trail-info/river-s-edge-natural-area,"https://www.google.com/maps/dir//40.3912,-105.0877",40.38939953475612,-105.09075098111109,0,
import-high-priority,98,Road Canyon Reservoir,Road Canyon Reservoir,92003,269,Hinsdale,Water Body,Coldwater,public-indicated,Public-land/property indicator or official property URL is present,Trout: Brook | Trout: Cutbow | Trout: Cutthroat | Trout: Rainbow | Trout: Splake,Road Canyon Reservoir SWA,Easy,High,Yes,Yes,Motor boats,Sub-catchables,False,,"https://www.google.com/search?q=""fishing report""+Road Canyon Reservoir+""Hinsdale County""+Colorado",https://cpw.state.co.us/swa/Road%20Canyon%20Reservoir%20SWA,"https://www.google.com/maps/dir//37.7511,-107.1932",37.76685395038874,-107.18226193432204,0,
import-high-priority,98,Roaring Fork River,Roaring Fork River,21713,632,Garfield,Stream or River,Coldwater,public-indicated,Public-land/property indicator or official property URL is present,Trout: Brown | Trout: Mountain Whitefish | Trout: Rainbow,Jackson SWA,Easy,High,Yes,No,Non-motorized,Sub-catchables,False,,"https://www.google.com/search?q=""fishing report""+Roaring Fork River+""Garfield County""+Colorado",https://cpw.state.co.us/swa/Jackson%20SWA,"https://www.google.com/maps/dir//39.4912,-107.3068",39.49119900549855,-107.30680610175584,0,
import-high-priority,98,Rolland Moore Pond,Rolland Moore Pond,57779,1684,Larimer,Water Body,Warmwater,public-indicated,Public-land/property indicator or official property URL is present,Bass: Largemouth | Catfish: Channel | Sunfish: Bluegill,Rolland Moore Park,Easy,High,Yes,No,None,Warmwater,False,,"https://www.google.com/search?q=""fishing report""+Rolland Moore Pond+""Larimer County""+Colorado",https://www.fcgov.com/parks/,"https://www.google.com/maps/dir//40.5593,-105.0972",40.55929566114489,-105.09714970693099,0,
import-high-priority,98,Rotella Park Lake,Rotella Park Lake,57542,464,Adams,Water Body,Warmwater,public-indicated,Public-land/property indicator or official property URL is present,Bass: Largemouth | Catfish: Channel | Crappie: Black | Sunfish: Bluegill,Rotella Park,Easy,Low,Yes,No,None,Warmwater,False,,"https://www.google.com/search?q=""fishing report""+Rotella Park Lake+""Adams County""+Colorado",https://www.adcogov.org/parks,"https://www.google.com/maps/dir//39.8413,-104.9681",39.841273709795445,-104.9681287906687,0,
import-high-priority,98,Rowdy Reservoir,Rowdy Reservoir,96708,53,Gunnison,Water Body,Coldwater,public-indicated,Public-land/property indicator or official property URL is present,Trout: Brook | Trout: Rainbow | Trout: Tiger,Uncompahgre National Forest,Easy,High,Yes,Yes,Non-motorized,Sub-catchables,False,,"https://www.google.com/search?q=""fishing report""+Rowdy Reservoir+""Gunnison County""+Colorado",https://www.fs.usda.gov/activity/gmug/recreation/fishing,"https://www.google.com/maps/dir//38.2393,-107.5285",38.23925731350859,-107.52850175293186,0,
import-high-priority,98,Ryan Ponds,"Ryan Pond, East",81620,1665,Otero,Water Body,Warmwater,public-indicated,Public-land/property indicator or official property URL is present,Bass: Largemouth | Catfish: Channel | Crappie: Black | Sunfish: Bluegill,Rocky Ford SWA,Easy,Medium,Yes,Yes,Electric,Warmwater,False,,"https://www.google.com/search?q=""fishing report""+Ryan Pond, East+""Otero County""+Colorado",https://cpw.state.co.us/swa/Rocky%20Ford%20SWA,"https://www.google.com/maps/dir//38.052,-103.6537",38.06068765355321,-103.67527971478435,0,
import-high-priority,98,Sanchez Reservoir,Sanchez Reservoir,92128,123,Costilla,Water Body,Warmwater,public-indicated,Public-land/property indicator or official property URL is present,Carp: Common | Catfish: Channel | Perch: Walleye | Perch: Yellow | Pike: Northern,Sanchez Reservoir SWA,Easy,Low,Yes,Yes,Motor boats,Warmwater,False,,"https://www.google.com/search?q=""fishing report""+Sanchez Reservoir+""Costilla County""+Colorado",https://cpw.state.co.us/swa/Sanchez%20Reservoir%20SWA,"https://www.google.com/maps/dir//37.1109,-105.4108",37.08179490543162,-105.41114760928319,0,
import-high-priority,98,Sawhill Ponds,Sawhill Pond #6,61135,334,Boulder,Water Body,Warmwater,public-indicated,Public-land/property indicator or official property URL is present,Bass: Largemouth | Bass: Smallmouth | Carp: Common | Catfish: Black Bullhead | Catfish: Channel | Crappie: Unspecified | Perch: Yellow | Sunfish: Bluegill | Sunfish: Pumpkinseed,Sawhill Ponds,Easy,Low,Yes,No,Belly boats,No,False,,"https://www.google.com/search?q=""fishing report""+Sawhill Pond #6+""Boulder County""+Colorado",https://bouldercolorado.gov/services/fishing-osmp,"https://www.google.com/maps/dir//40.0396,-105.1851",40.04099633143303,-105.19215007680909,0,
import-high-priority,98,Simpson Property Ponds,Simpson Property Pond #3,58164,351,Larimer,Water Body,Warmwater,public-indicated,Public-land/property indicator or official property URL is present,Bass: Largemouth | Carp: Common | Catfish: Channel | Crappie: Unspecified | Perch: Yellow | Sunfish: Bluegill,Simpson Ponds SWA,Easy,Medium,Yes,Yes,Belly boats,Warmwater,False,,"https://www.google.com/search?q=""fishing report""+Simpson Property Pond #3+""Larimer County""+Colorado",https://cpw.state.co.us/swa/Simpson%20Ponds%20SWA,"https://www.google.com/maps/dir//40.3843,-105.0307",40.384598635752276,-105.03300850803477,0,
import-high-priority,98,Soda Lake #2,Soda Lake #2,60121,503,Jefferson,Water Body,Mixed coldwater/warmwater,public-indicated,Public-land/property indicator or official property URL is present,Bass: Largemouth | Perch: Saugeye | Perch: Yellow | Trout: Brown,Bear Creek Lake Park,Easy,Medium,Yes,Yes,Non-motorized,Sub-catchables and Warmwater,False,,"https://www.google.com/search?q=""fishing report""+Soda Lake #2+""Jefferson County""+Colorado","https://www.lakewood.org/Community_Resources/Parks,_Forestry_and_Open_Space/Bear_Creek_Lake_Park/Bear_Creek_Lake_Park.aspx","https://www.google.com/maps/dir//39.6432,-105.1698",39.64316793402326,-105.16979295154499,0,
import-high-priority,98,South Platte River,South Platte River,14681,1803,Jefferson,Stream or River,Mixed coldwater/warmwater,public-indicated,Public-land/property indicator or official property URL is present,Bass: Smallmouth | Trout: Brown | Trout: Cutbow | Trout: Rainbow,Pike National Forest,Easy,Medium,Yes,No,None,Catchable trout,False,,"https://www.google.com/search?q=""fishing report""+South Platte River+""Jefferson County""+Colorado",https://www.fs.usda.gov/activity/psicc/recreation/fishing,"http://www.google.com/maps/dir//39.4691,-105.1337",39.46909659821462,-105.13368221683578,0,
import-high-priority,98,St. Vrain State Park,St. Vrain State Park Bald Eagle,58092,233,Weld,Water Body,Warmwater,public-indicated,Public-land/property indicator or official property URL is present,Bass: Largemouth | Catfish: Channel | Crappie: Black | Perch: Yellow | Sunfish: Bluegill | Sunfish: Green,St. Vrain State Park,Easy,Medium,Yes,Yes,Electric,Warmwater,False,,https://cpw.state.co.us/thingstodo/Fishery%20Survey%20Summaries/StVrainStateParkPonds.pdf,https://cpw.state.co.us/placestogo/Parks/stvrain,"https://www.google.com/maps/dir//40.1679,-104.9834",40.16704390813804,-104.98453538386265,0,
import-high-priority,98,Stalker Lake,Stalker Lake,56590,189,Yuma,Water Body,Warmwater,public-indicated,Public-land/property indicator or official property URL is present,Bass: Largemouth | Catfish: Channel | Catfish: Yellow Bullhead | Sunfish: Bluegill | Sunfish: Green | Sunfish: Redear,Stalker Lake SWA,Easy,High,Yes,Yes,Electric,Warmwater,False,,https://cpw.state.co.us/thingstodo/Fishery%20Survey%20Summaries/StalkerLake.pdf,https://cpw.state.co.us/swa/Stalker%20Lake%20SWA,"https://www.google.com/maps/dir//40.084,-102.2734",40.08505071439926,-102.27677644648334,0,
import-high-priority,98,Summit Reservoir,Summit Reservoir,92445,220,Montezuma,Water Body,Mixed coldwater/warmwater,public-indicated,Public-land/property indicator or official property URL is present,Bass: Largemouth | Bass: Smallmouth | Catfish: Channel | Crappie: Black | Crappie: Unspecified | Sunfish: Bluegill | Trout: Rainbow,Summit Reservoir SWA,Easy,Medium,Yes,Yes,Non-motorized,Sub-catchables and Warmwater,False,,"https://www.google.com/search?q=""fishing report""+Summit Reservoir+""Montezuma County""+Colorado",https://cpw.state.co.us/swa/Summit%20Reservoir%20SWA,"https://www.google.com/maps/dir//37.4238,-108.3858",37.416313597148545,-108.3841879847068,0,
import-high-priority,98,Sylvan Lake,Sylvan Lake,70437,412,Eagle,Water Body,Coldwater,public-indicated,Public-land/property indicator or official property URL is present,Trout: Brook | Trout: Brown | Trout: Rainbow | Trout: Snake River Cutthroat,Sylvan Lake State Park,Easy,High,Yes,Yes,Electric,Sub-catchables,False,,"https://www.google.com/search?q=""fishing report""+Sylvan Lake+""Eagle County""+Colorado",https://cpw.state.co.us/placestogo/Parks/sylvanlake,"https://www.google.com/maps/dir//39.4811,-106.7347",39.477406519719715,-106.73190508447712,0,
import-high-priority,98,Teller Lake,Teller Lake,60993,376,Boulder,Water Body,Warmwater,public-indicated,Public-land/property indicator or official property URL is present,Bass: Largemouth | Carp: Common | Catfish: Black Bullhead | Catfish: Channel | Sunfish: Bluegill,Teller Farm - Open Space,Easy,Low,Yes,No,None,Warmwater,False,,"https://www.google.com/search?q=""fishing report""+Teller Lake+""Boulder County""+Colorado",https://bouldercolorado.gov/services/fishing-osmp,"https://www.google.com/maps/dir//40.0206,-105.1512",40.02063046085199,-105.1512076464447,0,
import-high-priority,98,Thornton Recreation Center Lake,Thornton Recreation Center Lake,52832,1702,Adams,Water Body,Warmwater,public-indicated,Public-land/property indicator or official property URL is present,Bass: Largemouth | Catfish: Channel | Sunfish: Bluegill,Thornton Recreation Center,Easy,Low,Yes,No,None,Warmwater,False,,"https://www.google.com/search?q=""fishing report""+Thornton Recreation Center Lake+""Adams County""+Colorado",https://www.thorntonco.gov/recreation/facilities/Pages/thornton-community-center.aspx,"https://www.google.com/maps/dir//39.8968,-104.9473",39.896844201354725,-104.94732438630523,0,
import-high-priority,98,Thunderbird Lake,Thunderbird Lake,60715,277,Boulder,Water Body,Warmwater,public-indicated,Public-land/property indicator or official property URL is present,Bass: Largemouth | Catfish: Channel | Sunfish: Bluegill | Sunfish: Green,Admiral Arleigh A. Burke Park/Thunderbird Lake,Easy,Low,Yes,No,None,Warmwater,False,,"https://www.google.com/search?q=""fishing report""+Thunderbird Lake+""Boulder County""+Colorado",https://bouldercolorado.gov/locations/admiral-arleigh-burke-park,"https://www.google.com/maps/dir//39.9955,-105.2358",39.99548793929527,-105.23577804047827,0,
import-high-priority,98,Totten Reservoir,Totten Reservoir,92659,416,Montezuma,Water Body,Warmwater,public-indicated,Public-land/property indicator or official property URL is present,Bass: Largemouth | Catfish: Channel | Crappie: Unspecified | Perch: Walleye | Perch: Yellow | Pike: Northern | Sunfish: Bluegill,Totten Reservoir SWA,Easy,Medium,Yes,Yes,Non-motorized,Warmwater,False,,"https://www.google.com/search?q=""fishing report""+Totten Reservoir+""Montezuma County""+Colorado",https://cpw.state.co.us/swa/Totten%20Reservoir%20SWA,"https://www.google.com/maps/dir//37.3629,-108.5267",37.36431348892451,-108.53002391141031,0,
import-high-priority,98,Trickle Park Reservoir,Trickle Park Reservoir,92685,495,Delta,Water Body,Coldwater,public-indicated,Public-land/property indicator or official property URL is present,Trout: Brown | Trout: Rainbow | Trout: Snake River Cutthroat,Grand Mesa National Forest,Easy,Medium,Yes,Yes,Motor boats,Sub-catchables,False,,"https://www.google.com/search?q=""fishing report""+Trickle Park Reservoir+""Delta County""+Colorado",https://www.fs.usda.gov/recarea/gmug/recreation/recarea/?recid=33024,"https://www.google.com/maps/dir//39.0501,-107.8762",39.0500890496032,-107.87624515279961,0,
import-high-priority,98,Twin Lakes Park Pond,Twin Lakes Park Pond,58025,228,Adams,Water Body,Warmwater,public-indicated,Public-land/property indicator or official property URL is present,Bass: Largemouth | Crappie: Black | Sunfish: Green | Sunfish: Pumpkinseed,Twin Lakes Park,Easy,Low,Yes,No,None,No,False,,"https://www.google.com/search?q=""fishing report""+Twin Lakes Park Pond+""Adams County""+Colorado",https://www.adcogov.org/twin-lakes-park,"https://www.google.com/maps/dir//39.8214,-104.9909",39.82145029458772,-104.99090880593764,0,
import-high-priority,98,Union Reservoir,Union Reservoir,53570,241,Weld,Water Body,Mixed coldwater/warmwater,public-indicated,Public-land/property indicator or official property URL is present,Bass: Largemouth | Bass: Smallmouth | Bass: Wiper | Carp: Common | Catfish: Black Bullhead | Catfish: Channel | Crappie: Black | Crappie: Unspecified | Perch: Walleye | Perch: Yellow | Sunfish: Bluegill | Trout: Rainbow,Union Reservoir and Park,Easy,Medium,Yes,No,Motor boats,Warmwater,False,,https://cpw.state.co.us/thingstodo/Fishery%20Survey%20Summaries/UnionReservoir.pdf,https://www.longmontcolorado.gov/Home/Components/FacilityDirectory/FacilityDirectory/4/52,"https://www.google.com/maps/dir//40.1822,-105.0391",40.182222552110446,-105.0390604257645,0,
import-high-priority,98,Valente Open Space Ponds ,Valente Open Space East Pond ,57538,1721,Adams,Water Body,Warmwater,public-indicated,Public-land/property indicator or official property URL is present,Bass: Largemouth | Crappie: Black | Sunfish: Bluegill | Sunfish: Green,Elaine T. Valente Open Space,Easy,Medium,Yes,No,None,No,False,,"https://www.google.com/search?q=""fishing report""+Valente Open Space East Pond +""Adams County""+Colorado",https://www.adcogov.org/openspace,"https://www.google.com/maps/dir//39.8857,-104.9074",39.88655033861171,-104.90609930642661,0,
import-high-priority,98,Vega Reservoir,Vega Reservoir,70691,54,Mesa,Water Body,Coldwater,public-indicated,Public-land/property indicator or official property URL is present,Trout: Brook | Trout: Brown | Trout: Cutthroat | Trout: Rainbow | Trout: Snake River Cutthroat,Vega State Park,Easy,High,Yes,Yes,Motor boats,Sub-catchables,False,,"https://www.google.com/search?q=""fishing report""+Vega Reservoir+""Mesa County""+Colorado",https://cpw.state.co.us/placestogo/Parks/vega,"https://www.google.com/maps/dir//39.227,-107.8111",39.21972583531707,-107.80268359730161,0,
import-high-priority,98,Vela Reservoir,Vela Reservoir,92914,557,Delta,Water Body,Coldwater,public-indicated,Public-land/property indicator or official property URL is present,Trout: Brook | Trout: Cutthroat | Trout: Rainbow,Grand Mesa National Forest,Easy,Medium,Yes,Yes,Non-motorized,No,False,,"https://www.google.com/search?q=""fishing report""+Vela Reservoir+""Delta County""+Colorado",https://www.fs.usda.gov/activity/gmug/recreation/fishing,"https://www.google.com/maps/dir//39.0632,-107.8696",39.0631547198441,-107.86962674397695,0,
import-high-priority,98,Walden Pond - Wally Toevs Pond (aka Picnic Pond),Walden Pond - Wally Toevs Pond (aka Picnic Pond),57821,300,Boulder,Water Body,Mixed coldwater/warmwater,public-indicated,Public-land/property indicator or official property URL is present,Bass: Largemouth | Carp: Common | Catfish: Black Bullhead | Catfish: Channel | Crappie: Unspecified | Perch: Yellow | Sunfish: Bluegill | Sunfish: Pumpkinseed | Trout: Rainbow,Walden Ponds Wildlife Habitat,Easy,Low,Yes,No,None,No,False,,"https://www.google.com/search?q=""fishing report""+Walden Pond - Wally Toevs Pond (aka Picnic Pond)+""Boulder County""+Colorado",https://www.bouldercounty.org/open-space/parks-and-trails/walden-ponds-wildlife-habitat/,"https://www.google.com/maps/dir//40.0442,-105.1837",40.046504200401436,-105.18090367250846,0,
import-high-priority,98,Watson Lake,Watson Lake,56881,97,Larimer,Water Body,Mixed coldwater/warmwater,public-indicated,Public-land/property indicator or official property URL is present,Bass: Smallmouth | Perch: Yellow | Trout: Brown,Bellevue-Watson SFU,Easy,Medium,Yes,No,None,Warmwater,False,,"https://www.google.com/search?q=""fishing report""+Watson Lake+""Larimer County""+Colorado",https://cpw.state.co.us/swa/Bellvue-Watson%20SFU%20(Hatchery),"https://www.google.com/maps/dir//40.6401,-105.1718",40.636041478278855,-105.16957238549833,0,
import-high-priority,98,"White River, South Fork","White River, South Fork",21313,1577,Garfield,Stream or River,Coldwater,public-indicated,Public-land/property indicator or official property URL is present,Trout: Brook | Trout: Cutthroat | Trout: Mountain Whitefish | Trout: Rainbow,Flat Tops Wilderness Area,Easy,Medium,Yes,No,None,No,False,,"https://www.google.com/search?q=""fishing report""+White River, South Fork+""Garfield County""+Colorado",https://www.fs.usda.gov/activity/whiteriver/recreation/fishing,"https://www.google.com/maps/dir//39.8395,-107.376",39.83948320542358,-107.37598561061921,0,
import-high-priority,98,Williams Creek Reservoir,Williams Creek Reservoir,93067,482,Hinsdale,Water Body,Coldwater,public-indicated,Public-land/property indicator or official property URL is present,Salmon: Kokanee | Trout: Brook | Trout: Cutbow | Trout: Cutthroat | Trout: Rainbow | Trout: Tiger,Williams Creek Reservoir SWA,Easy,Medium,Yes,Yes,Motor boats,Sub-catchables,False,,"https://www.google.com/search?q=""fishing report""+Williams Creek Reservoir+""Hinsdale County""+Colorado",https://cpw.state.co.us/swa/Williams%20Creek%20Reservoir%20SWA,"https://www.google.com/maps/dir//37.514,-107.2268",37.51257013918718,-107.22087059457887,0,
import-high-priority,98,Wonderland Lake,Wonderland Lake,60727,81,Boulder,Water Body,Mixed coldwater/warmwater,public-indicated,Public-land/property indicator or official property URL is present,Bass: Largemouth | Catfish: Black Bullhead | Catfish: Channel | Crappie: Unspecified | Perch: Yellow | Pike: Tiger Muskie | Sunfish: Bluegill | Trout: Rainbow,Wonderland Lake,Easy,Medium,Yes,No,None,Warmwater,False,,"https://www.google.com/search?q=""fishing report""+Wonderland Lake+""Boulder County""+Colorado",https://bouldercolorado.gov/services/fishing-osmp,"https://www.google.com/maps/dir//40.05,-105.2887",40.049997812011846,-105.28871528855589,0,
import-high-priority,98,Yamcolo Reservoir,Yamcolo Reservoir,72241,1028,Garfield,Water Body,Coldwater,public-indicated,Public-land/property indicator or official property URL is present,Trout: Brook | Trout: Brown | Trout: Mountain Whitefish | Trout: Rainbow,Routt National Forest,Easy,Medium,Yes,Yes,Motor boats,Sub-catchables,False,,"https://www.google.com/search?q=""fishing report""+Yamcolo Reservoir+""Garfield County""+Colorado",https://www.fs.usda.gov/activity/mbr/recreation/fishing,"https://www.google.com/maps/dir//40.0521,-107.0552",40.05208298332372,-107.05517313613241,0,
import-high-priority,98,Yampa River,Yampa River,28634,1796,Routt,Stream or River,Coldwater,public-indicated,Public-land/property indicator or official property URL is present,Trout: Brown | Trout: Mountain Whitefish | Trout: Rainbow,Stagecoach State Park,Easy,High,Yes,No,None,Catchable trout,False,,"https://www.google.com/search?q=""fishing report""+Yampa River+""Routt County""+Colorado",https://cpw.state.co.us/placestogo/parks/Stagecoach/Pages/default.aspx,"https://www.google.com/maps/dir//40.2691,-106.8822",40.269150070634225,-106.88220407866737,0,
import-high-priority,92,[Purposely Left Blank],Banner Lakes # 5,60018,1670,Weld,Water Body,Warmwater,public-indicated,Public-land/property indicator or official property URL is present,Bass: Largemouth | Carp: Common | Catfish: Black Bullhead | Catfish: Channel | Crappie: Black | Pike: Northern | Sunfish: Bluegill | Sunfish: Green,Banner Lakes SWA,Easy,Medium,No,Yes,Non-motorized,Warmwater,False,,"https://www.google.com/search?q=""fishing report""+Banner Lakes # 5+""Weld County""+Colorado",https://cpw.state.co.us/swa/Banner%20Lakes%20SWA,"https://www.google.com/maps/dir//40.0736,-104.565",40.07749336373186,-104.56347983675236,0,
import-high-priority,92,[Purposely Left Blank],Banner Lakes #4,59989,1671,Weld,Water Body,Warmwater,public-indicated,Public-land/property indicator or official property URL is present,Bass: Largemouth | Carp: Common | Catfish: Black Bullhead | Catfish: Channel | Crappie: Black | Pike: Northern | Sunfish: Bluegill | Sunfish: Green,Banner Lakes SWA,Easy,Medium,No,Yes,Non-motorized,Warmwater,False,,"https://www.google.com/search?q=""fishing report""+Banner Lakes #4+""Weld County""+Colorado",https://cpw.state.co.us/swa/Banner%20Lakes%20SWA,"https://www.google.com/maps/dir//40.0736,-104.565",40.07265597145249,-104.5592166255517,0,
import-high-priority,92,[Purposely Left Blank],Banner Lakes # 3,59990,1672,Weld,Water Body,Warmwater,public-indicated,Public-land/property indicator or official property URL is present,Bass: Largemouth | Carp: Common | Catfish: Black Bullhead | Catfish: Channel | Crappie: Black | Sunfish: Bluegill | Sunfish: Green,Banner Lakes SWA,Easy,Medium,No,Yes,Non-motorized,Warmwater,False,,"https://www.google.com/search?q=""fishing report""+Banner Lakes # 3+""Weld County""+Colorado",https://cpw.state.co.us/swa/Banner%20Lakes%20SWA,"https://www.google.com/maps/dir//40.0736,-104.565",40.07061600930084,-104.55623592201421,0,
import-high-priority,92,[Purposely Left Blank],Walden Pond - Ricky Weiser Wetland,61286,296,Boulder,Water Body,Mixed coldwater/warmwater,public-indicated,Public-land/property indicator or official property URL is present,Bass: Largemouth | Bass: Wiper | Carp: Common | Catfish: Black Bullhead | Catfish: Channel | Crappie: Unspecified | Perch: Walleye | Perch: Yellow | Sunfish: Bluegill | Sunfish: Pumpkinseed | Trout: Rainbow,Walden Ponds Wildlife Habitat,Easy,Medium,No,No,None,No,False,,"https://www.google.com/search?q=""fishing report""+Walden Pond - Ricky Weiser Wetland+""Boulder County""+Colorado",https://www.bouldercounty.org/open-space/parks-and-trails/walden-ponds-wildlife-habitat/,"https://www.google.com/maps/dir//40.0442,-105.1837",40.04464728499825,-105.19117399796407,0,
import-high-priority,92,[Purposely Left Blank],Walden Pond - Duck Pond,61010,301,Boulder,Water Body,Warmwater,public-indicated,Public-land/property indicator or official property URL is present,Bass: Largemouth | Carp: Common | Catfish: Black Bullhead | Catfish: Channel | Crappie: Unspecified | Perch: Yellow | Sunfish: Bluegill | Sunfish: Pumpkinseed,Walden Ponds Wildlife Habitat,Easy,Low,No,No,None,No,False,,"https://www.google.com/search?q=""fishing report""+Walden Pond - Duck Pond+""Boulder County""+Colorado",https://www.bouldercounty.org/open-space/parks-and-trails/walden-ponds-wildlife-habitat/,"https://www.google.com/maps/dir//40.0442,-105.1837",40.042982965060304,-105.18703688238155,0,
import-high-priority,92,[Purposely Left Blank],Clearwater Pond - Belly Boat #3,60418,283,Boulder,Water Body,Warmwater,public-indicated,Public-land/property indicator or official property URL is present,Bass: Largemouth | Catfish: Channel | Crappie: Black | Crappie: Unspecified | Perch: Yellow | Sunfish: Bluegill | Sunfish: Green,Pella Crossing,Easy,Medium,No,No,Non-motorized,Warmwater,False,,"https://www.google.com/search?q=""fishing report""+Clearwater Pond - Belly Boat #3+""Boulder County""+Colorado",https://www.bouldercounty.org/open-space/parks-and-trails/pella-crossing/,"https://www.google.com/maps/dir//40.1838,-105.1838",40.18381323558415,-105.18383912341352,0,
import-high-priority,92,[Purposely Left Blank],Lowell Pond #3 West,60474,255,Adams,Water Body,Warmwater,public-indicated,Public-land/property indicator or official property URL is present,Bass: Largemouth | Catfish: Channel | Sunfish: Bluegill | Sunfish: Green,Lowell Ponds Open Space,Easy,Medium,No,No,Belly boats,Warmwater,False,,"https://www.google.com/search?q=""fishing report""+Lowell Pond #3 West+""Adams County""+Colorado",https://www.adcogov.org/openspace,"https://www.google.com/maps/dir//39.7969,-105.0351",39.7977835065595,-105.04127976577624,0,
import-high-priority,92,[Purposely Left Blank],Lowell Pond #2 Middle,60462,256,Adams,Water Body,Warmwater,public-indicated,Public-land/property indicator or official property URL is present,Bass: Largemouth | Carp: Common | Sunfish: Bluegill | Sunfish: Green,Lowell Ponds Open Space,Easy,Medium,No,No,Belly boats,No,False,,"https://www.google.com/search?q=""fishing report""+Lowell Pond #2 Middle+""Adams County""+Colorado",https://www.adcogov.org/openspace,"https://www.google.com/maps/dir//39.7969,-105.0351",39.79847413478679,-105.04020485158873,0,
import-high-priority,92,[Purposely Left Blank],Lily Pad Pond,53500,578,Denver,Water Body,Warmwater,public-indicated,Public-land/property indicator or official property URL is present,Carp: Common | Catfish: Channel | Sunfish: Green,Washington Park,Easy,Low,No,No,None,Catchable trout and Warmwater,False,,"https://www.google.com/search?q=""fishing report""+Lily Pad Pond+""Denver County""+Colorado",https://www.denvergov.org/content/denvergov/en/denver-parks-and-recreation/parks/city-parks.html,"https://www.google.com/maps/dir//39.7067,-104.9695",39.706715182933415,-104.96946299098656,0,
import-high-priority,92,[Purposely Left Blank],Blue Heron Ponds,79408,1693,Fremont,Water Body,Warmwater,public-indicated,Public-land/property indicator or official property URL is present,Bass: Largemouth | Catfish: Channel | Sunfish: Bluegill,Bureau of Land Management,Easy,Medium,No,Limited,Non-motorized,Warmwater,False,,"https://www.google.com/search?q=""fishing report""+Blue Heron Ponds+""Fremont County""+Colorado",https://cpw.state.co.us/placestogo/parks/ArkansasHeadwatersRecreationArea/Pages/default.aspx,"https://www.google.com/maps/dir//38.3918,-105.0648",38.39176276051482,-105.06483689652946,1,
import-high-priority,92,Animas River,Animas River,37994,1432,La Plata,Stream or River,Coldwater,public-indicated,Public-land/property indicator or official property URL is present,Trout: Brown | Trout: Cutbow | Trout: Rainbow | Trout: Snake River Cutthroat,Santa Rita Park,Easy,Medium,No,No,Non-motorized,Sub-catchables,False,,https://cpw.state.co.us/thingstodo/Fishery%20Survey%20Summaries/AnimasRiverDurango.pdf,https://co-durango.civicplus.com/Facilities/Facility/Details/28,"https://www.google.com/maps/dir//37.261,-107.8797",37.2610146598798,-107.87968251581012,0,
import-high-priority,92,Banner Lakes,Banner Lakes # 6,60020,1654,Weld,Water Body,Warmwater,public-indicated,Public-land/property indicator or official property URL is present,Bass: Largemouth | Carp: Common | Catfish: Black Bullhead | Catfish: Channel | Crappie: Black | Pike: Northern | Sunfish: Bluegill | Sunfish: Green,Banner Lakes SWA,Easy,Medium,No,Yes,Non-motorized,Warmwater,False,,"https://www.google.com/search?q=""fishing report""+Banner Lakes # 6+""Weld County""+Colorado",https://cpw.state.co.us/swa/Banner%20Lakes%20SWA,"https://www.google.com/maps/dir//40.0736,-104.565",40.080003788214526,-104.56491590332847,0,
import-high-priority,92,"Big Thompson River, North Fork","Big Thompson River, North Fork",13297,1487,Larimer,Stream or River,Coldwater,public-indicated,Public-land/property indicator or official property URL is present,Trout: Brook | Trout: Brown | Trout: Cutthroat | Trout: Rainbow,Comanche Peak Wilderness Area,Easy,Medium,No,No,None,No,False,,"https://www.google.com/search?q=""fishing report""+Big Thompson River, North Fork+""Larimer County""+Colorado",https://www.fs.usda.gov/activity/arp/recreation/fishing,"https://www.google.com/maps/dir//40.4848,-105.4854",40.48477229449031,-105.48539360916247,0,
import-high-priority,92,Bonham Reservoir,Bonham Reservoir,65373,697,Mesa,Water Body,Coldwater,public-indicated,Public-land/property indicator or official property URL is present,Grayling: Arctic | Trout: Brown | Trout: Cutthroat | Trout: Rainbow,Grand Mesa National Forest,Easy,High,No,No,Non-motorized,Sub-catchables,False,,"https://www.google.com/search?q=""fishing report""+Bonham Reservoir+""Mesa County""+Colorado",https://www.fs.usda.gov/activity/gmug/recreation/fishing,"https://www.google.com/maps/dir//39.0998,-107.9028",39.09976490905179,-107.90276107897718,0,
import-high-priority,92,Cache la Poudre River,Cache la Poudre River,11923,658,Larimer,Stream or River,Coldwater,public-indicated,Public-land/property indicator or official property URL is present,Trout: Brown | Trout: Mountain Whitefish | Trout: Rainbow,Bliss SWA,Easy,Medium,No,No,None,No,False,,https://cpw.state.co.us/thingstodo/Fishery%20Survey%20Summaries/CachelaPoudreRiverCanyon.pdf,https://cpw.state.co.us/swa/Bliss%20SWA,"https://www.google.com/maps/dir//40.6937,-105.7606",40.70740093099791,-105.75161558780083,0,
import-high-priority,92,Cebolla Creek,Cebolla Creek,38895,1600,Hinsdale,Stream or River,Coldwater,public-indicated,Public-land/property indicator or official property URL is present,Trout: Brook | Trout: Brown | Trout: Rainbow,Mason Family SWA,Easy,Medium,No,No,None,No,False,,"https://www.google.com/search?q=""fishing report""+Cebolla Creek+""Hinsdale County""+Colorado",https://cpw.state.co.us/swa/Mason%20Family%20SWA%20(Formerly%20Cebolla%20Creek),"https://www.google.com/maps/dir//38.1103,-107.035",38.1064776073562,-107.0348464773966,0,
import-high-priority,92,Chicago Creek,Chicago Creek,10506,1397,Clear Creek,Stream or River,Coldwater,public-indicated,Public-land/property indicator or official property URL is present,Trout: Brook | Trout: Brown | Trout: Rainbow,Arapaho National Forest,Easy,Low,No,No,None,No,False,,"https://www.google.com/search?q=""fishing report""+Chicago Creek+""Clear Creek County""+Colorado",https://www.fs.usda.gov/activity/arp/recreation/fishing,"https://www.google.com/maps/dir//39.7035,-105.6084",39.70348985317081,-105.60835452824733,0,
import-high-priority,92,Clear Creek Pond,Clear Creek Pond,57073,388,Adams,Water Body,Warmwater,public-indicated,Public-land/property indicator or official property URL is present,Bass: Largemouth | Crappie: Black | Sunfish: Bluegill,Adams County Parks and Rec,Easy,Low,No,No,None,No,False,,"https://www.google.com/search?q=""fishing report""+Clear Creek Pond+""Adams County""+Colorado",https://www.adcogov.org/trails-trailheads,"https://www.google.com/maps/dir//39.827,-104.9651",39.8269495535814,-104.9650930204043,0,
import-high-priority,92,Clifton Nature Park Pond,Clifton Nature Park Pond,COFA10,1708,Mesa,Water Body,Warmwater,public-indicated,Public-land/property indicator or official property URL is present,Bass: Largemouth | Carp: Common | Crappie: Black | Sunfish: Bluegill | Sunfish: Green,Clifton Nature Park,Easy,Medium,No,No,None,No,False,,"https://www.google.com/search?q=""fishing report""+Clifton Nature Park Pond+""Mesa County""+Colorado",https://www.coloradowestoutdoors.com/home/hiking/city-park-trails/clifton-nature-park-trail/,"https://www.google.com/maps/dir//39.0624,-108.4521",39.060463449271744,-108.45214921455154,0,
import-high-priority,92,Coal Creek,Coal Creek,39152,1559,Gunnison,Stream or River,Coldwater,public-indicated,Public-land/property indicator or official property URL is present,Trout: Brook | Trout: Brown | Trout: Cutthroat | Trout: Rainbow,Grand Mesa National Forest,Easy,Low,No,No,None,No,False,,"https://www.google.com/search?q=""fishing report""+Coal Creek+""Gunnison County""+Colorado",https://www.fs.usda.gov/activity/gmug/recreation/fishing,"https://www.google.com/maps/dir//38.8155,-107.3141",38.81554820628525,-107.3141090106553,0,
import-high-priority,92,Colorado River,Colorado River,19629,1621,Garfield,Stream or River,Mixed coldwater/warmwater,public-indicated,Public-land/property indicator or official property URL is present,Carp: Common | Trout: Brown | Trout: Cutthroat | Trout: Mountain Whitefish | Trout: Rainbow,Upper Colorado River Recreation Area,Easy,Medium,No,No,Non-motorized,Sub-catchables,False,,"https://www.google.com/search?q=""fishing report""+Colorado River+""Garfield County""+Colorado",https://www.blm.gov/visit/upper-colorado-river-recreation-area,"https://www.google.com/maps/dir//39.5664,-107.4246",39.56639569389394,-107.42456123705684,1,
import-high-priority,92,Colorado River,Colorado River,19637,1806,Eagle,Stream or River,Coldwater,public-indicated,Public-land/property indicator or official property URL is present,Trout: Brown | Trout: Mountain Whitefish | Trout: Rainbow,Upper Colorado River Recreation Area,Easy,Medium,No,No,Non-motorized,Sub-catchables,False,,"https://www.google.com/search?q=""fishing report""+Colorado River+""Eagle County""+Colorado",https://www.blm.gov/visit/upper-colorado-river-recreation-area,"https://www.google.com/maps/dir//39.6982,-107.0719",39.69822736196882,-107.0719286879833,0,
import-high-priority,92,Colorado River,Colorado River,21250,1807,Eagle,Stream or River,Coldwater,public-indicated,Public-land/property indicator or official property URL is present,Trout: Brown | Trout: Mountain Whitefish | Trout: Rainbow,Upper Colorado River Recreation Area,Easy,Medium,No,No,Non-motorized,Sub-catchables,False,,"https://www.google.com/search?q=""fishing report""+Colorado River+""Eagle County""+Colorado",https://www.blm.gov/visit/upper-colorado-river-recreation-area,"https://www.google.com/maps/dir//39.8085,-106.9593",39.80854848806461,-106.95930102672959,1,
import-high-priority,92,East River,East River,39913,1602,Gunnison,Stream or River,Coldwater,public-indicated,Public-land/property indicator or official property URL is present,Salmon: Kokanee | Trout: Brown | Trout: Rainbow,Roaring Judy SFU,Easy,High,No,No,Non-motorized,Sub-catchables,False,,"https://www.google.com/search?q=""fishing report""+East River+""Gunnison County""+Colorado",https://cpw.state.co.us/swa/Roaring%20Judy%20SFU%20(Hatchery),"https://www.google.com/maps/dir//38.7082,-106.8504",38.70819840661444,-106.85038347766788,0,
import-high-priority,92,Exposition Park Pond,Exposition Park Pond,57972,508,Arapahoe,Water Body,Warmwater,public-indicated,Public-land/property indicator or official property URL is present,Carp: Common | Catfish: Black Bullhead | Sunfish: Bluegill | Sunfish: Green,Expo Park,Easy,Low,No,Unsure,None,No,False,,"https://www.google.com/search?q=""fishing report""+Exposition Park Pond+""Arapahoe County""+Colorado",https://www.auroragov.org/cms/One.aspx?portalId=1881221&pageId=2037935,"https://www.google.com/maps/dir//39.7059,-104.8606",39.70588458889649,-104.86060501460125,0,
import-high-priority,92,Geneva Lake,Geneva Lake,58291,502,Arapahoe,Water Body,Warmwater,public-indicated,Public-land/property indicator or official property URL is present,Carp: Common | Catfish: Black Bullhead | Catfish: Channel | Sunfish: Green,Geneva Lake and Park,Easy,Low,No,No,None,Warmwater,False,,"https://www.google.com/search?q=""fishing report""+Geneva Lake+""Arapahoe County""+Colorado",https://www.littletongov.org/my-littleton/parks-trails,"https://www.google.com/maps/dir//39.6187,-105.015",39.61868631557818,-105.01500453060262,0,
import-high-priority,92,Green Gables Park Pond,Green Gables Park Pond,58215,148,Jefferson,Water Body,Warmwater,public-indicated,Public-land/property indicator or official property URL is present,Bass: Largemouth | Crappie: Black | Sunfish: Bluegill | Sunfish: Green | Sunfish: Pumpkinseed,Green Gables Park,Easy,Low,No,No,None,No,False,,"https://www.google.com/search?q=""fishing report""+Green Gables Park Pond+""Jefferson County""+Colorado",https://www.lakewood.org/Government/Departments/Community-Resources/Parks-Forestry-and-Open-Space/A-to-Z-Park-Listing/Green-Gables-Park,"https://www.google.com/maps/dir//39.6899,-105.0985",39.68985402755836,-105.09852564387528,0,
import-high-priority,92,Huston Park Lake,Huston Park Lake,52972,452,Denver,Water Body,Warmwater,public-indicated,Public-land/property indicator or official property URL is present,Bass: Largemouth | Catfish: Channel | Sunfish: Green,Huston Lake Park,Easy,Low,No,No,None,No,False,,"https://www.google.com/search?q=""fishing report""+Huston Park Lake+""Denver County""+Colorado",https://www.denvergov.org/content/denvergov/en/denver-parks-and-recreation/parks/city-parks.html,"https://www.google.com/maps/dir//39.7017,-105.016",39.701717232505274,-105.01597441286877,0,
import-high-priority,92,Hyland Ponds,Hyland Ponds 2,57828,526,Jefferson,Water Body,Warmwater,public-indicated,Public-land/property indicator or official property URL is present,Bass: Largemouth | Catfish: Channel | Crappie: Black | Sunfish: Bluegill,Hyland Ponds,Easy,Low,No,No,None,No,False,,"https://www.google.com/search?q=""fishing report""+Hyland Ponds 2+""Jefferson County""+Colorado","https://www.cityofwestminster.us/ParksRecreation/Parks,TrailsOpenSpace/OpenSpaceTrails","https://www.google.com/maps/dir//39.878,-105.056",39.87646594797121,-105.05539391585727,1,
import-high-priority,92,Lemon Reservoir,Lemon Reservoir,90934,314,La Plata,Water Body,Coldwater,public-indicated,Public-land/property indicator or official property URL is present,Salmon: Kokanee | Trout: Brown | Trout: Rainbow | Trout: Splake,San Juan National Forest,Easy,Low,No,Yes,Non-motorized,Sub-catchables,False,,"https://www.google.com/search?q=""fishing report""+Lemon Reservoir+""La Plata County""+Colorado",https://www.fs.usda.gov/activity/sanjuan/recreation/fishing,"https://www.google.com/maps/dir//37.4037,-107.6644",37.4036924372487,-107.6644127204739,0,
import-high-priority,92,Little's Creek Pond,Little's Creek Pond,57580,170,Arapahoe,Water Body,Warmwater,public-indicated,Public-land/property indicator or official property URL is present,Bass: Largemouth | Catfish: Black Bullhead | Catfish: Channel | Sunfish: Green,Little's Creek Park,Easy,Low,No,No,None,Warmwater,False,,"https://www.google.com/search?q=""fishing report""+Little's Creek Pond+""Arapahoe County""+Colorado",https://www.ssprd.org/littles-creek-park,"https://www.google.com/maps/dir//39.5934,-104.9894",39.593361905682066,-104.98940421138006,0,
import-high-priority,92,McKay Lake,McKay Lake,52310,318,Adams,Water Body,Warmwater,public-indicated,Public-land/property indicator or official property URL is present,Bass: Largemouth | Catfish: Channel | Crappie: Black | Perch: Yellow | Sunfish: Bluegill,McKay Lake,Easy,Medium,No,No,Non-motorized,No,False,,"https://www.google.com/search?q=""fishing report""+McKay Lake+""Adams County""+Colorado","https://www.cityofwestminster.us/ParksRecreation/Parks,TrailsOpenSpace/OpenSpaceTrails","https://www.google.com/maps/dir//39.9534,-105.0123",39.95340277486987,-105.01230541387238,0,
import-high-priority,92,Narraguinnep Reservoir,Narraguinnep Reservoir,91481,662,Montezuma,Water Body,Warmwater,public-indicated,Public-land/property indicator or official property URL is present,Bass: Smallmouth | Perch: Walleye | Perch: Yellow | Pike: Northern,Narraguinnep Resevoir SWA,Easy,Medium,No,Yes,Non-motorized,Warmwater,False,,"https://www.google.com/search?q=""fishing report""+Narraguinnep Reservoir+""Montezuma County""+Colorado",https://cpw.state.co.us/swa/Narraguinnep%20Resevoir%20SWA,"https://www.google.com/maps/dir//37.4845,-108.624",37.49256827659897,-108.62487408566781,0,
import-high-priority,92,Needle Creek Reservoir,Needle Creek Reservoir,91532,867,Saguache,Water Body,Coldwater,public-indicated,Public-land/property indicator or official property URL is present,Trout: Brook | Trout: Cutthroat | Trout: Rainbow,Gunnison National Forest,Easy,Medium,No,No,Motor boats,Sub-catchables,False,,"https://www.google.com/search?q=""fishing report""+Needle Creek Reservoir+""Saguache County""+Colorado",https://www.fs.usda.gov/activity/gmug/recreation/fishing,"https://www.google.com/maps/dir//38.3517,-106.5578",38.35168668900608,-106.55775422139062,0,
import-high-priority,92,Park Lake,Park Lake,56037,1339,Boulder,Water Body,Warmwater,public-indicated,Public-land/property indicator or official property URL is present,Bass: Largemouth | Catfish: Channel | Sunfish: Bluegill,Lake Park,Easy,Low,No,No,None,Warmwater,False,,"https://www.google.com/search?q=""fishing report""+Park Lake+""Boulder County""+Colorado",https://www.louisvilleco.gov/local-government/government/departments/parks-recreation-and-open-space,"https://www.google.com/maps/dir//39.9835,-105.143",39.983508654269976,-105.14295380254504,0,
import-high-priority,92,Pomona Lake,Pomona Lake,53330,516,Jefferson,Water Body,Warmwater,public-indicated,Public-land/property indicator or official property URL is present,Bass: Largemouth | Carp: Common | Crappie: White | Sunfish: Bluegill | Sunfish: Green,Meadowglen Open Space and Lake,Easy,Low,No,No,None,Warmwater,False,,"https://www.google.com/search?q=""fishing report""+Pomona Lake+""Jefferson County""+Colorado",https://arvada.org/parks-and-recreation,"https://www.google.com/maps/dir//39.8438,-105.0934",39.8437577624895,-105.09338712863483,0,
import-high-priority,92,Puett Reservoir,Puett Reservoir,91885,659,Montezuma,Water Body,Warmwater,public-indicated,Public-land/property indicator or official property URL is present,Bass: Smallmouth | Crappie: Black | Perch: Yellow | Pike: Northern,Puett Reservoir SWA,Easy,Medium,No,Limited,Non-motorized,Warmwater,False,,"https://www.google.com/search?q=""fishing report""+Puett Reservoir+""Montezuma County""+Colorado",https://cpw.state.co.us/swa/Puett%20Reservoir%20SWA,"https://www.google.com/maps/dir//37.4165,-108.4107",37.416851809125504,-108.40580616659796,0,
import-high-priority,92,Ridgeview Park Pond,Ridgeview Park Pond,58304,115,Arapahoe,Water Body,Warmwater,public-indicated,Public-land/property indicator or official property URL is present,Bass: Largemouth | Carp: Common | Sunfish: Green,Ridgeview Park,Easy,Low,No,No,None,No,False,,"https://www.google.com/search?q=""fishing report""+Ridgeview Park Pond+""Arapahoe County""+Colorado",https://www.ssprd.org/ridgeview-park,"https://www.google.com/maps/dir//39.5883,-105.0184",39.588254750682985,-105.01835954505101,0,
import-high-priority,92,Sackett Reservoir,Sackett Reservoir,92116,559,Delta,Water Body,Coldwater,public-indicated,Public-land/property indicator or official property URL is present,Trout: Brook | Trout: Rainbow | Trout: Tiger,Grand Mesa National Forest,Easy,Medium,No,Yes,Non-motorized,Sub-catchables,False,,"https://www.google.com/search?q=""fishing report""+Sackett Reservoir+""Delta County""+Colorado",https://www.fs.usda.gov/activity/gmug/recreation/fishing,"https://www.google.com/maps/dir//39.0663,-107.8336",39.06628414783976,-107.83357257258794,0,
import-high-priority,92,"San Miguel River, Lake Fork","San Miguel River, Lake Fork",42983,1565,San Miguel,Stream or River,Coldwater,public-indicated,Public-land/property indicator or official property URL is present,Trout: Brook | Trout: Brown | Trout: Rainbow,Uncompahgre National Forest,Easy,Medium,No,No,None,No,False,,"https://www.google.com/search?q=""fishing report""+San Miguel River, Lake Fork+""San Miguel County""+Colorado",https://www.fs.usda.gov/activity/gmug/recreation/fishing,"https://www.google.com/maps/dir//37.8426,-107.8813",37.842581807565445,-107.88132847554903,0,
import-high-priority,92,Smith Lake,Smith Lake,53506,577,Jefferson,Water Body,Warmwater,public-indicated,Public-land/property indicator or official property URL is present,Bass: Largemouth | Bass: Smallmouth | Catfish: Channel | Perch: Yellow | Sunfish: Bluegill,Smith Reservoir,Easy,Low,No,No,None,Warmwater,False,,"https://www.google.com/search?q=""fishing report""+Smith Lake+""Jefferson County""+Colorado",https://www.lakewood.org/Government/Departments/Community-Resources/Parks-Forestry-and-Open-Space/A-to-Z-Park-Listing/Smith-Reservoir,"https://www.google.com/maps/dir//39.6855,-105.1156",39.68546248747003,-105.11563451031391,0,
import-high-priority,92,South Platte River,South Platte River,30851,689,Park,Stream or River,Coldwater,public-indicated,Public-land/property indicator or official property URL is present,Salmon: Kokanee | Trout: Brown | Trout: Cutbow | Trout: Rainbow,Charlie Meyers SWA,Easy,High,No,No,None,Sub-catchables,False,,https://cpw.state.co.us/thingstodo/Fishery%20Survey%20Summaries/SouthPlatteRiverAtTheDreamStream.pdf,https://cpw.state.co.us/swa/Charlie%20Meyers%20SWA,"https://www.google.com/maps/dir//38.9654,-105.5975",38.96967057322516,-105.58853954810073,0,
import-high-priority,92,"South Platte River, Middle Fork","South Platte River, Middle Fork",32641,1439,Park,Stream or River,Coldwater,public-indicated,Public-land/property indicator or official property URL is present,Trout: Brown | Trout: Cutbow | Trout: Rainbow,Badger Basin SWA,Easy,Low,No,No,None,No,False,,"https://www.google.com/search?q=""fishing report""+South Platte River, Middle Fork+""Park County""+Colorado",https://cpw.state.co.us/swa/Badger%20Basin%20SWA,"https://www.google.com/maps/dir//39.0153,-105.7394",39.0368187670409,-105.79217717470554,0,
import-high-priority,92,"South Platte River, North Fork","South Platte River, North Fork",11855,1373,Park,Stream or River,Coldwater,public-indicated,Public-land/property indicator or official property URL is present,Trout: Brook | Trout: Brown | Trout: Rainbow,Pike National Forest,Easy,Low,No,No,None,Sub-catchables,False,,"https://www.google.com/search?q=""fishing report""+South Platte River, North Fork+""Park County""+Colorado",https://www.fs.usda.gov/activity/psicc/recreation/fishing,"https://www.google.com/maps/dir//39.4503,-105.6213",39.45028837132642,-105.62129514259738,0,
import-high-priority,92,Taylor River,Taylor River,43531,621,Gunnison,Stream or River,Coldwater,public-indicated,Public-land/property indicator or official property URL is present,Trout: Brown | Trout: Cutthroat | Trout: Rainbow,Gunnison National Forest,Easy,High,No,No,Non-motorized,Sub-catchables,False,,https://cpw.state.co.us/thingstodo/Fishery%20Survey%20Summaries/TaylorRiverbelowTaylorParkRes.pdf,https://www.fs.usda.gov/activity/gmug/recreation/fishing/?recid=32366&actid=43,"https://www.google.com/maps/dir//38.8139,-106.6136",38.814038155707145,-106.61268683073354,0,
import-high-priority,92,Teller Lake #5,Teller Lake #5,60999,413,Boulder,Water Body,Warmwater,public-indicated,Public-land/property indicator or official property URL is present,Bass: Largemouth | Carp: Common | Catfish: Channel | Sunfish: Bluegill | Sunfish: Green,Teller Farm - Open Space,Easy,Low,No,No,None,Warmwater,False,,"https://www.google.com/search?q=""fishing report""+Teller Lake #5+""Boulder County""+Colorado",https://bouldercolorado.gov/services/fishing-osmp,"https://www.google.com/maps/dir//40.0382,-105.1389",40.03817607232818,-105.13885414401491,0,
import-high-priority,92,Tommy Davis Park Pond,Tommy Davis Park Pond,COFA11,1714,Arapahoe,Water Body,Mixed coldwater/warmwater,public-indicated,Public-land/property indicator or official property URL is present,Bass: Largemouth | Carp: Common | Catfish: Channel | Sunfish: Bluegill | Trout: Rainbow,Tommy Davis Park,Easy,Medium,No,No,None,No,False,,"https://www.google.com/search?q=""fishing report""+Tommy Davis Park Pond+""Arapahoe County""+Colorado",https://www.greenwoodvillage.com/index.aspx?NID=350,"https://www.google.com/maps/dir//39.6089,-104.8821",39.6088527154637,-104.88210161850186,0,
import-high-priority,92,Ward Creek,Ward Creek,43947,1452,Delta,Stream or River,Coldwater,public-indicated,Public-land/property indicator or official property URL is present,Trout: Brook | Trout: Brown | Trout: Rainbow | Trout: Splake,Grand Mesa National Forest,Easy,Medium,No,Yes,None,No,False,,"https://www.google.com/search?q=""fishing report""+Ward Creek+""Delta County""+Colorado",https://www.fs.usda.gov/activity/gmug/recreation/fishing,"https://www.google.com/maps/dir//39.0289,-107.997",39.02893636950187,-107.99702603765805,0,
import-high-priority,92,White River,White River,22739,611,Rio Blanco,Stream or River,Coldwater,public-indicated,Public-land/property indicator or official property URL is present,Trout: Brown | Trout: Mountain Whitefish | Trout: Rainbow,Sleepy Cat Fishing Easement,Easy,Medium,No,No,None,Sub-catchables,False,,"https://www.google.com/search?q=""fishing report""+White River+""Rio Blanco County""+Colorado",https://cpw.state.co.us/thingstodo/Pages/Fishing.aspx,"https://www.google.com/maps/dir//39.9511,-107.694",39.95098132309302,-107.68611681544219,0,
import-high-priority,92,Wigwam Creek,Wigwam Creek,12574,1365,Jefferson,Stream or River,Coldwater,public-indicated,Public-land/property indicator or official property URL is present,Trout: Brook | Trout: Brown | Trout: Rainbow,Lost Creek Wilderness Area,Easy,Low,No,No,None,No,False,,"https://www.google.com/search?q=""fishing report""+Wigwam Creek+""Jefferson County""+Colorado",https://www.fs.usda.gov/activity/psicc/recreation/fishing,"https://www.google.com/maps/dir//39.2609,-105.3812",39.26094976099332,-105.38119513217212,0,
import-high-priority,90,[Purposely Left Blank],Arapahoe Bend Bass Pond,53590,94,Larimer,Water Body,Warmwater,public-indicated,Public-land/property indicator or official property URL is present,Bass: Largemouth | Catfish: Channel | Crappie: Black | Crappie: White | Perch: Yellow | Sunfish: Bluegill,Arapaho Bend Natural Area,Medium,Medium,Yes,No,Non-motorized,Warmwater,False,,"https://www.google.com/search?q=""fishing report""+Arapahoe Bend Bass Pond+""Larimer County""+Colorado",https://www.fcgov.com/naturalareas/finder/arapaho,"https://www.google.com/maps/dir//40.534,-104.9988",40.5340410758659,-104.99880899927965,0,
import-high-priority,90,[Purposely Left Blank],Arapahoe Bend Cormorant Pond,53592,95,Larimer,Water Body,Warmwater,public-indicated,Public-land/property indicator or official property URL is present,Bass: Largemouth | Catfish: Channel | Crappie: Black | Perch: Yellow | Sunfish: Bluegill,Arapaho Bend Natural Area,Medium,Medium,Yes,No,Non-motorized,No,False,,"https://www.google.com/search?q=""fishing report""+Arapahoe Bnd Cormorant Pond+""Larimer County""+Colorado",https://www.fcgov.com/naturalareas/finder/arapaho,"https://www.google.com/maps/dir//40.5314,-104.998",40.53136778478706,-104.99798528818155,0,
import-high-priority,90,[Purposely Left Blank],Riverbend Pond #3,57768,441,Larimer,Water Body,Warmwater,public-indicated,Public-land/property indicator or official property URL is present,Bass: Largemouth | Carp: Common | Crappie: Black | Perch: Yellow,Riverbend Ponds Natural Area,Medium,Medium,Yes,No,Non-motorized,Warmwater,False,,"https://www.google.com/search?q=""fishing report""+Riverbend Pond #3+""Larimer County""+Colorado",https://www.fcgov.com/naturalareas/finder/riverbend,"https://www.google.com/maps/dir//40.5677,-105.0227",40.5753495312735,-105.03222722706248,0,
import-high-priority,90,[Purposely Left Blank],Grandview Pond #4,52830,404,Adams,Water Body,Warmwater,public-indicated,Public-land/property indicator or official property URL is present,Bass: Largemouth | Catfish: Channel | Crappie: Black | Sunfish: Bluegill,Grandview Ponds,Medium,Low,Yes,No,None,Warmwater,False,,"https://www.google.com/search?q=""fishing report""+Grandview Pond #4+""Adams County""+Colorado",https://www.thorntonco.gov/thornton-parks/Pages/fishing-guide.aspx,"https://www.google.com/maps/dir//39.8843,-104.9323",39.88432322458915,-104.93231068485824,0,
import-high-priority,90,[Purposely Left Blank],Bufflehead Lake,60741,160,Arapahoe,Water Body,Warmwater,public-indicated,Public-land/property indicator or official property URL is present,Bass: Largemouth | Sunfish: Bluegill | Sunfish: Green,South Platte Park/Carson Nature Area,Medium,Low,Yes,No,None,No,False,,"https://www.google.com/search?q=""fishing report""+Bufflehead Lake+""Arapahoe County""+Colorado",https://www.ssprd.org/nature,"https://www.google.com/maps/dir//39.5788,-105.0402",39.57876483995668,-105.04023754218022,0,
import-high-priority,90,Arapahoe Bend Natural Area Ponds,Arapahoe Bend Snapper Pond,53591,96,Larimer,Water Body,Warmwater,public-indicated,Public-land/property indicator or official property URL is present,Bass: Largemouth | Carp: Common | Catfish: Channel | Crappie: Black | Crappie: White | Perch: Yellow | Sunfish: Bluegill,Arapaho Bend Natural Area,Medium,Medium,Yes,No,Non-motorized,No,False,,"https://www.google.com/search?q=""fishing report""+Arapahoe Bend Snapper Pond+""Larimer County""+Colorado",https://www.fcgov.com/naturalareas/finder/arapaho,"https://www.google.com/maps/dir//40.5303,-104.9976",40.530256622974946,-104.99760937108292,0,
import-high-priority,90,Bear River,Bear River,21236,1584,Garfield,Stream or River,Coldwater,public-indicated,Public-land/property indicator or official property URL is present,Trout: Brook | Trout: Brown | Trout: Cutthroat | Trout: Mountain Whitefish,Routt National Forest,Medium,Medium,Yes,No,None,Sub-catchables,False,,"https://www.google.com/search?q=""fishing report""+Bear River+""Garfield County""+Colorado",https://www.fs.usda.gov/activity/mbr/recreation/fishing,"https://www.google.com/maps/dir//40.0371,-107.102",40.03707960520995,-107.1019534776781,0,
import-high-priority,90,Cheesman Reservoir,Cheesman Reservoir,54318,128,Douglas,Water Body,Mixed coldwater/warmwater,public-indicated,Public-land/property indicator or official property URL is present,Bass: Smallmouth | Perch: Yellow | Pike: Northern | Salmon: Kokanee | Trout: Brook | Trout: Brown | Trout: Rainbow,Cheesman Reservoir,Medium,Medium,Yes,No,None,Sub-catchables,False,,"https://www.google.com/search?q=""fishing report""+Cheesman Reservoir+""Douglas County""+Colorado",https://www.denverwater.org/recreation/cheesman-resevoir,"https://www.google.com/maps/dir//39.1954,-105.2846",39.19537127326858,-105.28459293588675,0,
import-high-priority,90,Crystal River,Crystal River,19869,608,Gunnison,Stream or River,Coldwater,public-indicated,Public-land/property indicator or official property URL is present,Trout: Brook | Trout: Brown | Trout: Rainbow,Beaver Lake SWA - Fishing Easement ,Medium,Medium,Yes,No,None,No,False,,"https://www.google.com/search?q=""fishing report""+Crystal River+""Gunnison County""+Colorado",https://cpw.state.co.us/swa/Beaver%20Lake%20SWA,"https://www.google.com/maps/dir//39.0695,-107.1841",39.069526068154744,-107.18411432511662,0,
import-high-priority,90,Crystal River,Crystal River,19871,1441,Pitkin,Stream or River,Coldwater,public-indicated,Public-land/property indicator or official property URL is present,Trout: Brown | Trout: Mountain Whitefish | Trout: Rainbow,White River National Forest,Medium,Medium,Yes,No,None,Sub-catchables,False,,"https://www.google.com/search?q=""fishing report""+Crystal River+""Pitkin County""+Colorado",https://www.fs.usda.gov/activity/whiteriver/recreation/fishing,"https://www.google.com/maps/dir//39.1436,-107.256",39.143582664222336,-107.2559501441903,0,
import-high-priority,90,Dixon Lake,Dixon Lake,57275,395,Larimer,Water Body,Warmwater,public-indicated,Public-land/property indicator or official property URL is present,Bass: Largemouth | Catfish: Channel | Crappie: Black | Sunfish: Bluegill | Sunfish: Pumpkinseed,Pineridge Natural Area,Medium,Medium,Yes,No,Non-motorized,Warmwater,False,,"https://www.google.com/search?q=""fishing report""+Dixon Lake+""Larimer County""+Colorado",https://www.fcgov.com/naturalareas/finder/pineridge,"https://www.google.com/maps/dir//40.552,-105.1412",40.55199876777177,-105.14123731966644,0,
import-high-priority,90,Engineers Lake,Engineer Lake,57960,522,Adams,Water Body,Warmwater,public-indicated,Public-land/property indicator or official property URL is present,Bass: Largemouth | Catfish: Black Bullhead | Catfish: Channel,Engineer Lake,Medium,Low,Yes,No,None,No,False,,"https://www.google.com/search?q=""fishing report""+Engineer Lake+""Adams County""+Colorado",https://www.adcogov.org/trails-trailheads,"https://www.google.com/maps/dir//39.8293,-104.9462",39.829320564868645,-104.94624547102144,0,
import-high-priority,90,Grandview Ponds,Grandview Pond #3,52828,403,Adams,Water Body,Warmwater,public-indicated,Public-land/property indicator or official property URL is present,Bass: Largemouth | Catfish: Channel | Crappie: Black | Sunfish: Bluegill,Grandview Ponds,Medium,Low,Yes,No,None,No,False,,"https://www.google.com/search?q=""fishing report""+Grandview Pond #3+""Adams County""+Colorado",https://www.thorntonco.gov/thornton-parks/Pages/fishing-guide.aspx,"https://www.google.com/maps/dir//39.8836,-104.9331",39.883602570089494,-104.93304844964153,0,
import-high-priority,90,Gross Reservoir,Gross Reservoir,55043,299,Boulder,Water Body,Mixed coldwater/warmwater,public-indicated,Public-land/property indicator or official property URL is present,Pike: Tiger Muskie | Salmon: Kokanee | Trout: Brook | Trout: Brown | Trout: Cutbow | Trout: Lake | Trout: Rainbow | Trout: Snake River Cutthroat | Trout: Splake,Gross Reservoir,Medium,Medium,Yes,No,Non-motorized,Sub-catchables and Warmwater,False,,https://cpw.state.co.us/thingstodo/Fishery%20Survey%20Summaries/GrossReservoir.pdf,https://www.denverwater.org/recreation/gross-resevoir,"https://www.google.com/maps/dir//39.9475,-105.3643",39.94754364078466,-105.36433914597754,0,
import-high-priority,90,Heart Lake,Heart Lake,67288,866,Garfield,Water Body,Coldwater,public-indicated,Public-land/property indicator or official property URL is present,Trout: Brook | Trout: Cutthroat | Trout: Tiger,White River National Forest,Medium,Low,Yes,Yes,Electric,Sub-catchables,False,,"https://www.google.com/search?q=""fishing report""+Heart Lake+""Garfield County""+Colorado",https://www.fs.usda.gov/activity/whiteriver/recreation/fishing,"https://www.google.com/maps/dir//39.7677,-107.3255",39.76769492592195,-107.32550057821426,0,
import-high-priority,90,Joe Wright Reservoir,Joe Wright Reservoir,55322,994,Larimer,Water Body,Mixed coldwater/warmwater,public-indicated,Public-land/property indicator or official property URL is present,Grayling: Arctic | Pike: Tiger Muskie | Trout: Tiger,Roosevelt National Forest,Medium,Medium,Yes,Yes,Non-motorized,Sub-catchables and Warmwater,False,,https://cpw.state.co.us/thingstodo/Fishery%20Survey%20Summaries/JoeWrightReservoir.pdf,https://www.fs.usda.gov/activity/arp/recreation/fishing,"https://www.google.com/maps/dir//40.5526,-105.8738",40.552595696602964,-105.87383486587197,0,
import-high-priority,90,McMurry West Pond,McMurry West Pond,58065,371,Larimer,Water Body,Warmwater,public-indicated,Public-land/property indicator or official property URL is present,Bass: Largemouth | Catfish: Channel | Crappie: Black | Sunfish: Green,McMurry Natural Area Annex,Medium,Medium,Yes,No,Non-motorized,Warmwater,False,,"https://www.google.com/search?q=""fishing report""+McMurry West Pond+""Larimer County""+Colorado",https://www.fcgov.com/naturalareas/finder/mcmurry,"https://www.google.com/maps/dir//40.6025,-105.092",40.60251697721306,-105.09198353525792,0,
import-high-priority,90,Parvin Lake,Parvin Lake,55853,424,Larimer,Water Body,Coldwater,public-indicated,Public-land/property indicator or official property URL is present,Trout: Brook | Trout: Brown | Trout: Cutbow | Trout: Rainbow | Trout: Splake,Parvin Lake SWA,Medium,Low,Yes,Yes,Belly boats,Sub-catchables,False,,"https://www.google.com/search?q=""fishing report""+Parvin Lake+""Larimer County""+Colorado",https://cpw.state.co.us/swa/Parvin%20Lake%20SWA,"https://www.google.com/maps/dir//40.7863,-105.5635",40.78445782637949,-105.55699377857756,0,
import-high-priority,90,Ralph Price Reservoir,Button Rock Reservoir,54166,1231,Boulder,Water Body,Coldwater,public-indicated,Public-land/property indicator or official property URL is present,Trout: Brown | Trout: Cutbow | Trout: Cutthroat | Trout: Rainbow | Trout: Snake River Cutthroat,Button Rock Preserve,Medium,Low,Yes,No,None,Sub-catchables,False,,"https://www.google.com/search?q=""fishing report""+Button Rock Reservoir+""Boulder County""+Colorado",https://www.longmontcolorado.gov/Home/Components/FacilityDirectory/FacilityDirectory/162/56,"https://www.google.com/maps/dir//40.2166,-105.3731",40.216577326513075,-105.37307179192365,0,
import-high-priority,90,Riverbend Ponds,Riverbend Pond #5,58055,432,Larimer,Water Body,Warmwater,public-indicated,Public-land/property indicator or official property URL is present,Bass: Largemouth | Carp: Common | Crappie: Black | Perch: Yellow,Riverbend Ponds Natural Area,Medium,Low,Yes,No,Non-motorized,Warmwater,False,,"https://www.google.com/search?q=""fishing report""+Riverbend Pond #5+""Larimer County""+Colorado",https://www.fcgov.com/naturalareas/finder/riverbend,"https://www.google.com/maps/dir//40.5677,-105.0227",40.570940644541174,-105.02576610336462,0,
import-high-priority,90,Roaring Fork River,Roaring Fork River,21725,681,Garfield,Stream or River,Coldwater,public-indicated,Public-land/property indicator or official property URL is present,Trout: Brown | Trout: Mountain Whitefish | Trout: Rainbow,Roaring Fork SWA - Gianinetti Easement,Medium,High,Yes,No,Non-motorized,Sub-catchables,False,,"https://www.google.com/search?q=""fishing report""+Roaring Fork River+""Garfield County""+Colorado",https://cpw.state.co.us/swa/Roaring%20Fork%20SWA%20-%20Gianinetti%20Parcel,"https://www.google.com/maps/dir//39.4148,-107.2188",39.414494430106,-107.21840318839472,0,
import-high-priority,90,"St. Vrain Creek, South","St. Vrain Creek, South",14782,1423,Boulder,Stream or River,Coldwater,public-indicated,Public-land/property indicator or official property URL is present,Trout: Brook | Trout: Brown | Trout: Rainbow,Indian Peaks Wilderness Area,Medium,Low,Yes,No,None,No,False,,"https://www.google.com/search?q=""fishing report""+St. Vrain Creek, South+""Boulder County""+Colorado",https://www.fs.usda.gov/activity/arp/recreation/fishing,"https://www.google.com/maps/dir//40.069,-105.6033",40.06900545610226,-105.6033054097507,0,
import-high-priority,90,Sterling Pond,Sterling Pond,57788,12,Larimer,Water Body,Warmwater,public-indicated,Public-land/property indicator or official property URL is present,Crappie: Black | Perch: Yellow | Sunfish: Green,North Shields Ponds Natural Area,Medium,Medium,Yes,No,Non-motorized,No,False,,"https://www.google.com/search?q=""fishing report""+Sterling Pond+""Larimer County""+Colorado",https://www.fcgov.com/naturalareas/finder/nshieldspond,"https://www.google.com/maps/dir//40.6085,-105.1021",40.60851418696467,-105.10213368139988,0,
import-high-priority,90,"Thompson River, Big North Fork","Thompson River, Big North Fork",12384,604,Larimer,Stream or River,Coldwater,public-indicated,Public-land/property indicator or official property URL is present,Trout: Brook | Trout: Brown | Trout: Cutthroat | Trout: Rainbow,North Fork SWA,Medium,Low,Yes,No,None,Sub-catchables,False,,"https://www.google.com/search?q=""fishing report""+Thompson River, Big North Fork+""Larimer County""+Colorado",https://cpw.state.co.us/swa/North%20Fork%20SWA,"https://www.google.com/maps/dir//40.4374,-105.3506",40.43738435707695,-105.35058998409139,0,
import-high-priority,89,Dolores River #3B,Dolores River,48179,1811,Montezuma,Stream or River,Coldwater,public-indicated,Public-land/property indicator or official property URL is present,Trout: Brown | Trout: Cutthroat | Trout: Rainbow | Trout: Snake River Cutthroat,Lone Dome SWA,Easy,Medium,Yes,No,Non-motorized,Sub-catchables,False,,,https://cpw.state.co.us/state-wildlife-areas/lone-dome-swa,,37.608258084320646,-108.62771024398789,1,
import-high-priority,89,"Gunnison River, Lake Fork #1","Gunnison River, Lake Fork",40472,1815,Gunnison,Stream or River,Coldwater,public-indicated,Public-land/property indicator or official property URL is present,Salmon: Kokanee | Trout: Brown | Trout: Rainbow,Red Bridge Campground,Easy,Medium,Yes,No,None,Sub-catchables,False,,,https://www.blm.gov/visit/red-bridge-campground,,38.32434276263816,-107.22756934243235,0,
import-high-priority,89,"Gunnison River, Lake Fork #2","Gunnison River, Lake Fork",40484,1814,Gunnison,Stream or River,Coldwater,public-indicated,Public-land/property indicator or official property URL is present,Trout: Brook | Trout: Brown | Trout: Rainbow,The Gate Campground,Easy,Medium,Yes,No,None,Sub-catchables,False,,,https://www.blm.gov/visit/gate-campground,,38.24451812658316,-107.26114361027497,1,
import-high-priority,88,[Purposely Left Blank],"Mesa Lake, South",68468,477,Mesa,Water Body,Coldwater,public-indicated,Public-land/property indicator or official property URL is present,Trout: Brook,Grand Mesa National Forest,Easy,High,Yes,Yes,Non-motorized,No,False,,"https://www.google.com/search?q=""fishing report""+Mesa Lake, South+""Mesa County""+Colorado",https://www.fs.usda.gov/activity/gmug/recreation/fishing,"https://www.google.com/maps/dir//39.0416,-108.0923",39.04164761043696,-108.09227899942097,0,
import-high-priority,88,[Purposely Left Blank],Rainbow Lake #5,59015,166,Boulder,Water Body,Coldwater,public-indicated,Public-land/property indicator or official property URL is present,Trout: Brook,Indian Peaks Wilderness Area,Easy,Low,Yes,No,Non-motorized,No,False,,"https://www.google.com/search?q=""fishing report""+Rainbow Lake #5+""Boulder County""+Colorado",https://www.fs.usda.gov/activity/arp/recreation/fishing,"https://www.google.com/maps/dir//40.0137,-105.5857",40.013702984375925,-105.58565414323846,0,
import-high-priority,88,[Purposely Left Blank],Rainbow Lake #4,59003,167,Boulder,Water Body,Coldwater,public-indicated,Public-land/property indicator or official property URL is present,Trout: Brook,Indian Peaks Wilderness Area,Easy,Low,Yes,No,Non-motorized,No,False,,"https://www.google.com/search?q=""fishing report""+Rainbow Lake #4+""Boulder County""+Colorado",https://www.fs.usda.gov/activity/arp/recreation/fishing,"https://www.google.com/maps/dir//40.0131,-105.5853",40.01308325124359,-105.58530388292266,0,
import-high-priority,88,[Purposely Left Blank],St. Vrain State Park Yellow Legs,58089,235,Weld,Water Body,Warmwater,public-indicated,Public-land/property indicator or official property URL is present,Catfish: Channel,St. Vrain State Park,Easy,Low,Yes,Yes,Electric,No,False,,https://cpw.state.co.us/thingstodo/Fishery%20Survey%20Summaries/StVrainStateParkPonds.pdf,https://cpw.state.co.us/placestogo/Parks/stvrain,"https://www.google.com/maps/dir//40.1679,-104.9834",40.16370293042054,-104.98891415434143,0,
import-high-priority,88,Alberta Park Reservoir,Alberta Park Reservoir,88321,655,Mineral,Water Body,Coldwater,public-indicated,Public-land/property indicator or official property URL is present,Trout: Brook | Trout: Cutthroat,Alberta Park Reservoir SWA,Easy,Low,Yes,Limited,Motor boats,No,False,,"https://www.google.com/search?q=""fishing report""+Alberta Park Reservoir+""Mineral County""+Colorado",https://cpw.state.co.us/swa/Alberta%20Park%20Reservoir%20SWA,"https://www.google.com/maps/dir//37.4682,-106.7685",37.46827418081494,-106.7663754694264,0,
import-high-priority,88,Arkansas River,Arkansas River,29012,633,Chaffee,Stream or River,Coldwater,public-indicated,Public-land/property indicator or official property URL is present,Trout: Brown | Trout: Rainbow,Big Bend SWA,Easy,Medium,Yes,No,Non-motorized,No,False,,https://cpw.state.co.us/thingstodo/Fishery%20Survey%20Summaries/ArkansasRiverUpper.pdf,https://cpw.state.co.us/swa/Big%20Bend%20SWA,"https://www.google.com/maps/dir//38.5735,-106.078",38.57185268372139,-106.06303979620276,2,
import-high-priority,88,Arkansas River,Arkansas River,28983,1764,Fremont,Stream or River,Coldwater,public-indicated,Public-land/property indicator or official property URL is present,Trout: Brown,Pathfinder Regional Park,Easy,Medium,Yes,No,Non-motorized,No,False,,"https://www.google.com/search?q=""fishing report""+Arkansas River+""Fremont County""+Colorado",https://cpw.state.co.us/placestogo/Parks/ArkansasHeadwatersRecreationArea,"https://www.google.com/maps/dir//38.4128,-105.1525",38.412840422933606,-105.15248311311265,3,
import-high-priority,88,Bear Creek,Bear Creek,10075,1322,Jefferson,Stream or River,Coldwater,public-indicated,Public-land/property indicator or official property URL is present,Trout: Brown | Trout: Rainbow,Lair o' the Bear Park,Easy,High,Yes,No,None,Sub-catchables,False,,https://cpw.state.co.us/thingstodo/Fishery%20Survey%20Summaries/BearCreek.pdf,https://www.jeffco.us/1254/Lair-o-the-Bear-Park,"https://www.google.com/maps/dir//39.6669,-105.2585",39.666942579532275,-105.25853508582537,0,
import-high-priority,88,Brainard Lake,Brainard Lake,54091,435,Boulder,Water Body,Coldwater,public-indicated,Public-land/property indicator or official property URL is present,Trout: Brook | Trout: Cutthroat,Roosevelt National Forest,Easy,Medium,Yes,Yes,Non-motorized,No,False,,"https://www.google.com/search?q=""fishing report""+Brainard Lake+""Boulder County""+Colorado",https://www.fs.usda.gov/activity/arp/recreation/fishing,"https://www.google.com/maps/dir//40.0778,-105.5752",40.07779961221684,-105.57525137916049,0,
import-high-priority,88,Cache la Poudre River,Cache la Poudre River,11920,619,Larimer,Stream or River,Coldwater,public-indicated,Public-land/property indicator or official property URL is present,Trout: Brown | Trout: Rainbow,Poudre River SFU,Easy,Medium,Yes,No,None,Sub-catchables,False,,https://cpw.state.co.us/thingstodo/Fishery%20Survey%20Summaries/CachelaPoudreRiverCanyon.pdf,https://cpw.state.co.us/swa/Poudre%20River%20SFU%20(Hatchery),"https://www.google.com/maps/dir//40.6947,-105.6768",40.69469718171697,-105.67676277594711,0,
import-high-priority,88,Carmody Park Pond,Carmody Park Pond,57934,117,Jefferson,Water Body,Warmwater,public-indicated,Public-land/property indicator or official property URL is present,Bass: Largemouth | Sunfish: Bluegill,Carmody Park,Easy,Low,Yes,No,None,No,False,,"https://www.google.com/search?q=""fishing report""+Carmody Park Pond+""Jefferson County""+Colorado",https://www.lakewood.org/Government/Departments/Community-Resources/Parks-Forestry-and-Open-Space/A-to-Z-Park-Listing/Carmody-Park,"https://www.google.com/maps/dir//39.6776,-105.106",39.67763813719613,-105.10600477079245,0,
import-high-priority,88,Carson Lake,Carson Lake,65703,174,Mesa,Water Body,Coldwater,public-indicated,Public-land/property indicator or official property URL is present,Trout: Brook,Grand Mesa National Forest,Easy,High,Yes,No,None,No,False,,"https://www.google.com/search?q=""fishing report""+Carson Lake+""Mesa County""+Colorado",https://www.fs.usda.gov/activity/gmug/recreation/fishing,"https://www.google.com/maps/dir//38.9968,-108.1066",38.99683919362351,-108.10657061438133,0,
import-high-priority,88,Circle Park Pond,Circle Park Pond,68444,1352,Rio Blanco,Water Body,Coldwater,public-indicated,Public-land/property indicator or official property URL is present,Trout: Brown | Trout: Rainbow,Circle Park,Easy,Low,Yes,No,None,No,False,,"https://www.google.com/search?q=""fishing report""+Meeker Kids Pond+""Rio Blanco County""+Colorado",https://www.townofmeeker.org/parks/,"https://www.google.com/maps/dir//40.0336,-107.9117",40.03381043451295,-107.91176064224199,0,
import-high-priority,88,Colorado River,Colorado River,19617,1712,Garfield,Stream or River,Warmwater,public-indicated,Public-land/property indicator or official property URL is present,Carp: Common | Catfish: Channel,Parachute Ponds SWA,Easy,Medium,Yes,No,Non-motorized,No,False,,"https://www.google.com/search?q=""fishing report""+Colorado River+""Garfield County""+Colorado",https://cpw.state.co.us/swa/Parachute%20Ponds%20SWA,"https://www.google.com/maps/dir//39.4426,-108.0468",39.44264037981691,-108.04678590145662,0,
import-high-priority,88,Colorado River,Colorado River,19605,1709,Mesa,Stream or River,Warmwater,public-indicated,Public-land/property indicator or official property URL is present,Carp: Common | Catfish: Channel,Loma SWA,Easy,Medium,Yes,No,Motor boats,No,False,,"https://www.google.com/search?q=""fishing report""+Colorado River+""Mesa County""+Colorado",https://cpw.state.co.us/placestogo/Parks/jamesmrobbcoloradoriver,"https://www.google.com/maps/dir//39.1735,-108.8074",39.173461027572095,-108.80745120271325,5,
import-high-priority,88,Colorado River,Colorado River,21298,642,Grand,Stream or River,Coldwater,public-indicated,Public-land/property indicator or official property URL is present,Trout: Brown | Trout: Rainbow,Hot Sulphur Springs SWA,Easy,High,Yes,No,None,Sub-catchables,False,,https://cpw.state.co.us/thingstodo/Fishery%20Survey%20Summaries/ColoradoRivernearParshall.pdf,https://cpw.state.co.us/swa/Hot%20Sulphur%20Springs%20SWA,"https://www.google.com/maps/dir//40.0492,-106.1322",40.04707601674743,-106.13133459476698,1,
import-high-priority,88,Columbine Ponds,Columbine Ponds,94348,756,Montrose,Water Body,Coldwater,public-indicated,Public-land/property indicator or official property URL is present,Trout: Rainbow,Uncompahgre National Forest,Easy,High,Yes,No,Non-motorized,No,False,,"https://www.google.com/search?q=""fishing report""+Columbine Ponds+""Montrose County""+Colorado",https://www.fs.usda.gov/activity/gmug/recreation/fishing,"https://www.google.com/maps/dir//38.4262,-108.3745",38.42615070024311,-108.37453234495908,0,
import-high-priority,88,Denny Lake,Denny Lake,89525,1344,Montezuma,Water Body,Warmwater,public-indicated,Public-land/property indicator or official property URL is present,Bass: Largemouth | Sunfish: Bluegill,Denny Lake Park,Easy,High,Yes,Limited,Unsure,Warmwater,False,,"https://www.google.com/search?q=""fishing report""+Denny Lake+""Montezuma County""+Colorado",https://www.cityofcortez.com/Facilities/Facility/Details/Denny-Lake-Park-39,"https://www.google.com/maps/dir//37.3512,-108.5492",37.35118883048282,-108.5491763921197,0,
import-high-priority,88,Emerald Lake,Emerald Lake,80402,762,Lake,Water Body,Coldwater,public-indicated,Public-land/property indicator or official property URL is present,Trout: Cutbow | Trout: Rainbow,San Isabel National Forest,Easy,Medium,Yes,Yes,Non-motorized,No,False,,"https://www.google.com/search?q=""fishing report""+Emerald Lake+""Lake County""+Colorado",https://www.fs.usda.gov/activity/psicc/recreation/fishing,"https://www.google.com/maps/dir//39.1516,-106.4061",39.15163743414079,-106.4061390767315,0,
import-high-priority,88,Fairview Reservoir #1,Fairview Reservoir #1,54304,1676,Jefferson,Water Body,Warmwater,public-indicated,Public-land/property indicator or official property URL is present,Bass: Largemouth | Sunfish: Bluegill,Trailmark Park,Easy,Low,Yes,No,None,No,False,,"https://www.google.com/search?q=""fishing report""+Fairview Reservoir #1+""Jefferson County""+Colorado",https://www.ssprd.org/Parks/ParksTrails/TrailmarkPark.aspx,"https://www.google.com/maps/dir//39.5379,-105.0984",39.53787927998797,-105.09844916400694,0,
import-high-priority,88,Fall Creek,Fall Creek,40131,1557,San Miguel,Stream or River,Coldwater,public-indicated,Public-land/property indicator or official property URL is present,Trout: Brook | Trout: Brown,Uncompahgre National Forest,Easy,Medium,Yes,No,None,No,False,,"https://www.google.com/search?q=""fishing report""+Fall Creek+""San Miguel County""+Colorado",https://www.fs.usda.gov/activity/gmug/recreation/fishing,"https://www.google.com/maps/dir//37.9143,-108.0555",37.91429467413592,-108.05552607618313,0,
import-high-priority,88,Frank Easement Pond #2,Frank Easement Pond #2,58176,661,Weld,Water Body,Warmwater,public-indicated,Public-land/property indicator or official property URL is present,Carp: Common,Frank SWA,Easy,Medium,Yes,Yes,Non-motorized,No,False,,"https://www.google.com/search?q=""fishing report""+Frank Easement Pond #2+""Weld County""+Colorado",https://cpw.state.co.us/swa/Frank%20SWA,"https://www.google.com/maps/dir//40.4724,-104.9439",40.474201908361096,-104.9424247429803,0,
import-high-priority,88,Fryingpan River,Fryingpan River,20393,620,Eagle,Stream or River,Coldwater,public-indicated,Public-land/property indicator or official property URL is present,Trout: Brown | Trout: Rainbow,Frying Pan River SWA,Easy,High,Yes,No,None,Sub-catchables,False,,https://cpw.state.co.us/thingstodo/Fishery%20Survey%20Summaries/FryingpanRiver.pdf,https://cpw.state.co.us/swa/Frying%20Pan%20River%20SWA,"https://www.google.com/maps/dir//39.3788,-106.9391",39.37940416393091,-106.93761092931004,0,
import-high-priority,88,Golden Meadows Pond,Golden Meadows Pond,61349,1699,Larimer,Water Body,Warmwater,public-indicated,Public-land/property indicator or official property URL is present,Bass: Largemouth | Sunfish: Bluegill,Golden Meadows Park,Easy,Medium,Yes,No,None,Warmwater,False,,"https://www.google.com/search?q=""fishing report""+Golden Meadows Pond+""Larimer County""+Colorado",https://www.fcgov.com/parks/,"https://www.google.com/maps/dir//40.528,-105.0446",40.5280102409645,-105.04460294482926,0,
import-high-priority,88,Gore Creek,Gore Creek,20482,1433,Eagle,Stream or River,Coldwater,public-indicated,Public-land/property indicator or official property URL is present,Trout: Brook | Trout: Brown,White River National Forest,Easy,High,Yes,No,None,No,False,,"https://www.google.com/search?q=""fishing report""+Gore Creek+""Eagle County""+Colorado",https://www.fs.usda.gov/activity/whiteriver/recreation/fishing,"https://www.google.com/maps/dir//39.6142,-106.442",39.61423128632488,-106.44195821560454,0,
import-high-priority,88,Groundhog Reservoir,Groundhog Reservoir,90275,405,Dolores,Water Body,Coldwater,public-indicated,Public-land/property indicator or official property URL is present,Trout: Cutthroat | Trout: Rainbow,Groundhog Reservoir SWA,Easy,Medium,Yes,Yes,Motor boats,Sub-catchables,False,,"https://www.google.com/search?q=""fishing report""+Groundhog Reservoir+""Dolores County""+Colorado",https://cpw.state.co.us/swa/Groundhog%20Reservoir%20SWA,"https://www.google.com/maps/dir//37.7929,-108.291",37.79797876764729,-108.29758323893137,0,
import-high-priority,88,Gunnison River,Gunnison River,42595,1435,Montrose,Stream or River,Coldwater,public-indicated,Public-land/property indicator or official property URL is present,Trout: Brown | Trout: Rainbow,Black Canyon of the Gunnison National Park,Easy,Medium,Yes,No,Non-motorized,Sub-catchables,False,,https://cpw.state.co.us/thingstodo/Fishery%20Survey%20Summaries/GunnisonGorge.pdf,https://www.blm.gov/colorado,"https://www.google.com/maps/dir//38.529,-107.6487",38.52902064715349,-107.64869259287065,0,
import-high-priority,88,Jewel Park Pond,Jewel Park Pond,58227,561,Jefferson,Water Body,Warmwater,public-indicated,Public-land/property indicator or official property URL is present,Catfish: Channel | Crappie: Black,Jewell Park,Easy,Low,Yes,No,Non-motorized,No,False,,"https://www.google.com/search?q=""fishing report""+Jewel Park Pond+""Jefferson County""+Colorado",https://www.lakewood.org/Government/Departments/Community-Resources/Parks-Forestry-and-Open-Space/A-to-Z-Park-Listing/Jewell-Park,"https://www.google.com/maps/dir//39.6828,-105.0963",39.68282911288161,-105.09630739531664,0,
import-high-priority,88,Lily Lake,Lily Lake,57390,1330,Larimer,Water Body,Coldwater,public-indicated,Public-land/property indicator or official property URL is present,Trout: Brook | Trout: Cutthroat,Rocky Mountain National Park,Easy,Medium,Yes,Yes,None,No,False,,"https://www.google.com/search?q=""fishing report""+Lily Lake+""Larimer County""+Colorado",https://www.nps.gov/romo/planyourvisit/fishing.htm,"https://www.google.com/maps/dir//40.3075,-105.5404",40.30748778628086,-105.54037255181112,0,
import-high-priority,88,Long Draw Reservoir,Long Draw Reservoir,55500,1025,Larimer,Water Body,Coldwater,public-indicated,Public-land/property indicator or official property URL is present,Trout: Cutthroat,Roosevelt National Forest,Easy,Medium,Yes,No,Electric,Sub-catchables,False,,"https://www.google.com/search?q=""fishing report""+Long Draw Reservoir+""Larimer County""+Colorado",https://www.fs.usda.gov/activity/arp/recreation/fishing,"https://www.google.com/maps/dir//40.4995,-105.7898",40.49945878748644,-105.78975495647512,0,
import-high-priority,88,Meadow Creek Park,Meadow Creek Park Pond,31238,1332,Summit,Water Body,Coldwater,public-indicated,Public-land/property indicator or official property URL is present,Trout: Rainbow,Meadow Creek Park,Easy,Unsure,Yes,Yes,None,No,False,,"https://www.google.com/search?q=""fishing report""+Meadow Creek Park Pond+""Summit County""+Colorado",https://www.townoffrisco.com/play/parks/meadow-creek-park/#title,"https://www.google.com/maps/dir//39.587,-106.0979",39.58698476927969,-106.09786267557791,0,
import-high-priority,88,"Michigan River, North Fork","Michigan River, North Fork",11615,1477,Jackson,Stream or River,Coldwater,public-indicated,Public-land/property indicator or official property URL is present,Trout: Brown | Trout: Rainbow,State Forest State Park,Easy,Low,Yes,No,None,No,False,,"https://www.google.com/search?q=""fishing report""+Michigan River, North Fork+""Jackson County""+Colorado",https://cpw.state.co.us/placestogo/Parks/stateforest,"https://www.google.com/maps/dir//40.559,-105.9839",40.55904084031169,-105.97361087832809,0,
import-high-priority,88,Miramonte Reservoir,Miramonte Reservoir,91289,467,San Miguel,Water Body,Coldwater,public-indicated,Public-land/property indicator or official property URL is present,Trout: Brown | Trout: Rainbow,Dan Noble SWA,Easy,High,Yes,Yes,Motor boats,Sub-catchables,False,,https://cpw.state.co.us/thingstodo/Fishery%20Survey%20Summaries/MiramonteReservoir.pdf,https://cpw.state.co.us/swa/Dan%20Noble%20SWA,"https://www.google.com/maps/dir//37.966,-108.3435",37.97030123479313,-108.3398471629439,0,
import-high-priority,88,Mountain Home Reservoir,Mountain Home Reservoir,91431,262,Costilla,Water Body,Coldwater,public-indicated,Public-land/property indicator or official property URL is present,Trout: Rainbow,Mountain Home Reservoir SWA,Easy,High,Yes,Yes,Motor boats,Sub-catchables,False,,"https://www.google.com/search?q=""fishing report""+Mountain Home Reservoir+""Costilla County""+Colorado",https://cpw.state.co.us/swa/Mountain%20Home%20Reservoir%20SWA,"https://www.google.com/maps/dir//37.3883,-105.3863",37.394000079205284,-105.38520130303063,0,
import-high-priority,88,Pearl Lake,Pearl Lake,69092,213,Routt,Water Body,Coldwater,public-indicated,Public-land/property indicator or official property URL is present,Grayling: Arctic | Trout: Cutthroat,Pearl Lake State Park,Easy,Medium,Yes,Yes,Motor boats,Sub-catchables,False,,"https://www.google.com/search?q=""fishing report""+Pearl Lake+""Routt County""+Colorado",https://cpw.state.co.us/placestogo/Parks/pearllake,"https://www.google.com/maps/dir//40.7899,-106.894",40.78656576147883,-106.88703014188569,0,
import-high-priority,88,Piney River,Piney River,23381,1544,Eagle,Stream or River,Coldwater,public-indicated,Public-land/property indicator or official property URL is present,Trout: Brook | Trout: Brown,White River National Forest,Easy,High,Yes,No,None,No,False,,"https://www.google.com/search?q=""fishing report""+Piney River+""Eagle County""+Colorado",https://www.fs.usda.gov/activity/whiteriver/recreation/fishing,"https://www.google.com/maps/dir//39.7091,-106.4327",39.709141404604594,-106.43269461142658,0,
import-high-priority,88,Red Dirt Reservoir,Red Dirt Reservoir,69395,787,Grand,Water Body,Coldwater,public-indicated,Public-land/property indicator or official property URL is present,Trout: Brook | Trout: Rainbow,Routt National Forest,Easy,Medium,Yes,Yes,Non-motorized,Sub-catchables,False,,https://cpw.state.co.us/thingstodo/Fishery%20Survey%20Summaries/RedDirtReservoir.pdf,https://www.fs.usda.gov/activity/mbr/recreation/fishing,"https://www.google.com/maps/dir//40.1837,-106.5723",40.183649816569165,-106.57233875899881,0,
import-high-priority,88,Red Rock Lake,Red Rock Lake,56158,199,Boulder,Water Body,Coldwater,public-indicated,Public-land/property indicator or official property URL is present,Trout: Rainbow,Roosevelt National Forest,Easy,Medium,Yes,No,Non-motorized,No,False,,"https://www.google.com/search?q=""fishing report""+Red Rock Lake+""Boulder County""+Colorado",https://www.fs.usda.gov/activity/arp/recreation/fishing,"https://www.google.com/maps/dir//40.0819,-105.5413",40.08186422087971,-105.54127019425708,0,
import-high-priority,88,River Center Pond,River Center Pond,92001,834,Archuleta,Water Body,Coldwater,public-indicated,Public-land/property indicator or official property URL is present,Trout: Rainbow,River Center Park,Easy,High,Yes,Yes,None,Catchable trout,False,,"https://www.google.com/search?q=""fishing report""+River Center Pond+""Archuleta County""+Colorado",https://visitpagosasprings.com/index.php?section=things-to-do-activities&subcategory_id=134&season=,"https://www.google.com/maps/dir//37.2705,-106.9993",37.27052010573305,-106.99928845811542,0,
import-high-priority,88,San Luis Lake,San Luis Lake,92166,742,Alamosa,Water Body,Coldwater,public-indicated,Public-land/property indicator or official property URL is present,Trout: Rainbow,San Luis Lakes SWA,Easy,Medium,Yes,Limited,Motor boats,No,False,,"https://www.google.com/search?q=""fishing report""+San Luis Lake+""Alamosa County""+Colorado",https://cpw.state.co.us/swa/San%20Luis%20Lakes%20SWA,"https://www.google.com/maps/dir//37.6659,-105.7313",37.67440852710158,-105.72383086314966,0,
import-high-priority,88,Silverjack Reservoir,Silverjack Reservoir,92255,66,Gunnison,Water Body,Coldwater,public-indicated,Public-land/property indicator or official property URL is present,Trout: Cutthroat | Trout: Rainbow,Uncompahgre National Forest,Easy,Medium,Yes,Yes,Non-motorized,Sub-catchables,False,,"https://www.google.com/search?q=""fishing report""+Silverjack Reservoir+""Gunnison County""+Colorado",https://www.fs.usda.gov/activity/gmug/recreation/fishing,"https://www.google.com/maps/dir//38.2248,-107.5371",38.22482059258633,-107.53711333652039,0,
import-high-priority,88,South Platte River,South Platte River,30837,1393,Park,Stream or River,Coldwater,public-indicated,Public-land/property indicator or official property URL is present,Trout: Brown | Trout: Rainbow,Pike National Forest,Easy,Medium,Yes,No,None,No,False,,"https://www.google.com/search?q=""fishing report""+South Platte River+""Park County""+Colorado",https://www.fs.usda.gov/activity/psicc/recreation/fishing,"https://www.google.com/maps/dir//39.1018,-105.3368",39.10180495589663,-105.3367737234434,0,
import-high-priority,88,Sprague Lake,Sprague Lake,57491,1328,Larimer,Water Body,Coldwater,public-indicated,Public-land/property indicator or official property URL is present,Trout: Brook | Trout: Cutthroat,Rocky Mountain National Park,Easy,Medium,Yes,Yes,None,No,False,,"https://www.google.com/search?q=""fishing report""+Sprague Lake+""Larimer County""+Colorado",https://www.nps.gov/romo/planyourvisit/fishing.htm,"https://www.google.com/maps/dir//40.3202,-105.6051",40.32022994031877,-105.60507629909445,0,
import-high-priority,88,Steamboat Lake,Steamboat Lake,70223,192,Routt,Water Body,Coldwater,public-indicated,Public-land/property indicator or official property URL is present,Trout: Rainbow | Trout: Snake River Cutthroat,Steamboat Lake State Park,Easy,High,Yes,Yes,Motor boats,Sub-catchables,False,,"https://www.google.com/search?q=""fishing report""+Steamboat Lake+""Routt County""+Colorado",https://cpw.state.co.us/placestogo/Parks/SteamboatLake,"https://www.google.com/maps/dir//40.8087,-106.9774",40.791822311761415,-106.96507098754617,0,
import-high-priority,88,Summit Lake,Summit Lake,56641,566,Clear Creek,Water Body,Coldwater,public-indicated,Public-land/property indicator or official property URL is present,Trout: Cutthroat,Summit Lake Park,Easy,Medium,Yes,No,None,No,False,,"https://www.google.com/search?q=""fishing report""+Summit Lake+""Clear Creek County""+Colorado",https://www.denvergov.org/content/denvergov/en/denver-parks-and-recreation/parks/mountain-parks.html,"https://www.google.com/maps/dir//39.5979,-105.645",39.597887070628076,-105.6450387636036,0,
import-high-priority,88,Sweitzer Lake,Sweitzer Lake,89501,1354,Delta,Water Body,Warmwater,public-indicated,Public-land/property indicator or official property URL is present,Carp: Common | Sunfish: Green,Sweitzer Lake State Park,Easy,Medium,Yes,No,Motor boats,No,False,,"https://www.google.com/search?q=""fishing report""+Sweitzer Lake+""Delta County""+Colorado",https://cpw.state.co.us/placestogo/Parks/sweitzerlake,"https://www.google.com/maps/dir//38.7121,-108.0403",38.712531802676104,-108.03295587412691,0,
import-high-priority,88,Twin Lakes,Twin Lake #1,92774,728,Delta,Water Body,Coldwater,public-indicated,Public-land/property indicator or official property URL is present,Trout: Cutthroat,Grand Mesa National Forest,Easy,Medium,Yes,Yes,Non-motorized,Sub-catchables,False,,"https://www.google.com/search?q=""fishing report""+Twin Lake #1+""Delta County""+Colorado",https://www.fs.usda.gov/activity/gmug/recreation/fishing,"https://www.google.com/maps/dir//39.0659,-107.8439",39.065861055742914,-107.84393342846124,0,
import-high-priority,88,Uncompahgre River,Uncompahgre River,46917,1794,Montrose,Stream or River,Coldwater,public-indicated,Public-land/property indicator or official property URL is present,Trout: Brown | Trout: Rainbow,Baldridge Park,Easy,Medium,Yes,No,None,Sub-catchables,False,,"https://www.google.com/search?q=""fishing report""+Uncompahgre River+""Montrose County""+Colorado",https://www.cityofmontrose.org/266/Parks-Trails-Sports-Facilities,"https://www.google.com/maps/dir//38.4633,-107.8803",38.46333287322133,-107.88031587659445,0,
import-high-priority,88,Vaughn Lake,Vaughn Lake,70689,240,Rio Blanco,Water Body,Coldwater,public-indicated,Public-land/property indicator or official property URL is present,Trout: Cutthroat,Routt National Forest,Easy,Medium,Yes,Yes,Non-motorized,No,False,,"https://www.google.com/search?q=""fishing report""+Vaughn Lake+""Rio Blanco County""+Colorado",https://www.fs.usda.gov/activity/mbr/recreation/fishing,"https://www.google.com/maps/dir//40.1302,-107.2604",40.1302354534388,-107.26036779734784,0,
import-high-priority,84,[Purposely Left Blank],Banner Lakes #11,60070,1653,Weld,Water Body,Warmwater,public-indicated,Public-land/property indicator or official property URL is present,Bass: Largemouth | Carp: Common | Catfish: Black Bullhead | Catfish: Channel | Crappie: Black | Sunfish: Bluegill | Sunfish: Green,Banner Lakes SWA,Medium,Medium,No,Yes,Non-motorized,No,False,,"https://www.google.com/search?q=""fishing report""+Banner Lakes #11+""Weld County""+Colorado",https://cpw.state.co.us/swa/Banner%20Lakes%20SWA,"https://www.google.com/maps/dir//40.0736,-104.565",40.09326175090307,-104.57301170123034,0,
import-high-priority,84,[Purposely Left Blank],Banner Lakes #8,60044,1660,Weld,Water Body,Warmwater,public-indicated,Public-land/property indicator or official property URL is present,Bass: Largemouth | Carp: Common | Catfish: Black Bullhead | Catfish: Channel | Crappie: Black | Sunfish: Bluegill | Sunfish: Green,Banner Lakes SWA,Medium,Medium,No,Yes,Non-motorized,Warmwater,False,,"https://www.google.com/search?q=""fishing report""+Banner Lakes #8+""Weld County""+Colorado",https://cpw.state.co.us/swa/Banner%20Lakes%20SWA,"https://www.google.com/maps/dir//40.0736,-104.565",40.08605999659707,-104.56894058666838,0,
import-high-priority,84,[Purposely Left Blank],Banner Lakes # 2,60006,1673,Weld,Water Body,Warmwater,public-indicated,Public-land/property indicator or official property URL is present,Bass: Largemouth | Carp: Common | Catfish: Black Bullhead | Catfish: Channel | Crappie: Black | Sunfish: Bluegill | Sunfish: Green,Banner Lakes SWA,Medium,Medium,No,Yes,Non-motorized,Warmwater,False,,"https://www.google.com/search?q=""fishing report""+Banner Lakes # 2+""Weld County""+Colorado",https://cpw.state.co.us/swa/Banner%20Lakes%20SWA,"https://www.google.com/maps/dir//40.0736,-104.565",40.06655896934785,-104.55253989989744,0,
import-high-priority,84,[Purposely Left Blank],Banner Lakes #13,60022,1690,Weld,Water Body,Warmwater,public-indicated,Public-land/property indicator or official property URL is present,Bass: Largemouth | Carp: Common | Catfish: Black Bullhead | Catfish: Channel | Crappie: Black | Sunfish: Bluegill | Sunfish: Green,Banner Lakes SWA,Medium,Medium,No,Yes,Non-motorized,Warmwater,False,,"https://www.google.com/search?q=""fishing report""+Banner Lakes #13+""Weld County""+Colorado",https://cpw.state.co.us/swa/Banner%20Lakes%20SWA,"https://www.google.com/maps/dir//40.0736,-104.565",40.084987814823606,-104.55562382794591,0,
import-high-priority,84,[Purposely Left Blank],Hugo SWA Pond #7,24841,1780,Lincoln,Water Body,Mixed coldwater/warmwater,public-indicated,Public-land/property indicator or official property URL is present,Bass: Largemouth | Catfish: Channel | Sunfish: Bluegill | Trout: Rainbow,Hugo SWA,Medium,Low,No,Yes,None,Catchable trout and Warmwater,False,,"https://www.google.com/search?q=""fishing report""+Hugo SWA Pond #7+""Lincoln County""+Colorado",https://cpw.state.co.us/swa/Hugo%20SWA,"https://www.google.com/maps/dir//38.8943,-103.4243",38.89432688503899,-103.42425590933152,0,
import-high-priority,84,[Purposely Left Blank],Mogensen Ponds #3,COFA5,594,Mesa,Water Body,Warmwater,public-indicated,Public-land/property indicator or official property URL is present,Bass: Largemouth | Sunfish: Bluegill | Sunfish: Green,Mogensen Ponds SWA,Medium,Low,No,No,Non-motorized,No,False,,"https://www.google.com/search?q=""fishing report""+Mogensen Ponds #3+""Mesa County""+Colorado",https://cpw.state.co.us/swa/Mogensen%20Ponds%20SWA,"https://www.google.com/maps/dir//39.1882,-108.1313",39.18934947003296,-108.13237219844834,2,
import-high-priority,84,[Purposely Left Blank],Frank Easement Pond #5,58179,1677,Weld,Water Body,Warmwater,public-indicated,Public-land/property indicator or official property URL is present,Bass: Largemouth | Carp: Common | Catfish: Channel | Crappie: Black | Sunfish: Bluegill | Sunfish: Green,Frank SWA,Medium,Medium,No,Yes,Electric,No,False,,"https://www.google.com/search?q=""fishing report""+Frank Easement Pond #5+""Weld County""+Colorado",https://cpw.state.co.us/swa/Frank%20SWA,"https://www.google.com/maps/dir//40.4724,-104.9439",40.467182270264814,-104.93227669170957,0,
import-high-priority,84,[Purposely Left Blank],Bass Lake,57908,216,Jefferson,Water Body,Warmwater,public-indicated,Public-land/property indicator or official property URL is present,Bass: Largemouth | Carp: Common | Perch: Yellow | Sunfish: Bluegill | Sunfish: Green,Prospect Park,Medium,Low,No,No,None,No,False,,"https://www.google.com/search?q=""fishing report""+Bass Lake+""Jefferson County""+Colorado",https://www.rootedinfun.com/Facilities/Facility/Details/Clear-Creek-Trail-5,"https://www.google.com/maps/dir//39.7729,-105.134",39.772882575095025,-105.13402292716181,0,
import-high-priority,84,[Purposely Left Blank],West Prospect Lake,58013,217,Jefferson,Water Body,Warmwater,public-indicated,Public-land/property indicator or official property URL is present,Bass: Largemouth | Carp: Common | Perch: Yellow | Sunfish: Bluegill | Sunfish: Green,Prospect Park,Medium,Medium,No,No,Non-motorized,No,False,,"https://www.google.com/search?q=""fishing report""+West Prospect Lake+""Jefferson County""+Colorado",https://www.rootedinfun.com/Facilities/Facility/Details/Clear-Creek-Trail-5,"https://www.google.com/maps/dir//39.7731,-105.138",39.773066785799735,-105.13803083985364,0,
import-high-priority,84,[Purposely Left Blank],Big Thompson Pond #5,58140,143,Larimer,Water Body,Warmwater,public-indicated,Public-land/property indicator or official property URL is present,Bass: Largemouth | Carp: Common | Catfish: Channel | Crappie: Black | Crappie: Unspecified | Perch: Yellow | Sunfish: Bluegill,Big Thompson Ponds SWA,Medium,Low,No,Yes,Belly boats,Warmwater,False,,"https://www.google.com/search?q=""fishing report""+Big Thompson Pond #5+""Larimer County""+Colorado",https://cpw.state.co.us/swa/Big%20Thompson%20Ponds%20SWA,"https://www.google.com/maps/dir//40.3923,-104.9971",40.39042378130809,-105.00143274017101,0,
import-high-priority,84,[Purposely Left Blank],Redtail Lake,60222,161,Arapahoe,Water Body,Warmwater,public-indicated,Public-land/property indicator or official property URL is present,Bass: Smallmouth | Carp: Common | Sunfish: Green,South Platte Park/Carson Nature Area,Medium,Low,No,No,None,No,False,,"https://www.google.com/search?q=""fishing report""+Redtail Lake+""Arapahoe County""+Colorado",https://www.ssprd.org/nature,"https://www.google.com/maps/dir//39.5751,-105.0394",39.5751044685215,-105.03943231032585,0,
import-high-priority,84,[Purposely Left Blank],Perry Preserve Ponds,COFA13,1718,Arapahoe,Water Body,Warmwater,public-indicated,Public-land/property indicator or official property URL is present,Bass: Largemouth | Carp: Common | Sunfish: Bluegill | Sunfish: Green,Marjorie Perry Nature Preserve,Medium,Low,No,No,None,No,False,,"https://www.google.com/search?q=""fishing report""+Perry Preserve Ponds+""Arapahoe County""+Colorado",https://www.greenwoodvillage.com/index.aspx?NID=352,"https://www.google.com/maps/dir//39.6118,-104.9224",39.62250755639492,-104.9391034827287,0,
import-high-priority,84,[Purposely Left Blank],Perry Preserve Ponds,COFA15,1720,Arapahoe,Water Body,Warmwater,public-indicated,Public-land/property indicator or official property URL is present,Bass: Largemouth | Carp: Common | Sunfish: Bluegill | Sunfish: Green,Marjorie Perry Nature Preserve,Medium,Low,No,No,None,No,False,,"https://www.google.com/search?q=""fishing report""+Perry Preserve Ponds+""Arapahoe County""+Colorado",https://www.greenwoodvillage.com/index.aspx?NID=352,"https://www.google.com/maps/dir//39.6118,-104.9224",39.61993865605278,-104.93564070188724,0,
import-high-priority,84,[Purposely Left Blank],"Big Creek Lake, Upper",53998,64,Jackson,Water Body,Coldwater,public-indicated,Public-land/property indicator or official property URL is present,Trout: Brook | Trout: Brown | Trout: Lake | Trout: Rainbow,Routt National Forest,Difficult,Low,No,Yes,Electric,No,False,,"https://www.google.com/search?q=""fishing report""+Big Creek Lake, Upper+""Jackson County""+Colorado",https://www.fs.usda.gov/activity/mbr/recreation/fishing,"https://www.google.com/maps/dir//40.9133,-106.6176",40.91327699179115,-106.61756620447238,0,
import-high-priority,84,[Purposely Left Blank],Valco Pond #1,81410,1357,Pueblo,Water Body,Warmwater,public-indicated,Public-land/property indicator or official property URL is present,Bass: Largemouth | Bass: Smallmouth | Catfish: Channel | Crappie: Black | Perch: Saugeye | Perch: Walleye | Perch: Yellow | Sunfish: Bluegill | Sunfish: Green,Lake Pueblo State Park,Medium,Medium,No,No,Belly boats,Warmwater,False,,"https://www.google.com/search?q=""fishing report""+Valco Pond #1+""Pueblo County""+Colorado",https://cpw.state.co.us/placestogo/Parks/lakepueblo,"https://www.google.com/maps/dir//38.2593,-104.7059",38.26022885202353,-104.69686354156623,0,
import-high-priority,84,[Purposely Left Blank],Valco Pond #3,81413,1358,Pueblo,Water Body,Warmwater,public-indicated,Public-land/property indicator or official property URL is present,Bass: Largemouth | Bass: Smallmouth | Catfish: Channel | Crappie: Black | Perch: Saugeye | Perch: Walleye | Sunfish: Bluegill,Lake Pueblo State Park,Medium,Medium,No,No,Belly boats,Warmwater,False,,"https://www.google.com/search?q=""fishing report""+Valco Pond #3+""Pueblo County""+Colorado",https://cpw.state.co.us/placestogo/Parks/lakepueblo,"https://www.google.com/maps/dir//38.2593,-104.7059",38.25847606049245,-104.69981506153508,0,
import-high-priority,84,[Purposely Left Blank],Chatfield Pond #3,60309,8,Jefferson,Water Body,Warmwater,public-indicated,Public-land/property indicator or official property URL is present,Bass: Largemouth | Perch: Yellow | Sunfish: Bluegill,Chatfield State Park,Medium,Low,No,Yes,Non-motorized,No,False,,"https://www.google.com/search?q=""fishing report""+Chatfield Pond #3+""Jefferson County""+Colorado",https://cpw.state.co.us/placestogo/Parks/Chatfield,"https://www.google.com/maps/dir//39.5204,-105.082",39.50329346389919,-105.08622937850211,0,
import-high-priority,84,[Purposely Left Blank],Chatfield Pond #5,60323,11,Douglas,Water Body,Warmwater,public-indicated,Public-land/property indicator or official property URL is present,Bass: Largemouth | Perch: Yellow | Sunfish: Bluegill | Sunfish: Green,Chatfield State Park,Medium,Low,No,Yes,Non-motorized,No,False,,"https://www.google.com/search?q=""fishing report""+Chatfield Pond #5+""Douglas County""+Colorado",https://cpw.state.co.us/placestogo/Parks/Chatfield,"https://www.google.com/maps/dir//39.5204,-105.082",39.50441988485901,-105.08097592292275,0,
import-high-priority,84,Anthracite Creek,Anthracite Creek,38023,1560,Gunnison,Stream or River,Coldwater,public-indicated,Public-land/property indicator or official property URL is present,Trout: Brook | Trout: Brown | Trout: Cutthroat | Trout: Rainbow,Raggeds Wilderness Area,Medium,Low,No,No,None,No,False,,"https://www.google.com/search?q=""fishing report""+Anthracite Creek+""Gunnison County""+Colorado",https://www.fs.usda.gov/activity/gmug/recreation/fishing,"https://www.google.com/maps/dir//38.9601,-107.2531",38.960064472988,-107.25309287635935,0,
import-high-priority,84,Arkansas River,Arkansas River,33807,630,Lake,Stream or River,Coldwater,public-indicated,Public-land/property indicator or official property URL is present,Trout: Brook | Trout: Brown | Trout: Rainbow,Reddy SWA,Medium,Medium,No,No,Non-motorized,No,False,,https://cpw.state.co.us/thingstodo/Fishery%20Survey%20Summaries/ArkansasRiverUpper.pdf,https://cpw.state.co.us/swa/Reddy%20SWA,"https://www.google.com/maps/dir//39.1742,-106.3276",39.17423872298892,-106.32757904705763,4,
import-high-priority,84,Balman Reservoir,Balman Reservoir,81682,1597,Custer,Water Body,Coldwater,public-indicated,Public-land/property indicator or official property URL is present,Trout: Brook | Trout: Cutthroat | Trout: Rainbow,San Isabel National Forest,Medium,Medium,No,No,Unsure,No,False,,"https://www.google.com/search?q=""fishing report""+Balman Reservoir+""Custer County""+Colorado",https://www.fs.usda.gov/activity/psicc/recreation/fishing,"https://www.google.com/maps/dir//38.2628,-105.6899",38.26281382494421,-105.68993976040463,0,
import-high-priority,84,Bear Creek,Bear Creek,38136,1531,Montezuma,Stream or River,Coldwater,public-indicated,Public-land/property indicator or official property URL is present,Trout: Cutbow | Trout: Cutthroat | Trout: Rainbow,San Juan National Forest,Difficult,Medium,No,No,None,No,False,,"https://www.google.com/search?q=""fishing report""+Bear Creek+""Montezuma County""+Colorado",https://www.fs.usda.gov/activity/sanjuan/recreation/fishing,"https://www.google.com/maps/dir//37.5385,-108.1366",37.53849047478978,-108.13658540852195,0,
import-high-priority,84,Beaver Creek,Beaver Creek,38237,673,Gunnison,Stream or River,Coldwater,public-indicated,Public-land/property indicator or official property URL is present,Trout: Brook | Trout: Brown | Trout: Cutbow | Trout: Cutthroat | Trout: Rainbow,Gunnison SWA,Medium,Low,No,No,None,No,False,,"https://www.google.com/search?q=""fishing report""+Beaver Creek+""Gunnison County""+Colorado",https://cpw.state.co.us/swa/Gunnison%20SWA,"https://www.google.com/maps/dir//38.5234,-107.0442",38.52618794924266,-107.04163122636209,0,
import-high-priority,84,Big Creek,Big Creek,19174,1460,Mesa,Stream or River,Coldwater,public-indicated,Public-land/property indicator or official property URL is present,Trout: Brown | Trout: Cutthroat | Trout: Rainbow,Grand Mesa National Forest,Medium,Medium,No,No,None,No,False,,"https://www.google.com/search?q=""fishing report""+Big Creek+""Mesa County""+Colorado",https://www.fs.usda.gov/activity/gmug/recreation/fishing,"https://www.google.com/maps/dir//39.0919,-107.901",39.09191624351138,-107.90104325401559,0,
import-high-priority,84,Boulder Creek,Boulder Creek,10241,1411,Boulder,Stream or River,Coldwater,public-indicated,Public-land/property indicator or official property URL is present,Trout: Brown | Trout: Cutthroat | Trout: Rainbow,Roosevelt National Forest,Medium,Low,No,No,None,No,False,,"https://www.google.com/search?q=""fishing report""+Boulder Creek+""Boulder County""+Colorado",https://www.fs.usda.gov/activity/arp/recreation/fishing,"https://www.google.com/maps/dir//39.9994,-105.3854",39.99935946197775,-105.38536535067286,0,
import-high-priority,84,"Boulder Creek, Middle, South Fork","Boulder Creek, Middle, South Fork",13437,1419,Boulder,Stream or River,Coldwater,public-indicated,Public-land/property indicator or official property URL is present,Trout: Brook | Trout: Brown | Trout: Cutthroat,Indian Peaks Wilderness Area,Medium,Low,No,No,None,No,False,,"https://www.google.com/search?q=""fishing report""+Boulder Creek, Middle, South Fork+""Boulder County""+Colorado",https://www.fs.usda.gov/activity/arp/recreation/fishing,"https://www.google.com/maps/dir//39.9494,-105.6378",39.94937365565739,-105.63776049998394,0,
import-high-priority,84,"Boulder Creek, South","Boulder Creek, South",10316,1413,Boulder,Stream or River,Coldwater,public-indicated,Public-land/property indicator or official property URL is present,Trout: Brook | Trout: Cutthroat | Trout: Rainbow,Roosevelt National Forest,Difficult,Low,No,No,None,No,False,,"https://www.google.com/search?q=""fishing report""+Boulder Creek, South+""Boulder County""+Colorado",https://www.fs.usda.gov/activity/arp/recreation/fishing,"https://www.google.com/maps/dir//39.9346,-105.4018",39.934566221864635,-105.40177057034272,0,
import-high-priority,84,"Boulder Creek, South","Boulder Creek, South",10328,1414,Gilpin,Stream or River,Coldwater,public-indicated,Public-land/property indicator or official property URL is present,Trout: Brook | Trout: Cutthroat | Trout: Rainbow,Roosevelt National Forest,Medium,Low,No,No,None,Sub-catchables,False,,"https://www.google.com/search?q=""fishing report""+Boulder Creek, South+""Gilpin County""+Colorado",https://www.fs.usda.gov/activity/arp/recreation/fishing,"https://www.google.com/maps/dir//39.9131,-105.5485",39.91312141230434,-105.54845363261366,0,
import-high-priority,84,"Boulder Creek, South","Boulder Creek, South",10329,1415,Gilpin,Stream or River,Coldwater,public-indicated,Public-land/property indicator or official property URL is present,Trout: Brook | Trout: Brown | Trout: Cutthroat | Trout: Rainbow,James Peak Wilderness Area,Medium,Low,No,No,None,No,False,,"https://www.google.com/search?q=""fishing report""+Boulder Creek, South+""Gilpin County""+Colorado",https://www.fs.usda.gov/activity/arp/recreation/fishing,"https://www.google.com/maps/dir//39.8896,-105.6671",39.889619224192856,-105.66706437729016,0,
import-high-priority,84,Bull Basin Reservoir #1,Bull Basin Reservoir #1,65611,381,Mesa,Water Body,Coldwater,public-indicated,Public-land/property indicator or official property URL is present,Trout: Cutbow | Trout: Cutthroat | Trout: Rainbow,Grand Mesa National Forest,Difficult,Medium,No,No,Non-motorized,No,False,,"https://www.google.com/search?q=""fishing report""+Bull Basin Reservoir #1+""Mesa County""+Colorado",https://www.fs.usda.gov/activity/gmug/recreation/fishing,"https://www.google.com/maps/dir//39.0681,-108.0229",39.06806592982078,-108.02289236869746,0,
import-high-priority,84,Bull Creek Reservoir #1,Bull Creek Reservoir #1,65614,383,Mesa,Water Body,Coldwater,public-indicated,Public-land/property indicator or official property URL is present,Trout: Cutbow | Trout: Cutthroat | Trout: Rainbow,Grand Mesa National Forest,Difficult,Medium,No,No,Non-motorized,No,False,,"https://www.google.com/search?q=""fishing report""+Bull Creek Reservoir #1+""Mesa County""+Colorado",https://www.fs.usda.gov/activity/gmug/recreation/fishing,"https://www.google.com/maps/dir//39.0655,-108.0162",39.06552472985789,-108.01616245020196,0,
import-high-priority,84,Bull Creek Reservoir #2,Bull Creek Reservoir #2,65626,382,Mesa,Water Body,Coldwater,public-indicated,Public-land/property indicator or official property URL is present,Trout: Cutbow | Trout: Cutthroat | Trout: Rainbow,Grand Mesa National Forest,Difficult,Medium,No,No,Non-motorized,No,False,,"https://www.google.com/search?q=""fishing report""+Bull Creek Reservoir #2+""Mesa County""+Colorado",https://www.fs.usda.gov/activity/gmug/recreation/fishing,"https://www.google.com/maps/dir//39.0638,-108.0191",39.06377822288754,-108.01912585578035,0,
import-high-priority,84,Cabin Creek,Cabin Creek,10417,1486,Boulder,Stream or River,Coldwater,public-indicated,Public-land/property indicator or official property URL is present,Trout: Brook | Trout: Brown | Trout: Cutthroat,Rocky Mountain National Park - Wilderness,Medium,Low,No,No,None,No,False,,"https://www.google.com/search?q=""fishing report""+Cabin Creek+""Boulder County""+Colorado",https://www.nps.gov/romo/planyourvisit/fishing.htm,"https://www.google.com/maps/dir//40.2449,-105.5585",40.244894015528665,-105.55854628927239,0,
import-high-priority,84,Canyon Creek,Canyon Creek,19427,1620,Garfield,Stream or River,Coldwater,public-indicated,Public-land/property indicator or official property URL is present,Trout: Brook | Trout: Brown | Trout: Cutthroat | Trout: Rainbow,White River National Forest,Difficult,Low,No,No,None,No,False,,"https://www.google.com/search?q=""fishing report""+Canyon Creek+""Garfield County""+Colorado",https://www.fs.usda.gov/activity/whiteriver/recreation/fishing,"https://www.google.com/maps/dir//39.6523,-107.4434",39.65227547250942,-107.44336601046248,0,
import-high-priority,84,"Canyon Creek, East","Canyon Creek, East",27486,1567,Garfield,Stream or River,Coldwater,public-indicated,Public-land/property indicator or official property URL is present,Trout: Brown | Trout: Cutthroat | Trout: Rainbow,White River National Forest,Difficult,Low,No,No,None,No,False,,"https://www.google.com/search?q=""fishing report""+Canyon Creek, East+""Garfield County""+Colorado",https://www.fs.usda.gov/activity/whiteriver/recreation/fishing,"https://www.google.com/maps/dir//39.6827,-107.3578",39.68271280529567,-107.35776461099418,0,
import-high-priority,84,Cement Creek,Cement Creek,38946,1601,Gunnison,Stream or River,Coldwater,public-indicated,Public-land/property indicator or official property URL is present,Trout: Brook | Trout: Brown | Trout: Cutthroat,Gunnison National Forest,Medium,Medium,No,No,None,No,False,,"https://www.google.com/search?q=""fishing report""+Cement Creek+""Gunnison County""+Colorado",https://www.fs.usda.gov/activity/gmug/recreation/fishing,"https://www.google.com/maps/dir//38.8279,-106.8383",38.82785287339228,-106.83827721226551,0,
import-high-priority,84,Chartiers Pond,Chartiers Pond,52578,1691,Morgan,Water Body,Warmwater,public-indicated,Public-land/property indicator or official property URL is present,Bass: Largemouth | Carp: Common | Catfish: Channel | Crappie: Black | Perch: Saugeye | Perch: Walleye | Sunfish: Bluegill | Sunfish: Green,Brush SWA,Medium,Medium,No,No,Non-motorized,Warmwater,False,,"https://www.google.com/search?q=""fishing report""+Chartiers Pond+""Morgan County""+Colorado",https://cpw.state.co.us/swa/Brush%20SWA,"https://www.google.com/maps/dir//40.3249,-103.5982",40.30914004171849,-103.6200872794236,0,
import-high-priority,84,Chatfield Ponds,Chatfield Pond #4,60311,10,Douglas,Water Body,Warmwater,public-indicated,Public-land/property indicator or official property URL is present,Bass: Largemouth | Crappie: Black | Perch: Yellow | Sunfish: Bluegill | Sunfish: Green,Chatfield State Park,Medium,Low,No,Yes,Non-motorized,No,False,,"https://www.google.com/search?q=""fishing report""+Chatfield Pond #4+""Douglas County""+Colorado",https://cpw.state.co.us/placestogo/Parks/Chatfield,"https://www.google.com/maps/dir//39.5204,-105.082",39.50970514654986,-105.07769873132405,0,
import-high-priority,84,Chicago Creek,Chicago Creek,18950,1398,Clear Creek,Stream or River,Coldwater,public-indicated,Public-land/property indicator or official property URL is present,Trout: Brook | Trout: Cutbow | Trout: Rainbow,Mount Evans Wilderness Area,Difficult,Low,No,Yes,Non-motorized,No,False,,"https://www.google.com/search?q=""fishing report""+Chicago Creek+""Clear Creek County""+Colorado",https://www.fs.usda.gov/activity/arp/recreation/fishing,"https://www.google.com/maps/dir//39.6267,-105.6259",39.62670563644174,-105.6259177059628,0,
import-high-priority,84,Cimarron River,Cimarron River,39013,1558,Montrose,Stream or River,Coldwater,public-indicated,Public-land/property indicator or official property URL is present,Trout: Brook | Trout: Brown | Trout: Cutthroat | Trout: Rainbow,Cimarron SWA,Medium,Medium,No,No,None,Sub-catchables,False,,"https://www.google.com/search?q=""fishing report""+Cimarron River+""Montrose County""+Colorado",https://cpw.state.co.us/swa/Cimarron%20SWA,"https://www.google.com/maps/dir//38.3348,-107.56",38.331144874412296,-107.56080127635205,0,
import-high-priority,84,Cochetopa Creek,Cochetopa Creek,39203,1540,Saguache,Stream or River,Coldwater,public-indicated,Public-land/property indicator or official property URL is present,Trout: Brook | Trout: Brown | Trout: Cutthroat | Trout: Rainbow,La Garita Wilderness Area,Medium,Low,No,No,None,No,False,,"https://www.google.com/search?q=""fishing report""+Cochetopa Creek+""Saguache County""+Colorado",https://www.fs.usda.gov/activity/gmug/recreation/fishing,"https://www.google.com/maps/dir//37.9782,-106.8687",37.97819727402727,-106.868711411846,0,
import-high-priority,84,"Cottonwood Creek, North","Cottonwood Creek, North",29505,1505,Chaffee,Stream or River,Coldwater,public-indicated,Public-land/property indicator or official property URL is present,Trout: Brook | Trout: Brown | Trout: Cutthroat,Collegiate Peaks Wilderness Area,Difficult,Low,No,No,None,No,False,,"https://www.google.com/search?q=""fishing report""+Cottonwood Creek, North+""Chaffee County""+Colorado",https://www.fs.usda.gov/activity/psicc/recreation/fishing,"https://www.google.com/maps/dir//38.871,-106.288",38.870961926600074,-106.28800053507734,0,
import-high-priority,84,Cottonwood Lake #2,Cottonwood Lake #2,65993,491,Mesa,Water Body,Coldwater,public-indicated,Public-land/property indicator or official property URL is present,Trout: Cutbow | Trout: Cutthroat | Trout: Rainbow,Grand Mesa National Forest,Medium,Low,No,No,None,Sub-catchables,False,,"https://www.google.com/search?q=""fishing report""+Cottonwood Lake #2+""Mesa County""+Colorado",https://www.fs.usda.gov/activity/gmug/recreation/fishing,"https://www.google.com/maps/dir//39.0799,-107.9831",39.07987258665042,-107.98310522389077,0,
import-high-priority,84,Cottonwood Lake #5,Cottonwood Lake #5,66010,132,Mesa,Water Body,Coldwater,public-indicated,Public-land/property indicator or official property URL is present,Trout: Brown | Trout: Cutthroat | Trout: Rainbow,Grand Mesa National Forest,Medium,Medium,No,No,Electric,Sub-catchables,False,,"https://www.google.com/search?q=""fishing report""+Cottonwood Lake #5+""Mesa County""+Colorado",https://www.fs.usda.gov/activity/gmug/recreation/fishing,"https://www.google.com/maps/dir//39.0873,-107.9516",39.08730982845002,-107.95158577051386,0,
import-high-priority,84,Cow Creek,Cow Creek,10669,1485,Boulder,Stream or River,Coldwater,public-indicated,Public-land/property indicator or official property URL is present,Trout: Brook | Trout: Brown | Trout: Cutthroat,North St. Vrain RNA,Medium,Low,No,No,None,No,False,,"https://www.google.com/search?q=""fishing report""+Cow Creek+""Boulder County""+Colorado",https://www.fs.usda.gov/activity/arp/recreation/fishing,"https://www.google.com/maps/dir//40.2231,-105.4754",40.223135461629006,-105.4754104050346,0,
import-high-priority,84,Crystal Reservoir,Crystal Reservoir,94146,1096,Montrose,Water Body,Coldwater,public-indicated,Public-land/property indicator or official property URL is present,Salmon: Kokanee | Trout: Brown | Trout: Lake | Trout: Rainbow,Curecanti National Recreation Area,Difficult,Medium,No,No,Motor boats,Sub-catchables,False,,"https://www.google.com/search?q=""fishing report""+Crystal Reservoir+""Montrose County""+Colorado",https://www.nps.gov/cure/planyourvisit/fishing.htm,"https://www.google.com/maps/dir//38.497,-107.6033",38.497037001122884,-107.60331578990464,0,
import-high-priority,84,Curecanti Creek,Curecanti Creek,39518,1539,Gunnison,Stream or River,Coldwater,public-indicated,Public-land/property indicator or official property URL is present,Trout: Brook | Trout: Cutthroat | Trout: Rainbow,Gunnison National Forest,Difficult,Low,No,No,None,No,False,,"https://www.google.com/search?q=""fishing report""+Curecanti Creek+""Gunnison County""+Colorado",https://www.fs.usda.gov/activity/gmug/recreation/fishing,"https://www.google.com/maps/dir//38.6618,-107.3793",38.661783605935156,-107.37932021085278,0,
import-high-priority,84,"Diamond Lake, Lower","Diamond Lake, Lower",54635,183,Boulder,Water Body,Coldwater,public-indicated,Public-land/property indicator or official property URL is present,Trout: Brook | Trout: Cutthroat | Trout: Splake,Indian Peaks Wilderness Area,Difficult,Low,No,No,Non-motorized,No,False,,https://cpw.state.co.us/thingstodo/Fishery%20Survey%20Summaries/IndianPeaksWildernessLakes.pdf,https://www.fs.usda.gov/activity/arp/recreation/fishing,"https://www.google.com/maps/dir//39.9926,-105.6501",39.99264558358945,-105.65009872117245,0,
import-high-priority,84,Elk Creek,Elk Creek,39936,1513,Conejos,Stream or River,Coldwater,public-indicated,Public-land/property indicator or official property URL is present,Trout: Brook | Trout: Brown | Trout: Cutthroat,Rio Grande National Forest,Medium,Medium,No,No,None,Sub-catchables,False,,"https://www.google.com/search?q=""fishing report""+Elk Creek+""Conejos County""+Colorado",https://www.fs.usda.gov/activity/riogrande/recreation/fishing,"https://www.google.com/maps/dir//37.1248,-106.3668",37.12475186338373,-106.3668360681674,0,
import-high-priority,84,Elk Creek,Elk Creek,20115,1511,Garfield,Stream or River,Coldwater,public-indicated,Public-land/property indicator or official property URL is present,Trout: Brook | Trout: Brown | Trout: Cutthroat | Trout: Rainbow,White River National Forest,Difficult,Low,No,No,None,No,False,,"https://www.google.com/search?q=""fishing report""+Elk Creek+""Garfield County""+Colorado",https://www.fs.usda.gov/activity/whiteriver/recreation/fishing,"https://www.google.com/maps/dir//39.6823,-107.578",39.68226113295677,-107.57800060763138,0,
import-high-priority,84,Elk River,Elk River,20177,1585,Routt,Stream or River,Coldwater,public-indicated,Public-land/property indicator or official property URL is present,Trout: Brown | Trout: Cutthroat | Trout: Rainbow,Routt National Forest,Medium,High,No,No,None,No,False,,"https://www.google.com/search?q=""fishing report""+Elk River+""Routt County""+Colorado",https://www.fs.usda.gov/activity/mbr/recreation/fishing,"https://www.google.com/maps/dir//40.7598,-106.7961",40.75981566956344,-106.79605407805509,0,
import-high-priority,84,"Elk River, North Fork","Elk River, North Fork",20189,1586,Routt,Stream or River,Coldwater,public-indicated,Public-land/property indicator or official property URL is present,Trout: Brook | Trout: Brown | Trout: Cutthroat,Routt National Forest,Difficult,Medium,No,No,None,No,False,,"https://www.google.com/search?q=""fishing report""+Elk River, North Fork+""Routt County""+Colorado",https://www.fs.usda.gov/activity/mbr/recreation/fishing,"https://www.google.com/maps/dir//40.8148,-106.7782",40.81476140311376,-106.77817427833793,0,
import-high-priority,84,Emerald Lake,Emerald Lake,89866,547,Hinsdale,Water Body,Coldwater,public-indicated,Public-land/property indicator or official property URL is present,Trout: Cutbow | Trout: Cutthroat | Trout: Rainbow,Weminuche Wilderness Area,Difficult,Low,No,No,Non-motorized,No,False,,"https://www.google.com/search?q=""fishing report""+Emerald Lake+""Hinsdale County""+Colorado",https://www.fs.usda.gov/activity/sanjuan/recreation/fishing,"https://www.google.com/maps/dir//37.553,-107.4466",37.55295530695873,-107.44661975423564,0,
import-high-priority,84,"Emerald Lake, Little","Emerald Lake, Little",94083,473,Hinsdale,Water Body,Coldwater,public-indicated,Public-land/property indicator or official property URL is present,Trout: Cutbow | Trout: Cutthroat | Trout: Rainbow,Weminuche Wilderness Area,Difficult,Low,No,No,Non-motorized,No,False,,"https://www.google.com/search?q=""fishing report""+Emerald Lake, Little+""Hinsdale County""+Colorado",https://www.fs.usda.gov/activity/sanjuan/recreation/fishing,"https://www.google.com/maps/dir//37.5438,-107.4438",37.543793480980845,-107.44378159626575,0,
import-high-priority,84,Fort Morgan Ponds (2),Fort Morgan Pond East,79338,811,Morgan,Water Body,Warmwater,public-indicated,Public-land/property indicator or official property URL is present,Bass: Largemouth | Carp: Common | Catfish: Channel | Sunfish: Bluegill | Sunfish: Green,Riverside Park,Medium,Medium,No,No,None,No,False,,"https://www.google.com/search?q=""fishing report""+Fort Morgan Pond East+""Morgan County""+Colorado",https://www.cityoffortmorgan.com/340/Parks-Department,"https://www.google.com/maps/dir//40.2675,-103.776",40.267495272438964,-103.77595914585375,0,
import-high-priority,84,Fort Morgan Ponds (2),Fort Morgan Pond West,66785,1334,Morgan,Water Body,Warmwater,public-indicated,Public-land/property indicator or official property URL is present,Bass: Largemouth | Carp: Common | Catfish: Channel | Sunfish: Bluegill | Sunfish: Green,Riverside Park,Medium,Medium,No,No,None,No,False,,"https://www.google.com/search?q=""fishing report""+Fort Morgan Pond West+""Morgan County""+Colorado",https://www.cityoffortmorgan.com/340/Parks-Department,"https://www.google.com/maps/dir//40.2671,-103.7789",40.267052138290495,-103.77885562514682,0,
import-high-priority,84,Goose Creek,Goose Creek,11039,1366,Jefferson,Stream or River,Coldwater,public-indicated,Public-land/property indicator or official property URL is present,Trout: Brook | Trout: Brown | Trout: Rainbow,Pike National Forest,Medium,Low,No,No,None,No,False,,"https://www.google.com/search?q=""fishing report""+Goose Creek+""Jefferson County""+Colorado",https://www.fs.usda.gov/activity/psicc/recreation/fishing,"https://www.google.com/maps/dir//39.1717,-105.3609",39.17165902529951,-105.36094226105374,0,
import-high-priority,84,Gunnison River,Gunnison River,40460,678,Gunnison,Stream or River,Coldwater,public-indicated,Public-land/property indicator or official property URL is present,Salmon: Kokanee | Trout: Brown | Trout: Cutbow | Trout: Rainbow | Trout: Snake River Cutthroat,Gunnison River SWA,Medium,High,No,No,Non-motorized,No,False,,https://cpw.state.co.us/thingstodo/Fishery%20Survey%20Summaries/GunnisonRiveratGunnison.pdf,https://cpw.state.co.us/swa/Gunnison%20River%20SWA,"https://www.google.com/maps/dir//38.5808,-106.9225",38.58049539136532,-106.92342580513504,1,
import-high-priority,84,Harriman Lake,Harriman Lake,52869,562,Jefferson,Water Body,Warmwater,public-indicated,Public-land/property indicator or official property URL is present,Bass: Largemouth | Catfish: Channel | Sunfish: Bluegill | Sunfish: Redear,Harriman Lake,Medium,Medium,cNo,No,None,Warmwater,False,,"https://www.google.com/search?q=""fishing report""+Harriman Lake+""Jefferson County""+Colorado",https://www.ifoothills.org/harriman-lake-park/,"https://www.google.com/maps/dir//39.6371,-105.1185",39.63713205322989,-105.11849650418158,0,
import-high-priority,84,Idaho Springs Reservoir,Idaho Springs Reservoir,54320,129,Clear Creek,Water Body,Coldwater,public-indicated,Public-land/property indicator or official property URL is present,Trout: Brook | Trout: Cutbow | Trout: Rainbow,Idaho Springs Reservoir,Difficult,Low,No,Unsure,Non-motorized,No,False,,"https://www.google.com/search?q=""fishing report""+Idaho Springs Reservoir+""Clear Creek County""+Colorado",https://cityofidahosprings.colorado.gov/our-community/idaho-springs-reservoir,"https://www.google.com/maps/dir//39.6431,-105.6154",39.643090043549,-105.61536118803748,0,
import-high-priority,84,Ivanhoe Lake,Ivanhoe Lake,67517,934,Pitkin,Water Body,Coldwater,public-indicated,Public-land/property indicator or official property URL is present,Trout: Brook | Trout: Cutthroat | Trout: Lake | Trout: Rainbow,White River National Forest,Difficult,Low,No,Yes,None,Sub-catchables,False,,"https://www.google.com/search?q=""fishing report""+Ivanhoe Lake+""Pitkin County""+Colorado",https://www.fs.usda.gov/activity/whiteriver/recreation/fishing,"https://www.google.com/maps/dir//39.2686,-106.5044",39.26862279271876,-106.50437746717033,0,
import-high-priority,84,Ivy Creek,Ivy Creek,40814,1515,Mineral,Stream or River,Coldwater,public-indicated,Public-land/property indicator or official property URL is present,Trout: Brook | Trout: Brown | Trout: Cutthroat,Rio Grande National Forest,Medium,Low,No,No,None,No,False,,"https://www.google.com/search?q=""fishing report""+Ivy Creek+""Mineral County""+Colorado",https://www.fs.usda.gov/activity/riogrande/recreation/fishing,"https://www.google.com/maps/dir//37.6815,-106.9968",37.68152810251627,-106.9968182635606,0,
import-high-priority,84,Jackson Reservoir,Jackson Reservoir,53037,445,Morgan,Water Body,Warmwater,public-indicated,Public-land/property indicator or official property URL is present,Bass: Wiper | Carp: Common | Catfish: Channel | Crappie: Black | Crappie: White | Drum: Freshwater | Perch: Saugeye | Perch: Walleye | Perch: Yellow | Sunfish: Bluegill | Sunfish: Green,Jackson Lake State Park,Medium,Medium,No,Yes,Motor boats,Sub-catchables and Warmwater,False,,https://cpw.state.co.us/thingstodo/Fishery%20Survey%20Summaries/JacksonReservoir.pdf,https://cpw.state.co.us/placestogo/parks/jacksonlake,"https://www.google.com/maps/dir//40.3806,-104.0911",40.39171976862814,-104.07397954878218,0,
import-high-priority,84,Jerry Creek Reservoir,Jerry Creek Reservoir #2,66162,676,Mesa,Water Body,Mixed coldwater/warmwater,public-indicated,Public-land/property indicator or official property URL is present,Bass: Largemouth | Sunfish: Bluegill | Sunfish: Green | Trout: Brown,Jerry Creek Reservoir SWA,Difficult,Low,No,No,None,No,False,,"https://www.google.com/search?q=""fishing report""+Jerry Creek Reservoir #2+""Mesa County""+Colorado",https://cpw.state.co.us/swa/Jerry%20Creek%20Reservoir%20SWA,"https://www.google.com/maps/dir//39.1885,-108.1098",39.19768591974644,-108.10684502185285,0,
import-high-priority,84,Jerry Creek Reservoir,Jerry Creek Reservoir #1,66160,1612,Mesa,Water Body,Warmwater,public-indicated,Public-land/property indicator or official property URL is present,Bass: Largemouth | Sunfish: Bluegill | Sunfish: Green,Jerry Creek Reservoir SWA,Difficult,Low,No,No,None,No,False,,"https://www.google.com/search?q=""fishing report""+Jerry Creek Reservoir #1+""Mesa County""+Colorado",https://cpw.state.co.us/swa/Jerry%20Creek%20Reservoir%20SWA,"https://www.google.com/maps/dir//39.1885,-108.1098",39.19353158151791,-108.11505502257678,0,
import-high-priority,84,Jumbo Annex,Jumbo Annex,53051,652,Logan,Water Body,Warmwater,public-indicated,Public-land/property indicator or official property URL is present,Bass: Largemouth | Bass: Smallmouth | Carp: Common | Catfish: Channel | Crappie: Black | Drum: Freshwater | Perch: Saugeye | Perch: Walleye | Sunfish: Bluegill | Sunfish: Green,Red Lion SWA,Medium,Medium,No,Yes,Electric,Warmwater,False,,https://cpw.state.co.us/thingstodo/Fishery%20Survey%20Summaries/JumboAnnexReservoir.pdf,https://cpw.state.co.us/swa/Red%20Lion%20SWA,"https://www.google.com/maps/dir//40.8999,-102.6525",40.90823744433984,-102.66224733836593,0,
import-high-priority,84,Jumbo Reservoir,Jumbo Reservoir,53063,468,Sedgwick,Water Body,Warmwater,public-indicated,Public-land/property indicator or official property URL is present,Bass: Largemouth | Bass: Smallmouth | Carp: Common | Catfish: Black Bullhead | Catfish: Channel | Crappie: Black | Crappie: White | Drum: Freshwater | Perch: Saugeye | Perch: Walleye | Perch: Yellow | Sunfish: Bluegill | Sunfish: Green | Sunfish: Redear,Jumbo Reservoir SWA,Medium,High,No,Yes,Motor boats,Warmwater,False,,https://cpw.state.co.us/thingstodo/Fishery%20Survey%20Summaries/JumboReservoir.pdf,https://cpw.state.co.us/swa/Jumbo%20Reservoir%20SWA,"https://www.google.com/maps/dir//40.9331,-102.6714",40.93137753887021,-102.6505599897199,0,
import-high-priority,84,Kannah Creek,Kannah Creek,20800,1448,Mesa,Stream or River,Coldwater,public-indicated,Public-land/property indicator or official property URL is present,Trout: Brook | Trout: Brown | Trout: Cutthroat | Trout: Rainbow,Grand Mesa National Forest,Medium,Medium,No,No,None,No,False,,"https://www.google.com/search?q=""fishing report""+Kannah Creek+""Mesa County""+Colorado",https://www.fs.usda.gov/activity/gmug/recreation/fishing,"https://www.google.com/maps/dir//38.973,-108.1802",38.97297107941731,-108.18024627927662,1,
import-high-priority,84,La Jara Reservoir,La Jara Reservoir,90833,457,Conejos,Water Body,Coldwater,public-indicated,Public-land/property indicator or official property URL is present,Trout: Brook | Trout: Cutthroat | Trout: Rainbow,La Jara Reservoir SWA,Medium,Medium,No,Yes,Motor boats,No,False,,"https://www.google.com/search?q=""fishing report""+La Jara Reservoir+""Conejos County""+Colorado",https://cpw.state.co.us/swa/La%20Jara%20Reservoir%20SWA,"https://www.google.com/maps/dir//37.2674,-106.3533",37.267443228946675,-106.35329522649396,0,
import-high-priority,84,Los Pinos River,Los Pinos River,41284,1526,Hinsdale,Stream or River,Coldwater,public-indicated,Public-land/property indicator or official property URL is present,Trout: Brook | Trout: Cutthroat | Trout: Rainbow,Weminuche Wilderness Area,Difficult,Medium,No,No,Unsure,No,False,,"https://www.google.com/search?q=""fishing report""+Los Pinos River+""Hinsdale County""+Colorado",https://www.fs.usda.gov/activity/sanjuan/recreation/fishing,"https://www.google.com/maps/dir//37.4819,-107.4446",37.48189160875349,-107.44457581028317,0,
import-high-priority,84,Lost Lake,Lost Lake,55574,58,Boulder,Water Body,Coldwater,public-indicated,Public-land/property indicator or official property URL is present,Trout: Brook | Trout: Cutthroat | Trout: Rainbow,Roosevelt National Forest,Medium,Low,No,No,Non-motorized,No,False,,https://cpw.state.co.us/thingstodo/Fishery%20Survey%20Summaries/JamesPeakWildernessLakes.pdf,https://www.fs.usda.gov/activity/arp/recreation/fishing,"https://www.google.com/maps/dir//39.9498,-105.6166",39.94977047725434,-105.61655519637377,0,
import-high-priority,84,Mesa Creek,Mesa Creek,21167,1446,Mesa,Stream or River,Coldwater,public-indicated,Public-land/property indicator or official property URL is present,Trout: Brook | Trout: Brown | Trout: Rainbow,Grand Mesa National Forest,Medium,Medium,No,No,None,No,False,,"https://www.google.com/search?q=""fishing report""+Mesa Creek+""Mesa County""+Colorado",https://www.fs.usda.gov/activity/gmug/recreation/fishing,"https://www.google.com/maps/dir//39.0523,-108.0988",39.05226500519083,-108.09876888178434,0,
import-high-priority,84,Middle St. Vrain Creek,"St. Vrain Creek, Middle",12168,1324,Boulder,Stream or River,Coldwater,public-indicated,Public-land/property indicator or official property URL is present,Trout: Brook | Trout: Brown | Trout: Cutthroat,Camp Dick Campground - Roosevelt National Forest,Medium,Low,No,No,None,No,False,,"https://www.google.com/search?q=""fishing report""+St. Vrain Creek, Middle+""Boulder County""+Colorado",https://www.fs.usda.gov/recarea/arp/recreation/camping-cabins/recarea/?recid=28224&actid=29,"https://www.google.com/maps/dir//40.1296,-105.5188",40.12961672067761,-105.51884716139722,0,
import-high-priority,84,Morrow Point Reservoir,Morrow Point Reservoir,91392,1179,Gunnison,Water Body,Coldwater,public-indicated,Public-land/property indicator or official property URL is present,Salmon: Kokanee | Trout: Brown | Trout: Cutthroat | Trout: Lake | Trout: Rainbow,Curecanti National Recreation Area,Difficult,Low,No,No,Motor boats,Sub-catchables,False,,"https://www.google.com/search?q=""fishing report""+Morrow Point Reservoir+""Gunnison County""+Colorado",https://www.nps.gov/cure/planyourvisit/fishing.htm,"https://www.google.com/maps/dir//38.4446,-107.4881",38.44458204165967,-107.48813734174044,0,
import-high-priority,84,No Name Creek,No Name Creek,21345,1556,Garfield,Stream or River,Coldwater,public-indicated,Public-land/property indicator or official property URL is present,Trout: Brook | Trout: Brown | Trout: Cutthroat | Trout: Rainbow,White River National Forest,Medium,Medium,No,No,None,No,False,,"https://www.google.com/search?q=""fishing report""+No Name Creek+""Garfield County""+Colorado",https://www.fs.usda.gov/activity/whiteriver/recreation/fishing,"https://www.google.com/maps/dir//39.5878,-107.2875",39.58780100595313,-107.28753601001615,0,
import-high-priority,84,North Platte River,North Platte River,11786,1431,Jackson,Stream or River,Coldwater,public-indicated,Public-land/property indicator or official property URL is present,Trout: Brook | Trout: Brown | Trout: Rainbow,Routt National Forest,Medium,Medium,No,No,None,No,False,,"https://www.google.com/search?q=""fishing report""+North Platte River+""Jackson County""+Colorado",https://www.fs.usda.gov/activity/mbr/recreation/fishing,"https://www.google.com/maps/dir//40.9719,-106.3447",40.97188304521451,-106.34472424675624,0,
import-high-priority,84,North Sterling Reservoir,North Sterling Reservoir,53328,211,Logan,Water Body,Warmwater,public-indicated,Public-land/property indicator or official property URL is present,Bass: Largemouth | Bass: Wiper | Carp: Common | Catfish: Channel | Crappie: Black | Crappie: White | Drum: Freshwater | Perch: Saugeye | Perch: Walleye | Perch: Yellow | Sunfish: Bluegill | Sunfish: Green,North Sterling State Park,Medium,Medium,No,Yes,Motor boats,Warmwater,False,,https://cpw.state.co.us/thingstodo/Fishery%20Survey%20Summaries/NorthSterlingReservoir.pdf,https://cpw.state.co.us/placestogo/Parks/northsterling,"https://www.google.com/maps/dir//40.7639,-103.2674",40.76930807181084,-103.28416616773397,0,
import-high-priority,84,Ohio Creek,Ohio Creek,41931,1605,Gunnison,Stream or River,Coldwater,public-indicated,Public-land/property indicator or official property URL is present,Trout: Brook | Trout: Brown | Trout: Rainbow,Gunnison National Forest,Medium,Low,No,No,None,No,False,,"https://www.google.com/search?q=""fishing report""+Ohio Creek+""Gunnison County""+Colorado",https://www.fs.usda.gov/activity/gmug/recreation/fishing,"https://www.google.com/maps/dir//38.8223,-107.0846",38.8222494731879,-107.08455681078533,0,
import-high-priority,84,Pass Creek,Pass Creek,42010,1798,Mineral,Stream or River,Coldwater,public-indicated,Public-land/property indicator or official property URL is present,Trout: Brook | Trout: Brown | Trout: Cutthroat | Trout: Rainbow,Rio Grande National Forest,Medium,Medium,No,No,None,No,False,,"https://www.google.com/search?q=""fishing report""+Pass Creek+""Mineral County""+Colorado",https://www.fs.usda.gov/activity/riogrande/recreation/fishing/?recid=28882&actid=43,"https://www.google.com/maps/dir//37.5243,-106.7682",37.524322386659556,-106.76817124569679,0,
import-high-priority,84,Perry Preserve Ponds,Perry Preserve Ponds,COFA14,1719,Arapahoe,Water Body,Warmwater,public-indicated,Public-land/property indicator or official property URL is present,Bass: Largemouth | Carp: Common | Sunfish: Bluegill | Sunfish: Green,Marjorie Perry Nature Preserve,Medium,Low,No,No,None,No,False,,"https://www.google.com/search?q=""fishing report""+Perry Preserve Ponds+""Arapahoe County""+Colorado",https://www.greenwoodvillage.com/index.aspx?NID=352,"https://www.google.com/maps/dir//39.6118,-104.9224",39.620792271362795,-104.93638962913624,0,
import-high-priority,84,"Piedra River, Middle Fork","Piedra River, Middle Fork",42111,1522,Hinsdale,Stream or River,Coldwater,public-indicated,Public-land/property indicator or official property URL is present,Trout: Brown | Trout: Cutthroat | Trout: Rainbow,San Juan National Forest,Medium,Low,No,No,Unsure,Sub-catchables,False,,"https://www.google.com/search?q=""fishing report""+Piedra River, Middle Fork+""Hinsdale County""+Colorado",https://www.fs.usda.gov/activity/sanjuan/recreation/fishing,"https://www.google.com/maps/dir//37.4789,-107.1689",37.47888540848356,-107.16887087773908,0,
import-high-priority,84,Pit D,Pit D,57524,1669,Boulder,Water Body,Warmwater,public-indicated,Public-land/property indicator or official property URL is present,Bass: Largemouth | Carp: Common | Catfish: Channel | Crappie: Black | Perch: Yellow,Cottonwood Farms Open Space,Medium,Low,No,No,Non-motorized,Warmwater,False,,"https://www.google.com/search?q=""fishing report""+Pit D+""Boulder County""+Colorado",https://bouldercolorado.gov/osmp,"https://www.google.com/maps/dir//40.0352,-105.2168",40.03517301232403,-105.2167576875741,0,
import-high-priority,84,Plateau Creek,Plateau Creek,23406,1635,Mesa,Stream or River,Coldwater,public-indicated,Public-land/property indicator or official property URL is present,Trout: Brook | Trout: Brown | Trout: Cutthroat | Trout: Rainbow | Trout: Snake River Cutthroat,Vega State Park,Medium,Low,No,No,None,No,False,,"https://www.google.com/search?q=""fishing report""+Plateau Creek+""Mesa County""+Colorado",https://cpw.state.co.us/placestogo/Parks/vega,"https://www.google.com/maps/dir//39.2247,-107.7716",39.224413071896784,-107.77326041025088,0,
import-high-priority,84,Porter Reservoir Number 1,Porter Reservoir Number 1,89385,706,Delta,Water Body,Coldwater,public-indicated,Public-land/property indicator or official property URL is present,Trout: Brook | Trout: Cutthroat | Trout: Tiger,Grand Mesa National Forest,Medium,Low,No,Yes,Non-motorized,Sub-catchables,False,,"https://www.google.com/search?q=""fishing report""+Porter Reservoir Number 1+""Delta County""+Colorado",https://www.fs.usda.gov/activity/gmug/recreation/fishing,"https://www.google.com/maps/dir//38.9233,-108.1003",38.92331948377275,-108.10034291431674,0,
import-high-priority,84,Porter Reservoir Number 4,Porter Reservoir Number 4,89373,701,Delta,Water Body,Coldwater,public-indicated,Public-land/property indicator or official property URL is present,Trout: Brook | Trout: Cutthroat | Trout: Tiger,Grand Mesa National Forest,Medium,Low,No,Yes,Non-motorized,Sub-catchables,False,,"https://www.google.com/search?q=""fishing report""+Porter Reservoir Number 4+""Delta County""+Colorado",https://www.fs.usda.gov/activity/gmug/recreation/fishing,"https://www.google.com/maps/dir//38.9262,-108.1097",38.92624825984428,-108.10969224382394,0,
import-high-priority,84,Prewitt Reservoir,Prewitt Reservoir,53354,98,Washington,Water Body,Warmwater,public-indicated,Public-land/property indicator or official property URL is present,Bass: Wiper | Carp: Common | Catfish: Black Bullhead | Catfish: Channel | Crappie: Black | Crappie: White | Drum: Freshwater | Perch: Saugeye | Perch: Walleye | Perch: Yellow | Sunfish: Bluegill | Sunfish: Green,Prewitt Reservoir SWA,Medium,Medium,No,Yes,Motor boats,Warmwater,False,,https://cpw.state.co.us/thingstodo/Fishery%20Survey%20Summaries/PrewittReservoir.pdf,https://cpw.state.co.us/swa/Prewitt%20Reservoir%20SWA,"https://www.google.com/maps/dir//40.4183,-103.3811",40.42108053216037,-103.36251010586963,0,
import-high-priority,84,Prospect Park Lakes,Tabor Lake,58001,215,Jefferson,Water Body,Mixed coldwater/warmwater,public-indicated,Public-land/property indicator or official property URL is present,Bass: Largemouth | Catfish: Channel | Crappie: Black | Perch: Saugeye | Perch: Yellow | Sunfish: Bluegill | Sunfish: Green | Trout: Rainbow,Prospect Park,Medium,Medium,No,No,None,Warmwater,False,,"https://www.google.com/search?q=""fishing report""+Tabor Lake+""Jefferson County""+Colorado",https://www.rootedinfun.com/Facilities/Facility/Details/Clear-Creek-Trail-5,"https://www.google.com/maps/dir//39.7753,-105.1322",39.775262507266035,-105.13219177793046,0,
import-high-priority,84,Public Works Lake,Public Works Lake,62000,287,Adams,Water Body,Warmwater,public-indicated,Public-land/property indicator or official property URL is present,Bass: Largemouth | Carp: Common | Catfish: Channel | Crappie: Black | Perch: Yellow | Sunfish: Bluegill | Sunfish: Green,Adams County Regional Park,Medium,Low,No,No,None,Warmwater,False,,"https://www.google.com/search?q=""fishing report""+Public Works Lake+""Adams County""+Colorado",https://www.adcogov.org/riverdale-regional-park,"https://www.google.com/maps/dir//39.939,-104.8635",39.938959859574325,-104.86347116856697,0,
import-high-priority,84,"Rifle Creek, East","Rifle Creek, East",24218,1630,Garfield,Stream or River,Coldwater,public-indicated,Public-land/property indicator or official property URL is present,Trout: Brook | Trout: Brown | Trout: Rainbow,White River National Forest,Medium,Low,No,No,None,No,False,,"https://www.google.com/search?q=""fishing report""+Rifle Creek, East+""Garfield County""+Colorado",https://www.fs.usda.gov/activity/whiteriver/recreation/fishing,"https://www.google.com/maps/dir//39.7537,-107.692",39.75368007212013,-107.69202880978668,0,
import-high-priority,84,Rock Creek,Rock Creek,21787,650,Routt,Stream or River,Coldwater,public-indicated,Public-land/property indicator or official property URL is present,Trout: Brook | Trout: Brown | Trout: Rainbow,Rock Creek SWA,Medium,Medium,No,No,None,No,False,,"https://www.google.com/search?q=""fishing report""+Rock Creek+""Routt County""+Colorado",https://cpw.state.co.us/swa/Rock%20Creek%20SWA,"https://www.google.com/maps/dir//40.0571,-106.6462",40.05565878181689,-106.64314064412991,0,
import-high-priority,84,Ruby Anthracite Creek,Ruby Anthracite Creek,42755,1564,Gunnison,Stream or River,Coldwater,public-indicated,Public-land/property indicator or official property URL is present,Trout: Brook | Trout: Brown | Trout: Cutthroat | Trout: Rainbow,Grand Mesa National Forest,Difficult,Low,No,No,None,No,False,,"https://www.google.com/search?q=""fishing report""+Ruby Anthracite Creek+""Gunnison County""+Colorado",https://www.fs.usda.gov/activity/gmug/recreation/fishing,"https://www.google.com/maps/dir//38.8627,-107.1639",38.862703536268135,-107.163918651529,0,
import-high-priority,84,Seaman Reservoir,Seaman Reservoir,56398,1062,Larimer,Water Body,Mixed coldwater/warmwater,public-indicated,Public-land/property indicator or official property URL is present,Catfish: Black Bullhead | Perch: Yellow | Sunfish: Green | Trout: Brown | Trout: Rainbow,Poudre River STL,Medium,Medium,No,Yes,Electric,No,False,,"https://www.google.com/search?q=""fishing report""+Seaman Reservoir+""Larimer County""+Colorado",https://cpw.state.co.us/placestogo/Pages/StateTrustLands.aspx,"https://www.google.com/maps/dir//40.7079,-105.2333",40.70789955568379,-105.2332991322652,0,
import-high-priority,84,Sheets Lake,Sheets Lake,61034,254,Adams,Water Body,Warmwater,public-indicated,Public-land/property indicator or official property URL is present,Bass: Largemouth | Catfish: Black Bullhead | Catfish: Channel | Sunfish: Bluegill,Lowell Ponds Open Space,Medium,Medium,No,No,None,Warmwater,False,,"https://www.google.com/search?q=""fishing report""+Sheets Lake+""Adams County""+Colorado",https://www.adcogov.org/openspace,"https://www.google.com/maps/dir//39.7969,-105.0351",39.79775962829145,-105.04249021507886,0,
import-high-priority,84,Silver Lake,Silver Lake,69890,353,Mesa,Water Body,Coldwater,public-indicated,Public-land/property indicator or official property URL is present,Grayling: Arctic | Trout: Brook | Trout: Cutthroat,Grand Mesa National Forest,Medium,High,No,No,Electric,Sub-catchables,False,,"https://www.google.com/search?q=""fishing report""+Silver Lake+""Mesa County""+Colorado",https://www.fs.usda.gov/activity/gmug/recreation/fishing,"https://www.google.com/maps/dir//39.0805,-107.9208",39.080548718502065,-107.92080813242383,0,
import-high-priority,84,Soap Creek,Soap Creek,43175,1535,Gunnison,Stream or River,Coldwater,public-indicated,Public-land/property indicator or official property URL is present,Trout: Brook | Trout: Brown | Trout: Rainbow,Gunnison National Forest,Medium,Low,No,No,None,No,False,,"https://www.google.com/search?q=""fishing report""+Soap Creek+""Gunnison County""+Colorado",https://www.fs.usda.gov/activity/gmug/recreation/fishing,"https://www.google.com/maps/dir//38.5489,-107.3167",38.54887800664207,-107.31670021007551,0,
import-high-priority,84,South Platte River,South Platte River,11837,1383,Jefferson,Stream or River,Coldwater,public-indicated,Public-land/property indicator or official property URL is present,Trout: Brown | Trout: Cutbow | Trout: Rainbow,Pike National Forest,Medium,High,No,No,None,No,False,,https://cpw.state.co.us/thingstodo/Fishery%20Survey%20Summaries/SouthPlatteRiverAtDeckers.pdf,https://www.fs.usda.gov/activity/psicc/recreation/fishing,"https://www.google.com/maps/dir//39.252,-105.2344",39.25199696558494,-105.23435756685882,1,
import-high-priority,84,"South Platte River, Middle Fork","South Platte River, Middle Fork",31390,667,Park,Stream or River,Coldwater,public-indicated,Public-land/property indicator or official property URL is present,Trout: Brook | Trout: Brown | Trout: Cutbow | Trout: Cutthroat | Trout: Rainbow,Tomahawk SWA,Medium,High,No,No,None,Sub-catchables,False,,"https://www.google.com/search?q=""fishing report""+South Platte River, Middle Fork+""Park County""+Colorado",https://cpw.state.co.us/swa/Garo%20SWA,"https://www.google.com/maps/dir//39.1101,-105.8891",39.070799304129636,-105.84166474926005,0,
import-high-priority,84,Spring Creek,Spring Creek,43252,1534,Gunnison,Stream or River,Coldwater,public-indicated,Public-land/property indicator or official property URL is present,Trout: Brown | Trout: Cutthroat | Trout: Rainbow,Gunnison National Forest,Medium,Medium,No,No,None,No,False,,"https://www.google.com/search?q=""fishing report""+Spring Creek+""Gunnison County""+Colorado",https://www.fs.usda.gov/activity/gmug/recreation/fishing,"https://www.google.com/maps/dir//38.7513,-106.7678",38.75133960661439,-106.76776421185502,0,
import-high-priority,84,"St. Vrain Creek, North","St. Vrain Creek, North",13285,1484,Boulder,Stream or River,Coldwater,public-indicated,Public-land/property indicator or official property URL is present,Trout: Brook | Trout: Brown | Trout: Cutthroat,Rocky Mountain National Park,Difficult,Unsure,No,No,None,No,False,,"https://www.google.com/search?q=""fishing report""+St. Vrain Creek, North+""Boulder County""+Colorado",https://www.nps.gov/romo/planyourvisit/fishing.htm,"https://www.google.com/maps/dir//40.2006,-105.5835",40.20055781931242,-105.58346634936458,0,
import-high-priority,84,"St. Vrain Creek, North","St. Vrain Creek, North",12182,1483,Boulder,Stream or River,Coldwater,public-indicated,Public-land/property indicator or official property URL is present,Trout: Brook | Trout: Brown | Trout: Cutthroat | Trout: Rainbow,North St. Vrain RNA,Medium,Low,No,No,None,No,False,,"https://www.google.com/search?q=""fishing report""+St. Vrain Creek, North+""Boulder County""+Colorado",https://www.fs.usda.gov/activity/arp/recreation/fishing,"https://www.google.com/maps/dir//40.2127,-105.4499",40.21268753949971,-105.44991904965937,0,
import-high-priority,84,Stearns Reservoir,Stearns Reservoir,60917,374,Boulder,Water Body,Warmwater,public-indicated,Public-land/property indicator or official property URL is present,Bass: Largemouth | Catfish: Channel | Crappie: Black | Sunfish: Bluegill,Rock Creek Farm,Medium,Medium,No,No,None,Warmwater,False,,"https://www.google.com/search?q=""fishing report""+Stearns Reservoir+""Boulder County""+Colorado",https://www.bouldercounty.org/open-space/parks-and-trails/carolyn-holmberg-preserve-rock-creek-farm/,"https://www.google.com/maps/dir//39.9473,-105.1053",39.947340317315636,-105.10534054838656,0,
import-high-priority,84,Strontia Springs Reservoir,Strontia Springs Reservoir,58443,180,Douglas,Water Body,Mixed coldwater/warmwater,public-indicated,Public-land/property indicator or official property URL is present,Perch: Yellow | Trout: Brown | Trout: Rainbow,Strontia Springs Reservoir,Medium,Low,No,No,None,No,False,,"https://www.google.com/search?q=""fishing report""+Strontia Springs Reservoir+""Douglas County""+Colorado",https://www.denverwater.org/recreation/waterton-canyon-strontia-springs-resevoir,"https://www.google.com/maps/dir//39.4266,-105.1346",39.426588758761824,-105.13460735401766,0,
import-high-priority,84,Sweetwater Creek,Sweetwater Creek,23507,1551,Garfield,Stream or River,Coldwater,public-indicated,Public-land/property indicator or official property URL is present,Trout: Brook | Trout: Brown | Trout: Cutthroat,White River National Forest,Medium,Medium,No,No,None,No,False,,"https://www.google.com/search?q=""fishing report""+Sweetwater Creek+""Garfield County""+Colorado",https://www.fs.usda.gov/activity/whiteriver/recreation/fishing,"https://www.google.com/maps/dir//39.8318,-107.2324",39.831796270999604,-107.2324318772512,0,
import-high-priority,84,Texas Creek,Texas Creek,43618,1533,Gunnison,Stream or River,Coldwater,public-indicated,Public-land/property indicator or official property URL is present,Trout: Brook | Trout: Brown | Trout: Cutthroat,Gunnison National Forest,Medium,Medium,No,No,None,No,False,,"https://www.google.com/search?q=""fishing report""+Texas Creek+""Gunnison County""+Colorado",https://www.fs.usda.gov/activity/gmug/recreation/fishing,"https://www.google.com/maps/dir//38.861,-106.5038",38.86099660638105,-106.50375407858397,0,
import-high-priority,84,Trout Creek,Trout Creek,23557,1592,Rio Blanco,Stream or River,Coldwater,public-indicated,Public-land/property indicator or official property URL is present,Trout: Brook | Trout: Cutthroat | Trout: Rainbow,Flat Tops Wilderness Area,Difficult,Low,No,No,None,No,False,,"https://www.google.com/search?q=""fishing report""+Trout Creek+""Rio Blanco County""+Colorado",https://www.fs.usda.gov/activity/mbr/recreation/fishing,"https://www.google.com/maps/dir//40.1302,-107.1348",40.130204604231324,-107.13483107686505,0,
import-high-priority,84,Valco Pond #4,Valco Pond #4,81414,1596,Pueblo,Water Body,Warmwater,public-indicated,Public-land/property indicator or official property URL is present,Bass: Largemouth | Bass: Smallmouth | Catfish: Channel | Crappie: Black | Perch: Saugeye | Perch: Walleye | Sunfish: Bluegill | Sunfish: Green,Lake Pueblo State Park,Medium,Medium,No,No,None,Warmwater,False,,"https://www.google.com/search?q=""fishing report""+Valco Pond #4+""Pueblo County""+Colorado",https://cpw.state.co.us/placestogo/Parks/lakepueblo,"https://www.google.com/maps/dir//38.2593,-104.7059",38.25967866123205,-104.68816954653352,0,
import-high-priority,84,Valco Ponds,Valco Pond #2,81412,1356,Pueblo,Water Body,Warmwater,public-indicated,Public-land/property indicator or official property URL is present,Bass: Largemouth | Bass: Smallmouth | Catfish: Black Bullhead | Catfish: Channel | Crappie: Black | Perch: Saugeye | Perch: Walleye | Perch: Yellow | Sunfish: Bluegill | Sunfish: Green,Lake Pueblo State Park,Medium,Medium,No,No,Belly boats,Warmwater,False,,"https://www.google.com/search?q=""fishing report""+Valco Pond #2+""Pueblo County""+Colorado",https://cpw.state.co.us/placestogo/Parks/lakepueblo,"https://www.google.com/maps/dir//38.2593,-104.7059",38.259508265225094,-104.70192329072592,0,
import-high-priority,84,"White River, South Fork","White River, South Fork",22753,687,Rio Blanco,Stream or River,Coldwater,public-indicated,Public-land/property indicator or official property URL is present,Trout: Brook | Trout: Cutbow | Trout: Rainbow,Oak Ridge SWA - Bel Aire Unit,Medium,Low,No,No,None,Sub-catchables,False,,"https://www.google.com/search?q=""fishing report""+White River, South Fork+""Rio Blanco County""+Colorado",https://cpw.state.co.us/swa/Oak%20Ridge%20SWA,"https://www.google.com/maps/dir//39.972,-107.6419",39.97171196606197,-107.6416278569974,0,
import-high-priority,84,Windsor Lake,Windsor Lake,81480,916,Lake,Water Body,Coldwater,public-indicated,Public-land/property indicator or official property URL is present,Trout: Cutthroat | Trout: Golden | Trout: Lake,Mount Massive Wilderness Area,Difficult,Low,No,No,None,Sub-catchables,False,,"https://www.google.com/search?q=""fishing report""+Windsor Lake+""Lake County""+Colorado",https://www.fs.usda.gov/activity/psicc/recreation/fishing,"https://www.google.com/maps/dir//39.2423,-106.4867",39.24227534415221,-106.48666662528673,0,
import-high-priority,84,Yampa River,Yampa River,22917,624,Routt,Stream or River,Mixed coldwater/warmwater,public-indicated,Public-land/property indicator or official property URL is present,Pike: Northern | Trout: Brook | Trout: Brown | Trout: Mountain Whitefish | Trout: Rainbow | Trout: Snake River Cutthroat,Steamboat Springs SWA,Medium,High,No,No,Non-motorized,Sub-catchables,False,,"https://www.google.com/search?q=""fishing report""+Yampa River+""Routt County""+Colorado",https://cpw.state.co.us/swa/Steamboat%20Springs%20SWA,"https://www.google.com/maps/dir//40.4693,-106.8304",40.46928529671479,-106.8304048361546,1,
import-high-priority,84,Yampa River,Yampa River,22905,669,Routt,Stream or River,Mixed coldwater/warmwater,public-indicated,Public-land/property indicator or official property URL is present,Bass: Smallmouth | Carp: Common | Pike: Northern | Trout: Brook | Trout: Brown | Trout: Mountain Whitefish | Trout: Rainbow,Yampa River SWA,Difficult,Medium,No,No,Non-motorized,Sub-catchables,False,,"https://www.google.com/search?q=""fishing report""+Yampa River+""Routt County""+Colorado",https://cpw.state.co.us/swa/Yampa%20River%20SWA,"https://www.google.com/maps/dir//40.5071,-107.3801",40.517172054007894,-107.39711893581891,0,
import-high-priority,82,[Purposely Left Blank],Deer Lakes,97611,1641,Hinsdale,Water Body,Coldwater,public-indicated,Public-land/property indicator or official property URL is present,Trout: Rainbow,Gunnison National Forest,Easy,High,No,No,Non-motorized,No,False,,"https://www.google.com/search?q=""fishing report""+Deer Lakes+""Hinsdale County""+Colorado",https://www.fs.usda.gov/activity/gmug/recreation/fishing,"https://www.google.com/maps/dir//38.0233,-107.1868",38.023340767322914,-107.18677111862053,0,
import-high-priority,82,[Purposely Left Blank],Deer Lakes,97635,1643,Hinsdale,Water Body,Coldwater,public-indicated,Public-land/property indicator or official property URL is present,Trout: Cutthroat,Gunnison National Forest,Easy,High,No,No,Non-motorized,No,False,,"https://www.google.com/search?q=""fishing report""+Deer Lakes+""Hinsdale County""+Colorado",https://www.fs.usda.gov/activity/gmug/recreation/fishing,"https://www.google.com/maps/dir//38.0247,-107.1905",38.02468661618765,-107.19050463012907,0,
import-high-priority,82,[Purposely Left Blank],"Venable Lake, Upper",81404,1149,Custer,Water Body,Coldwater,public-indicated,Public-land/property indicator or official property URL is present,Trout: Cutthroat,Sangre De Cristo Wilderness Area,Easy,Medium,No,No,Unsure,Sub-catchables,False,,"https://www.google.com/search?q=""fishing report""+Venable Lake, Upper+""Custer County""+Colorado",https://www.fs.usda.gov/activity/psicc/recreation/fishing,"https://www.google.com/maps/dir//38.0671,-105.6203",38.06707959719497,-105.62033559634686,0,
import-high-priority,82,[Purposely Left Blank],"Forest Lake #3, Upper",54887,67,Gilpin,Water Body,Coldwater,public-indicated,Public-land/property indicator or official property URL is present,Trout: Brook,James Peak Wilderness Area,Easy,Low,No,No,Non-motorized,No,False,,https://cpw.state.co.us/thingstodo/Fishery%20Survey%20Summaries/JamesPeakWildernessLakes.pdf,https://www.fs.usda.gov/activity/arp/recreation/fishing,"https://www.google.com/maps/dir//39.9214,-105.6735",39.921412766803854,-105.67350706666012,0,
import-high-priority,82,[Purposely Left Blank],Grasmere Lake,52821,108,Denver,Water Body,Warmwater,public-indicated,Public-land/property indicator or official property URL is present,Bass: Largemouth | Sunfish: Bluegill,Washington Park,Easy,Low,No,No,None,Warmwater,False,,"https://www.google.com/search?q=""fishing report""+Grasmere Lake+""Denver County""+Colorado",https://www.denvergov.org/content/denvergov/en/denver-parks-and-recreation/parks/city-parks.html,"https://www.google.com/maps/dir//39.6956,-104.9715",39.6955944929205,-104.97152623164966,0,
import-high-priority,82,Big Creek Reservoir #1,Big Creek Reservoir #1,65222,100,Mesa,Water Body,Coldwater,public-indicated,Public-land/property indicator or official property URL is present,Trout: Cutthroat | Trout: Rainbow,Grand Mesa National Forest,Easy,High,No,No,Motor boats,No,False,,"https://www.google.com/search?q=""fishing report""+Big Creek Reservoir #1+""Mesa County""+Colorado",https://www.fs.usda.gov/activity/gmug/recreation/fishing,"https://www.google.com/maps/dir//39.0805,-107.8826",39.08054250322941,-107.88263491702628,0,
import-high-priority,82,Bowles Grove Pond,Bowles Grove Pond,57910,506,Arapahoe,Water Body,Warmwater,public-indicated,Public-land/property indicator or official property URL is present,Bass: Largemouth | Sunfish: Bluegill,Bowles Grove Park,Easy,Low,No,No,None,No,False,,"https://www.google.com/search?q=""fishing report""+Bowles Grove Pond+""Arapahoe County""+Colorado",https://www.ssprd.org/Parks/ParksTrails/BowlesGrovePark.aspx,"https://www.google.com/maps/dir//39.6135,-105.0283",39.61346866881195,-105.02833933647912,0,
import-high-priority,82,"Brush Creek, West","Brush Creek, West",19326,1545,Eagle,Stream or River,Coldwater,public-indicated,Public-land/property indicator or official property URL is present,Trout: Brook | Trout: Brown,White River National Forest,Easy,Medium,Unsure,Unsure,None,No,False,,"https://www.google.com/search?q=""fishing report""+Brush Creek, West+""Eagle County""+Colorado",https://www.fs.usda.gov/activity/whiteriver/recreation/fishing,"https://www.google.com/maps/dir//39.4657,-106.725",39.465656205179805,-106.72500281161794,0,
import-high-priority,82,"Cimarron River, Little","Cimarron River, Little",39051,1566,Gunnison,Stream or River,Coldwater,public-indicated,Public-land/property indicator or official property URL is present,Trout: Brook | Trout: Rainbow,Uncompahgre National Forest,Easy,Low,No,No,None,No,False,,"https://www.google.com/search?q=""fishing report""+Cimarron River, Little+""Gunnison County""+Colorado",https://www.fs.usda.gov/activity/gmug/recreation/fishing,"https://www.google.com/maps/dir//38.1938,-107.4619",38.19384301311569,-107.46185731764804,0,
import-high-priority,82,Clear Creek,Clear Creek,10532,1392,Clear Creek,Stream or River,Coldwater,public-indicated,Public-land/property indicator or official property URL is present,Trout: Brown | Trout: Rainbow,Clear Creek County Open Space,Easy,Low,No,No,Non-motorized,Sub-catchables,False,,https://cpw.state.co.us/thingstodo/Fishery%20Survey%20Summaries/ClearCreek.pdf,https://www.co.clear-creek.co.us/index.aspx?nid=232,"https://www.google.com/maps/dir//39.7635,-105.5998",39.763503105254486,-105.59978497323766,0,
import-high-priority,82,"Clear Creek, North Fork","Clear Creek, North Fork",10568,1396,Gilpin,Stream or River,Coldwater,public-indicated,Public-land/property indicator or official property URL is present,Trout: Brook | Trout: Brown,Arapaho National Forest,Easy,Low,No,No,None,No,False,,"https://www.google.com/search?q=""fishing report""+Clear Creek, North Fork+""Gilpin County""+Colorado",https://www.fs.usda.gov/activity/arp/recreation/fishing,"https://www.google.com/maps/dir//39.8501,-105.6102",39.85013392904865,-105.61017169609958,0,
import-high-priority,82,"Clear Creek, South Fork","Clear Creek, South Fork",10570,1409,Clear Creek,Stream or River,Coldwater,public-indicated,Public-land/property indicator or official property URL is present,Trout: Brook,Arapaho National Forest,Easy,Low,No,No,None,No,False,,"https://www.google.com/search?q=""fishing report""+Clear Creek, South Fork+""Clear Creek County""+Colorado",https://www.fs.usda.gov/activity/arp/recreation/fishing,"https://www.google.com/maps/dir//39.6529,-105.7077",39.65290939256077,-105.70772658448986,0,
import-high-priority,82,Cochetopa Creek,Cochetopa Creek,39188,1789,Saguache,Stream or River,Coldwater,public-indicated,Public-land/property indicator or official property URL is present,Trout: Brown | Trout: Rainbow,Bureau of Land Management,Easy,Medium,No,No,None,No,False,,"https://www.google.com/search?q=""fishing report""+Cochetopa Creek+""Saguache County""+Colorado",https://www.blm.gov/colorado,"https://www.google.com/maps/dir//38.3576,-106.778",38.35764648175077,-106.77796007326181,0,
import-high-priority,82,Cottonwood Creek,Cottonwood Creek,29480,635,Chaffee,Stream or River,Coldwater,public-indicated,Public-land/property indicator or official property URL is present,Trout: Brown,Harmon SWA,Easy,Low,No,No,None,No,False,,"https://www.google.com/search?q=""fishing report""+Cottonwood Creek+""Chaffee County""+Colorado",https://cpw.state.co.us/swa/Harmon%20SWA,"https://www.google.com/maps/dir//38.8309,-106.1778",38.831315155818054,-106.17533878096198,0,
import-high-priority,82,Deadman Creek,Deadman Creek,10760,1465,Larimer,Stream or River,Coldwater,public-indicated,Public-land/property indicator or official property URL is present,Trout: Brook | Trout: Brown,Roosevelt National Forest,Easy,Low,No,No,None,No,False,,"https://www.google.com/search?q=""fishing report""+Deadman Creek+""Larimer County""+Colorado",https://www.fs.usda.gov/activity/arp/recreation/fishing,"https://www.google.com/maps/dir//40.7997,-105.8093",40.799731236621305,-105.80928255927414,0,
import-high-priority,82,Deer Lakes,Deer Lakes,97609,1603,Hinsdale,Water Body,Coldwater,public-indicated,Public-land/property indicator or official property URL is present,Trout: Cutthroat | Trout: Rainbow,Gunnison National Forest,Easy,High,No,No,Non-motorized,No,False,,"https://www.google.com/search?q=""fishing report""+Deer Lakes+""Hinsdale County""+Colorado",https://www.fs.usda.gov/activity/gmug/recreation/fishing,"https://www.google.com/maps/dir//38.0228,-107.1888",38.022802194686555,-107.18883174338953,0,
import-high-priority,82,"Fryingpan River, North Fork","Fryingpan River, North Fork",20420,1542,Pitkin,Stream or River,Coldwater,public-indicated,Public-land/property indicator or official property URL is present,Trout: Brook | Trout: Brown,White River National Forest,Easy,Low,No,No,None,No,False,,"https://www.google.com/search?q=""fishing report""+Fryingpan River, North Fork+""Pitkin County""+Colorado",https://www.fs.usda.gov/activity/whiteriver/recreation/fishing,"https://www.google.com/maps/dir//39.3436,-106.611",39.34358375057157,-106.61101589603312,0,
import-high-priority,82,Illinois River,Illinois River,13867,1467,Jackson,Stream or River,Coldwater,public-indicated,Public-land/property indicator or official property URL is present,Trout: Brown,Arapaho National Wildlife Refuge,Easy,Low,No,No,None,No,False,,"https://www.google.com/search?q=""fishing report""+Illinois River+""Jackson County""+Colorado",https://www.fws.gov/refuge/arapaho/,"https://www.google.com/maps/dir//40.6491,-106.2682",40.649122152284065,-106.26821463159986,0,
import-high-priority,82,Ivanhoe Creek,Ivanhoe Creek,20761,1547,Pitkin,Stream or River,Coldwater,public-indicated,Public-land/property indicator or official property URL is present,Trout: Brook,White River National Forest,Easy,Low,No,No,None,No,False,,"https://www.google.com/search?q=""fishing report""+Ivanhoe Creek+""Pitkin County""+Colorado",https://www.fs.usda.gov/activity/whiteriver/recreation/fishing,"https://www.google.com/maps/dir//39.2907,-106.5489",39.29069867237726,-106.54892847764171,0,
import-high-priority,82,Jenny Creek,Jenny Creek,11255,1416,Gilpin,Stream or River,Coldwater,public-indicated,Public-land/property indicator or official property URL is present,Trout: Brook | Trout: Cutthroat,Roosevelt National Forest,Easy,Low,No,No,None,No,False,,"https://www.google.com/search?q=""fishing report""+Jenny Creek+""Gilpin County""+Colorado",https://www.fs.usda.gov/activity/arp/recreation/fishing,"https://www.google.com/maps/dir//39.929,-105.6056",39.92902783686832,-105.60563379266148,0,
import-high-priority,82,Laramie River,Laramie River,11394,1471,Larimer,Stream or River,Coldwater,public-indicated,Public-land/property indicator or official property URL is present,Trout: Brook | Trout: Brown,Roosevelt National Forest,Easy,Medium,No,No,None,No,False,,"https://www.google.com/search?q=""fishing report""+Laramie River+""Larimer County""+Colorado",https://www.fs.usda.gov/activity/arp/recreation/fishing,"https://www.google.com/maps/dir//40.6691,-105.8586",40.669147315324494,-105.85864627681221,0,
import-high-priority,82,Left Hand Park Reservoir,Left Hand Park Reservoir,55459,82,Boulder,Water Body,Coldwater,public-indicated,Public-land/property indicator or official property URL is present,Trout: Brook | Trout: Splake,Roosevelt National Forest,Easy,Low,No,No,Unsure,No,False,,"https://www.google.com/search?q=""fishing report""+Left Hand Park Reservoir+""Boulder County""+Colorado",https://www.fs.usda.gov/activity/arp/recreation/fishing,"https://www.google.com/maps/dir//40.0676,-105.5626",40.06764828357539,-105.5626252703813,0,
import-high-priority,82,"Leroux Creek, East Fork","Leroux Creek, East Fork",38849,1457,Delta,Stream or River,Coldwater,public-indicated,Public-land/property indicator or official property URL is present,Trout: Rainbow,Grand Mesa National Forest,Easy,Low,No,No,None,No,False,,"https://www.google.com/search?q=""fishing report""+Leroux Creek, East Fork+""Delta County""+Colorado",https://www.fs.usda.gov/activity/gmug/recreation/fishing,"https://www.google.com/maps/dir//39.0193,-107.6979",39.0192867724429,-107.69784955865448,0,
import-high-priority,82,"Leroux Creek, West Fork","Leroux Creek, West Fork",40262,1458,Delta,Stream or River,Coldwater,public-indicated,Public-land/property indicator or official property URL is present,Trout: Rainbow,Grand Mesa National Forest,Easy,Low,No,No,None,No,False,,"https://www.google.com/search?q=""fishing report""+Leroux Creek, West Fork+""Delta County""+Colorado",https://www.fs.usda.gov/activity/gmug/recreation/fishing,"https://www.google.com/maps/dir//39.0059,-107.7355",39.005904434829674,-107.73546776522512,0,
import-high-priority,82,Lime Creek,Lime Creek,26179,1548,Eagle,Stream or River,Coldwater,public-indicated,Public-land/property indicator or official property URL is present,Trout: Brook,White River National Forest,Easy,Low,No,No,None,No,False,,"https://www.google.com/search?q=""fishing report""+Lime Creek+""Eagle County""+Colorado",https://www.fs.usda.gov/activity/whiteriver/recreation/fishing,"https://www.google.com/maps/dir//39.5501,-106.3269",39.55013440537092,-106.32685867814983,0,
import-high-priority,82,Military Park Reservoir,Military Park Reservoir,91176,478,Delta,Water Body,Coldwater,public-indicated,Public-land/property indicator or official property URL is present,Trout: Cutthroat,Grand Mesa National Forest,Easy,Medium,No,Yes,Non-motorized,Sub-catchables,False,,"https://www.google.com/search?q=""fishing report""+Military Park Reservoir+""Delta County""+Colorado",https://www.fs.usda.gov/activity/gmug/recreation/fishing,"https://www.google.com/maps/dir//39.0575,-107.8893",39.057509984515605,-107.88932057462941,0,
import-high-priority,82,Miller Creek,Miller Creek,25761,1583,Rio Blanco,Stream or River,Coldwater,public-indicated,Public-land/property indicator or official property URL is present,Trout: Brook | Trout: Brown,White River National Forest,Easy,Low,No,No,None,No,False,,"https://www.google.com/search?q=""fishing report""+Miller Creek+""Rio Blanco County""+Colorado",https://www.fs.usda.gov/activity/whiteriver/recreation/fishing,"https://www.google.com/maps/dir//39.8778,-107.7656",39.87778347182235,-107.7656296099845,0,
import-high-priority,82,North Platte River,North Platte River,10904,612,Jackson,Stream or River,Coldwater,public-indicated,Public-land/property indicator or official property URL is present,Trout: Brown | Trout: Rainbow,Verner SWA,Easy,Low,No,No,None,No,False,,"https://www.google.com/search?q=""fishing report""+North Platte River+""Jackson County""+Colorado",https://cpw.state.co.us/swa/Verner%20SWA,"https://www.google.com/maps/dir//40.697,-106.4119",40.704908749222696,-106.40897767128264,1,
import-high-priority,82,Overland Reservoir,Overland Reservoir,91645,307,Delta,Water Body,Coldwater,public-indicated,Public-land/property indicator or official property URL is present,Trout: Rainbow,Grand Mesa National Forest,Easy,Medium,No,Yes,Non-motorized,Sub-catchables,False,,"https://www.google.com/search?q=""fishing report""+Overland Reservoir+""Delta County""+Colorado",https://www.fs.usda.gov/activity/gmug/recreation/fishing,"https://www.google.com/maps/dir//39.0842,-107.6462",39.084203247937076,-107.64617556105524,0,
import-high-priority,82,Paonia Reservoir,Paonia Reservoir,91657,1353,Gunnison,Water Body,Coldwater,public-indicated,Public-land/property indicator or official property URL is present,Trout: Rainbow,Paonia State Park,Easy,Low,No,No,Motor boats,No,False,,"https://www.google.com/search?q=""fishing report""+Paonia Reservoir+""Gunnison County""+Colorado",https://cpw.state.co.us/placestogo/Parks/paonia,"https://www.google.com/maps/dir//38.9407,-107.3601",38.956317496575366,-107.3404973257569,0,
import-high-priority,82,"Piedra River, First Fork","Piedra River, First Fork",42109,1521,Archuleta,Stream or River,Coldwater,public-indicated,Public-land/property indicator or official property URL is present,Trout: Brown,San Juan National Forest,Easy,High,No,No,Unsure,No,False,,"https://www.google.com/search?q=""fishing report""+Piedra River, First Fork+""Archuleta County""+Colorado",https://www.fs.usda.gov/activity/sanjuan/recreation/fishing,"https://www.google.com/maps/dir//37.3556,-107.3256",37.35559347530808,-107.32563520962422,0,
import-high-priority,82,Pine Creek,Pine Creek,14643,1408,Douglas,Stream or River,Coldwater,public-indicated,Public-land/property indicator or official property URL is present,Trout: Brook | Trout: Brown,Pike National Forest,Easy,Low,No,No,None,No,False,,"https://www.google.com/search?q=""fishing report""+Pine Creek+""Douglas County""+Colorado",https://www.fs.usda.gov/activity/psicc/recreation/fishing,"https://www.google.com/maps/dir//39.3202,-105.1124",39.32021625471951,-105.11239567767616,0,
import-high-priority,82,Pothole Lake #2 (upper),Pothole Lake #2 (upper),91809,772,Gunnison,Water Body,Coldwater,public-indicated,Public-land/property indicator or official property URL is present,Trout: Rainbow,Gunnison National Forest,Easy,Medium,No,Unsure,Motor boats,No,False,,"https://www.google.com/search?q=""fishing report""+Pothole Lake #2 (upper)+""Gunnison County""+Colorado",https://www.fs.usda.gov/activity/gmug/recreation/fishing,"https://www.google.com/maps/dir//38.949,-106.6176",38.94899380322163,-106.61759627647484,0,
import-high-priority,82,Progress Park Pond,Progress Park Pond,55960,205,Arapahoe,Water Body,Warmwater,public-indicated,Public-land/property indicator or official property URL is present,Bass: Largemouth | Sunfish: Bluegill,Progress Park,Easy,Low,No,No,None,No,False,,"https://www.google.com/search?q=""fishing report""+Progress Park Pond+""Arapahoe County""+Colorado",https://sspr.maps.arcgis.com/apps/webappviewer/index.html?id=27fb075d4a6346d598dc29b553c3c288&find=Progress%20Park,"https://www.google.com/maps/dir//39.6226,-104.9994",39.622639946308766,-104.9994326941915,0,
import-high-priority,82,Ralston Creek,Ralston Creek,18134,1395,Gilpin,Stream or River,Coldwater,public-indicated,Public-land/property indicator or official property URL is present,Trout: Brook | Trout: Rainbow,Golden Gate Canyon State Park,Easy,Low,No,No,None,No,False,,"https://www.google.com/search?q=""fishing report""+Ralston Creek+""Gilpin County""+Colorado",https://cpw.state.co.us/placestogo/Parks/goldengatecanyon,"https://www.google.com/maps/dir//39.833,-105.4081",39.83299469065587,-105.4076711506932,0,
import-high-priority,82,Reed Reservoir,Reed Reservoir,91936,702,Delta,Water Body,Coldwater,public-indicated,Public-land/property indicator or official property URL is present,Trout: Rainbow,Grand Mesa National Forest,Easy,Medium,No,Yes,Non-motorized,No,False,,"https://www.google.com/search?q=""fishing report""+Reed Reservoir+""Delta County""+Colorado",https://www.fs.usda.gov/activity/gmug/recreation/fishing,"https://www.google.com/maps/dir//39.0331,-107.948",39.03313581709559,-107.94796389444231,0,
import-high-priority,82,Roaring Fork,Roaring Fork,12079,672,Jackson,Stream or River,Coldwater,public-indicated,Public-land/property indicator or official property URL is present,Trout: Brown,Manville SWA,Easy,Medium,No,No,None,No,False,,"https://www.google.com/search?q=""fishing report""+Roaring Fork+""Jackson County""+Colorado",https://cpw.state.co.us/swa/Manville%20SWA,"https://www.google.com/maps/dir//40.6834,-106.4605",40.68305054339189,-106.46073067930438,1,
import-high-priority,82,San Miguel River,San Miguel River,46866,614,San Miguel,Stream or River,Coldwater,public-indicated,Public-land/property indicator or official property URL is present,Trout: Brown | Trout: Rainbow,San Miguel SWA,Easy,Medium,No,No,None,Sub-catchables,False,,"https://www.google.com/search?q=""fishing report""+San Miguel River+""San Miguel County""+Colorado",https://cpw.state.co.us/swa/San%20Miguel%20SWA,"https://www.google.com/maps/dir//38.0039,-108.0401",38.00391004416691,-108.04007736915307,0,
import-high-priority,82,Sand Creek,Sand Creek,12207,1470,Larimer,Stream or River,Coldwater,public-indicated,Public-land/property indicator or official property URL is present,Trout: Brook,Roosevelt National Forest,Easy,Low,No,No,None,No,False,,"https://www.google.com/search?q=""fishing report""+Sand Creek+""Larimer County""+Colorado",https://www.fs.usda.gov/activity/arp/recreation/fishing,"https://www.google.com/maps/dir//40.8614,-105.8123",40.861396214022875,-105.81233895395916,0,
import-high-priority,82,Scenery Pond,Scenery Pond,73626,1769,Rio Blanco,Water Body,Coldwater,public-indicated,Public-land/property indicator or official property URL is present,Trout: Unspecified,Colorow Mountain State Wildlife Area,Easy,Low,No,No,None,No,False,,"https://www.google.com/search?q=""fishing report""+Scenery Pond+""Rio Blanco County""+Colorado",https://cpw.state.co.us/swa/Colorow%20Mountain%20SWA,"https://www.google.com/maps/dir//40.1656,-108.1156",40.16556032103874,-108.11561011045545,0,
import-high-priority,82,Sheep Creek,Sheep Creek,12257,648,Larimer,Stream or River,Coldwater,public-indicated,Public-land/property indicator or official property URL is present,Trout: Brown,Cherokee SWA - Upper Unit,Easy,Low,No,No,None,No,False,,"https://www.google.com/search?q=""fishing report""+Sheep Creek+""Larimer County""+Colorado",https://cpw.state.co.us/swa/Cherokee%20SWA%20(All%20units),"https://www.google.com/maps/dir//40.8947,-105.5666",40.89520616925753,-105.56797870126526,0,
import-high-priority,82,South Platte River,South Platte River,11813,1321,Jefferson,Stream or River,Coldwater,public-indicated,Public-land/property indicator or official property URL is present,Trout: Brown | Trout: Rainbow,Chatfield State Park,Easy,Low,No,No,None,No,False,,"https://www.google.com/search?q=""fishing report""+South Platte River+""Jefferson County""+Colorado",https://cpw.state.co.us/placestogo/Parks/Chatfield,"https://www.google.com/maps/dir//39.521,-105.077",39.51865894141427,-105.0782100137562,0,
import-high-priority,82,"South Platte River, North Fork","South Platte River, North Fork",10980,1374,Park,Stream or River,Coldwater,public-indicated,Public-land/property indicator or official property URL is present,Trout: Brook,Pike National Forest,Easy,Low,No,No,None,No,False,,"https://www.google.com/search?q=""fishing report""+South Platte River, North Fork+""Park County""+Colorado",https://www.fs.usda.gov/activity/psicc/recreation/fishing,"https://www.google.com/maps/dir//39.5039,-105.8343",39.50387520350861,-105.83428901573708,0,
import-high-priority,82,"South Platte River, South Fork","South Platte River, South Fork",30825,616,Park,Stream or River,Coldwater,public-indicated,Public-land/property indicator or official property URL is present,Trout: Brown | Trout: Rainbow,Knight-Imler SWA,Easy,Medium,No,No,None,No,False,,"https://www.google.com/search?q=""fishing report""+South Platte River, South Fork+""Park County""+Colorado",https://cpw.state.co.us/swa/Knight-Imler%20SWA,"https://www.google.com/maps/dir//39.0489,-105.9681",39.05984243922555,-105.96934902268521,0,
import-high-priority,82,"South Platte River, South Fork","South Platte River, South Fork",30813,618,Park,Stream or River,Coldwater,public-indicated,Public-land/property indicator or official property URL is present,Trout: Brown | Trout: Rainbow,Badger Basin SWA,Easy,Medium,No,No,None,No,False,,"https://www.google.com/search?q=""fishing report""+South Platte River, South Fork+""Park County""+Colorado",https://cpw.state.co.us/swa/Badger%20Basin%20SWA,"https://www.google.com/maps/dir//39.0153,-105.7394",39.02362363900829,-105.81126175625423,1,
import-high-priority,82,Sterns Park Pond,Sterne Park Pond,57148,501,Arapahoe,Water Body,Warmwater,public-indicated,Public-land/property indicator or official property URL is present,Carp: Common | Sunfish: Green,Sterne Park,Easy,Low,No,No,None,No,False,,"https://www.google.com/search?q=""fishing report""+Sterne Park Pond+""Arapahoe County""+Colorado",https://sspr.maps.arcgis.com/apps/webappviewer/index.html?id=27fb075d4a6346d598dc29b553c3c288&find=Sterne%20Park,"https://www.google.com/maps/dir//39.6105,-105.0118",39.610547230819215,-105.01175770565378,0,
import-high-priority,82,The Trails Pond,The Trails Pond,52305,1638,Broomfield,Water Body,Warmwater,public-indicated,Public-land/property indicator or official property URL is present,Bass: Largemouth | Sunfish: Bluegill,The Trails at West Lake,Easy,Medium,No,No,None,No,False,,"https://www.google.com/search?q=""fishing report""+The Trails Pond+""Broomfield County""+Colorado",https://www.broomfield.org/1062/Fishing-in-Broomfield,"https://www.google.com/maps/dir//39.937,-105.0299",39.936974873654115,-105.02992241414813,0,
import-high-priority,82,Tom Frost Reservoir,Tom Frost Reservoir,52306,375,Broomfield,Water Body,Warmwater,public-indicated,Public-land/property indicator or official property URL is present,Bass: Largemouth | Catfish: Channel,Tom Frost Reservoir,Easy,Medium,No,No,None,Warmwater,False,,"https://www.google.com/search?q=""fishing report""+Tom Frost Reservoir+""Broomfield County""+Colorado",https://www.broomfield.org/1062/Fishing-in-Broomfield,"https://www.google.com/maps/dir//39.9299,-105.0377",39.929888220730234,-105.03773055173306,0,
import-high-priority,82,Trout Creek,Trout Creek,12435,1362,Douglas,Stream or River,Coldwater,public-indicated,Public-land/property indicator or official property URL is present,Trout: Brook | Trout: Brown,Pike National Forest,Easy,Low,No,No,None,No,False,,"https://www.google.com/search?q=""fishing report""+Trout Creek+""Douglas County""+Colorado",https://www.fs.usda.gov/activity/psicc/recreation/fishing,"https://www.google.com/maps/dir//39.2196,-105.174",39.219561640581,-105.17397765987128,0,
import-high-priority,82,Union Square Ponds,Union Square Ponds,58316,186,Jefferson,Water Body,Warmwater,public-indicated,Public-land/property indicator or official property URL is present,Sunfish: Bluegill,Union Square Park,Easy,Low,No,No,None,No,False,,"https://www.google.com/search?q=""fishing report""+Union Square Ponds+""Jefferson County""+Colorado",https://www.lakewood.org/Government/Departments/Community-Resources/Parks-Forestry-and-Open-Space/A-to-Z-Park-Listing/Union-Square-Park,"https://www.google.com/maps/dir//39.7177,-105.1361",39.71772896055343,-105.13614123634844,0,
import-high-priority,82,Vanderbuilt Pond,Vanderbuilt Pond,58037,113,Denver,Water Body,Warmwater,public-indicated,Public-land/property indicator or official property URL is present,Sunfish: Green,Vanderbilt Park,Easy,Low,No,No,None,No,False,,"https://www.google.com/search?q=""fishing report""+Vanderbuilt Pond+""Denver County""+Colorado",https://www.denvergov.org/content/denvergov/en/denver-parks-and-recreation/parks/city-parks.html,"https://www.google.com/maps/dir//39.6991,-104.995",39.69914654588576,-104.99501608307968,0,
import-high-priority,82,West Creek,West Creek,43997,1710,Mesa,Stream or River,Coldwater,public-indicated,Public-land/property indicator or official property URL is present,Trout: Brown | Trout: Rainbow,Bureau of Land Management,Easy,Low,No,No,None,Sub-catchables,False,,"https://www.google.com/search?q=""fishing report""+West Creek+""Mesa County""+Colorado",https://www.blm.gov/colorado,"https://www.google.com/maps/dir//38.7674,-108.8955",38.767442125595,-108.89552494370984,0,
import-high-priority,82,West Creek,West Creek,12512,1361,Douglas,Stream or River,Coldwater,public-indicated,Public-land/property indicator or official property URL is present,Trout: Brown,Pike National Forest,Easy,Low,No,No,None,No,False,,"https://www.google.com/search?q=""fishing report""+West Creek+""Douglas County""+Colorado",https://www.fs.usda.gov/activity/psicc/recreation/fishing,"https://www.google.com/maps/dir//39.202,-105.1767",39.201953858824425,-105.17670949953235,0,
import-high-priority,82,Youngs Creek Reservoir #3,Youngs Creek Reservoir #3,93346,359,Delta,Water Body,Coldwater,public-indicated,Public-land/property indicator or official property URL is present,Trout: Cutthroat,Grand Mesa National Forest,Easy,Medium,No,Yes,Non-motorized,No,False,,"https://www.google.com/search?q=""fishing report""+Youngs Creek Reservoir #3+""Delta County""+Colorado",https://www.fs.usda.gov/activity/gmug/recreation/fishing,"https://www.google.com/maps/dir//39.0442,-107.9175",39.04419935644545,-107.917508568283,0,
import-high-priority,80,[Purposely Left Blank],Creedmore Lakes,54558,1005,Larimer,Water Body,Coldwater,public-indicated,Public-land/property indicator or official property URL is present,Trout: Brook | Trout: Brown,Roosevelt National Forest,Medium,Medium,Yes,Yes,Non-motorized,Sub-catchables,False,,"https://www.google.com/search?q=""fishing report""+Creedmore Lakes+""Larimer County""+Colorado",https://www.fs.usda.gov/activity/arp/recreation/fishing,"https://www.google.com/maps/dir//40.8601,-105.5899",40.860120516327534,-105.58987166702205,1,
import-high-priority,80,[Purposely Left Blank],"Brown Lake, Upper",88802,647,Hinsdale,Water Body,Coldwater,public-indicated,Public-land/property indicator or official property URL is present,Trout: Brook | Trout: Rainbow,Brown Lakes SWA,Medium,Low,Yes,Yes,Motor boats,Sub-catchables,False,,"https://www.google.com/search?q=""fishing report""+Brown Lake, Upper+""Hinsdale County""+Colorado",https://cpw.state.co.us/swa/Brown%20Lakes%20SWA,"https://www.google.com/maps/dir//37.8225,-107.1959",37.82175024976508,-107.19440022107104,0,
import-high-priority,80,[Purposely Left Blank],"Buckhorn Lake, Little",88838,292,Montrose,Water Body,Coldwater,public-indicated,Public-land/property indicator or official property URL is present,Trout: Brook | Trout: Rainbow,Buckhorn Lakes Park,Difficult,Medium,Yes,Yes,Unsure,No,False,,"https://www.google.com/search?q=""fishing report""+Buckhorn Lake, Little+""Montrose County""+Colorado",https://www.coloradowestoutdoors.com/home/day-outings/montrose-county/buckhorn-lakes-park/,"https://www.google.com/maps/dir//38.3329,-107.65",38.332852777257735,-107.65004358270116,0,
import-high-priority,80,[Purposely Left Blank],Rainbow Lake #1,58974,165,Boulder,Water Body,Coldwater,public-indicated,Public-land/property indicator or official property URL is present,Trout: Brook,Indian Peaks Wilderness Area,Medium,Low,Yes,No,Non-motorized,No,False,,"https://www.google.com/search?q=""fishing report""+Rainbow Lake #1+""Boulder County""+Colorado",https://www.fs.usda.gov/activity/arp/recreation/fishing,"https://www.google.com/maps/dir//40.0118,-105.578",40.01176274287723,-105.57802273750755,0,
import-high-priority,80,[Purposely Left Blank],Rainbow Lake #3,58998,168,Boulder,Water Body,Coldwater,public-indicated,Public-land/property indicator or official property URL is present,Trout: Brook,Indian Peaks Wilderness Area,Medium,Low,Yes,No,Non-motorized,No,False,,"https://www.google.com/search?q=""fishing report""+Rainbow Lake #3+""Boulder County""+Colorado",https://www.fs.usda.gov/activity/arp/recreation/fishing,"https://www.google.com/maps/dir//40.0122,-105.5855",40.0121940804527,-105.58546212565153,0,
import-high-priority,80,[Purposely Left Blank],Ladybug Lake,60234,565,Arapahoe,Water Body,Warmwater,public-indicated,Public-land/property indicator or official property URL is present,Bass: Largemouth | Sunfish: Green,South Platte Park/Carson Nature Area,Medium,Low,Yes,No,None,No,False,,"https://www.google.com/search?q=""fishing report""+Ladybug Lake+""Arapahoe County""+Colorado",https://www.ssprd.org/nature,"https://www.google.com/maps/dir//39.57,-105.041",39.57004034784046,-105.04099430004355,0,
import-high-priority,80,"Chicago Creek, West Fork","Chicago Creek, West Fork",10518,1399,Clear Creek,Stream or River,Coldwater,public-indicated,Public-land/property indicator or official property URL is present,Trout: Brook,Arapaho National Forest,Medium,Low,Yes,No,None,No,False,,"https://www.google.com/search?q=""fishing report""+Chicago Creek, West Fork+""Clear Creek County""+Colorado",https://www.fs.usda.gov/activity/arp/recreation/fishing,"https://www.google.com/maps/dir//39.6791,-105.6555",39.67909063671846,-105.65550348628332,0,
import-high-priority,80,Crosho Lake,Crosho Lake,66111,1108,Rio Blanco,Water Body,Coldwater,public-indicated,Public-land/property indicator or official property URL is present,Grayling: Arctic | Trout: Cutthroat,Routt National Forest,Medium,Medium,Yes,Yes,Electric,Sub-catchables,False,,"https://www.google.com/search?q=""fishing report""+Crosho Lake+""Rio Blanco County""+Colorado",https://www.fs.usda.gov/activity/mbr/recreation/fishing,"https://www.google.com/maps/dir//40.1728,-107.0564",40.17275802006602,-107.05640623735324,0,
import-high-priority,80,Deep Creek,Deep Creek,19922,1549,Garfield,Stream or River,Coldwater,public-indicated,Public-land/property indicator or official property URL is present,Trout: Brook,White River National Forest,Medium,Medium,Yes,No,None,No,False,,"https://www.google.com/search?q=""fishing report""+Deep Creek+""Garfield County""+Colorado",https://www.fs.usda.gov/activity/whiteriver/recreation/fishing,"https://www.google.com/maps/dir//39.7494,-107.2502",39.749390071450065,-107.2501700108514,0,
import-high-priority,80,Freeman Reservoir,Freeman Reservoir,66705,400,Moffat,Water Body,Coldwater,public-indicated,Public-land/property indicator or official property URL is present,Trout: Cutthroat,Routt National Forest,Medium,Low,Yes,Yes,Non-motorized,No,False,,"https://www.google.com/search?q=""fishing report""+Freeman Reservoir+""Moffat County""+Colorado",https://www.fs.usda.gov/activity/mbr/recreation/fishing,"https://www.google.com/maps/dir//40.765,-107.4259",40.76500415778191,-107.42586599329461,0,
import-high-priority,80,Hot Springs Reservoir,Hot Springs Reservoir,90580,774,Gunnison,Water Body,Coldwater,public-indicated,Public-land/property indicator or official property URL is present,Trout: Rainbow,Tomichi Dome STL,Medium,Low,Yes,Yes,Motor boats,No,False,,"https://www.google.com/search?q=""fishing report""+Hot Springs Reservoir+""Gunnison County""+Colorado",https://cpw.state.co.us/placestogo/Pages/StateTrustLands.aspx,"https://www.google.com/maps/dir//38.5118,-106.5375",38.51179300427121,-106.53748928410134,0,
import-high-priority,80,Huerfano River,Huerfano River,30130,644,Huerfano,Stream or River,Coldwater,public-indicated,Public-land/property indicator or official property URL is present,Trout: Brown,Huerfano SWA,Medium,Low,Yes,No,Unsure,No,False,,"https://www.google.com/search?q=""fishing report""+Huerfano River+""Huerfano County""+Colorado",https://cpw.state.co.us/swa/Huerfano%20SWA,"https://www.google.com/maps/dir//37.6824,-105.4047",37.68682960321532,-105.39979430546374,0,
import-high-priority,80,Jenny Lake,Jenny Lake,55295,245,Boulder,Water Body,Coldwater,public-indicated,Public-land/property indicator or official property URL is present,Trout: Brook | Trout: Rainbow,Roosevelt National Forest,Medium,Low,Yes,No,None,No,False,,https://cpw.state.co.us/thingstodo/Fishery%20Survey%20Summaries/JamesPeakWildernessLakes.pdf,https://www.fs.usda.gov/activity/arp/recreation/fishing,"https://www.google.com/maps/dir//39.9335,-105.6631",39.933473790539395,-105.66308839162186,0,
import-high-priority,80,Kerr Lake,Kerr Lake,90794,1181,Conejos,Water Body,Coldwater,public-indicated,Public-land/property indicator or official property URL is present,Trout: Cutthroat,Rio Grande National Forest,Medium,Medium,Yes,No,Motor boats,Sub-catchables,False,,"https://www.google.com/search?q=""fishing report""+Kerr Lake+""Conejos County""+Colorado",https://www.fs.usda.gov/activity/riogrande/recreation/fishing,"https://www.google.com/maps/dir//37.3859,-106.5146",37.38586632053021,-106.5145796527167,0,
import-high-priority,80,King Lake,King Lake,55396,30,Boulder,Water Body,Coldwater,public-indicated,Public-land/property indicator or official property URL is present,Trout: Cutthroat,Indian Peaks Wilderness Area,Medium,Low,Yes,No,None,No,False,,https://cpw.state.co.us/thingstodo/Fishery%20Survey%20Summaries/IndianPeaksWildernessLakes.pdf,https://www.fs.usda.gov/activity/arp/recreation/fishing,"https://www.google.com/maps/dir//39.9404,-105.6873",39.940382394953915,-105.68727688710285,0,
import-high-priority,80,Lake Of The Woods,Lake Of The Woods,67682,190,Garfield,Water Body,Coldwater,public-indicated,Public-land/property indicator or official property URL is present,Trout: Brook,Flat Tops Wilderness Area,Medium,Medium,Yes,Yes,Non-motorized,No,False,,"https://www.google.com/search?q=""fishing report""+Lake Of The Woods+""Garfield County""+Colorado",https://www.fs.usda.gov/activity/whiteriver/recreation/fishing,"https://www.google.com/maps/dir//40.0162,-107.2549",40.01623560197362,-107.25492499217795,0,
import-high-priority,80,Long Lake,Long Lake,55512,425,Boulder,Water Body,Coldwater,public-indicated,Public-land/property indicator or official property URL is present,Trout: Brook | Trout: Cutthroat,Indian Peaks Wilderness Area,Medium,Low,Yes,Yes,Non-motorized,No,False,,"https://www.google.com/search?q=""fishing report""+Long Lake+""Boulder County""+Colorado",https://www.fs.usda.gov/activity/arp/recreation/fishing,"https://www.google.com/maps/dir//40.0723,-105.5921",40.07225271377729,-105.59211701415954,0,
import-high-priority,80,McDonough Reservoir,McDonough Reservoir,91215,750,Saguache,Water Body,Coldwater,public-indicated,Public-land/property indicator or official property URL is present,Trout: Brook | Trout: Rainbow,Gunnison National Forest,Medium,Low,Yes,No,Motor boats,No,False,,"https://www.google.com/search?q=""fishing report""+McDonough Reservoir+""Saguache County""+Colorado",https://www.fs.usda.gov/activity/gmug/recreation/fishing,"https://www.google.com/maps/dir//38.158,-106.8832",38.15798155107357,-106.8831659183168,0,
import-high-priority,80,McReynolds Reservoir,McReynolds Reservoir,79978,1773,Teller,Water Body,Coldwater,public-indicated,Public-land/property indicator or official property URL is present,Trout: Cutthroat,South Slope Recreation Area,Medium,Low,Yes,No,Non-motorized,Sub-catchables,False,,"https://www.google.com/search?q=""fishing report""+McReynolds Reservoir+""Teller County""+Colorado",https://coloradosprings.gov/pikes-peak-americas-mountain/page/south-slope-recreation-area,"https://www.google.com/maps/dir//38.7801,-105.0048",38.780111886906134,-105.00484188709842,0,
import-high-priority,80,Miller Fork Creek,Miller Fork Creek,12992,1482,Larimer,Stream or River,Coldwater,public-indicated,Public-land/property indicator or official property URL is present,Trout: Brook | Trout: Cutthroat,Roosevelt National Forest,Medium,Low,Yes,No,None,No,False,,"https://www.google.com/search?q=""fishing report""+Miller Fork Creek+""Larimer County""+Colorado",https://www.fs.usda.gov/activity/arp/recreation/fishing,"https://www.google.com/maps/dir//40.5053,-105.4738",40.50532324857957,-105.47376869792026,0,
import-high-priority,80,Rainbow Lakes,Rainbow Lake #2,58986,591,Boulder,Water Body,Coldwater,public-indicated,Public-land/property indicator or official property URL is present,Trout: Brook,Indian Peaks Wilderness Area,Medium,Low,Yes,No,Non-motorized,No,False,,"https://www.google.com/search?q=""fishing report""+Rainbow Lake #2+""Boulder County""+Colorado",https://www.fs.usda.gov/activity/arp/recreation/fishing,"https://www.google.com/maps/dir//40.0122,-105.5811",40.01222107723216,-105.58109746770585,0,
import-high-priority,80,Trappers Lake,Trappers Lake,70552,194,Garfield,Water Body,Coldwater,public-indicated,Public-land/property indicator or official property URL is present,Trout: Brook | Trout: Cutthroat,Flat Tops Wilderness Area,Medium,Medium,Yes,No,Non-motorized,No,False,,"https://www.google.com/search?q=""fishing report""+Trappers Lake+""Garfield County""+Colorado",https://www.fs.usda.gov/activity/whiteriver/recreation/fishing,"https://www.google.com/maps/dir//39.9858,-107.2311",39.98575493186988,-107.23106777650911,0,
import-high-priority,80,Yankee Doodle Lake,Yankee Doodle Lake,57035,252,Boulder,Water Body,Coldwater,public-indicated,Public-land/property indicator or official property URL is present,Trout: Rainbow | Trout: Tiger,Roosevelt National Forest,Medium,Low,Yes,No,Non-motorized,No,False,,"https://www.google.com/search?q=""fishing report""+Yankee Doodle Lake+""Boulder County""+Colorado",https://www.fs.usda.gov/activity/arp/recreation/fishing,"https://www.google.com/maps/dir//39.9377,-105.6539",39.937682028188604,-105.65394529464264,0,
import-high-priority,79,"Poudre River, North Fork #5","Poudre River, North Fork",11938,1817,Larimer,Stream or River,Coldwater,public-indicated,Public-land/property indicator or official property URL is present,Trout: Brown,Gateway Natural Area,Easy,Medium,Yes,No,Non-motorized,No,False,,,https://www.fcgov.com/naturalareas/finder/gateway,,40.70031785738178,-105.24254308849127,0,
import-high-priority,74,[Purposely Left Blank],"Twin Crater Lake, Upper",56742,1105,Larimer,Water Body,Coldwater,public-indicated,Public-land/property indicator or official property URL is present,Trout: Cutthroat,Rawah Wilderness Area,Difficult,Low,No,No,Belly boats,No,False,,"https://www.google.com/search?q=""fishing report""+Twin Crater Lake, Upper+""Larimer County""+Colorado",https://www.fs.usda.gov/activity/arp/recreation/fishing,"https://www.google.com/maps/dir//40.6456,-105.9406",40.64559227189145,-105.94059099408494,0,
import-high-priority,74,[Purposely Left Blank],"North Halfmoon Lakes, Middle",81000,911,Lake,Water Body,Coldwater,public-indicated,Public-land/property indicator or official property URL is present,Trout: Cutthroat,Mount Massive Wilderness Area,Difficult,Low,No,No,None,No,False,,"https://www.google.com/search?q=""fishing report""+North Halfmoon Lakes, Middle+""Lake County""+Colorado",https://www.fs.usda.gov/activity/psicc/recreation/fishing,"https://www.google.com/maps/dir//39.1812,-106.4963",39.18123131726149,-106.49626621105907,0,
import-high-priority,74,[Purposely Left Blank],"West Tennessee Lake, Upper",81303,1202,Lake,Water Body,Coldwater,public-indicated,Public-land/property indicator or official property URL is present,Trout: Brook | Trout: Cutthroat,Holy Cross Wilderness Area,Difficult,Low,No,No,None,No,False,,"https://www.google.com/search?q=""fishing report""+West Tennessee Lake, Upper+""Lake County""+Colorado",https://www.fs.usda.gov/activity/psicc/recreation/fishing,"https://www.google.com/maps/dir//39.3426,-106.4266",39.34263299271016,-106.4265921634621,0,
import-high-priority,74,[Purposely Left Blank],Granby Reservoir # 2,90150,479,Delta,Water Body,Coldwater,public-indicated,Public-land/property indicator or official property URL is present,Trout: Cutthroat | Trout: Tiger,Grand Mesa National Forest,Medium,Low,No,Yes,Non-motorized,No,False,,"https://www.google.com/search?q=""fishing report""+Granby Reservoir # 2+""Delta County""+Colorado",https://www.fs.usda.gov/activity/gmug/recreation/fishing,"https://www.google.com/maps/dir//39.0063,-108.0161",39.00632639361267,-108.01612385408578,0,
import-high-priority,74,[Purposely Left Blank],Granby Reservoir #12,90201,530,Delta,Water Body,Coldwater,public-indicated,Public-land/property indicator or official property URL is present,Trout: Cutthroat | Trout: Tiger,Grand Mesa National Forest,Medium,Low,No,Yes,Non-motorized,Sub-catchables,False,,"https://www.google.com/search?q=""fishing report""+Granby Reservoir #12+""Delta County""+Colorado",https://www.fs.usda.gov/activity/gmug/recreation/fishing,"https://www.google.com/maps/dir//38.999,-108.0422",38.99902553715507,-108.04221984122424,0,
import-high-priority,74,[Purposely Left Blank],Granby Reservoir # 7,90174,564,Delta,Water Body,Coldwater,public-indicated,Public-land/property indicator or official property URL is present,Trout: Brook | Trout: Cutthroat,Grand Mesa National Forest,Medium,Low,No,Yes,Non-motorized,No,False,,"https://www.google.com/search?q=""fishing report""+Granby Reservoir # 7+""Delta County""+Colorado",https://www.fs.usda.gov/activity/gmug/recreation/fishing,"https://www.google.com/maps/dir//38.9934,-108.0455",38.99343713098994,-108.04548359312797,0,
import-high-priority,74,[Purposely Left Blank],Granby Reservoir # 1,90148,585,Delta,Water Body,Coldwater,public-indicated,Public-land/property indicator or official property URL is present,Trout: Cutthroat,Grand Mesa National Forest,Medium,Low,No,Yes,Non-motorized,No,False,,"https://www.google.com/search?q=""fishing report""+Granby Reservoir # 1+""Delta County""+Colorado",https://www.fs.usda.gov/activity/gmug/recreation/fishing,"https://www.google.com/maps/dir//39.0102,-108.0168",39.01015160760713,-108.01678486052299,0,
import-high-priority,74,[Purposely Left Blank],Twin Lake #2,92762,725,Delta,Water Body,Coldwater,public-indicated,Public-land/property indicator or official property URL is present,Trout: Cutthroat | Trout: Rainbow,Grand Mesa National Forest,Medium,Medium,No,Yes,Non-motorized,Sub-catchables,False,,"https://www.google.com/search?q=""fishing report""+Twin Lake #2+""Delta County""+Colorado",https://www.fs.usda.gov/activity/gmug/recreation/fishing,"https://www.google.com/maps/dir//39.0691,-107.8446",39.069108065179655,-107.8446144691259,0,
import-high-priority,74,[Purposely Left Blank],Lost Lake,67935,492,Mesa,Water Body,Coldwater,public-indicated,Public-land/property indicator or official property URL is present,Trout: Brook | Trout: Cutthroat,Grand Mesa National Forest,Medium,Low,No,No,Non-motorized,No,False,,"https://www.google.com/search?q=""fishing report""+Lost Lake+""Mesa County""+Colorado",https://www.fs.usda.gov/activity/gmug/recreation/fishing,"https://www.google.com/maps/dir//39.0385,-108.095",39.03846007731594,-108.0949540134538,0,
import-high-priority,74,[Purposely Left Blank],Castlerock Pond #3,81694,968,Chaffee,Water Body,Coldwater,public-indicated,Public-land/property indicator or official property URL is present,Trout: Cutthroat,San Isabel National Forest,Medium,Low,No,No,None,No,False,,"https://www.google.com/search?q=""fishing report""+Castlerock Pond #3+""Chaffee County""+Colorado",https://www.fs.usda.gov/activity/psicc/recreation/fishing,"https://www.google.com/maps/dir//38.8019,-105.9654",38.8018653707314,-105.96538211089955,2,
import-high-priority,74,[Purposely Left Blank],Stout Creek Lake Upper,81264,264,Fremont,Water Body,Coldwater,public-indicated,Public-land/property indicator or official property URL is present,Trout: Cutthroat,Sangre De Cristo Wilderness Area,Difficult,Low,No,No,None,Sub-catchables,False,,"https://www.google.com/search?q=""fishing report""+Stout Creek Lake Upper+""Fremont County""+Colorado",https://www.fs.usda.gov/activity/psicc/recreation/fishing,"https://www.google.com/maps/dir//38.3505,-105.8914",38.35050663178498,-105.89144865916212,0,
import-high-priority,74,[Purposely Left Blank],Stout Creek Lake #3,83129,529,Fremont,Water Body,Coldwater,public-indicated,Public-land/property indicator or official property URL is present,Trout: Cutthroat,Sangre De Cristo Wilderness Area,Difficult,Low,No,No,None,Sub-catchables,False,,"https://www.google.com/search?q=""fishing report""+Stout Creek Lake #3+""Fremont County""+Colorado",https://www.fs.usda.gov/activity/psicc/recreation/fishing,"https://www.google.com/maps/dir//38.3562,-105.8834",38.356217027069036,-105.88341875088973,0,
import-high-priority,74,[Purposely Left Blank],Bushnell Lake Upper,80274,1135,Fremont,Water Body,Coldwater,public-indicated,Public-land/property indicator or official property URL is present,Trout: Cutthroat,Sangre De Cristo Wilderness Area,Difficult,Low,No,No,None,Sub-catchables,False,,"https://www.google.com/search?q=""fishing report""+Bushnell Lake Upper+""Fremont County""+Colorado",https://www.fs.usda.gov/activity/psicc/recreation/fishing,"https://www.google.com/maps/dir//38.3462,-105.8877",38.34617355040442,-105.88772651852847,0,
import-high-priority,74,[Purposely Left Blank],Frank Easement Pond #3,58177,1704,Weld,Water Body,Warmwater,public-indicated,Public-land/property indicator or official property URL is present,Bass: Largemouth | Sunfish: Bluegill,Frank SWA,Medium,Medium,No,Yes,Electric,No,False,,"https://www.google.com/search?q=""fishing report""+Frank Easement Pond #3+""Weld County""+Colorado",https://cpw.state.co.us/swa/Frank%20SWA,"https://www.google.com/maps/dir//40.4724,-104.9439",40.4736926045545,-104.9374867918984,0,
import-high-priority,74,[Purposely Left Blank],Frank Easement Pond #4,58178,1705,Weld,Water Body,Warmwater,public-indicated,Public-land/property indicator or official property URL is present,Bass: Largemouth | Sunfish: Bluegill,Frank SWA,Medium,Medium,No,Yes,Electric,No,False,,"https://www.google.com/search?q=""fishing report""+Frank Easement Pond #4+""Weld County""+Colorado",https://cpw.state.co.us/swa/Frank%20SWA,"https://www.google.com/maps/dir//40.4724,-104.9439",40.473706141758264,-104.93330930962024,0,
import-high-priority,74,[Purposely Left Blank],"Beartrack Lake, Upper",53900,114,Clear Creek,Water Body,Coldwater,public-indicated,Public-land/property indicator or official property URL is present,Trout: Cutthroat,Mount Evans Wilderness Area,Difficult,Low,No,No,Non-motorized,No,False,,"https://www.google.com/search?q=""fishing report""+Beartrack Lake, Upper+""Clear Creek County""+Colorado",https://www.fs.usda.gov/activity/arp/recreation/fishing,"https://www.google.com/maps/dir//39.5687,-105.6136",39.568735426163606,-105.6135558869301,0,
import-high-priority,74,[Purposely Left Blank],"Roosevelt Lake, Upper",60525,549,Park,Water Body,Coldwater,public-indicated,Public-land/property indicator or official property URL is present,Trout: Cutthroat,Mount Evans Wilderness Area,Difficult,Low,No,No,Non-motorized,No,False,,"https://www.google.com/search?q=""fishing report""+Roosevelt Lake, Upper+""Park County""+Colorado",https://www.fs.usda.gov/activity/arp/recreation/fishing,"https://www.google.com/maps/dir//39.5623,-105.5876",39.562332979235975,-105.58755331919131,0,
import-high-priority,74,[Purposely Left Blank],"Ute Lake, Lower Twin (#2)",92837,897,Hinsdale,Water Body,Coldwater,public-indicated,Public-land/property indicator or official property URL is present,Trout: Cutthroat,Weminuche Wilderness Area,Difficult,Low,No,No,None,Sub-catchables,False,,"https://www.google.com/search?q=""fishing report""+Ute Lake, Lower Twin (#2)+""Hinsdale County""+Colorado",https://www.fs.usda.gov/activity/riogrande/recreation/fishing,"https://www.google.com/maps/dir//37.6402,-107.4566",37.640227100540876,-107.4566462041596,0,
import-high-priority,74,[Purposely Left Blank],"Spruce Lake, Upper",93649,1245,Mineral,Water Body,Coldwater,public-indicated,Public-land/property indicator or official property URL is present,Trout: Brook,Weminuche Wilderness Area,Difficult,Low,No,No,None,Sub-catchables,False,,"https://www.google.com/search?q=""fishing report""+Spruce Lake, Upper+""Mineral County""+Colorado",https://www.fs.usda.gov/activity/riogrande/recreation/fishing,"https://www.google.com/maps/dir//37.5121,-106.8683",37.512145378679975,-106.86826451706013,0,
import-high-priority,74,[Purposely Left Blank],Deadman Lake #2 (upper),89400,1095,Saguache,Water Body,Coldwater,public-indicated,Public-land/property indicator or official property URL is present,Trout: Cutthroat,Sangre De Cristo Wilderness Area/Deadman Creek RNA,Difficult,Low,No,No,Non-motorized,Sub-catchables,False,,"https://www.google.com/search?q=""fishing report""+Deadman Lake #2 (upper)+""Saguache County""+Colorado",https://www.fs.usda.gov/activity/riogrande/recreation/fishing,"https://www.google.com/maps/dir//37.9099,-105.5522",37.909917395896244,-105.55219721243992,0,
import-high-priority,74,[Purposely Left Blank],"Macey Lake, West",80868,528,Custer,Water Body,Coldwater,public-indicated,Public-land/property indicator or official property URL is present,Trout: Cutthroat,Sangre De Cristo Wilderness Area,Difficult,Low,No,No,Unsure,Sub-catchables,False,,"https://www.google.com/search?q=""fishing report""+Macey Lake, West+""Custer County""+Colorado",https://www.fs.usda.gov/activity/psicc/recreation/fishing,"https://www.google.com/maps/dir//37.9968,-105.5843",37.99677317748718,-105.58426218124782,0,
import-high-priority,74,[Purposely Left Blank],"Macey Lake, Lower",80844,581,Custer,Water Body,Coldwater,public-indicated,Public-land/property indicator or official property URL is present,Trout: Cutthroat,Sangre De Cristo Wilderness Area,Difficult,Low,No,No,Unsure,Sub-catchables,False,,"https://www.google.com/search?q=""fishing report""+Macey Lake, Lower+""Custer County""+Colorado",https://www.fs.usda.gov/activity/psicc/recreation/fishing,"https://www.google.com/maps/dir//38.0004,-105.5719",38.00035494913666,-105.57186007007968,0,
import-high-priority,74,[Purposely Left Blank],"Brush Creek Lake, Upper",80248,582,Custer,Water Body,Coldwater,public-indicated,Public-land/property indicator or official property URL is present,Trout: Cutthroat,Sangre De Cristo Wilderness Area,Difficult,Low,No,No,Unsure,Sub-catchables,False,,"https://www.google.com/search?q=""fishing report""+Brush Creek Lake, Upper+""Custer County""+Colorado",https://www.fs.usda.gov/activity/psicc/recreation/fishing,"https://www.google.com/maps/dir//38.2075,-105.714",38.20747311408357,-105.71404429394927,0,
import-high-priority,74,[Purposely Left Blank],"Goodwin Lake, Upper",80476,888,Custer,Water Body,Coldwater,public-indicated,Public-land/property indicator or official property URL is present,Trout: Cutthroat,Sangre De Cristo Wilderness Area,Difficult,Low,No,No,Unsure,No,False,,"https://www.google.com/search?q=""fishing report""+Goodwin Lake, Upper+""Custer County""+Colorado",https://www.fs.usda.gov/activity/psicc/recreation/fishing,"https://www.google.com/maps/dir//38.0749,-105.6246",38.07488281288651,-105.62462753656861,0,
import-high-priority,74,[Purposely Left Blank],North Colony Lake #5,80983,960,Custer,Water Body,Coldwater,public-indicated,Public-land/property indicator or official property URL is present,Trout: Cutthroat,Sangre De Cristo Wilderness Area,Difficult,Low,No,No,None,Sub-catchables,False,,"https://www.google.com/search?q=""fishing report""+North Colony Lake #5+""Custer County""+Colorado",https://www.fs.usda.gov/activity/psicc/recreation/fishing,"https://www.google.com/maps/dir//37.9781,-105.5763",37.97810329946992,-105.57630412562175,0,
import-high-priority,74,[Purposely Left Blank],North Colony Lake #4,80971,973,Custer,Water Body,Coldwater,public-indicated,Public-land/property indicator or official property URL is present,Trout: Cutthroat,Sangre De Cristo Wilderness Area,Difficult,Low,No,No,None,Sub-catchables,False,,"https://www.google.com/search?q=""fishing report""+North Colony Lake #4+""Custer County""+Colorado",https://www.fs.usda.gov/activity/psicc/recreation/fishing,"https://www.google.com/maps/dir//37.985,-105.5615",37.98495487245178,-105.56145096209919,0,
import-high-priority,74,[Purposely Left Blank],North Colony Lake #1,80945,985,Custer,Water Body,Coldwater,public-indicated,Public-land/property indicator or official property URL is present,Trout: Cutthroat,Sangre De Cristo Wilderness Area,Difficult,Low,No,No,None,Sub-catchables,False,,"https://www.google.com/search?q=""fishing report""+North Colony Lake #1+""Custer County""+Colorado",https://www.fs.usda.gov/activity/psicc/recreation/fishing,"https://www.google.com/maps/dir//37.9859,-105.5504",37.98589595223822,-105.55044495864668,0,
import-high-priority,74,[Purposely Left Blank],"Dry Lake, Upper",80399,1132,Custer,Water Body,Coldwater,public-indicated,Public-land/property indicator or official property URL is present,Trout: Cutthroat,Sangre De Cristo Wilderness Area,Difficult,Low,No,No,Unsure,Sub-catchables,False,,"https://www.google.com/search?q=""fishing report""+Dry Lake, Upper+""Custer County""+Colorado",https://www.fs.usda.gov/activity/psicc/recreation/fishing,"https://www.google.com/maps/dir//38.029,-105.5932",38.02900973691538,-105.59316540289336,0,
import-high-priority,74,[Purposely Left Blank],"South Colony Lake, Upper",80298,1139,Custer,Water Body,Coldwater,public-indicated,Public-land/property indicator or official property URL is present,Trout: Cutthroat,Sangre De Cristo Wilderness Area,Difficult,Low,No,No,Unsure,Sub-catchables,False,,"https://www.google.com/search?q=""fishing report""+South Colony Lake, Upper+""Custer County""+Colorado",https://www.fs.usda.gov/activity/psicc/recreation/fishing,"https://www.google.com/maps/dir//37.9688,-105.5701",37.968796132177815,-105.57009781624072,0,
import-high-priority,74,[Purposely Left Blank],"Dry Lake, Middle",80387,1178,Custer,Water Body,Coldwater,public-indicated,Public-land/property indicator or official property URL is present,Trout: Cutthroat,Sangre De Cristo Wilderness Area,Difficult,Low,No,No,Unsure,Sub-catchables,False,,"https://www.google.com/search?q=""fishing report""+Dry Lake, Middle+""Custer County""+Colorado",https://www.fs.usda.gov/activity/psicc/recreation/fishing,"https://www.google.com/maps/dir//38.0305,-105.5862",38.03054823146604,-105.58621926260392,0,
import-high-priority,74,[Purposely Left Blank],Arapahoe Lake #3,53746,22,Gilpin,Water Body,Coldwater,public-indicated,Public-land/property indicator or official property URL is present,Trout: Cutthroat,James Peak Wilderness Area,Difficult,Low,No,No,Non-motorized,No,False,,"https://www.google.com/search?q=""fishing report""+Arapahoe Lake #3+""Gilpin County""+Colorado",https://www.fs.usda.gov/activity/arp/recreation/fishing,"https://www.google.com/maps/dir//39.9073,-105.684",39.90731072260336,-105.68402868773163,0,
import-high-priority,74,[Purposely Left Blank],"Crater Lake #3, Mid South",54546,57,Gilpin,Water Body,Coldwater,public-indicated,Public-land/property indicator or official property URL is present,Trout: Brook | Trout: Splake,James Peak Wilderness Area,Difficult,Low,No,No,Non-motorized,No,False,,https://cpw.state.co.us/thingstodo/Fishery%20Survey%20Summaries/JamesPeakWildernessLakes.pdf,https://www.fs.usda.gov/activity/arp/recreation/fishing,"https://www.google.com/maps/dir//39.8957,-105.6771",39.89573526765787,-105.67709907195183,0,
import-high-priority,74,[Purposely Left Blank],Arapahoe Lake #4,53758,70,Gilpin,Water Body,Coldwater,public-indicated,Public-land/property indicator or official property URL is present,Trout: Cutthroat,James Peak Wilderness Area,Difficult,Low,No,No,Non-motorized,No,False,,"https://www.google.com/search?q=""fishing report""+Arapahoe Lake #4+""Gilpin County""+Colorado",https://www.fs.usda.gov/activity/arp/recreation/fishing,"https://www.google.com/maps/dir//39.9088,-105.686",39.90884090725717,-105.68603932484831,0,
import-high-priority,74,[Purposely Left Blank],Arapahoe Lake #1,53722,80,Gilpin,Water Body,Coldwater,public-indicated,Public-land/property indicator or official property URL is present,Trout: Cutthroat,James Peak Wilderness Area,Difficult,Low,No,No,Non-motorized,No,False,,https://cpw.state.co.us/thingstodo/Fishery%20Survey%20Summaries/JamesPeakWildernessLakes.pdf,https://www.fs.usda.gov/activity/arp/recreation/fishing,"https://www.google.com/maps/dir//39.908,-105.6732",39.907950232420546,-105.67321318101828,0,
import-high-priority,74,[Purposely Left Blank],"Crater Lake #1, Upper",54510,243,Gilpin,Water Body,Coldwater,public-indicated,Public-land/property indicator or official property URL is present,Trout: Cutthroat,James Peak Wilderness Area,Difficult,Low,No,No,Non-motorized,No,False,,https://cpw.state.co.us/thingstodo/Fishery%20Survey%20Summaries/JamesPeakWildernessLakes.pdf,https://www.fs.usda.gov/activity/arp/recreation/fishing,"https://www.google.com/maps/dir//39.9007,-105.6834",39.900666288232934,-105.68343537563929,0,
import-high-priority,74,[Purposely Left Blank],"Iceberg Lake, North",55219,267,Gilpin,Water Body,Coldwater,public-indicated,Public-land/property indicator or official property URL is present,Trout: Cutthroat,James Peak Wilderness Area,Difficult,Low,No,No,Non-motorized,No,False,,https://cpw.state.co.us/thingstodo/Fishery%20Survey%20Summaries/JamesPeakWildernessLakes.pdf,https://www.fs.usda.gov/activity/arp/recreation/fishing,"https://www.google.com/maps/dir//39.8896,-105.6961",39.889639511196215,-105.69613436383916,0,
import-high-priority,74,[Purposely Left Blank],"Crater Lake #4, Lower",54522,308,Gilpin,Water Body,Coldwater,public-indicated,Public-land/property indicator or official property URL is present,Trout: Brook,James Peak Wilderness Area,Difficult,Low,No,No,Non-motorized,No,False,,"https://www.google.com/search?q=""fishing report""+Crater Lake #4, Lower+""Gilpin County""+Colorado",https://www.fs.usda.gov/activity/arp/recreation/fishing,"https://www.google.com/maps/dir//39.8961,-105.6698",39.896093804616946,-105.66975992231883,0,
import-high-priority,74,[Purposely Left Blank],"Chicago Lake, Upper",54344,497,Clear Creek,Water Body,Coldwater,public-indicated,Public-land/property indicator or official property URL is present,Trout: Cutthroat,Mount Evans Wilderness Area,Difficult,Low,No,No,Non-motorized,No,False,,"https://www.google.com/search?q=""fishing report""+Chicago Lake, Upper+""Clear Creek County""+Colorado",https://www.fs.usda.gov/activity/arp/recreation/fishing,"https://www.google.com/maps/dir//39.6114,-105.6405",39.611371122829766,-105.64047881640673,0,
import-high-priority,74,Abyss Lake,Abyss Lake,53669,504,Clear Creek,Water Body,Coldwater,public-indicated,Public-land/property indicator or official property URL is present,Trout: Cutthroat,Mount Evans Wilderness Area,Difficult,Low,No,Yes,None,No,False,,"https://www.google.com/search?q=""fishing report""+Abyss Lake+""Clear Creek County""+Colorado",https://www.fs.usda.gov/activity/psicc/recreation/fishing,"https://www.google.com/maps/dir//39.5853,-105.6588",39.58530186065629,-105.65884495773051,0,
import-high-priority,74,"Agnes Lake, Upper","Agnes Lake, Upper",53683,1293,Jackson,Water Body,Coldwater,public-indicated,Public-land/property indicator or official property URL is present,Trout: Cutthroat,State Forest State Park,Difficult,Low,No,No,Belly boats,No,False,,"https://www.google.com/search?q=""fishing report""+Agnes Lake, Upper+""Jackson County""+Colorado",https://cpw.state.co.us/placestogo/Parks/stateforest,"https://www.google.com/maps/dir//40.49,-105.9035",40.47732626588264,-105.90829706447403,0,
import-high-priority,74,Arapaho Creek,Arapaho Creek,19706,1569,Grand,Stream or River,Coldwater,public-indicated,Public-land/property indicator or official property URL is present,Trout: Brown,Arapaho NRA,Medium,Medium,No,No,None,No,False,,"https://www.google.com/search?q=""fishing report""+Arapaho Creek+""Grand County""+Colorado",https://www.fs.usda.gov/activity/arp/recreation/fishing,"https://www.google.com/maps/dir//40.1205,-105.7618",40.120500271394505,-105.76184948028346,0,
import-high-priority,74,Arapahoe Lakes,Arapahoe Lake #2,53734,32,Gilpin,Water Body,Coldwater,public-indicated,Public-land/property indicator or official property URL is present,Trout: Cutthroat,James Peak Wilderness Area,Difficult,Low,No,No,Non-motorized,No,False,,"https://www.google.com/search?q=""fishing report""+Arapahoe Lake #2+""Gilpin County""+Colorado",https://www.fs.usda.gov/activity/arp/recreation/fishing,"https://www.google.com/maps/dir//39.9073,-105.6811",39.90730966141608,-105.6811065453675,0,
import-high-priority,74,Arkansas River,Arkansas River,29048,693,Chaffee,Stream or River,Coldwater,public-indicated,Public-land/property indicator or official property URL is present,Trout: Brown | Trout: Rainbow,Granite SWA,Medium,Medium,No,No,Non-motorized,No,False,,https://cpw.state.co.us/thingstodo/Fishery%20Survey%20Summaries/ArkansasRiverUpper.pdf,https://cpw.state.co.us/placestogo/Parks/ArkansasHeadwatersRecreationArea,"https://www.google.com/maps/dir//39.0403,-106.2647",39.05513199092687,-106.27219155780428,1,
import-high-priority,74,Arkansas River,Arkansas River,29024,623,Chaffee,Stream or River,Coldwater,public-indicated,Public-land/property indicator or official property URL is present,Trout: Brown | Trout: Rainbow,Smyth Fishing Lease,Medium,Medium,No,No,Non-motorized,No,False,,https://cpw.state.co.us/thingstodo/Fishery%20Survey%20Summaries/ArkansasRiverUpper.pdf,https://cpw.state.co.us/thingstodo/Pages/Fishing.aspx,"https://www.google.com/maps/dir//38.6054,-106.0679",38.60538405882694,-106.06792788629481,2,
import-high-priority,74,Arkansas River,Arkansas River,29036,626,Chaffee,Stream or River,Coldwater,public-indicated,Public-land/property indicator or official property URL is present,Trout: Brown | Trout: Rainbow,Champion SWA,Medium,Low,No,No,Non-motorized,No,False,,https://cpw.state.co.us/thingstodo/Fishery%20Survey%20Summaries/ArkansasRiverUpper.pdf,https://cpw.state.co.us/swa/Champion%20SWA,"https://www.google.com/maps/dir//38.7943,-106.1136",38.79476229783737,-106.10942190380318,10,
import-high-priority,74,Arkansas River,Arkansas River,32982,636,Fremont,Stream or River,Coldwater,public-indicated,Public-land/property indicator or official property URL is present,Trout: Brown | Trout: Rainbow,Ogden-Treat SWA,Medium,Medium,No,No,Non-motorized,No,False,,https://cpw.state.co.us/thingstodo/Fishery%20Survey%20Summaries/ArkansasRiverUpper.pdf,https://cpw.state.co.us/swa/Ogden-Treat%20SWA,"https://www.google.com/maps/dir//38.404,-105.7785",38.404015769496,-105.77847817384655,1,
import-high-priority,74,Arkansas River,Arkansas River,32970,1746,Fremont,Stream or River,Coldwater,public-indicated,Public-land/property indicator or official property URL is present,Trout: Brown | Trout: Rainbow,Arkansas Headwaters Recreation Area - Texas Creek,Medium,Medium,No,No,Non-motorized,No,False,,https://cpw.state.co.us/thingstodo/Fishery%20Survey%20Summaries/ArkansasRiverUpper.pdf,https://cpw.state.co.us/placestogo/Parks/ArkansasHeadwatersRecreationArea,"https://www.google.com/maps/dir//38.4102,-105.5851",38.410213273757684,-105.58514627979426,2,
import-high-priority,74,Arkansas River,Arkansas River,32994,1740,Chaffee,Stream or River,Coldwater,public-indicated,Public-land/property indicator or official property URL is present,Trout: Brown | Trout: Rainbow,Arkansas Headwaters Recreation Area - Salida East,Medium,Medium,No,No,Non-motorized,Sub-catchables,False,,https://cpw.state.co.us/thingstodo/Fishery%20Survey%20Summaries/ArkansasRiverUpper.pdf,https://cpw.state.co.us/placestogo/Parks/ArkansasHeadwatersRecreationArea,"https://www.google.com/maps/dir//38.5071,-105.9588",38.507089073395946,-105.95880861245124,2,
import-high-priority,74,Arkansas River,Arkansas River,32968,1747,Fremont,Stream or River,Coldwater,public-indicated,Public-land/property indicator or official property URL is present,Trout: Brown | Trout: Rainbow,Arkansas Headwaters Recreation Area - Pinnacle Rock,Medium,Medium,No,No,Non-motorized,No,False,,https://cpw.state.co.us/thingstodo/Fishery%20Survey%20Summaries/ArkansasRiverUpper.pdf,https://cpw.state.co.us/placestogo/Parks/ArkansasHeadwatersRecreationArea,"https://www.google.com/maps/dir//38.4486,-105.5224",38.448586467625056,-105.52237929217861,5,
import-high-priority,74,Arthur Lake,Arthur Lake,80096,1020,Chaffee,Water Body,Coldwater,public-indicated,Public-land/property indicator or official property URL is present,Trout: Cutthroat | Trout: Golden,San Isabel National Forest,Difficult,Low,No,No,None,No,False,,"https://www.google.com/search?q=""fishing report""+Arthur Lake+""Chaffee County""+Colorado",https://www.fs.usda.gov/activity/psicc/recreation/fishing,"https://www.google.com/maps/dir//38.6008,-106.3269",38.60085083075852,-106.32693255739544,0,
import-high-priority,74,Atkinson Creek,Atkinson Creek,25898,1459,Mesa,Stream or River,Coldwater,public-indicated,Public-land/property indicator or official property URL is present,Trout: Cutthroat | Trout: Rainbow,Grand Mesa National Forest,Medium,Medium,No,No,None,No,False,,"https://www.google.com/search?q=""fishing report""+Atkinson Creek+""Mesa County""+Colorado",https://www.fs.usda.gov/activity/gmug/recreation/fishing,"https://www.google.com/maps/dir//39.0995,-107.8931",39.099533140703905,-107.8930908290297,0,
import-high-priority,74,Atkinson Reservoir,Atkinson Reservoir,64965,738,Mesa,Water Body,Coldwater,public-indicated,Public-land/property indicator or official property URL is present,Trout: Cutthroat | Trout: Rainbow,Grand Mesa National Forest,Medium,High,No,No,Motor boats,No,False,,"https://www.google.com/search?q=""fishing report""+Atkinson Reservoir+""Mesa County""+Colorado",https://www.fs.usda.gov/activity/gmug/recreation/fishing,"https://www.google.com/maps/dir//39.0947,-107.8813",39.09470106662144,-107.8813406477211,0,
import-high-priority,74,Badger Creek,Badger Creek,29098,1496,Fremont,Stream or River,Coldwater,public-indicated,Public-land/property indicator or official property URL is present,Trout: Brown,San Isabel National Forest,Difficult,Low,No,No,None,No,False,,"https://www.google.com/search?q=""fishing report""+Badger Creek+""Fremont County""+Colorado",https://www.fs.usda.gov/activity/psicc/recreation/fishing,"https://www.google.com/maps/dir//38.5873,-105.8423",38.58728030320238,-105.84230689736447,0,
import-high-priority,74,Banana Lake,Banana Lake,53760,250,Boulder,Water Body,Coldwater,public-indicated,Public-land/property indicator or official property URL is present,Trout: Cutthroat,Indian Peaks Wilderness Area,Difficult,Low,No,No,Non-motorized,No,False,,"https://www.google.com/search?q=""fishing report""+Banana Lake+""Boulder County""+Colorado",https://www.fs.usda.gov/activity/arp/recreation/fishing,"https://www.google.com/maps/dir//39.9882,-105.6613",39.98823033200617,-105.66129904639057,0,
import-high-priority,74,Bard Creek,Bard Creek,10051,1403,Clear Creek,Stream or River,Coldwater,public-indicated,Public-land/property indicator or official property URL is present,Trout: Cutthroat,Arapaho National Forest,Medium,Low,No,No,None,No,False,,"https://www.google.com/search?q=""fishing report""+Bard Creek+""Clear Creek County""+Colorado",https://www.fs.usda.gov/activity/arp/recreation/fishing,"https://www.google.com/maps/dir//39.7356,-105.7228",39.7355582699344,-105.72280759759941,0,
import-high-priority,74,Battlement Reservoir #2,Battlement Reservoir #2,65044,1608,Garfield,Water Body,Coldwater,public-indicated,Public-land/property indicator or official property URL is present,Trout: Cutthroat,White River National Forest,Difficult,Low,No,No,Non-motorized,Sub-catchables,False,,"https://www.google.com/search?q=""fishing report""+Battlement Reservoir #1+""Garfield County""+Colorado",https://www.fs.usda.gov/activity/whiteriver/recreation/fishing,"https://www.google.com/maps/dir//39.3714,-107.9368",39.37141434110528,-107.93683334496558,0,
import-high-priority,74,Battlement Reservoir #3,Battlement Reservoir #3,65068,1609,Garfield,Water Body,Coldwater,public-indicated,Public-land/property indicator or official property URL is present,Trout: Cutthroat,White River National Forest,Difficult,Low,No,No,Non-motorized,Sub-catchables,False,,"https://www.google.com/search?q=""fishing report""+Battlement Reservoir #3+""Garfield County""+Colorado",https://www.fs.usda.gov/activity/whiteriver/recreation/fishing,"https://www.google.com/maps/dir//39.3736,-107.9312",39.37356730271417,-107.93115951017259,0,
import-high-priority,74,Battlement Reservoir #5,Battlement Reservoir #5,71303,1616,Garfield,Water Body,Coldwater,public-indicated,Public-land/property indicator or official property URL is present,Trout: Cutthroat,White River National Forest,Difficult,Low,No,No,Non-motorized,Sub-catchables,False,,"https://www.google.com/search?q=""fishing report""+W & G Reservoir+""Garfield County""+Colorado",https://www.fs.usda.gov/activity/whiteriver/recreation/fishing,"https://www.google.com/maps/dir//39.3718,-107.9281",39.37184616442192,-107.92807127110908,0,
import-high-priority,74,Battlement Reservoir #7,Battlement Reservoir #7,71301,1610,Garfield,Water Body,Coldwater,public-indicated,Public-land/property indicator or official property URL is present,Trout: Cutthroat,White River National Forest,Difficult,Low,No,No,Non-motorized,No,False,,"https://www.google.com/search?q=""fishing report""+Battlement Reservoir #7+""Garfield County""+Colorado",https://www.fs.usda.gov/activity/whiteriver/recreation/fishing,"https://www.google.com/maps/dir//39.3742,-107.9231",39.37415679173613,-107.92307923605718,0,
import-high-priority,74,"Battlement Reservoir, Big","Battlement Reservoir, Big",88460,583,Delta,Water Body,Coldwater,public-indicated,Public-land/property indicator or official property URL is present,Trout: Brook | Trout: Tiger,Grand Mesa National Forest,Medium,Medium,No,Yes,Non-motorized,Sub-catchables,False,,"https://www.google.com/search?q=""fishing report""+Battlement Reservoir, Big+""Delta County""+Colorado",https://www.fs.usda.gov/activity/gmug/recreation/fishing,"https://www.google.com/maps/dir//38.9974,-108.0509",38.997366642970995,-108.05094836030993,0,
import-high-priority,74,"Battlement Reservoir, Little","Battlement Reservoir, Little",88472,17,Delta,Water Body,Coldwater,public-indicated,Public-land/property indicator or official property URL is present,Trout: Cutthroat,Grand Mesa National Forest,Medium,Low,No,Yes,Non-motorized,No,False,,"https://www.google.com/search?q=""fishing report""+Battlement Reservoir, Little+""Delta County""+Colorado",https://www.fs.usda.gov/activity/gmug/recreation/fishing,"https://www.google.com/maps/dir//38.9944,-108.0565",38.994428007580495,-108.05645910057319,0,
import-high-priority,74,Bear Creek,Bear Creek,10087,1389,Clear Creek,Stream or River,Coldwater,public-indicated,Public-land/property indicator or official property URL is present,Trout: Brook,Mount Evans Wilderness Area,Difficult,Low,No,No,None,No,False,,"https://www.google.com/search?q=""fishing report""+Bear Creek+""Clear Creek County""+Colorado",https://www.fs.usda.gov/activity/arp/recreation/fishing,"https://www.google.com/maps/dir//39.6013,-105.5816",39.601322394802686,-105.58154721643936,0,
import-high-priority,74,Bear Creek,Bear Creek,15013,1406,Douglas,Stream or River,Coldwater,public-indicated,Public-land/property indicator or official property URL is present,Trout: Brown | Trout: Rainbow,Pike National Forest,Difficult,Low,No,No,None,No,False,,"https://www.google.com/search?q=""fishing report""+Bear Creek+""Douglas County""+Colorado",https://www.fs.usda.gov/activity/psicc/recreation/fishing,"https://www.google.com/maps/dir//39.3817,-105.1134",39.38173279600332,-105.11336421696099,0,
import-high-priority,74,Bear River,Bear River,21248,1593,Garfield,Stream or River,Coldwater,public-indicated,Public-land/property indicator or official property URL is present,Trout: Brook | Trout: Cutthroat,Flat Tops Wilderness Area,Difficult,Low,No,No,None,No,False,,"https://www.google.com/search?q=""fishing report""+Bear River+""Garfield County""+Colorado",https://www.fs.usda.gov/activity/mbr/recreation/fishing,"https://www.google.com/maps/dir//39.9992,-107.1522",39.99915727184463,-107.15215581116142,0,
import-high-priority,74,Beartrack Lakes,"Beartrack Lake, Lower",59180,509,Clear Creek,Water Body,Coldwater,public-indicated,Public-land/property indicator or official property URL is present,Trout: Cutthroat,Mount Evans Wilderness Area,Difficult,Low,No,No,Non-motorized,No,False,,"https://www.google.com/search?q=""fishing report""+Beartrack Lake, Lower+""Clear Creek County""+Colorado",https://www.fs.usda.gov/activity/arp/recreation/fishing,"https://www.google.com/maps/dir//39.5754,-105.5971",39.575439928439515,-105.59705240773783,0,
import-high-priority,74,Beaver Creek,Beaver Creek,38275,1532,Mineral,Stream or River,Coldwater,public-indicated,Public-land/property indicator or official property URL is present,Trout: Cutthroat,Weminuche Wilderness Area,Difficult,Low,No,No,None,No,False,,"https://www.google.com/search?q=""fishing report""+Beaver Creek+""Mineral County""+Colorado",https://www.fs.usda.gov/activity/sanjuan/recreation/fishing,"https://www.google.com/maps/dir//37.5324,-106.9089",37.53238600896135,-106.90888981158648,0,
import-high-priority,74,Beaver Creek,Beaver Creek,29149,656,Fremont,Stream or River,Coldwater,public-indicated,Public-land/property indicator or official property URL is present,Trout: Brown | Trout: Rainbow,Beaver Creek SWA,Medium,Low,No,No,None,No,False,,"https://www.google.com/search?q=""fishing report""+Beaver Creek+""Fremont County""+Colorado",https://cpw.state.co.us/swa/Beaver%20Creek%20SWA,"https://www.google.com/maps/dir//38.5614,-105.0216",38.54259388401796,-105.02807277399496,0,
import-high-priority,74,Beaver Creek,Beaver Creek,10140,1388,Park,Stream or River,Coldwater,public-indicated,Public-land/property indicator or official property URL is present,Trout: Brook,Pike National Forest,Medium,Low,No,No,None,No,False,,"https://www.google.com/search?q=""fishing report""+Beaver Creek+""Park County""+Colorado",https://www.fs.usda.gov/activity/psicc/recreation/fishing,"https://www.google.com/maps/dir//39.4511,-105.7979",39.45111162572876,-105.797942049261,0,
import-high-priority,74,"Beaver Creek, Big","Beaver Creek, Big",24935,1580,Rio Blanco,Stream or River,Coldwater,public-indicated,Public-land/property indicator or official property URL is present,Trout: Cutthroat,White River National Forest,Difficult,Low,No,No,None,No,False,,"https://www.google.com/search?q=""fishing report""+Beaver Creek, Big+""Rio Blanco County""+Colorado",https://www.fs.usda.gov/activity/whiteriver/recreation/fishing,"https://www.google.com/maps/dir//40.0825,-107.6012",40.08246507111115,-107.60125307655264,0,
import-high-priority,74,Ben Tyler Gulch,Ben Tyler Gulch,12726,1379,Park,Stream or River,Coldwater,public-indicated,Public-land/property indicator or official property URL is present,Trout: Brook,Lost Creek Wilderness Area,Medium,Low,No,No,None,No,False,,"https://www.google.com/search?q=""fishing report""+Ben Tyler Gulch+""Park County""+Colorado",https://www.fs.usda.gov/activity/psicc/recreation/fishing,"https://www.google.com/maps/dir//39.4209,-105.6145",39.42087323422283,-105.61455100017768,0,
import-high-priority,74,Betty Lake,Betty Lake,53950,23,Boulder,Water Body,Coldwater,public-indicated,Public-land/property indicator or official property URL is present,Trout: Cutthroat,Indian Peaks Wilderness Area,Difficult,Low,No,No,Non-motorized,No,False,,https://cpw.state.co.us/thingstodo/Fishery%20Survey%20Summaries/IndianPeaksWildernessLakes.pdf,https://www.fs.usda.gov/activity/arp/recreation/fishing,"https://www.google.com/maps/dir//39.9496,-105.681",39.94960705638301,-105.68095408419579,0,
import-high-priority,74,Big Blue Creek,Big Blue Creek,38489,1598,Gunnison,Stream or River,Coldwater,public-indicated,Public-land/property indicator or official property URL is present,Trout: Brook,Uncompahgre Wilderness Area,Medium,Low,No,No,None,No,False,,"https://www.google.com/search?q=""fishing report""+Big Blue Creek+""Gunnison County""+Colorado",https://www.fs.usda.gov/activity/gmug/recreation/fishing,"https://www.google.com/maps/dir//38.1912,-107.3842",38.19115000783132,-107.38423781060192,0,
import-high-priority,74,Black Hollow Creek,Black Hollow Creek,12916,1476,Larimer,Stream or River,Coldwater,public-indicated,Public-land/property indicator or official property URL is present,Trout: Cutthroat,Roosevelt National Forest,Medium,Low,No,No,None,No,False,,"https://www.google.com/search?q=""fishing report""+Black Hollow Creek+""Larimer County""+Colorado",https://www.fs.usda.gov/activity/arp/recreation/fishing,"https://www.google.com/maps/dir//40.6622,-105.667",40.66219213193102,-105.66697240058487,0,
import-high-priority,74,Blacktail Creek,Blacktail Creek,19225,646,Grand,Stream or River,Coldwater,public-indicated,Public-land/property indicator or official property URL is present,Trout: Brook,Radium SWA - Trail Creek Unit,Difficult,Low,No,No,None,No,False,,"https://www.google.com/search?q=""fishing report""+Blacktail Creek+""Grand County""+Colorado",https://cpw.state.co.us/swa/Radium%20SWA,"https://www.google.com/maps/dir//39.9686,-106.5485",39.96959917700979,-106.54914027972445,0,
import-high-priority,74,Blue Lake,Blue Lake,65323,2,Mesa,Water Body,Coldwater,public-indicated,Public-land/property indicator or official property URL is present,Trout: Cutthroat,Grand Mesa National Forest,Difficult,Low,No,No,Non-motorized,Sub-catchables,False,,"https://www.google.com/search?q=""fishing report""+Blue Lake+""Mesa County""+Colorado",https://www.fs.usda.gov/activity/gmug/recreation/fishing,"https://www.google.com/maps/dir//38.9447,-108.1604",38.944681389132214,-108.16037841171595,0,
import-high-priority,74,Blue Lake,Blue Lake,54053,20,Boulder,Water Body,Coldwater,public-indicated,Public-land/property indicator or official property URL is present,Trout: Cutthroat,Indian Peaks Wilderness Area,Difficult,Low,No,No,Non-motorized,No,False,,"https://www.google.com/search?q=""fishing report""+Blue Lake+""Boulder County""+Colorado",https://www.fs.usda.gov/activity/arp/recreation/fishing,"https://www.google.com/maps/dir//40.089,-105.6198",40.0889790948512,-105.6197766412209,0,
import-high-priority,74,Blue Lake Lower,"Blue Lake, Lower",82610,818,Huerfano,Water Body,Coldwater,public-indicated,Public-land/property indicator or official property URL is present,Trout: Cutbow | Trout: Rainbow,San Isabel National Forest,Medium,Low,No,No,Unsure,No,False,,"https://www.google.com/search?q=""fishing report""+Blue Lake, Lower+""Huerfano County""+Colorado",https://www.fs.usda.gov/activity/psicc/recreation/fishing,"https://www.google.com/maps/dir//37.9019,-105.0422",37.90194652526731,-105.04216920121377,0,
import-high-priority,74,Bob Lake,Bob Lake,54077,28,Boulder,Water Body,Coldwater,public-indicated,Public-land/property indicator or official property URL is present,Trout: Cutthroat,Indian Peaks Wilderness Area,Difficult,Low,No,No,None,No,False,,https://cpw.state.co.us/thingstodo/Fishery%20Survey%20Summaries/IndianPeaksWildernessLakes.pdf,https://www.fs.usda.gov/activity/arp/recreation/fishing,"https://www.google.com/maps/dir//39.9524,-105.6856",39.9523977600093,-105.68563855765397,0,
import-high-priority,74,Bonita Creek,Bonita Creek,38516,1455,Delta,Stream or River,Coldwater,public-indicated,Public-land/property indicator or official property URL is present,Trout: Cutthroat | Trout: Rainbow,Grand Mesa National Forest,Medium,Low,No,No,None,No,False,,"https://www.google.com/search?q=""fishing report""+Bonita Creek+""Delta County""+Colorado",https://www.fs.usda.gov/activity/gmug/recreation/fishing,"https://www.google.com/maps/dir//39.0441,-107.8502",39.04413783588199,-107.85023181515889,0,
import-high-priority,74,Boss Lake Reservoir,Boss Lake Reservoir,80224,1169,Chaffee,Water Body,Coldwater,public-indicated,Public-land/property indicator or official property URL is present,Trout: Cutthroat,San Isabel National Forest,Medium,Medium,No,Yes,None,Sub-catchables,False,,"https://www.google.com/search?q=""fishing report""+Boss Lake Reservoir+""Chaffee County""+Colorado",https://www.fs.usda.gov/activity/psicc/recreation/fishing,"https://www.google.com/maps/dir//38.5587,-106.3209",38.55870584782321,-106.3209429899329,0,
import-high-priority,74,"Boulder Creek, Middle, North Fork","Boulder Creek, Middle, North Fork",10277,1488,Boulder,Stream or River,Coldwater,public-indicated,Public-land/property indicator or official property URL is present,Trout: Brook | Trout: Cutthroat,Indian Peaks Wilderness Area,Difficult,Low,No,No,None,No,False,,"https://www.google.com/search?q=""fishing report""+Boulder Creek, Middle, North Fork+""Boulder County""+Colorado",https://www.fs.usda.gov/activity/arp/recreation/fishing,"https://www.google.com/maps/dir//40.0017,-105.6492",40.00169444508266,-105.64920945282157,0,
import-high-priority,74,Brook Creek,Brook Creek,25076,1618,Mesa,Stream or River,Coldwater,public-indicated,Public-land/property indicator or official property URL is present,Trout: Cutthroat,White River National Forest,Medium,Low,No,No,None,No,False,,"https://www.google.com/search?q=""fishing report""+Brook Creek+""Mesa County""+Colorado",https://www.fs.usda.gov/activity/whiteriver/recreation/fishing,"https://www.google.com/maps/dir//39.339,-107.5351",39.3390282723173,-107.53505987671413,0,
import-high-priority,74,Browns Creek,Browns Creek,32893,1503,Chaffee,Stream or River,Coldwater,public-indicated,Public-land/property indicator or official property URL is present,Trout: Brook | Trout: Cutthroat,San Isabel National Forest,Difficult,Low,No,No,None,No,False,,"https://www.google.com/search?q=""fishing report""+Browns Creek+""Chaffee County""+Colorado",https://www.fs.usda.gov/activity/psicc/recreation/fishing,"https://www.google.com/maps/dir//38.652,-106.1918",38.65199648917834,-106.19183204990273,0,
import-high-priority,74,Bruno Gulch,Bruno Gulch,13920,1385,Park,Stream or River,Coldwater,public-indicated,Public-land/property indicator or official property URL is present,Trout: Brook | Trout: Cutthroat,Pike National Forest,Medium,Low,No,No,None,No,False,,"https://www.google.com/search?q=""fishing report""+Bruno Gulch+""Park County""+Colorado",https://www.fs.usda.gov/activity/psicc/recreation/fishing,"https://www.google.com/maps/dir//39.5279,-105.7514",39.52792997263356,-105.75145058075786,0,
import-high-priority,74,Brush Creek,Brush Creek,38580,1599,Gunnison,Stream or River,Coldwater,public-indicated,Public-land/property indicator or official property URL is present,Trout: Brook,Gunnison National Forest,Difficult,Low,No,No,None,No,False,,"https://www.google.com/search?q=""fishing report""+Brush Creek+""Gunnison County""+Colorado",https://www.fs.usda.gov/activity/gmug/recreation/fishing,"https://www.google.com/maps/dir//38.8983,-106.883",38.89830607278706,-106.88302181147725,0,
import-high-priority,74,Brush Creek Lakes,"Brush Creek Lake, Lower",80236,196,Custer,Water Body,Coldwater,public-indicated,Public-land/property indicator or official property URL is present,Trout: Cutthroat,Sangre De Cristo Wilderness Area,Difficult,Low,No,No,Unsure,No,False,,"https://www.google.com/search?q=""fishing report""+Brush Creek Lake, Lower+""Custer County""+Colorado",https://www.fs.usda.gov/activity/psicc/recreation/fishing,"https://www.google.com/maps/dir//38.2132,-105.7102",38.213192411426014,-105.71019134872878,0,
import-high-priority,74,Buffalo Creek,Buffalo Creek,10380,1375,Jefferson,Stream or River,Coldwater,public-indicated,Public-land/property indicator or official property URL is present,Trout: Brown,Pike National Forest,Medium,Low,No,No,None,No,False,,"https://www.google.com/search?q=""fishing report""+Buffalo Creek+""Jefferson County""+Colorado",https://www.fs.usda.gov/activity/psicc/recreation/fishing,"https://www.google.com/maps/dir//39.3559,-105.3168",39.35594224524153,-105.31681512783571,0,
import-high-priority,74,Bull Creek,Bull Creek,19352,1447,Mesa,Stream or River,Coldwater,public-indicated,Public-land/property indicator or official property URL is present,Trout: Cutthroat | Trout: Rainbow,Grand Mesa National Forest,Difficult,Low,No,No,None,No,False,,"https://www.google.com/search?q=""fishing report""+Bull Creek+""Mesa County""+Colorado",https://www.fs.usda.gov/activity/gmug/recreation/fishing,"https://www.google.com/maps/dir//39.0758,-108.0215",39.07575750826505,-108.02146530503711,0,
import-high-priority,74,Bull Creek Reservoir #5,Bull Creek Reservoir #5,65635,490,Mesa,Water Body,Coldwater,public-indicated,Public-land/property indicator or official property URL is present,Trout: Cutthroat,Grand Mesa National Forest,Difficult,Medium,No,No,Non-motorized,No,False,,"https://www.google.com/search?q=""fishing report""+Bull Creek Reservoir #5+""Mesa County""+Colorado",https://www.fs.usda.gov/activity/gmug/recreation/fishing,"https://www.google.com/maps/dir//39.0828,-108.0235",39.08284082811635,-108.02346724376692,0,
import-high-priority,74,Burning Bear Creek,Burning Bear Creek,12740,1382,Park,Stream or River,Coldwater,public-indicated,Public-land/property indicator or official property URL is present,Trout: Brook,Pike National Forest,Medium,Low,No,No,None,No,False,,"https://www.google.com/search?q=""fishing report""+Burning Bear Creek+""Park County""+Colorado",https://www.fs.usda.gov/activity/psicc/recreation/fishing,"https://www.google.com/maps/dir//39.5055,-105.7504",39.50551230798996,-105.75035596651617,0,
import-high-priority,74,Butts Lake,Butts Lake,88876,322,Delta,Water Body,Coldwater,public-indicated,Public-land/property indicator or official property URL is present,Trout: Brook | Trout: Cutthroat,Grand Mesa National Forest,Difficult,Low,No,Yes,Non-motorized,Sub-catchables,False,,"https://www.google.com/search?q=""fishing report""+Butts Lake+""Delta County""+Colorado",https://www.fs.usda.gov/activity/gmug/recreation/fishing,"https://www.google.com/maps/dir//39.0588,-107.9392",39.058788755291566,-107.93919544075065,0,
import-high-priority,74,Buzzard Creek,Buzzard Creek,27753,1619,Mesa,Stream or River,Coldwater,public-indicated,Public-land/property indicator or official property URL is present,Trout: Brook | Trout: Cutthroat,Grand Mesa National Forest,Medium,Medium,No,No,None,No,False,,"https://www.google.com/search?q=""fishing report""+Buzzard Creek+""Mesa County""+Colorado",https://www.fs.usda.gov/activity/gmug/recreation/fishing,"https://www.google.com/maps/dir//39.244,-107.6806",39.2440240719011,-107.68059947705318,0,
import-high-priority,74,Byron Lake,Byron Lake,54178,555,Clear Creek,Water Body,Coldwater,public-indicated,Public-land/property indicator or official property URL is present,Trout: Cutthroat,James Peak Wilderness Area,Difficult,Low,No,No,Non-motorized,No,False,,"https://www.google.com/search?q=""fishing report""+Byron Lake+""Clear Creek County""+Colorado",https://www.fs.usda.gov/activity/arp/recreation/fishing,"https://www.google.com/maps/dir//39.8058,-105.7234",39.80579216686477,-105.72344543558711,0,
import-high-priority,74,"Cache la Poudre River, North Fork","Cache la Poudre River, North Fork",11988,1478,Larimer,Stream or River,Coldwater,public-indicated,Public-land/property indicator or official property URL is present,Trout: Brown | Trout: Rainbow,Roosevelt National Forest,Medium,Medium,No,No,Non-motorized,No,False,,"https://www.google.com/search?q=""fishing report""+Cache la Poudre River, North Fork+""Larimer County""+Colorado",https://www.fs.usda.gov/activity/arp/recreation/fishing,"https://www.google.com/maps/dir//40.7415,-105.2354",40.74145157297416,-105.23537413097705,0,
import-high-priority,74,Carbon Creek,Carbon Creek,38768,1536,Gunnison,Stream or River,Coldwater,public-indicated,Public-land/property indicator or official property URL is present,Trout: Brook | Trout: Brown,Gunnison National Forest,Medium,Low,No,No,None,No,False,,"https://www.google.com/search?q=""fishing report""+Carbon Creek+""Gunnison County""+Colorado",https://www.fs.usda.gov/activity/gmug/recreation/fishing,"https://www.google.com/maps/dir//38.8,-107.0201",38.799998806373964,-107.02014107775513,0,
import-high-priority,74,Caribou Creek,Caribou Creek,10467,1417,Boulder,Stream or River,Coldwater,public-indicated,Public-land/property indicator or official property URL is present,Trout: Brook | Trout: Cutthroat,Roosevelt National Forest,Medium,Low,No,No,None,No,False,,"https://www.google.com/search?q=""fishing report""+Caribou Creek+""Boulder County""+Colorado",https://www.fs.usda.gov/activity/arp/recreation/fishing,"https://www.google.com/maps/dir//39.9936,-105.5722",39.99362036751345,-105.5721982067324,0,
import-high-priority,74,Caroline Lake,Caroline Lake,54243,458,Clear Creek,Water Body,Coldwater,public-indicated,Public-land/property indicator or official property URL is present,Trout: Cutthroat,Arapaho National Forest,Difficult,Low,No,No,Non-motorized,No,False,,"https://www.google.com/search?q=""fishing report""+Caroline Lake+""Clear Creek County""+Colorado",https://www.fs.usda.gov/activity/arp/recreation/fishing,"https://www.google.com/maps/dir//39.8356,-105.6881",39.83556716255029,-105.68811435949277,0,
import-high-priority,74,Cataract Creek,Cataract Creek,23090,1574,Summit,Stream or River,Coldwater,public-indicated,Public-land/property indicator or official property URL is present,Trout: Brook | Trout: Cutthroat,Eagles Nest Wilderness Area,Difficult,Low,No,No,None,No,False,,"https://www.google.com/search?q=""fishing report""+Cataract Creek+""Summit County""+Colorado",https://www.fs.usda.gov/activity/whiteriver/recreation/fishing,"https://www.google.com/maps/dir//39.8024,-106.3462",39.802356604881965,-106.34616801189436,0,
import-high-priority,74,Cedar Mesa Reservoir,Cedar Mesa Reservoir,88941,727,Delta,Water Body,Coldwater,public-indicated,Public-land/property indicator or official property URL is present,Trout: Brook | Trout: Cutthroat,Grand Mesa National Forest,Medium,Medium,No,Yes,Non-motorized,Sub-catchables,False,,"https://www.google.com/search?q=""fishing report""+Cedar Mesa Reservoir+""Delta County""+Colorado",https://www.fs.usda.gov/activity/gmug/recreation/fishing,"https://www.google.com/maps/dir//39.0504,-107.8439",39.05035680485027,-107.8439231993451,0,
import-high-priority,74,Chatfield Reservoir,Chatfield Reservoir,65828,1185,Rio Blanco,Water Body,Coldwater,public-indicated,Public-land/property indicator or official property URL is present,Trout: Cutthroat | Trout: Golden,Routt National Forest,Difficult,Low,No,Yes,Non-motorized,Sub-catchables,False,,"https://www.google.com/search?q=""fishing report""+Chatfield Reservoir+""Rio Blanco County""+Colorado",https://www.fs.usda.gov/activity/mbr/recreation/fishing,"https://www.google.com/maps/dir//40.1281,-107.0804",40.128061281166914,-107.08044813676302,0,
import-high-priority,74,Chicago Lakes,"Chicago Lake, Lower",54332,510,Clear Creek,Water Body,Coldwater,public-indicated,Public-land/property indicator or official property URL is present,Trout: Cutthroat,Mount Evans Wilderness Area,Difficult,Low,No,No,Non-motorized,No,False,,"https://www.google.com/search?q=""fishing report""+Chicago Lake, Lower+""Clear Creek County""+Colorado",https://www.fs.usda.gov/activity/arp/recreation/fishing,"https://www.google.com/maps/dir//39.6157,-105.6345",39.615745080116966,-105.6344964022288,0,
import-high-priority,74,Chinns Lake,Chinns Lake,54368,387,Clear Creek,Water Body,Coldwater,public-indicated,Public-land/property indicator or official property URL is present,Trout: Brook | Trout: Cutthroat,Arapaho National Forest,Difficult,Low,No,No,Non-motorized,No,False,,"https://www.google.com/search?q=""fishing report""+Chinns Lake+""Clear Creek County""+Colorado",https://www.fs.usda.gov/activity/arp/recreation/fishing,"https://www.google.com/maps/dir//39.8167,-105.6951",39.81670039376878,-105.69514386344059,0,
import-high-priority,74,"Cimarron River, East Fork","Cimarron River, East Fork",39025,1427,Gunnison,Stream or River,Coldwater,public-indicated,Public-land/property indicator or official property URL is present,Trout: Cutthroat | Trout: Rainbow,Uncompahgre Wilderness Area,Medium,Low,No,No,None,No,False,,"https://www.google.com/search?q=""fishing report""+Cimarron River, East Fork+""Gunnison County""+Colorado",https://www.fs.usda.gov/activity/gmug/recreation/fishing,"https://www.google.com/maps/dir//38.1684,-107.4899",38.16839124374175,-107.48989746028394,0,
import-high-priority,74,"Cimarron River, Middle Fork","Cimarron River, Middle Fork",39037,1426,Gunnison,Stream or River,Coldwater,public-indicated,Public-land/property indicator or official property URL is present,Trout: Cutthroat | Trout: Rainbow,Uncompahgre National Forest,Medium,Low,No,No,None,No,False,,"https://www.google.com/search?q=""fishing report""+Cimarron River, Middle Fork+""Gunnison County""+Colorado",https://www.fs.usda.gov/activity/gmug/recreation/fishing,"https://www.google.com/maps/dir//38.1666,-107.5201",38.1666398542652,-107.52007792622085,0,
import-high-priority,74,"Cimarron River, West Fork","Cimarron River, West Fork",39049,1425,Gunnison,Stream or River,Coldwater,public-indicated,Public-land/property indicator or official property URL is present,Trout: Cutthroat | Trout: Rainbow,Uncompahgre National Forest,Medium,Low,No,No,None,No,False,,"https://www.google.com/search?q=""fishing report""+Cimarron River, West Fork+""Gunnison County""+Colorado",https://www.fs.usda.gov/activity/gmug/recreation/fishing,"https://www.google.com/maps/dir//38.1736,-107.5553",38.17360742656458,-107.55532704182532,0,
import-high-priority,74,Clayton Lake,Clayton Lake,54382,184,Gilpin,Water Body,Coldwater,public-indicated,Public-land/property indicator or official property URL is present,Trout: Cutthroat,James Peak Wilderness Area,Difficult,Low,No,No,Non-motorized,No,False,,https://cpw.state.co.us/thingstodo/Fishery%20Survey%20Summaries/JamesPeakWildernessLakes.pdf,https://www.fs.usda.gov/activity/arp/recreation/fishing,"https://www.google.com/maps/dir//39.8893,-105.6845",39.88929160062975,-105.68451649269383,0,
import-high-priority,74,Clear Creek,Clear Creek,10556,1394,Clear Creek,Stream or River,Coldwater,public-indicated,Public-land/property indicator or official property URL is present,Trout: Brook | Trout: Cutthroat,Arapaho National Forest,Medium,Low,No,No,None,No,False,,"https://www.google.com/search?q=""fishing report""+Clear Creek+""Clear Creek County""+Colorado",https://www.fs.usda.gov/activity/arp/recreation/fishing,"https://www.google.com/maps/dir//39.6934,-105.825",39.693425656387355,-105.82497261577328,0,
import-high-priority,74,"Clear Creek, North Fork","Clear Creek, North Fork",31930,1497,Chaffee,Stream or River,Coldwater,public-indicated,Public-land/property indicator or official property URL is present,Trout: Brook,Collegiate Peaks Wilderness Area,Difficult,Low,No,No,None,No,False,,"https://www.google.com/search?q=""fishing report""+Clear Creek, North Fork+""Chaffee County""+Colorado",https://www.fs.usda.gov/activity/psicc/recreation/fishing,"https://www.google.com/maps/dir//38.9853,-106.4894",38.98525925754274,-106.48944503361214,0,
import-high-priority,74,"Clear Creek, South Fork","Clear Creek, South Fork",31562,1429,Chaffee,Stream or River,Coldwater,public-indicated,Public-land/property indicator or official property URL is present,Trout: Brook,Collegiate Peaks Wilderness Area,Medium,Low,No,No,None,No,False,,"https://www.google.com/search?q=""fishing report""+Clear Creek, South Fork+""Chaffee County""+Colorado",https://www.fs.usda.gov/activity/psicc/recreation/fishing,"https://www.google.com/maps/dir//38.9582,-106.4639",38.958164970974224,-106.46390040454733,0,
import-high-priority,74,"Clear Creek, West Fork","Clear Creek, West Fork",10582,1402,Clear Creek,Stream or River,Coldwater,public-indicated,Public-land/property indicator or official property URL is present,Trout: Brook | Trout: Brown,Arapaho National Forest,Medium,Low,No,No,None,No,False,,"https://www.google.com/search?q=""fishing report""+Clear Creek, West Fork+""Clear Creek County""+Colorado",https://www.fs.usda.gov/activity/arp/recreation/fishing,"https://www.google.com/maps/dir//39.7758,-105.8637",39.7758076900517,-105.86374388277461,1,
import-high-priority,74,Clear Lake,Clear Lake,54394,1211,Jackson,Water Body,Coldwater,public-indicated,Public-land/property indicator or official property URL is present,Trout: Cutthroat,State Forest State Park,Difficult,Low,No,No,None,No,False,,"https://www.google.com/search?q=""fishing report""+Clear Lake+""Jackson County""+Colorado",https://cpw.state.co.us/placestogo/Parks/stateforest,"https://www.google.com/maps/dir//40.6153,-106.0224",40.653570957868396,-105.96794895968735,0,
import-high-priority,74,Cliff Creek,Cliff Creek,39114,1562,Gunnison,Stream or River,Coldwater,public-indicated,Public-land/property indicator or official property URL is present,Trout: Cutthroat,West Elk Wilderness Area,Difficult,Low,No,No,None,No,False,,"https://www.google.com/search?q=""fishing report""+Cliff Creek+""Gunnison County""+Colorado",https://www.fs.usda.gov/activity/gmug/recreation/fishing,"https://www.google.com/maps/dir//38.817,-107.1958",38.816968473589434,-107.1957732771182,0,
import-high-priority,74,Coal Creek,Coal Creek,19566,1510,Mesa,Stream or River,Coldwater,public-indicated,Public-land/property indicator or official property URL is present,Trout: Brook | Trout: Rainbow,Grand Mesa National Forest,Difficult,Low,No,No,None,No,False,,"https://www.google.com/search?q=""fishing report""+Coal Creek+""Mesa County""+Colorado",https://www.fs.usda.gov/activity/gmug/recreation/fishing,"https://www.google.com/maps/dir//38.9772,-108.2095",38.97717319801059,-108.20950786659422,0,
import-high-priority,74,Cochetopa Creek,Cochetopa Creek,39190,666,Saguache,Stream or River,Coldwater,public-indicated,Public-land/property indicator or official property URL is present,Trout: Brown | Trout: Rainbow,Cochetopa SWA,Medium,Medium,No,No,None,No,False,,"https://www.google.com/search?q=""fishing report""+Cochetopa Creek+""Saguache County""+Colorado",https://cpw.state.co.us/swa/Cochetopa%20SWA,"https://www.google.com/maps/dir//38.1834,-106.714",38.16326931889973,-106.75534565792394,0,
import-high-priority,74,Colby Horse Park Reservoir,Colby Horse Park Reservoir,65931,141,Mesa,Water Body,Coldwater,public-indicated,Public-land/property indicator or official property URL is present,Trout: Cutthroat,Grand Mesa National Forest,Difficult,Medium,No,No,Non-motorized,No,False,,"https://www.google.com/search?q=""fishing report""+Colby Horse Park Reservoir+""Mesa County""+Colorado",https://www.fs.usda.gov/activity/gmug/recreation/fishing,"https://www.google.com/maps/dir//39.0812,-107.7947",39.081238964601845,-107.79465679899673,0,
import-high-priority,74,Cole Reservoirs,Cole Reservoir #1,89068,729,Delta,Water Body,Coldwater,public-indicated,Public-land/property indicator or official property URL is present,Trout: Cutthroat,Grand Mesa National Forest,Difficult,Low,No,Yes,Non-motorized,Sub-catchables,False,,"https://www.google.com/search?q=""fishing report""+Cole Reservoir #1+""Delta County""+Colorado",https://www.fs.usda.gov/activity/gmug/recreation/fishing,"https://www.google.com/maps/dir//39.057,-107.8232",39.056964035252584,-107.82324815238253,0,
import-high-priority,74,Colorado River,Colorado River,19718,1573,Grand,Stream or River,Coldwater,public-indicated,Public-land/property indicator or official property URL is present,Trout: Brook,Rocky Mountain National Park - Wilderness,Difficult,Medium,No,No,None,No,False,,"https://www.google.com/search?q=""fishing report""+Colorado River+""Grand County""+Colorado",https://www.nps.gov/romo/planyourvisit/fishing.htm,"https://www.google.com/maps/dir//40.451,-105.8476",40.45102080368403,-105.8476462794957,0,
import-high-priority,74,Comanche Lake,Comanche Lake,80313,1318,Custer,Water Body,Coldwater,public-indicated,Public-land/property indicator or official property URL is present,Trout: Cutthroat,Sangre De Cristo Wilderness Area,Difficult,Low,No,No,Unsure,Sub-catchables,False,,"https://www.google.com/search?q=""fishing report""+Comanche Lake+""Custer County""+Colorado",https://www.fs.usda.gov/activity/psicc/recreation/fishing,"https://www.google.com/maps/dir//38.0521,-105.6043",38.052077581270915,-105.60429993639839,0,
import-high-priority,74,Cone Lake,Cone Lake,54469,518,Clear Creek,Water Body,Coldwater,public-indicated,Public-land/property indicator or official property URL is present,Trout: Cutthroat,James Peak Wilderness Area,Difficult,Low,No,Yes,None,No,False,,"https://www.google.com/search?q=""fishing report""+Cone Lake+""Clear Creek County""+Colorado",https://www.fs.usda.gov/activity/arp/recreation/fishing,"https://www.google.com/maps/dir//39.7929,-105.7573",39.79288160060133,-105.75727911262929,0,
import-high-priority,74,Conejos River,Conejos River,39253,1442,Conejos,Stream or River,Coldwater,public-indicated,Public-land/property indicator or official property URL is present,Trout: Brown | Trout: Rainbow,Rio Grande National Forest,Medium,Medium,No,No,None,Sub-catchables,False,,"https://www.google.com/search?q=""fishing report""+Conejos River+""Conejos County""+Colorado",https://www.fs.usda.gov/activity/riogrande/recreation/fishing,"https://www.google.com/maps/dir//37.2415,-106.4747",37.241545873415966,-106.47470310397965,0,
import-high-priority,74,Conejos River,Conejos River,39241,1809,Conejos,Stream or River,Coldwater,public-indicated,Public-land/property indicator or official property URL is present,Trout: Brown | Trout: Rainbow,Rio Grande National Forest - Aspen Glad Campground,Medium,Medium,No,No,Unsure,Sub-catchables,False,,"https://www.google.com/search?q=""fishing report""+Conejos River+""Conejos County""+Colorado",https://www.fs.usda.gov/recarea/riogrande/recreation/recarea/?recid=29490,"https://www.google.com/maps/dir//37.0729,-106.2793",37.07292656142996,-106.27926545379852,1,
import-high-priority,74,Cooper Lake,Cooper Lake,89119,1203,Hinsdale,Water Body,Coldwater,public-indicated,Public-land/property indicator or official property URL is present,Trout: Brook | Trout: Cutthroat,Red Cloud Peak WSA,Difficult,Low,No,No,None,No,False,,"https://www.google.com/search?q=""fishing report""+Cooper Lake+""Hinsdale County""+Colorado",https://www.blm.gov/colorado,"https://www.google.com/maps/dir//37.9781,-107.4544",37.97814042975492,-107.45444766104504,0,
import-high-priority,74,Copper Creek,Copper Creek,39328,1537,Gunnison,Stream or River,Coldwater,public-indicated,Public-land/property indicator or official property URL is present,Trout: Brook,Maroon Bells-Snowmass Wilderness Area,Difficult,Low,No,No,None,No,False,,"https://www.google.com/search?q=""fishing report""+Copper Creek+""Gunnison County""+Colorado",https://www.fs.usda.gov/activity/gmug/recreation/fishing,"https://www.google.com/maps/dir//38.9712,-106.9642",38.97123320579417,-106.96415647743412,0,
import-high-priority,74,Cottonwood Creek,Cottonwood Creek,19782,1461,Mesa,Stream or River,Coldwater,public-indicated,Public-land/property indicator or official property URL is present,Trout: Brook | Trout: Rainbow,Grand Mesa National Forest,Medium,Low,No,No,None,No,False,,"https://www.google.com/search?q=""fishing report""+Cottonwood Creek+""Mesa County""+Colorado",https://www.fs.usda.gov/activity/gmug/recreation/fishing,"https://www.google.com/maps/dir//39.0852,-107.9688",39.085156838577035,-107.96878609532989,0,
import-high-priority,74,"Cottonwood Creek, Middle","Cottonwood Creek, Middle",29492,1504,Chaffee,Stream or River,Coldwater,public-indicated,Public-land/property indicator or official property URL is present,Trout: Brook | Trout: Cutthroat,San Isabel National Forest,Difficult,Low,No,No,None,Sub-catchables,False,,"https://www.google.com/search?q=""fishing report""+Cottonwood Creek, Middle+""Chaffee County""+Colorado",https://www.fs.usda.gov/activity/psicc/recreation/fishing,"https://www.google.com/maps/dir//38.8102,-106.3157",38.81022270343815,-106.31565762799127,0,
import-high-priority,74,Cow Creek,Cow Creek,39380,1563,Ouray,Stream or River,Coldwater,public-indicated,Public-land/property indicator or official property URL is present,Trout: Cutthroat,Uncompahgre National Forest,Medium,Low,No,No,None,No,False,,"https://www.google.com/search?q=""fishing report""+Cow Creek+""Ouray County""+Colorado",https://www.fs.usda.gov/activity/gmug/recreation/fishing,"https://www.google.com/maps/dir//38.0951,-107.6099",38.09513440816121,-107.60985701008822,0,
import-high-priority,74,Craig Creek,Craig Creek,10695,1378,Park,Stream or River,Coldwater,public-indicated,Public-land/property indicator or official property URL is present,Trout: Brook,Lost Creek Wilderness Area,Medium,Low,No,No,None,No,False,,"https://www.google.com/search?q=""fishing report""+Craig Creek+""Park County""+Colorado",https://www.fs.usda.gov/activity/psicc/recreation/fishing,"https://www.google.com/maps/dir//39.3345,-105.4689",39.33452485387195,-105.46890588911523,0,
import-high-priority,74,Crater Lakes,"Crater Lake #2, Mid North",54534,268,Gilpin,Water Body,Coldwater,public-indicated,Public-land/property indicator or official property URL is present,Trout: Brook,James Peak Wilderness Area,Difficult,Low,No,No,Non-motorized,No,False,,https://cpw.state.co.us/thingstodo/Fishery%20Survey%20Summaries/JamesPeakWildernessLakes.pdf,https://www.fs.usda.gov/activity/arp/recreation/fishing,"https://www.google.com/maps/dir//39.8976,-105.6754",39.89757623148694,-105.67537542590718,0,
import-high-priority,74,De Camp Reservoir,De Camp Reservoir,73267,696,Mesa,Water Body,Coldwater,public-indicated,Public-land/property indicator or official property URL is present,Trout: Brook,Grand Mesa National Forest,Medium,Low,No,No,Non-motorized,Sub-catchables,False,,"https://www.google.com/search?q=""fishing report""+De Camp Reservoir+""Mesa County""+Colorado",https://www.fs.usda.gov/activity/gmug/recreation/fishing,"https://www.google.com/maps/dir//39.0795,-107.9666",39.07954189228095,-107.96659378113353,0,
import-high-priority,74,Deep Lake,Deep Lake,54572,89,Boulder,Water Body,Coldwater,public-indicated,Public-land/property indicator or official property URL is present,Trout: Cutthroat,Indian Peaks Wilderness Area,Difficult,Low,No,No,Non-motorized,No,False,,"https://www.google.com/search?q=""fishing report""+Deep Lake+""Boulder County""+Colorado",https://www.fs.usda.gov/activity/arp/recreation/fishing,"https://www.google.com/maps/dir//40.0003,-105.6705",40.000253056140465,-105.67050789196375,0,
import-high-priority,74,Deep Slough Lake,Deep Slough Lake,89462,712,Delta,Water Body,Coldwater,public-indicated,Public-land/property indicator or official property URL is present,Trout: Brook | Trout: Tiger,Grand Mesa National Forest,Medium,Medium,No,Yes,Non-motorized,Sub-catchables,False,,"https://www.google.com/search?q=""fishing report""+Deep Slough Lake+""Delta County""+Colorado",https://www.fs.usda.gov/activity/gmug/recreation/fishing,"https://www.google.com/maps/dir//39.0283,-107.9899",39.02831080865301,-107.98990286278227,0,
import-high-priority,74,Deer Creek,Deer Creek,10796,1377,Park,Stream or River,Coldwater,public-indicated,Public-land/property indicator or official property URL is present,Trout: Brook | Trout: Brown,Pike National Forest,Medium,Low,No,No,None,No,False,,"https://www.google.com/search?q=""fishing report""+Deer Creek+""Park County""+Colorado",https://www.fs.usda.gov/activity/psicc/recreation/fishing,"https://www.google.com/maps/dir//39.5084,-105.5564",39.5084202504035,-105.55645079998891,0,
import-high-priority,74,"Derby Creek, Middle Fork","Derby Creek, Middle Fork",19984,1550,Garfield,Stream or River,Coldwater,public-indicated,Public-land/property indicator or official property URL is present,Trout: Brook | Trout: Cutthroat,Flat Tops Wilderness Area,Difficult,Low,No,No,None,No,False,,"https://www.google.com/search?q=""fishing report""+Derby Creek, Middle Fork+""Garfield County""+Colorado",https://www.fs.usda.gov/activity/whiteriver/recreation/fishing,N/A - Wilderness Area,39.94632160486367,-107.14156701137804,0,
import-high-priority,74,Devils Thumb Lake,Devils Thumb Lake,54623,29,Boulder,Water Body,Coldwater,public-indicated,Public-land/property indicator or official property URL is present,Trout: Cutthroat,Indian Peaks Wilderness Area,Difficult,Low,No,No,Non-motorized,No,False,,https://cpw.state.co.us/thingstodo/Fishery%20Survey%20Summaries/IndianPeaksWildernessLakes.pdf,https://www.fs.usda.gov/activity/arp/recreation/fishing,"https://www.google.com/maps/dir//39.9742,-105.6785",39.974179065393734,-105.67851274173128,0,
import-high-priority,74,"Diamond Lake, Upper","Diamond Lake, Upper",54647,270,Boulder,Water Body,Coldwater,public-indicated,Public-land/property indicator or official property URL is present,Trout: Cutthroat,Indian Peaks Wilderness Area,Difficult,Low,No,No,Non-motorized,No,False,,https://cpw.state.co.us/thingstodo/Fishery%20Survey%20Summaries/IndianPeaksWildernessLakes.pdf,https://www.fs.usda.gov/activity/arp/recreation/fishing,"https://www.google.com/maps/dir//39.9917,-105.6731",39.99165366250472,-105.67313472126304,0,
import-high-priority,74,Dirty George Creek,Dirty George Creek,38564,1451,Delta,Stream or River,Coldwater,public-indicated,Public-land/property indicator or official property URL is present,Trout: Brook | Trout: Cutthroat,Grand Mesa National Forest,Medium,Low,No,No,None,No,False,,"https://www.google.com/search?q=""fishing report""+Dirty George Creek+""Delta County""+Colorado",https://www.fs.usda.gov/activity/gmug/recreation/fishing,"https://www.google.com/maps/dir//38.9919,-108.0487",38.991876587290406,-108.04874306725434,0,
import-high-priority,74,Dorothy Lake,Dorothy Lake,54661,71,Boulder,Water Body,Coldwater,public-indicated,Public-land/property indicator or official property URL is present,Trout: Cutthroat,Indian Peaks Wilderness Area,Difficult,Low,No,No,Non-motorized,No,False,,"https://www.google.com/search?q=""fishing report""+Dorothy Lake+""Boulder County""+Colorado",https://www.fs.usda.gov/activity/arp/recreation/fishing,"https://www.google.com/maps/dir//40.0124,-105.6859",40.012449099759614,-105.68585288220604,0,
import-high-priority,74,Doughspoon Reservoir #1,Doughspoon Reservoir #1,89676,705,Delta,Water Body,Coldwater,public-indicated,Public-land/property indicator or official property URL is present,Trout: Brook,Grand Mesa National Forest,Medium,Low,No,Yes,Non-motorized,No,False,,"https://www.google.com/search?q=""fishing report""+Doughspoon Reservoir #1+""Delta County""+Colorado",https://www.fs.usda.gov/activity/gmug/recreation/fishing,"https://www.google.com/maps/dir//38.8995,-108.1268",38.8995452012348,-108.12678461449904,0,
import-high-priority,74,Doughty Reservoir,Doughty Reservoir,89688,733,Delta,Water Body,Coldwater,public-indicated,Public-land/property indicator or official property URL is present,Trout: Brook | Trout: Rainbow,Grand Mesa National Forest,Medium,Low,No,Yes,Non-motorized,Sub-catchables,False,,"https://www.google.com/search?q=""fishing report""+Doughty Reservoir+""Delta County""+Colorado",https://www.fs.usda.gov/activity/gmug/recreation/fishing,"https://www.google.com/maps/dir//39.0151,-107.7268",39.015088083669,-107.72680580411544,0,
import-high-priority,74,"Douglas Creek, East","Douglas Creek, East",20237,1581,Rio Blanco,Stream or River,Coldwater,public-indicated,Public-land/property indicator or official property URL is present,Trout: Cutthroat,US Bureau of Land Management,Medium,Low,No,No,None,No,False,,"https://www.google.com/search?q=""fishing report""+Douglas Creek, East+""Rio Blanco County""+Colorado",https://www.blm.gov/colorado,"https://www.google.com/maps/dir//39.8321,-108.6922",39.83205540468582,-108.69221440807301,0,
import-high-priority,74,Dry Lakes,"Dry Lake, Lower",80375,1306,Custer,Water Body,Coldwater,public-indicated,Public-land/property indicator or official property URL is present,Trout: Cutthroat,Sangre De Cristo Wilderness Area,Difficult,Low,No,No,Unsure,Sub-catchables,False,,"https://www.google.com/search?q=""fishing report""+Dry Lake, Lower+""Custer County""+Colorado",https://www.fs.usda.gov/activity/psicc/recreation/fishing,"https://www.google.com/maps/dir//38.0303,-105.5822",38.03030993129966,-105.58217495377001,0,
import-high-priority,74,Duck Creek,Duck Creek,10811,1386,Park,Stream or River,Coldwater,public-indicated,Public-land/property indicator or official property URL is present,Trout: Brook,Pike National Forest,Medium,Low,No,No,None,No,False,,"https://www.google.com/search?q=""fishing report""+Duck Creek+""Park County""+Colorado",https://www.fs.usda.gov/activity/psicc/recreation/fishing,"https://www.google.com/maps/dir//39.5579,-105.7212",39.557910778492484,-105.72116064342548,0,
import-high-priority,74,Dudes Hole Lake,Dudes Hole Lake,58380,207,Gilpin,Water Body,Coldwater,public-indicated,Public-land/property indicator or official property URL is present,Trout: Brown | Trout: Rainbow,Golden Gate Canyon State Park,Medium,Low,No,Yes,Non-motorized,Sub-catchables,False,,"https://www.google.com/search?q=""fishing report""+Dudes Hole Lake+""Gilpin County""+Colorado",https://cpw.state.co.us/placestogo/Parks/goldengatecanyon,"https://www.google.com/maps/dir//39.8682,-105.4169",39.860746068100916,-105.4135920509354,0,
import-high-priority,74,"Echo Lake, Little","Echo Lake, Little",54724,246,Gilpin,Water Body,Coldwater,public-indicated,Public-land/property indicator or official property URL is present,Trout: Brook,James Peak Wilderness Area,Medium,Low,No,No,Non-motorized,No,False,,https://cpw.state.co.us/thingstodo/Fishery%20Survey%20Summaries/JamesPeakWildernessLakes.pdf,https://www.fs.usda.gov/recarea/arp/recreation/fishing/recarea/?recid=28362&actid=42,"https://www.google.com/maps/dir//39.8597,-105.6695",39.859685661797194,-105.66949158296705,0,
import-high-priority,74,Eggleston Lake Little,Eggleston Lake Little,89789,709,Delta,Water Body,Coldwater,public-indicated,Public-land/property indicator or official property URL is present,Trout: Brook | Trout: Cutthroat,Grand Mesa National Forest,Medium,Medium,No,Yes,Non-motorized,Sub-catchables,False,,"https://www.google.com/search?q=""fishing report""+Eggleston Lake Little+""Delta County""+Colorado",https://www.fs.usda.gov/activity/gmug/recreation/fishing,"https://www.google.com/maps/dir//39.0534,-107.9289",39.05336134607916,-107.92893161101286,0,
import-high-priority,74,Elk Falls Pond,Elk Falls Pond,80396,1801,Park,Water Body,Coldwater,public-indicated,Public-land/property indicator or official property URL is present,Trout: Brook,Staunton State Park,Medium,Low,No,Limited,None,No,False,,"https://www.google.com/search?q=""fishing report""+Elk Falls Pond+""Park County""+Colorado",https://cpw.state.co.us/placestogo/parks/Staunton,"http://www.google.com/maps/dir//39.51458,-105.42",39.51457570125288,-105.42002333080289,0,
import-high-priority,74,Elk Park Reservoir,Elk Park Reservoir,89830,716,Delta,Water Body,Coldwater,public-indicated,Public-land/property indicator or official property URL is present,Trout: Brook | Trout: Cutthroat,Grand Mesa National Forest,Medium,Low,No,Yes,Non-motorized,No,False,,"https://www.google.com/search?q=""fishing report""+Elk Park Reservoir+""Delta County""+Colorado",https://www.fs.usda.gov/activity/gmug/recreation/fishing,"https://www.google.com/maps/dir//39.046,-107.888",39.04599075220481,-107.8879713832261,0,
import-high-priority,74,"Elk River, South Fork","Elk River, South Fork",20191,1594,Routt,Stream or River,Coldwater,public-indicated,Public-land/property indicator or official property URL is present,Trout: Brook | Trout: Cutthroat,Routt National Forest,Difficult,Low,No,No,None,No,False,,"https://www.google.com/search?q=""fishing report""+Elk River, South Fork+""Routt County""+Colorado",https://www.fs.usda.gov/activity/mbr/recreation/fishing,"https://www.google.com/maps/dir//40.7638,-106.7493",40.76383120326063,-106.74926767737283,0,
import-high-priority,74,Empire Gulch,Empire Gulch,29719,629,Lake,Stream or River,Coldwater,public-indicated,Public-land/property indicator or official property URL is present,Trout: Brook,Paddock SWA,Difficult,Low,No,No,None,No,False,,"https://www.google.com/search?q=""fishing report""+Empire Gulch+""Lake County""+Colorado",https://cpw.state.co.us/swa/Paddock%20SWA,"https://www.google.com/maps/dir//39.204,-106.2102",39.204043352400085,-106.21018154993585,0,
import-high-priority,74,Ethel Lake,Ethel Lake,54813,587,Clear Creek,Water Body,Coldwater,public-indicated,Public-land/property indicator or official property URL is present,Trout: Cutthroat,James Peak Wilderness Area,Difficult,Low,No,No,Non-motorized,No,False,,"https://www.google.com/search?q=""fishing report""+Ethel Lake+""Clear Creek County""+Colorado",https://www.fs.usda.gov/activity/arp/recreation/fishing,"https://www.google.com/maps/dir//39.806,-105.7323",39.80605004671777,-105.7322629498697,0,
import-high-priority,74,Eureka Lake,Eureka Lake,80426,1241,Custer,Water Body,Coldwater,public-indicated,Public-land/property indicator or official property URL is present,Trout: Cutthroat,Sangre De Cristo Wilderness Area,Difficult,Low,No,No,Unsure,Sub-catchables,False,,"https://www.google.com/search?q=""fishing report""+Eureka Lake+""Custer County""+Colorado",https://www.fs.usda.gov/activity/psicc/recreation/fishing,"https://www.google.com/maps/dir//38.0842,-105.6364",38.084201593226936,-105.63637578560103,0,
import-high-priority,74,Fall Creek,Fall Creek,40105,1541,Gunnison,Stream or River,Coldwater,public-indicated,Public-land/property indicator or official property URL is present,Trout: Cutthroat,Uncompahgre Wilderness Area,Difficult,Low,No,No,None,No,False,,"https://www.google.com/search?q=""fishing report""+Fall Creek+""Gunnison County""+Colorado",https://www.fs.usda.gov/activity/gmug/recreation/fishing,"https://www.google.com/maps/dir//38.1615,-107.4174",38.161469782934866,-107.41736692728867,0,
import-high-priority,74,Fall River,Fall River,10912,1400,Clear Creek,Stream or River,Coldwater,public-indicated,Public-land/property indicator or official property URL is present,Trout: Brook,Arapaho National Forest,Medium,Low,No,No,None,No,False,,"https://www.google.com/search?q=""fishing report""+Fall River+""Clear Creek County""+Colorado",https://www.fs.usda.gov/activity/arp/recreation/fishing,"https://www.google.com/maps/dir//39.7996,-105.633",39.799570384583895,-105.6330132585419,0,
import-high-priority,74,Fall River Reservoir,Fall River Reservoir,57061,384,Clear Creek,Water Body,Coldwater,public-indicated,Public-land/property indicator or official property URL is present,Trout: Cutthroat,Arapaho National Forest,Medium,Low,No,No,Non-motorized,No,False,,"https://www.google.com/search?q=""fishing report""+Fall River Reservoir+""Clear Creek County""+Colorado",https://www.fs.usda.gov/activity/arp/recreation/fishing,"https://www.google.com/maps/dir//39.8211,-105.6928",39.821097058828215,-105.69281108686977,0,
import-high-priority,74,Fawn Creek,Fawn Creek,20254,1579,Rio Blanco,Stream or River,Coldwater,public-indicated,Public-land/property indicator or official property URL is present,Trout: Cutthroat,White River National Forest,Medium,Low,No,No,None,No,False,,"https://www.google.com/search?q=""fishing report""+Fawn Creek+""Rio Blanco County""+Colorado",https://www.fs.usda.gov/activity/whiteriver/recreation/fishing,"https://www.google.com/maps/dir//40.0539,-107.5305",40.05394580486337,-107.53052501047998,0,
import-high-priority,74,Fern Creek,Fern Creek,10924,1364,Douglas,Stream or River,Coldwater,public-indicated,Public-land/property indicator or official property URL is present,Trout: Brook | Trout: Rainbow,Pike National Forest,Medium,Low,No,No,None,No,False,,"https://www.google.com/search?q=""fishing report""+Fern Creek+""Douglas County""+Colorado",https://www.fs.usda.gov/activity/psicc/recreation/fishing,"https://www.google.com/maps/dir//39.1661,-105.0741",39.1660670348627,-105.07410585107324,0,
import-high-priority,74,Finney Cut Lake #1,Finney Cut Lake #1,66577,719,Mesa,Water Body,Coldwater,public-indicated,Public-land/property indicator or official property URL is present,Trout: Cutthroat,Grand Mesa National Forest,Difficult,Low,No,No,Non-motorized,Sub-catchables,False,,"https://www.google.com/search?q=""fishing report""+Finney Cut Lake #1+""Mesa County""+Colorado",https://www.fs.usda.gov/activity/gmug/recreation/fishing,"https://www.google.com/maps/dir//39.0767,-107.8301",39.07668035328171,-107.83010589575308,0,
import-high-priority,74,Finney Cut Lake #2,Finney Cut Lake #2,66589,717,Mesa,Water Body,Coldwater,public-indicated,Public-land/property indicator or official property URL is present,Trout: Cutthroat,Grand Mesa National Forest,Difficult,Low,No,No,Non-motorized,Sub-catchables,False,,"https://www.google.com/search?q=""fishing report""+Finney Cut Lake #2+""Mesa County""+Colorado",https://www.fs.usda.gov/activity/gmug/recreation/fishing,"https://www.google.com/maps/dir//39.0828,-107.8309",39.082786056958696,-107.83094124272904,0,
import-high-priority,74,Fish Creek,Fish Creek,40167,1527,Archuleta,Stream or River,Coldwater,public-indicated,Public-land/property indicator or official property URL is present,Trout: Brook,San Juan National Forest,Medium,Low,No,No,None,No,False,,"https://www.google.com/search?q=""fishing report""+Fish Creek+""Archuleta County""+Colorado",https://www.fs.usda.gov/activity/sanjuan/recreation/fishing,"https://www.google.com/maps/dir//37.2202,-106.7236",37.220215008964175,-106.72359547765619,0,
import-high-priority,74,Forest Lakes,Forest Lake #2,54875,86,Gilpin,Water Body,Coldwater,public-indicated,Public-land/property indicator or official property URL is present,Trout: Brook,James Peak Wilderness Area,Medium,Low,No,No,Non-motorized,No,False,,"https://www.google.com/search?q=""fishing report""+Forest Lake #2+""Gilpin County""+Colorado",https://www.fs.usda.gov/activity/arp/recreation/fishing,"https://www.google.com/maps/dir//39.9176,-105.6674",39.917608268098974,-105.66741051972872,0,
import-high-priority,74,Forest Lakes,Forest Lake #1,54863,1777,Gilpin,Water Body,Coldwater,public-indicated,Public-land/property indicator or official property URL is present,Trout: Brook | Trout: Cutthroat,James Peak Wilderness Area,Medium,Low,No,No,Non-motorized,No,False,,https://cpw.state.co.us/thingstodo/Fishery%20Survey%20Summaries/JamesPeakWildernessLakes.pdf,https://www.fs.usda.gov/activity/arp/recreation/fishing,"https://www.google.com/maps/dir//39.9162,-105.6621",39.916159403525356,-105.66212170106989,0,
import-high-priority,74,Forgotten Valley Pond,Forgotten Valley Pond,61060,208,Jefferson,Water Body,Coldwater,public-indicated,Public-land/property indicator or official property URL is present,Trout: Brown,Golden Gate Canyon State Park,Medium,Low,No,No,Non-motorized,Sub-catchables,False,,"https://www.google.com/search?q=""fishing report""+Forgotten Valley Pond+""Jefferson County""+Colorado",https://cpw.state.co.us/placestogo/Parks/goldengatecanyon,"https://www.google.com/maps/dir//39.8461,-105.3785",39.85538274205037,-105.38502009666814,0,
import-high-priority,74,Forty Acre Lake,Forty Acre Lake,66666,354,Mesa,Water Body,Coldwater,public-indicated,Public-land/property indicator or official property URL is present,Trout: Brook,Grand Mesa National Forest,Medium,Medium,No,No,Electric,No,False,,"https://www.google.com/search?q=""fishing report""+Forty Acre Lake+""Mesa County""+Colorado",https://www.fs.usda.gov/activity/gmug/recreation/fishing,"https://www.google.com/maps/dir//39.076,-107.9157",39.075957733121655,-107.91568094943072,0,
import-high-priority,74,Fourmile Creek,Fourmile Creek,29771,1437,Park,Stream or River,Coldwater,public-indicated,Public-land/property indicator or official property URL is present,Trout: Brown | Trout: Rainbow,Badger Basin SWA,Medium,Low,No,No,None,No,False,,"https://www.google.com/search?q=""fishing report""+Fourmile Creek+""Park County""+Colorado",https://cpw.state.co.us/swa/Badger%20Basin%20SWA,"https://www.google.com/maps/dir//39.0153,-105.7394",39.0308113266212,-105.82839590667484,0,
import-high-priority,74,Fox Creek,Fox Creek,10986,1480,Larimer,Stream or River,Coldwater,public-indicated,Public-land/property indicator or official property URL is present,Trout: Brook,Comanche Peak Wilderness Area/West Creek NRA,Medium,Low,No,No,None,No,False,,"https://www.google.com/search?q=""fishing report""+Fox Creek+""Larimer County""+Colorado",https://www.fs.usda.gov/activity/arp/recreation/fishing,"https://www.google.com/maps/dir//40.4546,-105.4976",40.45462537570899,-105.49759524061372,0,
import-high-priority,74,French Creek,French Creek,29783,1490,Park,Stream or River,Coldwater,public-indicated,Public-land/property indicator or official property URL is present,Trout: Brook | Trout: Cutthroat,Pike National Forest,Medium,Low,No,No,None,No,False,,"https://www.google.com/search?q=""fishing report""+French Creek+""Park County""+Colorado",https://www.fs.usda.gov/activity/psicc/recreation/fishing,"https://www.google.com/maps/dir//39.4221,-105.9102",39.422131086770236,-105.91015743230832,0,
import-high-priority,74,Frozen Lake,Frozen Lake,54902,118,Clear Creek,Water Body,Coldwater,public-indicated,Public-land/property indicator or official property URL is present,Trout: Cutthroat,Mount Evans Wilderness Area,Difficult,Low,No,Yes,None,No,False,,"https://www.google.com/search?q=""fishing report""+Frozen Lake+""Clear Creek County""+Colorado",https://www.fs.usda.gov/activity/psicc/recreation/fishing,"https://www.google.com/maps/dir//39.5776,-105.6679",39.577609845391365,-105.66786695102964,0,
import-high-priority,74,Fryingpan River,Fryingpan River,27599,1546,Pitkin,Stream or River,Coldwater,public-indicated,Public-land/property indicator or official property URL is present,Trout: Brook | Trout: Cutthroat,Hunter-Fryingpan Wilderness Area,Medium,Low,No,No,None,No,False,,"https://www.google.com/search?q=""fishing report""+Fryingpan River+""Pitkin County""+Colorado",https://www.fs.usda.gov/activity/whiteriver/recreation/fishing,N/A - Wilderness Area,39.23230620553996,-106.51440467796732,0,
import-high-priority,74,Fuller Lake,Fuller Lake,90047,1138,San Juan,Water Body,Coldwater,public-indicated,Public-land/property indicator or official property URL is present,Trout: Cutthroat | Trout: Golden,San Juan National Forest,Difficult,Low,No,No,Unsure,No,False,,"https://www.google.com/search?q=""fishing report""+Fuller Lake+""San Juan County""+Colorado",https://www.fs.usda.gov/activity/sanjuan/recreation/fishing,"https://www.google.com/maps/dir//37.8018,-107.8133",37.80182470946097,-107.81326727399295,0,
import-high-priority,74,Geneva Creek,Geneva Creek,10998,1380,Park,Stream or River,Coldwater,public-indicated,Public-land/property indicator or official property URL is present,Trout: Brook | Trout: Brown,Pike National Forest,Medium,Low,No,No,None,No,False,,"https://www.google.com/search?q=""fishing report""+Geneva Creek+""Park County""+Colorado",https://www.fs.usda.gov/activity/psicc/recreation/fishing,"https://www.google.com/maps/dir//39.4822,-105.6943",39.48217256428697,-105.69425139079907,0,
import-high-priority,74,Gibson Lake,Gibson Lake,54952,454,Park,Water Body,Coldwater,public-indicated,Public-land/property indicator or official property URL is present,Trout: Brook | Trout: Cutthroat,Pike National Forest,Difficult,Low,No,Yes,None,No,False,,"https://www.google.com/search?q=""fishing report""+Gibson Lake+""Park County""+Colorado",https://www.fs.usda.gov/activity/psicc/recreation/fishing,"https://www.google.com/maps/dir//39.4941,-105.8581",39.49405487654056,-105.85813895774709,0,
import-high-priority,74,Glacier Creek,Glacier Creek,32134,1502,Lake,Stream or River,Coldwater,public-indicated,Public-land/property indicator or official property URL is present,Trout: Cutthroat,San Isabel National Forest,Difficult,Low,No,No,None,Sub-catchables,False,,"https://www.google.com/search?q=""fishing report""+Glacier Creek+""Lake County""+Colorado",https://www.fs.usda.gov/activity/psicc/recreation/fishing,"https://www.google.com/maps/dir//39.2816,-106.4482",39.28160957013098,-106.44822147907287,0,
import-high-priority,74,Goodwin Lakes,"Goodwin Lake, Lower",80452,1171,Custer,Water Body,Coldwater,public-indicated,Public-land/property indicator or official property URL is present,Trout: Cutthroat,Sangre De Cristo Wilderness Area,Difficult,Low,No,No,Unsure,Sub-catchables,False,,"https://www.google.com/search?q=""fishing report""+Goodwin Lake, Lower+""Custer County""+Colorado",https://www.fs.usda.gov/activity/psicc/recreation/fishing,"https://www.google.com/maps/dir//38.0779,-105.6214",38.07793651983815,-105.62135615257822,0,
import-high-priority,74,Gore Creek,Gore Creek,23204,1555,Eagle,Stream or River,Coldwater,public-indicated,Public-land/property indicator or official property URL is present,Trout: Brook | Trout: Rainbow,Eagles Nest Wilderness Area,Difficult,Low,No,No,None,No,False,,"https://www.google.com/search?q=""fishing report""+Gore Creek+""Eagle County""+Colorado",https://www.fs.usda.gov/activity/whiteriver/recreation/fishing,"https://www.google.com/maps/dir//39.6294,-106.2613",39.62937047152324,-106.26134241277681,0,
import-high-priority,74,Granby Reservoirs,"Granby Res #4, 5, 10 & 11",90162,222,Delta,Water Body,Coldwater,public-indicated,Public-land/property indicator or official property URL is present,Trout: Brown | Trout: Cutthroat,Grand Mesa National Forest,Medium,Medium,No,Yes,Non-motorized,Sub-catchables,False,,"https://www.google.com/search?q=""fishing report""+Granby Res #4, 5, 10 & 11+""Delta County""+Colorado",https://www.fs.usda.gov/activity/gmug/recreation/fishing,"https://www.google.com/maps/dir//39.0001,-108.0296",39.00014924661735,-108.02955494139445,0,
import-high-priority,74,Grape Creek,Grape Creek,29901,1493,Fremont,Stream or River,Coldwater,public-indicated,Public-land/property indicator or official property URL is present,Trout: Brown | Trout: Rainbow,Grape Creek ACEC,Difficult,Medium,No,No,None,No,False,,"https://www.google.com/search?q=""fishing report""+Grape Creek+""Fremont County""+Colorado",https://www.blm.gov/colorado,"https://www.google.com/maps/dir//38.4172,-105.2827",38.41717813201055,-105.28265003713236,1,
import-high-priority,74,Grape Creek,Grape Creek,29904,1494,Fremont,Stream or River,Coldwater,public-indicated,Public-land/property indicator or official property URL is present,Trout: Brown | Trout: Rainbow,Grape Creek ACEC & Lower Grape Creek WSA,Difficult,Low,No,No,None,No,False,,"https://www.google.com/search?q=""fishing report""+Grape Creek+""Fremont County""+Colorado",https://www.blm.gov/colorado,"https://www.google.com/maps/dir//38.3526,-105.3483",38.35260070241451,-105.3483266284274,1,
import-high-priority,74,Grape Creek,Grape Creek,29907,1495,Fremont,Stream or River,Coldwater,public-indicated,Public-land/property indicator or official property URL is present,Trout: Brown | Trout: Rainbow,Grape Creek ACEC & Upper Grape Creek WSA,Medium,Medium,No,No,None,No,False,,"https://www.google.com/search?q=""fishing report""+Grape Creek+""Fremont County""+Colorado",https://www.blm.gov/colorado,"https://www.google.com/maps/dir//38.2669,-105.3566",38.266914089700045,-105.35661362105938,0,
import-high-priority,74,Groundhog Creek,Groundhog Creek,45458,1517,Saguache,Stream or River,Coldwater,public-indicated,Public-land/property indicator or official property URL is present,Trout: Brook | Trout: Brown,Rio Grande National Forest,Medium,Low,No,No,None,No,False,,"https://www.google.com/search?q=""fishing report""+Groundhog Creek+""Saguache County""+Colorado",https://www.fs.usda.gov/activity/riogrande/recreation/fishing,"https://www.google.com/maps/dir//37.8662,-106.5942",37.866246887130686,-106.59423199245353,0,
import-high-priority,74,Gunnison River,Gunnison River,40446,610,Delta,Stream or River,Coldwater,public-indicated,Public-land/property indicator or official property URL is present,Trout: Brown | Trout: Rainbow,Delta SWA,Medium,Medium,No,No,Non-motorized,No,False,,"https://www.google.com/search?q=""fishing report""+Gunnison River+""Delta County""+Colorado",https://cpw.state.co.us/swa/Delta%20SWA,"https://www.google.com/maps/dir//38.7759,-107.8953",38.775915243064766,-107.89532745442409,0,
import-high-priority,74,Gunnison River,Gunnison River,42583,1434,Montrose,Stream or River,Coldwater,public-indicated,Public-land/property indicator or official property URL is present,Trout: Brown | Trout: Rainbow,Gunnison Gorge Wilderness Area & Gunnison Gorge NCA,Difficult,Medium,No,No,Non-motorized,Sub-catchables,False,,https://cpw.state.co.us/thingstodo/Fishery%20Survey%20Summaries/GunnisonGorge.pdf,https://www.blm.gov/colorado,"https://www.google.com/maps/dir//38.6498,-107.8582",38.649814617575466,-107.85824317322066,0,
import-high-priority,74,Hallenbeck Ponds,Hallenbeck Ponds,79790,1058,Lake,Water Body,Coldwater,public-indicated,Public-land/property indicator or official property URL is present,Trout: Cutthroat,San Isabel National Forest,Difficult,Low,No,Unsure,None,Sub-catchables,False,,"https://www.google.com/search?q=""fishing report""+Hallenbeck Ponds+""Lake County""+Colorado",https://www.fs.usda.gov/activity/psicc/recreation/fishing,"https://www.google.com/maps/dir//39.1094,-106.3877",39.109415055864275,-106.3876731694106,1,
import-high-priority,74,Hankins Gulch,Hankins Gulch,14528,1367,Jefferson,Stream or River,Coldwater,public-indicated,Public-land/property indicator or official property URL is present,Trout: Brook,Lost Creek Wilderness Area,Medium,Low,No,No,None,No,False,,"https://www.google.com/search?q=""fishing report""+Hankins Gulch+""Jefferson County""+Colorado",https://www.fs.usda.gov/activity/psicc/recreation/fishing,"https://www.google.com/maps/dir//39.1589,-105.3963",39.158924381302015,-105.3963000638244,0,
import-high-priority,74,Hartenstein Lake,Hartenstein Lake,80565,1264,Chaffee,Water Body,Coldwater,public-indicated,Public-land/property indicator or official property URL is present,Grayling: Arctic | Trout: Brook,Collegiate Peaks Wilderness Area,Difficult,Low,No,No,None,No,False,,"https://www.google.com/search?q=""fishing report""+Hartenstein Lake+""Chaffee County""+Colorado",https://www.fs.usda.gov/activity/psicc/recreation/fishing,"https://www.google.com/maps/dir//38.83,-106.3659",38.830043950736325,-106.36585461470204,0,
import-high-priority,74,Hassell Lake,Hassell Lake,55093,552,Clear Creek,Water Body,Coldwater,public-indicated,Public-land/property indicator or official property URL is present,Trout: Brook,Arapaho National Forest,Difficult,Low,No,No,Non-motorized,No,False,,"https://www.google.com/search?q=""fishing report""+Hassell Lake+""Clear Creek County""+Colorado",https://www.fs.usda.gov/activity/arp/recreation/fishing,"https://www.google.com/maps/dir//39.7438,-105.8613",39.7438019265423,-105.86130190969278,0,
import-high-priority,74,Heart Lake,Heart Lake,55106,266,Gilpin,Water Body,Coldwater,public-indicated,Public-land/property indicator or official property URL is present,Trout: Cutthroat,James Peak Wilderness Area,Difficult,Low,No,No,Non-motorized,No,False,,https://cpw.state.co.us/thingstodo/Fishery%20Survey%20Summaries/JamesPeakWildernessLakes.pdf,https://www.fs.usda.gov/activity/arp/recreation/fishing,"https://www.google.com/maps/dir//39.876,-105.6933",39.87602166320241,-105.69334492330374,0,
import-high-priority,74,Henderson Lake,Henderson Lake,90427,1787,La Plata,Water Body,Coldwater,public-indicated,Public-land/property indicator or official property URL is present,Trout: Rainbow,San Juan National Forest,Difficult,Low,No,Yes,Unsure,No,False,,"https://www.google.com/search?q=""fishing report""+Henderson Lake+""La Plata County""+Colorado",https://www.fs.usda.gov/activity/sanjuan/recreation/fishing,"https://www.google.com/maps/dir//37.5117,-107.7252",37.51167682620603,-107.72521467215161,0,
import-high-priority,74,Hermit Lake,Hermit Lake,80604,1072,Custer,Water Body,Coldwater,public-indicated,Public-land/property indicator or official property URL is present,Trout: Cutthroat,San Isabel National Forest,Medium,Medium,No,No,Unsure,No,False,,"https://www.google.com/search?q=""fishing report""+Hermit Lake+""Custer County""+Colorado",https://www.fs.usda.gov/activity/psicc/recreation/fishing,"https://www.google.com/maps/dir//38.088,-105.6317",38.08804698420287,-105.63168359022465,0,
import-high-priority,74,Hermosa Creek,Hermosa Creek,45799,1524,La Plata,Stream or River,Coldwater,public-indicated,Public-land/property indicator or official property URL is present,Trout: Cutthroat | Trout: Rainbow,San Juan National Forest,Medium,Medium,No,No,Unsure,No,False,,"https://www.google.com/search?q=""fishing report""+Hermosa Creek+""La Plata County""+Colorado",https://www.fs.usda.gov/activity/sanjuan/recreation/fishing,"https://www.google.com/maps/dir//37.4344,-107.8523",37.43437387528376,-107.85234687693578,0,
import-high-priority,74,Horn Lake,Horn Lake,80628,1209,Custer,Water Body,Coldwater,public-indicated,Public-land/property indicator or official property URL is present,Trout: Cutthroat,Sangre De Cristo Wilderness Area,Difficult,Low,No,No,Unsure,Sub-catchables,False,,"https://www.google.com/search?q=""fishing report""+Horn Lake+""Custer County""+Colorado",https://www.fs.usda.gov/activity/psicc/recreation/fishing,"https://www.google.com/maps/dir//38.005,-105.5926",38.00495383110921,-105.59262445359893,0,
import-high-priority,74,"Horn Lake, Little","Horn Lake, Little",80630,1116,Custer,Water Body,Coldwater,public-indicated,Public-land/property indicator or official property URL is present,Trout: Cutthroat,Sangre De Cristo Wilderness Area,Difficult,Low,No,No,Unsure,Sub-catchables,False,,"https://www.google.com/search?q=""fishing report""+Horn Lake, Little+""Custer County""+Colorado",https://www.fs.usda.gov/activity/psicc/recreation/fishing,"https://www.google.com/maps/dir//38.0168,-105.5911",38.016845392858386,-105.5910879760353,0,
import-high-priority,74,Horse Creek,Horse Creek,11180,1360,Douglas,Stream or River,Coldwater,public-indicated,Public-land/property indicator or official property URL is present,Trout: Brown,Pike National Forest,Medium,Low,No,No,None,No,False,,"https://www.google.com/search?q=""fishing report""+Horse Creek+""Douglas County""+Colorado",https://www.fs.usda.gov/activity/psicc/recreation/fishing,"https://www.google.com/maps/dir//39.2234,-105.1798",39.22336060055254,-105.17981861544308,0,
import-high-priority,74,Horseshoe Creek,Horseshoe Creek,13615,1418,Boulder,Stream or River,Coldwater,public-indicated,Public-land/property indicator or official property URL is present,Trout: Brook,Indian Peaks Wilderness Area,Medium,Low,No,No,None,No,False,,"https://www.google.com/search?q=""fishing report""+Horseshoe Creek+""Boulder County""+Colorado",https://www.fs.usda.gov/activity/arp/recreation/fishing,"https://www.google.com/maps/dir//39.9968,-105.576",39.99682691533249,-105.5759702613565,0,
import-high-priority,74,Horseshoe Lake,Horseshoe Lake,80642,1078,Custer,Water Body,Coldwater,public-indicated,Public-land/property indicator or official property URL is present,Trout: Cutthroat,San Isabel National Forest,Difficult,Medium,No,No,Unsure,Sub-catchables,False,,"https://www.google.com/search?q=""fishing report""+Horseshoe Lake+""Custer County""+Colorado",https://www.fs.usda.gov/activity/psicc/recreation/fishing,"https://www.google.com/maps/dir//38.0926,-105.6473",38.092602454708505,-105.64727680653951,0,
import-high-priority,74,Hugo SWA Ponds,Hugo SWA Pond #6,46639,1779,Lincoln,Water Body,Warmwater,public-indicated,Public-land/property indicator or official property URL is present,Crappie: Black | Sunfish: Bluegill,Hugo SWA,Medium,Low,No,Yes,None,Warmwater,False,,"https://www.google.com/search?q=""fishing report""+Hugo SWA Pond #6+""Lincoln County""+Colorado",https://cpw.state.co.us/swa/Hugo%20SWA,"https://www.google.com/maps/dir//38.8964,-103.4271",38.89639701596329,-103.42714695471545,0,
import-high-priority,74,Hunt Lake,Hunt Lake,80666,1036,Chaffee,Water Body,Coldwater,public-indicated,Public-land/property indicator or official property URL is present,Trout: Cutthroat,San Isabel National Forest,Difficult,Low,No,No,None,Sub-catchables,False,,"https://www.google.com/search?q=""fishing report""+Hunt Lake+""Chaffee County""+Colorado",https://www.fs.usda.gov/activity/psicc/recreation/fishing,"https://www.google.com/maps/dir//38.5544,-106.3361",38.554405683379954,-106.3361371889716,0,
import-high-priority,74,Hunter Reservoir,Hunter Reservoir,71720,718,Mesa,Water Body,Coldwater,public-indicated,Public-land/property indicator or official property URL is present,Trout: Cutthroat,Grand Mesa National Forest,Difficult,Low,No,No,Non-motorized,No,False,,"https://www.google.com/search?q=""fishing report""+Hunter Reservoir+""Mesa County""+Colorado",https://www.fs.usda.gov/activity/gmug/recreation/fishing,"https://www.google.com/maps/dir//39.0606,-107.7693",39.06064020331184,-107.76931382105191,0,
import-high-priority,74,Ice Lake,Ice Lake,55194,524,Clear Creek,Water Body,Coldwater,public-indicated,Public-land/property indicator or official property URL is present,Trout: Cutthroat,James Peak Wilderness Area,Difficult,Low,No,No,Non-motorized,No,False,,"https://www.google.com/search?q=""fishing report""+Ice Lake+""Clear Creek County""+Colorado",https://www.fs.usda.gov/activity/arp/recreation/fishing,"https://www.google.com/maps/dir//39.8428,-105.6911",39.842785979433906,-105.69105865521013,0,
import-high-priority,74,Iceberg Lakes,"Iceberg Lake, South",55221,87,Gilpin,Water Body,Coldwater,public-indicated,Public-land/property indicator or official property URL is present,Trout: Cutthroat,James Peak Wilderness Area,Difficult,Low,No,No,Non-motorized,No,False,,https://cpw.state.co.us/thingstodo/Fishery%20Survey%20Summaries/JamesPeakWildernessLakes.pdf,https://www.fs.usda.gov/activity/arp/recreation/fishing,"https://www.google.com/maps/dir//39.8868,-105.6968",39.886813981735706,-105.69681248138589,0,
import-high-priority,74,Iowa Gulch,Iowa Gulch,33198,1440,Lake,Stream or River,Coldwater,public-indicated,Public-land/property indicator or official property URL is present,Trout: Brook,Paddock SWA,Difficult,Low,No,No,None,No,False,,"https://www.google.com/search?q=""fishing report""+Iowa Gulch+""Lake County""+Colorado",https://cpw.state.co.us/swa/Paddock%20SWA,"https://www.google.com/maps/dir//39.2139,-106.2897",39.21391659106927,-106.28966510521398,0,
import-high-priority,74,Isabelle Lake,Isabelle Lake,55233,21,Boulder,Water Body,Coldwater,public-indicated,Public-land/property indicator or official property URL is present,Trout: Brook | Trout: Cutthroat,Indian Peaks Wilderness Area,Medium,Low,No,No,Non-motorized,No,False,,"https://www.google.com/search?q=""fishing report""+Isabelle Lake+""Boulder County""+Colorado",https://www.fs.usda.gov/activity/arp/recreation/fishing,"https://www.google.com/maps/dir//40.069,-105.619",40.068965688280755,-105.6190515130387,0,
import-high-priority,74,Jack Creek,Jack Creek,11231,1466,Jackson,Stream or River,Coldwater,public-indicated,Public-land/property indicator or official property URL is present,Trout: Brown,Routt National Forest,Medium,Low,No,No,None,No,False,,"https://www.google.com/search?q=""fishing report""+Jack Creek+""Jackson County""+Colorado",https://www.fs.usda.gov/activity/mbr/recreation/fishing,"https://www.google.com/maps/dir//40.4302,-106.0271",40.43024167485821,-106.02708961648597,0,
import-high-priority,74,Jackson Creek,Jackson Creek,11243,1404,Douglas,Stream or River,Coldwater,public-indicated,Public-land/property indicator or official property URL is present,Trout: Brook,Pike National Forest,Difficult,Low,No,No,None,No,False,,"https://www.google.com/search?q=""fishing report""+Jackson Creek+""Douglas County""+Colorado",https://www.fs.usda.gov/activity/psicc/recreation/fishing,"https://www.google.com/maps/dir//39.2541,-105.0861",39.25413361922499,-105.08613111269149,0,
import-high-priority,74,"Jackson Creek, North Fork","Jackson Creek, North Fork",14770,1405,Douglas,Stream or River,Coldwater,public-indicated,Public-land/property indicator or official property URL is present,Trout: Brook,Pike National Forest,Difficult,Low,No,No,None,No,False,,"https://www.google.com/search?q=""fishing report""+Jackson Creek, North Fork+""Douglas County""+Colorado",https://www.fs.usda.gov/activity/psicc/recreation/fishing,"https://www.google.com/maps/dir//39.2485,-105.1052",39.24847724455939,-105.10520120082137,0,
import-high-priority,74,James Peak Lake,James Peak Lake,55271,278,Gilpin,Water Body,Coldwater,public-indicated,Public-land/property indicator or official property URL is present,Trout: Cutthroat,James Peak Wilderness Area,Difficult,Low,No,No,Non-motorized,No,False,,https://cpw.state.co.us/thingstodo/Fishery%20Survey%20Summaries/JamesPeakWildernessLakes.pdf,https://www.fs.usda.gov/activity/arp/recreation/fishing,"https://www.google.com/maps/dir//39.8554,-105.6761",39.85540911873504,-105.6760736333769,0,
import-high-priority,74,Jasper Creek,Jasper Creek,11267,1420,Boulder,Stream or River,Coldwater,public-indicated,Public-land/property indicator or official property URL is present,Trout: Brook | Trout: Cutthroat,Indian Peaks Wilderness Area,Difficult,Low,No,No,None,No,False,,"https://www.google.com/search?q=""fishing report""+Jasper Creek+""Boulder County""+Colorado",https://www.fs.usda.gov/activity/arp/recreation/fishing,"https://www.google.com/maps/dir//39.9626,-105.632",39.96263382518224,-105.63200780119382,0,
import-high-priority,74,Jasper Lake,Jasper Lake,55283,182,Boulder,Water Body,Coldwater,public-indicated,Public-land/property indicator or official property URL is present,Trout: Brook | Trout: Cutthroat,Indian Peaks Wilderness Area,Difficult,Low,No,No,Non-motorized,No,False,,"https://www.google.com/search?q=""fishing report""+Jasper Lake+""Boulder County""+Colorado",https://www.fs.usda.gov/activity/arp/recreation/fishing,"https://www.google.com/maps/dir//39.9768,-105.6628",39.976765765709494,-105.66278017695292,0,
import-high-priority,74,Kelly Lake,Kelly Lake,55372,1228,Jackson,Water Body,Coldwater,public-indicated,Public-land/property indicator or official property URL is present,Trout: Cutthroat,State Forest State Park,Difficult,Low,No,No,None,No,False,,"https://www.google.com/search?q=""fishing report""+Kelly Lake+""Jackson County""+Colorado",https://cpw.state.co.us/placestogo/Parks/stateforest,"https://www.google.com/maps/dir//40.6153,-106.0224",40.625146497123275,-105.95994182370741,0,
import-high-priority,74,Kenney Creek Reservoir,Kenney Creek Reservoir,67606,140,Mesa,Water Body,Coldwater,public-indicated,Public-land/property indicator or official property URL is present,Trout: Brook | Trout: Cutthroat,Grand Mesa National Forest,Difficult,Low,No,No,Electric,Sub-catchables,False,,"https://www.google.com/search?q=""fishing report""+Kenney Creek Reservoir+""Mesa County""+Colorado",https://www.fs.usda.gov/activity/gmug/recreation/fishing,"https://www.google.com/maps/dir//39.1135,-107.8078",39.113464611817975,-107.80782202720209,0,
import-high-priority,74,King Solomon Creek,King Solomon Creek,20874,1588,Routt,Stream or River,Coldwater,public-indicated,Public-land/property indicator or official property URL is present,Trout: Brook,Routt National Forest,Medium,Low,No,No,None,No,False,,"https://www.google.com/search?q=""fishing report""+King Solomon Creek+""Routt County""+Colorado",https://www.fs.usda.gov/activity/mbr/recreation/fishing,"https://www.google.com/maps/dir//40.9107,-106.924",40.91067620351229,-106.92401981072679,0,
import-high-priority,74,Kirby Gulch,Kirby Gulch,12738,1387,Park,Stream or River,Coldwater,public-indicated,Public-land/property indicator or official property URL is present,Trout: Brook,Pike National Forest,Medium,Low,No,No,None,No,False,,"https://www.google.com/search?q=""fishing report""+Kirby Gulch+""Park County""+Colorado",https://www.fs.usda.gov/activity/psicc/recreation/fishing,"https://www.google.com/maps/dir//39.5443,-105.7795",39.54426086517027,-105.77954599673319,0,
import-high-priority,74,Kiser Creek,Kiser Creek,40915,1453,Delta,Stream or River,Coldwater,public-indicated,Public-land/property indicator or official property URL is present,Trout: Rainbow,Grand Mesa National Forest,Medium,Low,No,No,None,No,False,,"https://www.google.com/search?q=""fishing report""+Kiser Creek+""Delta County""+Colorado",https://www.fs.usda.gov/activity/gmug/recreation/fishing,"https://www.google.com/maps/dir//39.0268,-107.9474",39.02681337384979,-107.94741449918759,0,
import-high-priority,74,Kroenke Lake,Kroenke Lake,80729,1284,Chaffee,Water Body,Coldwater,public-indicated,Public-land/property indicator or official property URL is present,Trout: Cutthroat | Trout: Golden,Collegiate Peaks Wilderness Area,Difficult,Low,No,No,None,No,False,,"https://www.google.com/search?q=""fishing report""+Kroenke Lake+""Chaffee County""+Colorado",https://www.fs.usda.gov/activity/psicc/recreation/fishing,"https://www.google.com/maps/dir//38.8657,-106.3348",38.865713101271275,-106.33476713689075,0,
import-high-priority,74,La Garita Creek,La Garita Creek,40941,1516,Saguache,Stream or River,Coldwater,public-indicated,Public-land/property indicator or official property URL is present,Trout: Brook | Trout: Brown,Rio Grande National Forest,Medium,Low,No,No,None,No,False,,"https://www.google.com/search?q=""fishing report""+La Garita Creek+""Saguache County""+Colorado",https://www.fs.usda.gov/activity/riogrande/recreation/fishing,"https://www.google.com/maps/dir//37.8602,-106.5265",37.86019955774706,-106.52653824317119,0,
import-high-priority,74,La Jara Creek,La Jara Creek,45282,657,Conejos,Stream or River,Coldwater,public-indicated,Public-land/property indicator or official property URL is present,Trout: Brown,La Jara SWA,Medium,Medium,No,No,None,No,False,,"https://www.google.com/search?q=""fishing report""+La Jara Creek+""Conejos County""+Colorado",https://cpw.state.co.us/swa/La%20Jara%20SWA,"https://www.google.com/maps/dir//37.1729,-106.2105",37.17285341336233,-106.21051783785575,0,
import-high-priority,74,Lake Agnes,Lake Agnes,53671,1101,Jackson,Water Body,Coldwater,public-indicated,Public-land/property indicator or official property URL is present,Trout: Cutthroat,State Forest State Park,Difficult,Medium,No,No,None,No,False,,"https://www.google.com/search?q=""fishing report""+Lake Agnes+""Jackson County""+Colorado",https://cpw.state.co.us/placestogo/Parks/stateforest,"https://www.google.com/maps/dir//40.49,-105.9035",40.48080258323778,-105.90325415423433,0,
import-high-priority,74,"Lake Creek, North Fork","Lake Creek, North Fork",31536,1500,Lake,Stream or River,Coldwater,public-indicated,Public-land/property indicator or official property URL is present,Trout: Brook,San Isabel National Forest,Difficult,Low,No,No,None,No,False,,"https://www.google.com/search?q=""fishing report""+Lake Creek, North Fork+""Lake County""+Colorado",https://www.fs.usda.gov/activity/psicc/recreation/fishing,"https://www.google.com/maps/dir//39.1101,-106.5421",39.1100969847415,-106.54209208453054,0,
import-high-priority,74,"Lake Of The Clouds, Lower","Lake Of The Clouds, Lower",80743,1259,Custer,Water Body,Coldwater,public-indicated,Public-land/property indicator or official property URL is present,Trout: Cutthroat,Sangre De Cristo Wilderness Area,Difficult,Low,No,No,Unsure,Sub-catchables,False,,"https://www.google.com/search?q=""fishing report""+Lake Of The Clouds, Lower+""Custer County""+Colorado",https://www.fs.usda.gov/activity/psicc/recreation/fishing,"https://www.google.com/maps/dir//38.1336,-105.6501",38.13359032044561,-105.65006291342692,0,
import-high-priority,74,"Lake Of The Clouds, Middle","Lake Of The Clouds, Middle",80755,900,Custer,Water Body,Coldwater,public-indicated,Public-land/property indicator or official property URL is present,Trout: Cutthroat,Sangre De Cristo Wilderness Area,Difficult,Low,No,No,Unsure,Sub-catchables,False,,"https://www.google.com/search?q=""fishing report""+Lake Of The Clouds, Middle+""Custer County""+Colorado",https://www.fs.usda.gov/activity/psicc/recreation/fishing,"https://www.google.com/maps/dir//38.1336,-105.6534",38.13362314510805,-105.65338294208826,0,
import-high-priority,74,"Lake Of The Clouds, Upper","Lake Of The Clouds, Upper",80767,906,Custer,Water Body,Coldwater,public-indicated,Public-land/property indicator or official property URL is present,Trout: Cutthroat,Sangre De Cristo Wilderness Area,Difficult,Low,No,No,Unsure,Sub-catchables,False,,"https://www.google.com/search?q=""fishing report""+Lake Of The Clouds, Upper+""Custer County""+Colorado",https://www.fs.usda.gov/activity/psicc/recreation/fishing,"https://www.google.com/maps/dir//38.1316,-105.6563",38.1315816964626,-105.6563100817803,0,
import-high-priority,74,Lanning Lake,Lanning Lake,67707,721,Mesa,Water Body,Coldwater,public-indicated,Public-land/property indicator or official property URL is present,Trout: Brook,Grand Mesa National Forest,Difficult,Low,No,No,Non-motorized,No,False,,"https://www.google.com/search?q=""fishing report""+Lanning Lake+""Mesa County""+Colorado",https://www.fs.usda.gov/activity/gmug/recreation/fishing,"https://www.google.com/maps/dir//39.0675,-107.8008",39.06752295383481,-107.80079305415862,0,
import-high-priority,74,Laramie Lake,Laramie Lake,55435,1237,Larimer,Water Body,Coldwater,public-indicated,Public-land/property indicator or official property URL is present,Trout: Rainbow,Roosevelt National Forest,Difficult,Low,No,No,Unsure,No,False,,"https://www.google.com/search?q=""fishing report""+Laramie Lake+""Larimer County""+Colorado",https://www.fs.usda.gov/activity/arp/recreation/fishing,"https://www.google.com/maps/dir//40.6177,-105.8397",40.61774332170932,-105.83972690173249,0,
import-high-priority,74,Lefthand Creek,Lefthand Creek,11433,1422,Boulder,Stream or River,Coldwater,public-indicated,Public-land/property indicator or official property URL is present,Trout: Brook,Roosevelt National Forest,Medium,Low,No,No,None,No,False,,"https://www.google.com/search?q=""fishing report""+Lefthand Creek+""Boulder County""+Colorado",https://www.fs.usda.gov/recarea/arp/recreation/fishing/recarea/?recid=28178&actid=43,"https://www.google.com/maps/dir//40.0776,-105.5309",40.07756131963065,-105.53086312006242,1,
import-high-priority,74,Leon Creek,Leon Creek,20951,1506,Mesa,Stream or River,Coldwater,public-indicated,Public-land/property indicator or official property URL is present,Trout: Cutthroat,Grand Mesa National Forest,Medium,Low,No,No,None,No,False,,"https://www.google.com/search?q=""fishing report""+Leon Creek+""Mesa County""+Colorado",https://www.fs.usda.gov/activity/gmug/recreation/fishing,"https://www.google.com/maps/dir//39.1748,-107.8061",39.17481218489879,-107.80612479971164,0,
import-high-priority,74,"Leon Creek, East","Leon Creek, East",28034,1629,Mesa,Stream or River,Coldwater,public-indicated,Public-land/property indicator or official property URL is present,Trout: Cutthroat,Grand Mesa National Forest,Medium,Low,No,No,None,No,False,,"https://www.google.com/search?q=""fishing report""+Leon Creek, East+""Mesa County""+Colorado",https://www.fs.usda.gov/activity/gmug/recreation/fishing,"https://www.google.com/maps/dir//39.0911,-107.7779",39.09107740608459,-107.7778920097698,0,
import-high-priority,74,"Leon Creek, Middle","Leon Creek, Middle",26167,1631,Mesa,Stream or River,Coldwater,public-indicated,Public-land/property indicator or official property URL is present,Trout: Cutthroat,Grand Mesa National Forest,Medium,Low,No,No,None,No,False,,"https://www.google.com/search?q=""fishing report""+Leon Creek, Middle+""Mesa County""+Colorado",https://www.fs.usda.gov/activity/gmug/recreation/fishing,"https://www.google.com/maps/dir//39.075,-107.8004",39.07498607241833,-107.80041347642519,0,
import-high-priority,74,"Leon Creek, West","Leon Creek, West",21426,1636,Mesa,Stream or River,Coldwater,public-indicated,Public-land/property indicator or official property URL is present,Trout: Cutthroat,Grand Mesa National Forest,Medium,Low,No,No,None,No,False,,"https://www.google.com/search?q=""fishing report""+Leon Creek, West+""Mesa County""+Colorado",https://www.fs.usda.gov/activity/gmug/recreation/fishing,"https://www.google.com/maps/dir//39.0955,-107.793",39.09546067258425,-107.79303567587881,0,
import-high-priority,74,Leon Lake,Leon Lake,67733,59,Mesa,Water Body,Coldwater,public-indicated,Public-land/property indicator or official property URL is present,Trout: Brook | Trout: Cutthroat,Grand Mesa National Forest,Difficult,Medium,No,No,Electric,No,False,,"https://www.google.com/search?q=""fishing report""+Leon Lake+""Mesa County""+Colorado",https://www.fs.usda.gov/activity/gmug/recreation/fishing,"https://www.google.com/maps/dir//39.0708,-107.8105",39.070833373932246,-107.81052296930898,0,
import-high-priority,74,"Lilly Lake, Upper","Lilly Lake, Upper",80781,896,Huerfano,Water Body,Coldwater,public-indicated,Public-land/property indicator or official property URL is present,Trout: Cutthroat,San Isabel National Forest,Difficult,Low,No,No,Unsure,Sub-catchables,False,,"https://www.google.com/search?q=""fishing report""+Lilly Lake, Upper+""Huerfano County""+Colorado",https://www.fs.usda.gov/activity/psicc/recreation/fishing,"https://www.google.com/maps/dir//37.5975,-105.4954",37.59753313772714,-105.49538791107734,0,
import-high-priority,74,Lily Lake,Lily Lake,67745,695,Mesa,Water Body,Coldwater,public-indicated,Public-land/property indicator or official property URL is present,Trout: Cutthroat,Grand Mesa National Forest,Difficult,Low,No,No,Non-motorized,Sub-catchables,False,,"https://www.google.com/search?q=""fishing report""+Lily Lake+""Mesa County""+Colorado",https://www.fs.usda.gov/activity/gmug/recreation/fishing,"https://www.google.com/maps/dir//39.0701,-107.9543",39.070116576019956,-107.95429017921943,0,
import-high-priority,74,"Lily Lake, Lower","Lily Lake, Lower",80779,260,Huerfano,Water Body,Coldwater,public-indicated,Public-land/property indicator or official property URL is present,Trout: Cutthroat,San Isabel National Forest,Difficult,Low,No,No,Unsure,Sub-catchables,False,,"https://www.google.com/search?q=""fishing report""+Lily Lake, Lower+""Huerfano County""+Colorado",https://www.fs.usda.gov/activity/psicc/recreation/fishing,"https://www.google.com/maps/dir//37.5945,-105.4905",37.59451159871016,-105.49049462063812,0,
import-high-priority,74,Lime Creek,Lime Creek,41171,1528,San Juan,Stream or River,Coldwater,public-indicated,Public-land/property indicator or official property URL is present,Trout: Brook | Trout: Cutthroat,San Juan National Forest,Difficult,Medium,No,No,Unsure,Sub-catchables,False,,"https://www.google.com/search?q=""fishing report""+Lime Creek+""San Juan County""+Colorado",https://www.fs.usda.gov/activity/sanjuan/recreation/fishing,"https://www.google.com/maps/dir//37.6717,-107.7516",37.671716674347834,-107.75160800973394,0,
import-high-priority,74,Lincoln Lake,Lincoln Lake,55473,567,Clear Creek,Water Body,Coldwater,public-indicated,Public-land/property indicator or official property URL is present,Trout: Brook | Trout: Lake,Mount Evans Wilderness Area,Difficult,Low,No,No,Non-motorized,No,False,,"https://www.google.com/search?q=""fishing report""+Lincoln Lake+""Clear Creek County""+Colorado",https://www.fs.usda.gov/activity/arp/recreation/fishing,"https://www.google.com/maps/dir//39.6172,-105.5994",39.61715420887135,-105.59936018599096,0,
import-high-priority,74,Little Gem Reservoir,Little Gem Reservoir,90059,715,Delta,Water Body,Coldwater,public-indicated,Public-land/property indicator or official property URL is present,Trout: Cutthroat | Trout: Splake,Grand Mesa National Forest,Medium,Medium,No,Yes,Non-motorized,No,False,,"https://www.google.com/search?q=""fishing report""+Little Gem Reservoir+""Delta County""+Colorado",https://www.fs.usda.gov/activity/gmug/recreation/fishing,"https://www.google.com/maps/dir//39.0286,-108.0041",39.02864922664654,-108.00406319974365,0,
import-high-priority,74,"Little Snake River, Middle Fork","Little Snake River, Middle Fork",23317,1590,Routt,Stream or River,Coldwater,public-indicated,Public-land/property indicator or official property URL is present,Trout: Brook,Routt National Forest,Medium,Low,No,No,None,No,False,,"https://www.google.com/search?q=""fishing report""+Little Snake River, Middle Fork+""Routt County""+Colorado",https://www.fs.usda.gov/activity/mbr/recreation/fishing,"https://www.google.com/maps/dir//40.9139,-106.8771",40.91394906974369,-106.87712867726216,0,
import-high-priority,74,Little Squaw Creek,Little Squaw Creek,43377,1518,Hinsdale,Stream or River,Coldwater,public-indicated,Public-land/property indicator or official property URL is present,Trout: Cutthroat,Weminuche Wilderness Area,Difficult,Low,No,No,None,No,False,,"https://www.google.com/search?q=""fishing report""+Little Squaw Creek+""Hinsdale County""+Colorado",https://www.fs.usda.gov/activity/riogrande/recreation/fishing,"https://www.google.com/maps/dir//37.6804,-107.1957",37.68043829007382,-107.19571757348575,0,
import-high-priority,74,Loch Lomond Lake,Loch Lomond Lake,55485,521,Clear Creek,Water Body,Coldwater,public-indicated,Public-land/property indicator or official property URL is present,Trout: Brook | Trout: Lake,Arapaho National Forest,Difficult,Low,No,No,Non-motorized,No,False,,"https://www.google.com/search?q=""fishing report""+Loch Lomond Lake+""Clear Creek County""+Colorado",https://www.fs.usda.gov/recarea/arp/recreation/fishing/recarea/?recid=28484&actid=42,"https://www.google.com/maps/dir//39.8357,-105.6778",39.83572093136004,-105.67779953059967,0,
import-high-priority,74,Long Hollow Gulch,Long Hollow Gulch,17372,1363,Douglas,Stream or River,Coldwater,public-indicated,Public-land/property indicator or official property URL is present,Trout: Brook | Trout: Rainbow,Pike National Forest,Medium,Low,No,No,None,No,False,,"https://www.google.com/search?q=""fishing report""+Long Hollow Gulch+""Douglas County""+Colorado",https://www.fs.usda.gov/activity/psicc/recreation/fishing,"https://www.google.com/maps/dir//39.1942,-105.0959",39.19421393431453,-105.09588858815476,0,
import-high-priority,74,Los Pinos Creek,Los Pinos Creek,49230,1604,Saguache,Stream or River,Coldwater,public-indicated,Public-land/property indicator or official property URL is present,Trout: Brown | Trout: Rainbow,Cochetopa SWA,Medium,Low,No,No,Unsure,No,False,,"https://www.google.com/search?q=""fishing report""+Los Pinos Creek+""Saguache County""+Colorado",https://cpw.state.co.us/swa/Cochetopa%20SWA,"https://www.google.com/maps/dir//38.1834,-106.714",38.23319067406879,-106.77055261124302,0,
import-high-priority,74,Lost Creek,Lost Creek,11510,1391,Clear Creek,Stream or River,Coldwater,public-indicated,Public-land/property indicator or official property URL is present,Trout: Brook,Mount Evans Wilderness Area,Difficult,Low,No,No,None,No,False,,"https://www.google.com/search?q=""fishing report""+Lost Creek+""Clear Creek County""+Colorado",https://www.fs.usda.gov/activity/arp/recreation/fishing,"https://www.google.com/maps/dir//39.5922,-105.5344",39.59218786646287,-105.53436949255135,0,
import-high-priority,74,"Lost Creek, North Fork","Lost Creek, North Fork",14011,1369,Park,Stream or River,Coldwater,public-indicated,Public-land/property indicator or official property URL is present,Trout: Brook,Pike National Forest,Medium,Low,No,No,None,No,False,,"https://www.google.com/search?q=""fishing report""+Lost Creek, North Fork+""Park County""+Colorado",https://www.fs.usda.gov/activity/psicc/recreation/fishing,"https://www.google.com/maps/dir//39.3185,-105.5444",39.31854549307697,-105.54437275875445,0,
import-high-priority,74,"Lost Creek, South Fork","Lost Creek, South Fork",14023,1368,Park,Stream or River,Coldwater,public-indicated,Public-land/property indicator or official property URL is present,Trout: Brook,Pike National Forest,Medium,Low,No,No,None,No,False,,"https://www.google.com/search?q=""fishing report""+Lost Creek, North Fork+""Park County""+Colorado",https://www.fs.usda.gov/activity/psicc/recreation/fishing,"https://www.google.com/maps/dir//39.3052,-105.5517",39.30519149913133,-105.55168583658296,0,
import-high-priority,74,Lost Lake,Lost Lake,67923,723,Mesa,Water Body,Coldwater,public-indicated,Public-land/property indicator or official property URL is present,Trout: Brook | Trout: Cutthroat,Grand Mesa National Forest,Difficult,Low,No,No,Non-motorized,No,False,,"https://www.google.com/search?q=""fishing report""+Lost Lake+""Mesa County""+Colorado",https://www.fs.usda.gov/activity/gmug/recreation/fishing,"https://www.google.com/maps/dir//39.1008,-107.8245",39.10085015566674,-107.82445629570982,0,
import-high-priority,74,Macey Lakes,"Macey Lake, South",80856,471,Custer,Water Body,Coldwater,public-indicated,Public-land/property indicator or official property URL is present,Trout: Cutthroat,Sangre De Cristo Wilderness Area,Difficult,Low,No,No,Unsure,Sub-catchables,False,,"https://www.google.com/search?q=""fishing report""+Macey Lake, South+""Custer County""+Colorado",https://www.fs.usda.gov/activity/psicc/recreation/fishing,"https://www.google.com/maps/dir//37.9956,-105.5725",37.99560597499089,-105.57248048703909,0,
import-high-priority,74,Mason Reservoir,Mason Reservoir,79966,1772,Teller,Water Body,Coldwater,public-indicated,Public-land/property indicator or official property URL is present,Trout: Cutthroat,South Slope Recreation Area,Medium,Low,No,No,None,No,False,,"https://www.google.com/search?q=""fishing report""+Mason Reservoir+""Teller County""+Colorado",https://coloradosprings.gov/pikes-peak-americas-mountain/page/south-slope-recreation-area,"https://www.google.com/maps/dir//38.7844,-105.0154",38.78444527335859,-105.01536455560556,0,
import-high-priority,74,Michigan River,Michigan River,11596,682,Jackson,Stream or River,Coldwater,public-indicated,Public-land/property indicator or official property URL is present,Trout: Brown | Trout: Rainbow,Murphy SWA,Medium,Low,No,No,None,No,False,,"https://www.google.com/search?q=""fishing report""+Michigan River+""Jackson County""+Colorado",https://cpw.state.co.us/swa/Murphy%20SWA,"https://www.google.com/maps/dir//40.7269,-106.251",40.72604072731702,-106.25097023363935,2,
import-high-priority,74,"Michigan River, North Fork","Michigan River, North Fork",11611,1462,Jackson,Stream or River,Coldwater,public-indicated,Public-land/property indicator or official property URL is present,Trout: Brown,State Forest State Park,Medium,Low,No,No,None,No,False,,"https://www.google.com/search?q=""fishing report""+Michigan River, North Fork+""Jackson County""+Colorado",https://cpw.state.co.us/placestogo/Parks/stateforest,"https://www.google.com/maps/dir//40.5567,-106.0363",40.55861741097091,-106.0323461676598,0,
import-high-priority,74,Mill Creek,Mill Creek,13172,1401,Clear Creek,Stream or River,Coldwater,public-indicated,Public-land/property indicator or official property URL is present,Trout: Brook,Arapaho National Forest,Difficult,Low,No,No,None,No,False,,"https://www.google.com/search?q=""fishing report""+Mill Creek+""Clear Creek County""+Colorado",https://www.fs.usda.gov/activity/arp/recreation/fishing,"https://www.google.com/maps/dir//39.8009,-105.6796",39.80086401520042,-105.67956886226473,0,
import-high-priority,74,Mitchell Lake,Mitchell Lake,55726,311,Boulder,Water Body,Coldwater,public-indicated,Public-land/property indicator or official property URL is present,Trout: Brook | Trout: Cutthroat,Indian Peaks Wilderness Area,Medium,Low,No,Yes,Non-motorized,No,False,,"https://www.google.com/search?q=""fishing report""+Mitchell Lake+""Boulder County""+Colorado",https://www.fs.usda.gov/activity/arp/recreation/fishing,"https://www.google.com/maps/dir//40.088,-105.5964",40.087996917558776,-105.5964080497778,0,
import-high-priority,74,Monument Creek,Monument Creek,21268,1632,Mesa,Stream or River,Coldwater,public-indicated,Public-land/property indicator or official property URL is present,Trout: Cutthroat,Grand Mesa National Forest,Difficult,Low,No,No,None,No,False,,"https://www.google.com/search?q=""fishing report""+Monument Creek+""Mesa County""+Colorado",https://www.fs.usda.gov/activity/gmug/recreation/fishing,"https://www.google.com/maps/dir//39.1103,-107.759",39.11028427278302,-107.759007876497,0,
import-high-priority,74,Monument Reservoir #1,Monument Reservoir #1,72544,720,Mesa,Water Body,Coldwater,public-indicated,Public-land/property indicator or official property URL is present,Trout: Cutthroat,Grand Mesa National Forest,Difficult,Low,No,No,Non-motorized,No,False,,"https://www.google.com/search?q=""fishing report""+Monument Reservoir #1+""Mesa County""+Colorado",https://www.fs.usda.gov/activity/gmug/recreation/fishing,"https://www.google.com/maps/dir//39.1058,-107.7443",39.10581720587883,-107.74428116073213,0,
import-high-priority,74,Mosquito Creek,Mosquito Creek,22993,1633,Mesa,Stream or River,Coldwater,public-indicated,Public-land/property indicator or official property URL is present,Trout: Cutthroat,White River National Forest,Medium,Low,No,No,None,No,False,,"https://www.google.com/search?q=""fishing report""+Mosquito Creek+""Mesa County""+Colorado",https://www.fs.usda.gov/activity/whiteriver/recreation/fishing,"https://www.google.com/maps/dir//39.3092,-107.5381",39.309251672336465,-107.53810167647072,0,
import-high-priority,74,Murray Lake,Murray Lake,55788,570,Clear Creek,Water Body,Coldwater,public-indicated,Public-land/property indicator or official property URL is present,Trout: Cutthroat,Arapaho National Forest,Difficult,Low,No,No,Non-motorized,No,False,,"https://www.google.com/search?q=""fishing report""+Murray Lake+""Clear Creek County""+Colorado",https://www.fs.usda.gov/activity/arp/recreation/fishing,"https://www.google.com/maps/dir//39.6051,-105.7603",39.60515020856177,-105.7603445344846,0,
import-high-priority,74,Navajo Lake,Navajo Lake,91506,1130,Dolores,Water Body,Coldwater,public-indicated,Public-land/property indicator or official property URL is present,Trout: Cutthroat,Lizard Head Wilderness Area,Difficult,Low,No,No,Unsure,Sub-catchables,False,,"https://www.google.com/search?q=""fishing report""+Navajo Lake+""Dolores County""+Colorado",https://www.fs.usda.gov/activity/sanjuan/recreation/fishing,"https://www.google.com/maps/dir//37.8474,-108.0269",37.84744658017601,-108.02694465367279,0,
import-high-priority,74,"Neva Lake, Lower","Neva Lake, Lower",55790,88,Boulder,Water Body,Coldwater,public-indicated,Public-land/property indicator or official property URL is present,Trout: Cutthroat,Indian Peaks Wilderness Area,Difficult,Low,No,No,Non-motorized,No,False,,"https://www.google.com/search?q=""fishing report""+Neva Lake, Lower+""Boulder County""+Colorado",https://www.fs.usda.gov/activity/arp/recreation/fishing,"https://www.google.com/maps/dir//40.0036,-105.6853",40.00358437787811,-105.68530200652772,0,
import-high-priority,74,"Neva Lake, Upper","Neva Lake, Upper",55803,69,Boulder,Water Body,Coldwater,public-indicated,Public-land/property indicator or official property URL is present,Trout: Cutthroat,Indian Peaks Wilderness Area,Difficult,Low,No,No,Non-motorized,No,False,,"https://www.google.com/search?q=""fishing report""+Neva Lake, Upper+""Boulder County""+Colorado",https://www.fs.usda.gov/activity/arp/recreation/fishing,"https://www.google.com/maps/dir//40.0005,-105.6874",40.0005169035316,-105.68737190999528,0,
import-high-priority,74,Newcomb Creek,Newcomb Creek,11659,1468,Jackson,Stream or River,Coldwater,public-indicated,Public-land/property indicator or official property URL is present,Trout: Brook,Mount Zirkel Wilderness Area,Medium,Low,No,No,None,No,False,,"https://www.google.com/search?q=""fishing report""+Newcomb Creek+""Jackson County""+Colorado",https://www.fs.usda.gov/activity/mbr/recreation/fishing,"https://www.google.com/maps/dir//40.5903,-106.6457",40.59027818541504,-106.64567166990084,0,
import-high-priority,74,North Colony Lakes,North Colony Lake #3,80969,924,Custer,Water Body,Coldwater,public-indicated,Public-land/property indicator or official property URL is present,Trout: Cutthroat,Sangre De Cristo Wilderness Area,Difficult,Low,No,No,None,Sub-catchables,False,,"https://www.google.com/search?q=""fishing report""+North Colony Lake #3+""Custer County""+Colorado",https://www.fs.usda.gov/activity/psicc/recreation/fishing,"https://www.google.com/maps/dir//37.9835,-105.5636",37.983525603459704,-105.56363305346763,0,
import-high-priority,74,North Inlet,North Inlet,21371,1575,Grand,Stream or River,Coldwater,public-indicated,Public-land/property indicator or official property URL is present,Trout: Brook | Trout: Cutthroat,Rocky Mountain National Park - Wilderness,Difficult,Medium,No,No,None,No,False,,"https://www.google.com/search?q=""fishing report""+North Inlet+""Grand County""+Colorado",https://www.nps.gov/romo/planyourvisit/fishing.htm,"https://www.google.com/maps/dir//40.2697,-105.768",40.26972627094317,-105.76803287903148,0,
import-high-priority,74,"North Platte River, North Fork","North Platte River, North Fork",10836,691,Jackson,Stream or River,Coldwater,public-indicated,Public-land/property indicator or official property URL is present,Trout: Brown,Richard SWA,Medium,Low,No,No,None,No,False,,"https://www.google.com/search?q=""fishing report""+North Platte River, North Fork+""Jackson County""+Colorado",https://cpw.state.co.us/swa/Richard%20SWA,"https://www.google.com/maps/dir//40.7621,-106.4575",40.76205395426447,-106.45745635512806,0,
import-high-priority,74,Orchard Hills Park Pond,Orchard Hills Park Pond,COFA12,1715,Arapahoe,Water Body,Warmwater,public-indicated,Public-land/property indicator or official property URL is present,Carp: Common | Sunfish: Green,Orchard Hills Pond,Medium,Medium,No,No,None,No,False,,"https://www.google.com/search?q=""fishing report""+Orchard Hills Park Pond+""Arapahoe County""+Colorado",https://www.greenwoodvillage.com/index.aspx?NID=331,"https://www.google.com/maps/dir//39.6138,-104.8813",39.61380155966136,-104.88125688862274,0,
import-high-priority,74,"Parachute Creek, East Fork","Parachute Creek, East Fork",21460,1507,Garfield,Stream or River,Coldwater,public-indicated,Public-land/property indicator or official property URL is present,Trout: Cutthroat,US Bureau of Land Management,Medium,Low,No,No,None,No,False,,"https://www.google.com/search?q=""fishing report""+Parachute Creek, East Fork+""Garfield County""+Colorado",https://www.blm.gov/colorado,"https://www.google.com/maps/dir//39.5721,-108.0257",39.57205428808449,-108.02568316119739,0,
import-high-priority,74,Park Creek,Park Creek,21484,1634,Mesa,Stream or River,Coldwater,public-indicated,Public-land/property indicator or official property URL is present,Trout: Cutthroat,Grand Mesa National Forest,Medium,Low,No,No,None,No,False,,"https://www.google.com/search?q=""fishing report""+Park Creek+""Mesa County""+Colorado",https://www.fs.usda.gov/activity/gmug/recreation/fishing,"https://www.google.com/maps/dir//39.1689,-107.7944",39.16890960591329,-107.7944014097581,0,
import-high-priority,74,Pine Creek,Pine Creek,30546,1501,Chaffee,Stream or River,Coldwater,public-indicated,Public-land/property indicator or official property URL is present,Trout: Brook,Collegiate Peaks Wilderness Area,Difficult,Low,No,No,None,No,False,,"https://www.google.com/search?q=""fishing report""+Pine Creek+""Chaffee County""+Colorado",https://www.fs.usda.gov/activity/psicc/recreation/fishing,"https://www.google.com/maps/dir//38.9574,-106.3064",38.95736278246953,-106.30644210254566,0,
import-high-priority,74,Piney River,Piney River,23393,1554,Eagle,Stream or River,Coldwater,public-indicated,Public-land/property indicator or official property URL is present,Trout: Cutthroat,Eagles Nest Wilderness Area,Medium,Low,No,No,None,No,False,,"https://www.google.com/search?q=""fishing report""+Piney River+""Eagle County""+Colorado",https://www.fs.usda.gov/activity/whiteriver/recreation/fishing,"https://www.google.com/maps/dir//39.7305,-106.345",39.73047160509579,-106.34496741261883,0,
import-high-priority,74,Pitcairn Reservoir,Pitcairn Reservoir,91734,694,Delta,Water Body,Coldwater,public-indicated,Public-land/property indicator or official property URL is present,Trout: Brook | Trout: Tiger,Grand Mesa National Forest,Medium,Low,No,Yes,Non-motorized,Sub-catchables,False,,"https://www.google.com/search?q=""fishing report""+Pitcairn Reservoir+""Delta County""+Colorado",https://www.fs.usda.gov/activity/gmug/recreation/fishing,"https://www.google.com/maps/dir//38.9109,-108.1144",38.910866183569965,-108.11442911421604,0,
import-high-priority,74,Poage Lake,Poage Lake,91760,1120,Rio Grande,Water Body,Coldwater,public-indicated,Public-land/property indicator or official property URL is present,Trout: Cutbow | Trout: Cutthroat,Poage Lake SWA,Medium,Medium,No,Limited,Belly boats,Sub-catchables,False,,"https://www.google.com/search?q=""fishing report""+Poage Lake+""Rio Grande County""+Colorado",https://cpw.state.co.us/swa/Poage%20Lake%20SWA,"https://www.google.com/maps/dir//37.4993,-106.6431",37.499336223548,-106.64310067089642,0,
import-high-priority,74,Pole Creek,Pole Creek,42197,1519,Hinsdale,Stream or River,Coldwater,public-indicated,Public-land/property indicator or official property URL is present,Trout: Cutthroat,Rio Grande National Forest,Difficult,Low,No,No,None,Sub-catchables,False,,"https://www.google.com/search?q=""fishing report""+Pole Creek+""Hinsdale County""+Colorado",https://www.fs.usda.gov/activity/riogrande/recreation/fishing,"https://www.google.com/maps/dir//37.809,-107.4672",37.80900742379604,-107.4671576455223,0,
import-high-priority,74,"Pomeroy Lake, Lower","Pomeroy Lake, Lower",81062,356,Chaffee,Water Body,Coldwater,public-indicated,Public-land/property indicator or official property URL is present,Grayling: Arctic | Trout: Cutthroat,San Isabel National Forest,Difficult,Low,No,No,None,Sub-catchables,False,,"https://www.google.com/search?q=""fishing report""+Pomeroy Lake, Lower+""Chaffee County""+Colorado",https://www.fs.usda.gov/activity/psicc/recreation/fishing,"https://www.google.com/maps/dir//38.6461,-106.3445",38.646147831135046,-106.3445003883841,0,
import-high-priority,74,"Pomeroy Lake, Upper","Pomeroy Lake, Upper",81074,355,Chaffee,Water Body,Coldwater,public-indicated,Public-land/property indicator or official property URL is present,Grayling: Arctic | Trout: Cutthroat,San Isabel National Forest,Difficult,Low,No,No,None,Sub-catchables,False,,"https://www.google.com/search?q=""fishing report""+Pomeroy Lake, Upper+""Chaffee County""+Colorado",https://www.fs.usda.gov/activity/psicc/recreation/fishing,"https://www.google.com/maps/dir//38.6349,-106.3405",38.63485348755863,-106.34053296635535,0,
import-high-priority,74,Porcupine Creek,Porcupine Creek,11875,1472,Jackson,Stream or River,Coldwater,public-indicated,Public-land/property indicator or official property URL is present,Trout: Brook,Routt National Forest,Medium,Low,No,No,None,No,False,,"https://www.google.com/search?q=""fishing report""+Porcupine Creek+""Jackson County""+Colorado",https://www.fs.usda.gov/activity/mbr/recreation/fishing,"https://www.google.com/maps/dir//40.4621,-105.9823",40.46212202830208,-105.98232520852387,0,
import-high-priority,74,Porcupine Lake,Porcupine Lake,69232,1238,Routt,Water Body,Coldwater,public-indicated,Public-land/property indicator or official property URL is present,Trout: Cutthroat,Mount Zirkel Wilderness Area/Mad Creek RNA,Difficult,Low,No,No,Non-motorized,No,False,,"https://www.google.com/search?q=""fishing report""+Porcupine Lake+""Routt County""+Colorado",https://www.fs.usda.gov/activity/mbr/recreation/fishing,"https://www.google.com/maps/dir//40.619,-106.7182",40.61898829654984,-106.71822104505918,0,
import-high-priority,74,Ptarmigan Lake,Ptarmigan Lake,81086,44,Chaffee,Water Body,Coldwater,public-indicated,Public-land/property indicator or official property URL is present,Trout: Cutthroat,San Isabel National Forest,Difficult,Medium,No,No,None,Sub-catchables,False,,"https://www.google.com/search?q=""fishing report""+Ptarmigan Lake+""Chaffee County""+Colorado",https://www.fs.usda.gov/activity/psicc/recreation/fishing,"https://www.google.com/maps/dir//38.7773,-106.3846",38.77728798011041,-106.384548733631,0,
import-high-priority,74,Rainbow Lake,Rainbow Lake,81101,1157,Custer,Water Body,Coldwater,public-indicated,Public-land/property indicator or official property URL is present,Trout: Cutthroat,San Isabel National Forest,Difficult,Low,No,No,Unsure,Sub-catchables,False,,"https://www.google.com/search?q=""fishing report""+Rainbow Lake+""Custer County""+Colorado",https://www.fs.usda.gov/activity/psicc/recreation/fishing,"https://www.google.com/maps/dir//38.2516,-105.7115",38.25158982951778,-105.71148436578243,0,
import-high-priority,74,Reservoir Park,Reservoir Park,69067,1186,Mesa,Water Body,Coldwater,public-indicated,Public-land/property indicator or official property URL is present,Trout: Cutthroat,White River National Forest,Difficult,Low,No,No,Non-motorized,Sub-catchables,False,,"https://www.google.com/search?q=""fishing report""+Reservoir Park+""Mesa County""+Colorado",https://www.fs.usda.gov/activity/whiteriver/recreation/fishing,"https://www.google.com/maps/dir//39.3308,-107.4829",39.33078090459001,-107.48289309119778,0,
import-high-priority,74,Reynolds Lake,Reynolds Lake,56160,536,Clear Creek,Water Body,Coldwater,public-indicated,Public-land/property indicator or official property URL is present,Trout: Brook,Arapaho National Forest,Difficult,Low,No,No,Non-motorized,No,False,,"https://www.google.com/search?q=""fishing report""+Reynolds Lake+""Clear Creek County""+Colorado",https://www.fs.usda.gov/activity/arp/recreation/fishing,"https://www.google.com/maps/dir//39.8376,-105.6829",39.837632335628214,-105.68285529213783,0,
import-high-priority,74,Rich Creek,Rich Creek,30647,1491,Park,Stream or River,Coldwater,public-indicated,Public-land/property indicator or official property URL is present,Trout: Brook | Trout: Cutthroat,Buffalo Peaks Wilderness Area,Difficult,Low,No,No,None,Sub-catchables,False,,"https://www.google.com/search?q=""fishing report""+Rich Creek+""Park County""+Colorado",https://www.fs.usda.gov/activity/psicc/recreation/fishing,"https://www.google.com/maps/dir//39.0707,-106.1497",39.07067007431963,-106.14966909742645,0,
import-high-priority,74,Rim Rock Lake,Rim Rock Lake,91962,16,Delta,Water Body,Coldwater,public-indicated,Public-land/property indicator or official property URL is present,Trout: Cutthroat,Grand Mesa National Forest,Medium,Low,No,Yes,Non-motorized,Sub-catchables,False,,"https://www.google.com/search?q=""fishing report""+Rim Rock Lake+""Delta County""+Colorado",https://www.fs.usda.gov/activity/gmug/recreation/fishing,"https://www.google.com/maps/dir//39.0228,-108.0093",39.02282079556898,-108.00926191019298,0,
import-high-priority,74,Rio Grande River,Rio Grande River,42527,622,Rio Grande,Stream or River,Coldwater,public-indicated,Public-land/property indicator or official property URL is present,Trout: Brown | Trout: Rainbow,Rio Grande River SWA (Del Norte Fishing Easements),Medium,Low,No,No,Non-motorized,Sub-catchables,False,,https://cpw.state.co.us/thingstodo/Fishery%20Survey%20Summaries/RioGrandeRiver.pdf,https://cpw.state.co.us/swa/Rio%20Grande%20River%20(Del%20Norte%20Fishing%20Easement),"https://www.google.com/maps/dir//37.6883,-106.4597",37.68828530242331,-106.48282896669744,1,
import-high-priority,74,Rio Grande River,Rio Grande River,42539,1768,Rio Grande,Stream or River,Coldwater,public-indicated,Public-land/property indicator or official property URL is present,Trout: Brown | Trout: Rainbow,Coller SWA,Medium,Medium,No,No,Unsure,Sub-catchables,False,,https://cpw.state.co.us/thingstodo/Fishery%20Survey%20Summaries/RioGrandeRiver.pdf,https://cpw.state.co.us/thingstodo/Pages/Fishing.aspx,"https://www.google.com/maps/dir//37.8175,-106.9133",37.72533744676591,-106.7087819208545,4,
import-high-priority,74,Roaring Creek,Roaring Creek,12081,1473,Larimer,Stream or River,Coldwater,public-indicated,Public-land/property indicator or official property URL is present,Trout: Cutthroat,Roosevelt National Forest,Difficult,Low,No,No,None,No,False,,"https://www.google.com/search?q=""fishing report""+Roaring Creek+""Larimer County""+Colorado",https://www.fs.usda.gov/activity/arp/recreation/fishing,"https://www.google.com/maps/dir//40.7427,-105.7716",40.742739451532444,-105.77160091547476,0,
import-high-priority,74,Roaring Forks Creek,Roaring Forks Creek,42628,1529,Montezuma,Stream or River,Coldwater,public-indicated,Public-land/property indicator or official property URL is present,Trout: Brook | Trout: Cutthroat,San Juan National Forest,Difficult,Low,No,No,None,No,False,,"https://www.google.com/search?q=""fishing report""+Roaring Forks Creek+""Montezuma County""+Colorado",https://www.fs.usda.gov/activity/sanjuan/recreation/fishing,"https://www.google.com/maps/dir//37.5803,-108.0854",37.580326909489315,-108.0854087362303,0,
import-high-priority,74,Rock Lake,Rock Lake,72087,722,Mesa,Water Body,Coldwater,public-indicated,Public-land/property indicator or official property URL is present,Trout: Cutthroat,Grand Mesa National Forest,Difficult,Low,No,No,Non-motorized,No,False,,"https://www.google.com/search?q=""fishing report""+Rock Lake+""Mesa County""+Colorado",https://www.fs.usda.gov/activity/gmug/recreation/fishing,"https://www.google.com/maps/dir//39.1326,-107.8288",39.13258337106084,-107.82876060663138,0,
import-high-priority,74,Rocky Fork Creek,Rocky Fork Creek,24454,1552,Pitkin,Stream or River,Coldwater,public-indicated,Public-land/property indicator or official property URL is present,Trout: Cutthroat,White River National Forest,Difficult,Low,No,Unsure,None,No,False,,"https://www.google.com/search?q=""fishing report""+Rocky Fork Creek+""Pitkin County""+Colorado",https://www.fs.usda.gov/activity/whiteriver/recreation/fishing,"https://www.google.com/maps/dir//39.3503,-106.8187",39.35032548062686,-106.81866138682076,0,
import-high-priority,74,Rogers Peak Lake,Rogers Peak Lake,56209,280,Gilpin,Water Body,Coldwater,public-indicated,Public-land/property indicator or official property URL is present,Trout: Cutthroat,James Peak Wilderness Area,Difficult,Low,No,No,Non-motorized,No,False,,https://cpw.state.co.us/thingstodo/Fishery%20Survey%20Summaries/JamesPeakWildernessLakes.pdf,https://www.fs.usda.gov/activity/arp/recreation/fishing,"https://www.google.com/maps/dir//39.8713,-105.6899",39.87133045147101,-105.68988984731247,0,
import-high-priority,74,Rolling Creek,Rolling Creek,18261,1376,Park,Stream or River,Coldwater,public-indicated,Public-land/property indicator or official property URL is present,Trout: Brook,Lost Creek Wilderness Area,Medium,Low,No,No,None,No,False,,"https://www.google.com/search?q=""fishing report""+Rolling Creek+""Park County""+Colorado",https://www.fs.usda.gov/activity/psicc/recreation/fishing,"https://www.google.com/maps/dir//39.3117,-105.4003",39.3116897669283,-105.40028367529118,0,
import-high-priority,74,Roosevelt Lakes,"Roosevelt Lake, Lower",56247,107,Park,Water Body,Coldwater,public-indicated,Public-land/property indicator or official property URL is present,Trout: Cutthroat,Mount Evans Wilderness Area,Difficult,Low,No,No,Non-motorized,No,False,,"https://www.google.com/search?q=""fishing report""+Roosevelt Lake, Lower+""Park County""+Colorado",https://www.fs.usda.gov/activity/arp/recreation/fishing,"https://www.google.com/maps/dir//39.5634,-105.5858",39.56335927592227,-105.58577442675669,0,
import-high-priority,74,Rough and Tumbling Creek,Rough and Tumbling Creek,30673,1492,Park,Stream or River,Coldwater,public-indicated,Public-land/property indicator or official property URL is present,Trout: Brook | Trout: Cutthroat,Pike National Forest,Difficult,Low,No,No,None,No,False,,"https://www.google.com/search?q=""fishing report""+Rough and Tumbling Creek+""Park County""+Colorado",https://www.fs.usda.gov/activity/psicc/recreation/fishing,"https://www.google.com/maps/dir//39.0501,-106.1083",39.05010145063051,-106.10832838370952,0,
import-high-priority,74,Saguache Creek,Saguache Creek,42793,1514,Saguache,Stream or River,Coldwater,public-indicated,Public-land/property indicator or official property URL is present,Trout: Brown | Trout: Rainbow,Rio Grande National Forest,Medium,Low,No,No,None,No,False,,"https://www.google.com/search?q=""fishing report""+Saguache Creek+""Saguache County""+Colorado",https://www.fs.usda.gov/activity/riogrande/recreation/fishing,"https://www.google.com/maps/dir//38.0424,-106.62",38.0423887768318,-106.61996488235079,0,
import-high-priority,74,"San Francisco Lakes, Upper","San Francisco Lakes, Upper",93283,1154,Rio Grande,Water Body,Coldwater,public-indicated,Public-land/property indicator or official property URL is present,Trout: Cutthroat,Rio Grande National Forest,Difficult,Low,No,No,Unsure,Sub-catchables,False,,"https://www.google.com/search?q=""fishing report""+San Francisco Lakes, Upper+""Rio Grande County""+Colorado",https://www.fs.usda.gov/activity/riogrande/recreation/fishing,"https://www.google.com/maps/dir//37.4893,-106.4263",37.4893269528082,-106.42633398675113,0,
import-high-priority,74,"San Juan River, West Fork","San Juan River, West Fork",42933,1525,Mineral,Stream or River,Coldwater,public-indicated,Public-land/property indicator or official property URL is present,Trout: Brown | Trout: Rainbow,Weminuche Wilderness Area,Difficult,Low,No,No,Unsure,No,False,,"https://www.google.com/search?q=""fishing report""+San Juan River, West Fork+""Mineral County""+Colorado",https://www.fs.usda.gov/activity/sanjuan/recreation/fishing,"https://www.google.com/maps/dir//37.481,-106.9289",37.48104987500314,-106.92889527679415,0,
import-high-priority,74,Sawmill Creek,Sawmill Creek,12219,1469,Jackson,Stream or River,Coldwater,public-indicated,Public-land/property indicator or official property URL is present,Trout: Brook,Routt National Forest,Medium,Low,No,No,None,No,False,,"https://www.google.com/search?q=""fishing report""+Sawmill Creek+""Jackson County""+Colorado",https://www.fs.usda.gov/activity/mbr/recreation/fishing,"https://www.google.com/maps/dir//40.5226,-106.6249",40.52255861820738,-106.62490397788636,0,
import-high-priority,74,Sheep Creek,Sheep Creek,21096,1450,Mesa,Stream or River,Coldwater,public-indicated,Public-land/property indicator or official property URL is present,Trout: Brook | Trout: Cutthroat,Grand Mesa National Forest,Difficult,Low,No,No,None,No,False,,"https://www.google.com/search?q=""fishing report""+Sheep Creek+""Mesa County""+Colorado",https://www.fs.usda.gov/activity/gmug/recreation/fishing,"https://www.google.com/maps/dir//38.9739,-108.1416",38.97391311291824,-108.14159671513163,0,
import-high-priority,74,"Sheep Creek, East Fork","Sheep Creek, East Fork",13730,1474,Larimer,Stream or River,Coldwater,public-indicated,Public-land/property indicator or official property URL is present,Trout: Cutthroat,Roosevelt National Forest,Difficult,Low,No,No,None,No,False,,"https://www.google.com/search?q=""fishing report""+Sheep Creek, East Fork+""Larimer County""+Colorado",https://www.fs.usda.gov/activity/arp/recreation/fishing,"https://www.google.com/maps/dir//40.6245,-105.7094",40.624500789421425,-105.70939350012772,0,
import-high-priority,74,"Sheep Creek, West Fork","Sheep Creek, West Fork",13742,1475,Larimer,Stream or River,Coldwater,public-indicated,Public-land/property indicator or official property URL is present,Trout: Cutthroat,Roosevelt National Forest,Difficult,Low,No,No,None,No,False,,"https://www.google.com/search?q=""fishing report""+Sheep Creek, West Fork+""Larimer County""+Colorado",https://www.fs.usda.gov/activity/arp/recreation/fishing,"https://www.google.com/maps/dir//40.6091,-105.7264",40.609106328229366,-105.72637238842958,0,
import-high-priority,74,Sheep Lake,Sheep Lake,92231,317,Delta,Water Body,Coldwater,public-indicated,Public-land/property indicator or official property URL is present,Trout: Cutthroat | Trout: Rainbow,Grand Mesa National Forest,Difficult,Low,No,Yes,Non-motorized,No,False,,"https://www.google.com/search?q=""fishing report""+Sheep Lake+""Delta County""+Colorado",https://www.fs.usda.gov/activity/gmug/recreation/fishing,"https://www.google.com/maps/dir//39.0278,-107.9858",39.027849182124626,-107.98584225222093,0,
import-high-priority,74,Shelf Lake,Shelf Lake,56449,125,Clear Creek,Water Body,Coldwater,public-indicated,Public-land/property indicator or official property URL is present,Trout: Cutthroat,Pike National Forest,Difficult,Low,No,Yes,None,No,False,,"https://www.google.com/search?q=""fishing report""+Shelf Lake+""Clear Creek County""+Colorado",https://www.fs.usda.gov/activity/psicc/recreation/fishing,"https://www.google.com/maps/dir//39.5942,-105.7893",39.59423514852292,-105.78928950159718,0,
import-high-priority,74,Sherwin Lake,Sherwin Lake,56451,386,Clear Creek,Water Body,Coldwater,public-indicated,Public-land/property indicator or official property URL is present,Trout: Cutthroat,Arapaho National Forest,Difficult,Low,No,No,Non-motorized,No,False,,"https://www.google.com/search?q=""fishing report""+Sherwin Lake+""Clear Creek County""+Colorado",https://www.fs.usda.gov/activity/arp/recreation/fishing,"https://www.google.com/maps/dir//39.8165,-105.6996",39.816461336929876,-105.69964879511451,0,
import-high-priority,74,Silver Creek,Silver Creek,30798,1498,Saguache,Stream or River,Coldwater,public-indicated,Public-land/property indicator or official property URL is present,Trout: Brook,San Isabel National Forest,Difficult,Low,No,No,None,No,False,,"https://www.google.com/search?q=""fishing report""+Silver Creek+""Saguache County""+Colorado",https://www.fs.usda.gov/activity/psicc/recreation/fishing,"https://www.google.com/maps/dir//38.3765,-106.1676",38.37653715187471,-106.16765092599695,0,
import-high-priority,74,Silver Dollar Lake,Silver Dollar Lake,56487,109,Clear Creek,Water Body,Coldwater,public-indicated,Public-land/property indicator or official property URL is present,Trout: Cutthroat,Arapaho National Forest,Difficult,Low,No,No,Non-motorized,No,False,,"https://www.google.com/search?q=""fishing report""+Silver Dollar Lake+""Clear Creek County""+Colorado",https://www.fs.usda.gov/activity/arp/recreation/fishing,"https://www.google.com/maps/dir//39.6002,-105.7533",39.600156964646565,-105.75330594228106,0,
import-high-priority,74,Silver King Lake,Silver King Lake,81187,937,Chaffee,Water Body,Coldwater,public-indicated,Public-land/property indicator or official property URL is present,Grayling: Arctic | Trout: Cutthroat,Collegiate Peaks Wilderness Area,Difficult,Low,No,No,None,Sub-catchables,False,,"https://www.google.com/search?q=""fishing report""+Silver King Lake+""Chaffee County""+Colorado",https://www.fs.usda.gov/activity/psicc/recreation/fishing,"https://www.google.com/maps/dir//38.9128,-106.3695",38.91280849895066,-106.36953161948426,0,
import-high-priority,74,Silver Lake,Silver Lake,81199,875,Custer,Water Body,Coldwater,public-indicated,Public-land/property indicator or official property URL is present,Trout: Cutthroat,San Isabel National Forest,Difficult,Low,No,No,Unsure,Sub-catchables,False,,"https://www.google.com/search?q=""fishing report""+Silver Lake+""Custer County""+Colorado",https://www.fs.usda.gov/activity/psicc/recreation/fishing,"https://www.google.com/maps/dir//38.2269,-105.7463",38.22693858608118,-105.74634177549882,0,
import-high-priority,74,Skyscraper Lake,Skyscraper Lake,56499,31,Boulder,Water Body,Coldwater,public-indicated,Public-land/property indicator or official property URL is present,Trout: Cutthroat,Indian Peaks Wilderness Area,Difficult,Low,No,No,Non-motorized,No,False,,https://cpw.state.co.us/thingstodo/Fishery%20Survey%20Summaries/IndianPeaksWildernessLakes.pdf,https://www.fs.usda.gov/activity/arp/recreation/fishing,"https://www.google.com/maps/dir//39.9556,-105.6725",39.95558253061229,-105.67251308618812,0,
import-high-priority,74,Slater Lake,Slater Lake,56514,385,Clear Creek,Water Body,Coldwater,public-indicated,Public-land/property indicator or official property URL is present,Trout: Cutthroat,James Peak Wilderness Area,Difficult,Low,No,No,Non-motorized,No,False,,"https://www.google.com/search?q=""fishing report""+Slater Lake+""Clear Creek County""+Colorado",https://www.fs.usda.gov/activity/arp/recreation/fishing,"https://www.google.com/maps/dir//39.8199,-105.7024",39.81985680349413,-105.70240224554638,0,
import-high-priority,74,Smelter Gulch,Smelter Gulch,14009,1489,Clear Creek,Stream or River,Coldwater,public-indicated,Public-land/property indicator or official property URL is present,Trout: Brook,Pike National Forest,Medium,Low,No,No,None,No,False,,"https://www.google.com/search?q=""fishing report""+Smelter Gulch+""Clear Creek County""+Colorado",https://www.fs.usda.gov/activity/psicc/recreation/fishing,"https://www.google.com/maps/dir//39.5845,-105.7759",39.58448137901383,-105.77593325922305,0,
import-high-priority,74,Smith Lake Upper,Smith Lake Upper,70083,1001,Garfield,Water Body,Coldwater,public-indicated,Public-land/property indicator or official property URL is present,Trout: Cutthroat,Flat Tops Wilderness Area,Medium,Low,No,Yes,Non-motorized,Sub-catchables,False,,"https://www.google.com/search?q=""fishing report""+Smith Lake Upper+""Garfield County""+Colorado",https://www.fs.usda.gov/activity/mbr/recreation/fishing,"https://www.google.com/maps/dir//40.0402,-107.1198",40.04019238933236,-107.119764425122,0,
import-high-priority,74,"Snake River, North Fork","Snake River, North Fork",21989,1571,Summit,Stream or River,Coldwater,public-indicated,Public-land/property indicator or official property URL is present,Trout: Brook,White River National Forest,Medium,Low,No,No,None,No,False,,"https://www.google.com/search?q=""fishing report""+Snake River, North Fork+""Summit County""+Colorado",https://www.fs.usda.gov/activity/whiteriver/recreation/fishing,"https://www.google.com/maps/dir//39.6263,-105.9061",39.62633227197822,-105.90613267979816,0,
import-high-priority,74,Snell Creek,Snell Creek,22044,1578,Rio Blanco,Stream or River,Coldwater,public-indicated,Public-land/property indicator or official property URL is present,Trout: Brook | Trout: Cutthroat,White River National Forest,Medium,Low,No,No,None,No,False,,"https://www.google.com/search?q=""fishing report""+Snell Creek+""Rio Blanco County""+Colorado",https://www.fs.usda.gov/activity/whiteriver/recreation/fishing,"https://www.google.com/maps/dir//40.096,-107.3276",40.09595020433568,-107.32758520956091,0,
import-high-priority,74,"South Colony Lake, Lower","South Colony Lake, Lower",80301,862,Custer,Water Body,Coldwater,public-indicated,Public-land/property indicator or official property URL is present,Trout: Cutthroat,Sangre De Cristo Wilderness Area,Difficult,Low,No,No,Unsure,Sub-catchables,False,,"https://www.google.com/search?q=""fishing report""+South Colony Lake, Lower+""Custer County""+Colorado",https://www.fs.usda.gov/activity/psicc/recreation/fishing,"https://www.google.com/maps/dir//37.9646,-105.5639",37.96461357088173,-105.56385074400706,0,
import-high-priority,74,South Platte River,South Platte River,33819,671,Park,Stream or River,Coldwater,public-indicated,Public-land/property indicator or official property URL is present,Trout: Brown | Trout: Rainbow,Spinney Mountain SWA,Medium,Medium,No,No,None,No,False,,"https://www.google.com/search?q=""fishing report""+South Platte River+""Park County""+Colorado",https://cpw.state.co.us/swa/Spinney%20Mountain%20SWA,"https://www.google.com/maps/dir//39.0081,-105.709",39.00330976983987,-105.71315571280957,0,
import-high-priority,74,"South Platte River, Middle Fork","South Platte River, Middle Fork",30875,651,Park,Stream or River,Coldwater,public-indicated,Public-land/property indicator or official property URL is present,Trout: Brook | Trout: Brown,Alma SWA,Medium,Medium,No,No,None,No,False,,"https://www.google.com/search?q=""fishing report""+South Platte River, Middle Fork+""Park County""+Colorado",https://cpw.state.co.us/swa/Alma%20SWA,"https://www.google.com/maps/dir//39.3149,-106.0621",39.32607339101307,-106.05747682699057,0,
import-high-priority,74,Spring Creek,Spring Creek,18831,1407,Jefferson,Stream or River,Coldwater,public-indicated,Public-land/property indicator or official property URL is present,Trout: Brook | Trout: Brown,Pike National Forest,Medium,Low,No,No,None,No,False,,"https://www.google.com/search?q=""fishing report""+Spring Creek+""Jefferson County""+Colorado",https://www.fs.usda.gov/activity/psicc/recreation/fishing,"https://www.google.com/maps/dir//39.3879,-105.1996",39.3878795907288,-105.19962950466189,0,
import-high-priority,74,St Louis Creek,St Louis Creek,23494,1572,Grand,Stream or River,Coldwater,public-indicated,Public-land/property indicator or official property URL is present,Trout: Brook,Fraser Experimental Forest - Arapaho National Forest,Difficult,Low,No,No,None,No,False,,"https://www.google.com/search?q=""fishing report""+St Louis Creek+""Grand County""+Colorado",https://www.fs.usda.gov/activity/arp/recreation/fishing,"https://www.google.com/maps/dir//39.8352,-105.9205",39.83517427197588,-105.92047461299083,0,
import-high-priority,74,St. Marys Lake,St. Marys Lake,56324,519,Clear Creek,Water Body,Coldwater,public-indicated,Public-land/property indicator or official property URL is present,Trout: Brook | Trout: Tiger,Arapaho National Forest,Difficult,Low,No,No,Non-motorized,No,False,,"https://www.google.com/search?q=""fishing report""+St. Marys Lake+""Clear Creek County""+Colorado",https://www.fs.usda.gov/activity/arp/recreation/fishing,"https://www.google.com/maps/dir//39.833,-105.6464",39.83294921362557,-105.64635912088292,0,
import-high-priority,74,Stewart Lake,Stewart Lake,56615,239,Clear Creek,Water Body,Coldwater,public-indicated,Public-land/property indicator or official property URL is present,Trout: Brook,Arapaho National Forest,Difficult,Low,No,No,Non-motorized,No,False,,"https://www.google.com/search?q=""fishing report""+Stewart Lake+""Clear Creek County""+Colorado",https://www.fs.usda.gov/activity/arp/recreation/fishing,"https://www.google.com/maps/dir//39.8396,-105.6814",39.83959340830594,-105.681451909865,0,
import-high-priority,74,Stoner Creek,Stoner Creek,43416,1530,Montezuma,Stream or River,Coldwater,public-indicated,Public-land/property indicator or official property URL is present,Trout: Cutthroat,San Juan National Forest,Difficult,Low,No,No,None,No,False,,"https://www.google.com/search?q=""fishing report""+Stoner Creek+""Montezuma County""+Colorado",https://www.fs.usda.gov/activity/sanjuan/recreation/fishing,"https://www.google.com/maps/dir//37.6203,-108.2744",37.62025707549701,-108.27435080962748,0,
import-high-priority,74,Storm Lake,Storm Lake,56627,244,Boulder,Water Body,Coldwater,public-indicated,Public-land/property indicator or official property URL is present,Trout: Cutthroat,Indian Peaks Wilderness Area,Difficult,Low,No,No,Non-motorized,No,False,,"https://www.google.com/search?q=""fishing report""+Storm Lake+""Boulder County""+Colorado",https://www.fs.usda.gov/activity/arp/recreation/fishing,"https://www.google.com/maps/dir//39.9829,-105.6718",39.982926396672646,-105.67183512225331,0,
import-high-priority,74,Stout Creek Lakes,Stout Creek Lake Lower,81252,470,Fremont,Water Body,Coldwater,public-indicated,Public-land/property indicator or official property URL is present,Trout: Cutthroat,Sangre De Cristo Wilderness Area,Difficult,Low,No,No,None,Sub-catchables,False,,"https://www.google.com/search?q=""fishing report""+Stout Creek Lake Lower+""Fremont County""+Colorado",https://www.fs.usda.gov/activity/psicc/recreation/fishing,"https://www.google.com/maps/dir//38.3532,-105.8895",38.35315606118077,-105.88947309137582,0,
import-high-priority,74,"Surface Creek, West Fork","Surface Creek, West Fork",38560,1561,Delta,Stream or River,Coldwater,public-indicated,Public-land/property indicator or official property URL is present,Trout: Rainbow,Grand Mesa National Forest,Medium,Low,No,No,None,No,False,,"https://www.google.com/search?q=""fishing report""+Surface Creek, West Fork+""Delta County""+Colorado",https://www.fs.usda.gov/activity/gmug/recreation/fishing,"https://www.google.com/maps/dir//39.0347,-107.8566",39.03470480646305,-107.85659780996312,0,
import-high-priority,74,"Tenmile Creek, North","Tenmile Creek, North",22323,1570,Summit,Stream or River,Coldwater,public-indicated,Public-land/property indicator or official property URL is present,Trout: Brook,Eagles Nest Wilderness Area,Difficult,Low,No,No,None,No,False,,"https://www.google.com/search?q=""fishing report""+Tenmile Creek, North+""Summit County""+Colorado",https://www.fs.usda.gov/activity/whiteriver/recreation/fishing,"https://www.google.com/maps/dir//39.5726,-106.1739",39.57259527162959,-106.17391261292198,0,
import-high-priority,74,"Tennessee Creek, West","Tennessee Creek, West",31055,1499,Lake,Stream or River,Coldwater,public-indicated,Public-land/property indicator or official property URL is present,Trout: Brook,San Isabel National Forest,Difficult,Low,No,No,None,No,False,,"https://www.google.com/search?q=""fishing report""+Tennessee Creek, West+""Lake County""+Colorado",https://www.fs.usda.gov/activity/psicc/recreation/fishing,"https://www.google.com/maps/dir//39.3516,-106.3812",39.351614969461245,-106.38117081034625,0,
import-high-priority,74,Threemile Creek,Threemile Creek,13970,1381,Park,Stream or River,Coldwater,public-indicated,Public-land/property indicator or official property URL is present,Trout: Brook | Trout: Brown,Mount Evans Wilderness Area,Medium,Low,No,No,None,No,False,,"https://www.google.com/search?q=""fishing report""+Threemile Creek+""Park County""+Colorado",https://www.fs.usda.gov/activity/psicc/recreation/fishing,"https://www.google.com/maps/dir//39.5049,-105.6828",39.50491501337913,-105.68275762280857,0,
import-high-priority,74,Timberline Lake,Timberline Lake,81341,1043,Lake,Water Body,Coldwater,public-indicated,Public-land/property indicator or official property URL is present,Trout: Cutthroat,Holy Cross Wilderness Area,Difficult,Low,No,No,None,Sub-catchables,False,,"https://www.google.com/search?q=""fishing report""+Timberline Lake+""Lake County""+Colorado",https://www.fs.usda.gov/activity/psicc/recreation/fishing,"https://www.google.com/maps/dir//39.298,-106.4759",39.29804600705118,-106.4758788127353,0,
import-high-priority,74,Tomichi Creek,Tomichi Creek,43632,1607,Gunnison,Stream or River,Coldwater,public-indicated,Public-land/property indicator or official property URL is present,Trout: Brown | Trout: Rainbow,Tomichi Creek SWA,Medium,Low,No,No,Non-motorized,No,False,,"https://www.google.com/search?q=""fishing report""+Tomichi Creek+""Gunnison County""+Colorado",https://cpw.state.co.us/swa/Tomichi%20Creek%20SWA,"https://www.google.com/maps/dir//38.5393,-106.8794",38.53931007364655,-106.87942767717833,0,
import-high-priority,74,Trail Creek,Trail Creek,22424,1589,Routt,Stream or River,Coldwater,public-indicated,Public-land/property indicator or official property URL is present,Trout: Brook,Routt National Forest,Difficult,Low,No,No,None,No,False,,"https://www.google.com/search?q=""fishing report""+Trail Creek+""Routt County""+Colorado",https://www.fs.usda.gov/activity/mbr/recreation/fishing,"https://www.google.com/maps/dir//40.8307,-106.7803",40.83069940324338,-106.7803076118477,0,
import-high-priority,74,Trio Reservoir,Trio Reservoir,94108,735,Delta,Water Body,Coldwater,public-indicated,Public-land/property indicator or official property URL is present,Trout: Brook | Trout: Cutthroat,Grand Mesa National Forest,Medium,Low,No,Yes,Non-motorized,Sub-catchables,False,,"https://www.google.com/search?q=""fishing report""+Trio Reservoir+""Delta County""+Colorado",https://www.fs.usda.gov/activity/gmug/recreation/fishing,"https://www.google.com/maps/dir//39.0474,-107.8325",39.047428639171734,-107.8325267503409,0,
import-high-priority,74,"Troublesome Creek, East Fork","Troublesome Creek, East Fork",22450,1568,Grand,Stream or River,Coldwater,public-indicated,Public-land/property indicator or official property URL is present,Trout: Brook | Trout: Brown,Routt National Forest,Difficult,Low,No,No,None,No,False,,"https://www.google.com/search?q=""fishing report""+Troublesome Creek, East Fork+""Grand County""+Colorado",https://www.fs.usda.gov/activity/mbr/recreation/fishing,"https://www.google.com/maps/dir//40.1901,-106.2247",40.19009600417952,-106.22466381255235,0,
import-high-priority,74,Trout Creek,Trout Creek,23545,1587,Rio Blanco,Stream or River,Coldwater,public-indicated,Public-land/property indicator or official property URL is present,Trout: Brook | Trout: Cutthroat,Routt National Forest,Difficult,Low,No,No,None,No,False,,"https://www.google.com/search?q=""fishing report""+Trout Creek+""Rio Blanco County""+Colorado",https://www.fs.usda.gov/activity/mbr/recreation/fishing,"https://www.google.com/maps/dir//40.2072,-107.0992",40.207185004509704,-107.09917447826122,0,
import-high-priority,74,Two Ledge Reservoir,Two Ledge Reservoir,56829,1300,Jackson,Water Body,Coldwater,public-indicated,Public-land/property indicator or official property URL is present,Trout: Cutthroat,Routt National Forest,Difficult,Low,No,No,Non-motorized,No,False,,"https://www.google.com/search?q=""fishing report""+Two Ledge Reservoir+""Jackson County""+Colorado",https://www.fs.usda.gov/activity/mbr/recreation/fishing,"https://www.google.com/maps/dir//40.42,-106.341",40.41998081880715,-106.34103042102033,0,
import-high-priority,74,Vance Creek,Vance Creek,12548,1390,Clear Creek,Stream or River,Coldwater,public-indicated,Public-land/property indicator or official property URL is present,Trout: Brook,Mount Evans Wilderness Area,Difficult,Low,No,No,None,No,False,,"https://www.google.com/search?q=""fishing report""+Vance Creek+""Clear Creek County""+Colorado",https://www.fs.usda.gov/activity/arp/recreation/fishing,"https://www.google.com/maps/dir//39.6483,-105.558",39.648317362783416,-105.55795679232507,0,
import-high-priority,74,Venable Lakes,"Venable Lake, Lower",81391,950,Custer,Water Body,Coldwater,public-indicated,Public-land/property indicator or official property URL is present,Trout: Cutthroat,Sangre De Cristo Wilderness Area,Difficult,Low,No,No,Unsure,Sub-catchables,False,,"https://www.google.com/search?q=""fishing report""+Venable Lake, Lower+""Custer County""+Colorado",https://www.fs.usda.gov/activity/psicc/recreation/fishing,"https://www.google.com/maps/dir//38.0666,-105.6177",38.066556908292924,-105.61769817501204,0,
import-high-priority,74,Virginia Lake,Virginia Lake,81416,1177,Lake,Water Body,Coldwater,public-indicated,Public-land/property indicator or official property URL is present,Trout: Cutthroat,San Isabel National Forest,Difficult,Low,No,No,None,Sub-catchables,False,,"https://www.google.com/search?q=""fishing report""+Virginia Lake+""Lake County""+Colorado",https://www.fs.usda.gov/activity/psicc/recreation/fishing,"https://www.google.com/maps/dir//39.2786,-106.4878",39.27858384945407,-106.48776074904829,0,
import-high-priority,74,Walton Creek,Walton Creek,22626,1591,Routt,Stream or River,Coldwater,public-indicated,Public-land/property indicator or official property URL is present,Trout: Brook,Routt National Forest,Difficult,Low,No,No,None,No,False,,"https://www.google.com/search?q=""fishing report""+Walton Creek+""Routt County""+Colorado",https://www.fs.usda.gov/activity/mbr/recreation/fishing,"https://www.google.com/maps/dir//40.4008,-106.7228",40.40079247079288,-106.72275587805566,0,
import-high-priority,74,West Bellows Creek,West Bellows Creek,38376,1520,Mineral,Stream or River,Coldwater,public-indicated,Public-land/property indicator or official property URL is present,Trout: Cutthroat,La Garita Wilderness Area,Difficult,Low,No,No,None,No,False,,"https://www.google.com/search?q=""fishing report""+West Bellows Creek+""Mineral County""+Colorado",https://www.fs.usda.gov/activity/riogrande/recreation/fishing,"https://www.google.com/maps/dir//37.8822,-106.799",37.88218727626074,-106.79894930509668,0,
import-high-priority,74,West Creek,West Creek,12524,1481,Larimer,Stream or River,Coldwater,public-indicated,Public-land/property indicator or official property URL is present,Trout: Brook,Roosevelt National Forest,Medium,Low,No,No,None,No,False,,"https://www.google.com/search?q=""fishing report""+West Creek+""Larimer County""+Colorado",https://www.fs.usda.gov/activity/arp/recreation/fishing,"https://www.google.com/maps/dir//40.4421,-105.477",40.44209694520929,-105.47697601406458,0,
import-high-priority,74,"West Creek, North Fork","West Creek, North Fork",46373,1509,Mesa,Stream or River,Coldwater,public-indicated,Public-land/property indicator or official property URL is present,Trout: Brook | Trout: Rainbow,The Palisade ACEC/ONA/WSA,Medium,Low,No,No,None,No,False,,"https://www.google.com/search?q=""fishing report""+West Creek, North Fork+""Mesa County""+Colorado",https://www.blm.gov/colorado,"https://www.google.com/maps/dir//38.7692,-108.9191",38.769175256027424,-108.91909239520736,0,
import-high-priority,74,West Divide Creek,West Divide Creek,22967,1512,Mesa,Stream or River,Coldwater,public-indicated,Public-land/property indicator or official property URL is present,Trout: Cutthroat,White River National Forest,Medium,Low,No,No,None,No,False,,"https://www.google.com/search?q=""fishing report""+West Divide Creek+""Mesa County""+Colorado",https://www.fs.usda.gov/activity/whiteriver/recreation/fishing,"https://www.google.com/maps/dir//39.275,-107.4983",39.27497948604777,-107.49826200986432,0,
import-high-priority,74,"Williams Fork Yampa, East Fork","Williams Fork Yampa, East Fork",23292,1582,Rio Blanco,Stream or River,Coldwater,public-indicated,Public-land/property indicator or official property URL is present,Trout: Brook | Trout: Cutthroat,Flat Tops Wilderness Area,Difficult,Low,No,No,None,No,False,,"https://www.google.com/search?q=""fishing report""+Williams Fork Yampa, East Fork+""Rio Blanco County""+Colorado",https://www.fs.usda.gov/activity/mbr/recreation/fishing,"https://www.google.com/maps/dir//40.1087,-107.2063",40.10867900386378,-107.20630761024927,0,
import-high-priority,74,Willow Creek,Willow Creek,25723,1508,Mesa,Stream or River,Coldwater,public-indicated,Public-land/property indicator or official property URL is present,Trout: Brook,Grand Mesa National Forest,Medium,Medium,No,No,None,No,False,,"https://www.google.com/search?q=""fishing report""+Willow Creek+""Mesa County""+Colorado",https://www.fs.usda.gov/activity/gmug/recreation/fishing,"https://www.google.com/maps/dir//39.1473,-107.6729",39.14725419083636,-107.67289503379811,0,
import-high-priority,74,Woodland Lake,Woodland Lake,57023,68,Boulder,Water Body,Coldwater,public-indicated,Public-land/property indicator or official property URL is present,Trout: Cutthroat,Indian Peaks Wilderness Area,Difficult,Low,No,No,Non-motorized,No,False,,https://cpw.state.co.us/thingstodo/Fishery%20Survey%20Summaries/IndianPeaksWildernessLakes.pdf,https://www.fs.usda.gov/activity/arp/recreation/fishing,"https://www.google.com/maps/dir//39.9542,-105.6646",39.95422297761887,-105.66462721558503,0,
import-high-priority,74,Y & S Reservoir,Y & S Reservoir,93322,560,Delta,Water Body,Coldwater,public-indicated,Public-land/property indicator or official property URL is present,Trout: Cutthroat,Grand Mesa National Forest,Medium,Low,No,Yes,Non-motorized,Sub-catchables,False,,"https://www.google.com/search?q=""fishing report""+Y & S Reservoir+""Delta County""+Colorado",https://www.fs.usda.gov/activity/gmug/recreation/fishing,"https://www.google.com/maps/dir//39.0541,-107.8092",39.05412589172311,-107.8092003572583,0,
import-high-priority,74,Youngs Creek Lake,Youngs Creek Lake,71023,75,Mesa,Water Body,Coldwater,public-indicated,Public-land/property indicator or official property URL is present,Trout: Brook,Grand Mesa National Forest,Difficult,Low,No,No,Electric,No,False,,"https://www.google.com/search?q=""fishing report""+Youngs Creek Lake+""Mesa County""+Colorado",https://www.fs.usda.gov/activity/gmug/recreation/fishing,"https://www.google.com/maps/dir//39.1216,-107.8251",39.121623537859854,-107.82506490880641,0,
import-high-priority,73,Elk River #1,Elk River,20165,1810,Routt,Stream or River,Coldwater,public-indicated,Public-land/property indicator or official property URL is present,Trout: Mountain Whitefish | Trout: Rainbow,Christina SWA,Easy,Medium,No,No,None,Sub-catchables,False,,,https://cpw.state.co.us/state-wildlife-areas/christina-swa-fishing-easement-elk-river,,40.58131821521658,-106.89773527709166,0,
import-medium-priority,65,"Poudre River, North Fork #3","Poudre River, North Fork",11976,1816,Larimer,Stream or River,Coldwater,public-indicated,Public-land/property indicator or official property URL is present,Trout: Brown | Trout: Rainbow,Cherokee SWA - Middle Unit,Difficult,Low,No,No,None,No,False,,,https://cpw.state.co.us/state-wildlife-areas/cherokee-swa-all-units,,40.90334411610989,-105.42913098834585,3,
exclude/private-review,28,[Purposely Left Blank],Fraser Pond #2,20511,1782,Grand,Water Body,Coldwater,private-indicated,Name or property text contains a private-access indicator,Trout: Brook | Trout: Cutbow | Trout: Rainbow,Cozens Ranch Open Space,Easy,Medium,Yes,Limited,Non-motorized,Sub-catchables,False,,"https://www.google.com/search?q=""fishing report""+Fraser Pond #2+""Grand County""+Colorado",https://www.frasercolorado.com/238/Cozens-Ranch-Open-Space,"https://www.google.com/maps/dir//39.9396,-105.8002",39.93958676781345,-105.80024675168258,0,
exclude/private-review,28,Flyin' B Pond,Flyin' B Pond,60328,1674,Douglas,Water Body,Warmwater,private-indicated,Name or property text contains a private-access indicator,Bass: Largemouth | Catfish: Channel | Sunfish: Bluegill,Fly'n B Park,Easy,Medium,Yes,No,None,Catchable trout and Warmwater,False,,"https://www.google.com/search?q=""fishing report""+Flyin' B Pond+""Douglas County""+Colorado",https://highlandsranch.org/flyn-b-park/,"https://www.google.com/maps/dir//39.5618,-105.0238",39.56179831750917,-105.02385259389307,0,
exclude/private-review,28,Fraser Pond #1,Fraser Pond #1,30056,1795,Grand,Water Body,Coldwater,private-indicated,Name or property text contains a private-access indicator,Trout: Brook | Trout: Cutbow | Trout: Cutthroat | Trout: Rainbow,Cozens Ranch Open Space,Easy,Medium,Yes,Limited,Non-motorized,Sub-catchables,False,,"https://www.google.com/search?q=""fishing report""+Fraser Pond #1+""Grand County""+Colorado",https://www.frasercolorado.com/238/Cozens-Ranch-Open-Space,"https://www.google.com/maps/dir//39.9384,-105.7972",39.93840996180092,-105.79724164810533,0,
exclude/private-review,28,Haxtun Gun Club Lake,Haxtun Gun Club Lake,52886,819,Phillips,Water Body,Warmwater,private-indicated,Name or property text contains a private-access indicator,Bass: Largemouth | Catfish: Channel | Sunfish: Bluegill | Sunfish: Green | Sunfish: Redear,Haxtun Municipal Park,Easy,Medium,Yes,No,None,Warmwater,False,,"https://www.google.com/search?q=""fishing report""+Haxtun Gun Club Lake+""Phillips County""+Colorado",https://www.mountaintravelguide.com/Colorado/Phillips/Hiking/HaxtunMunicipalParkTrail.htm,"https://www.google.com/maps/dir//40.6213,-102.6428",40.621321083254415,-102.64281578972529,0,
exclude/private-review,22,"Ranch Pond, Lower","Ranch Pond, Lower",57795,247,Jefferson,Water Body,Warmwater,private-indicated,Name or property text contains a private-access indicator,Bass: Largemouth | Catfish: Channel | Sunfish: Bluegill,Golden Gate Canyon State Park,Easy,Low,No,No,None,Warmwater,False,,"https://www.google.com/search?q=""fishing report""+Ranch Pond, Lower+""Jefferson County""+Colorado",https://cpw.state.co.us/placestogo/Parks/goldengatecanyon,"https://www.google.com/maps/dir//39.848,-105.3616",39.84726586667196,-105.36067940501844,0,
exclude/private-review,22,"Ranch Pond, Upper","Ranch Pond, Upper",57794,554,Jefferson,Water Body,Warmwater,private-indicated,Name or property text contains a private-access indicator,Bass: Largemouth | Catfish: Channel | Sunfish: Bluegill,Golden Gate Canyon State Park,Easy,Low,No,No,None,Warmwater,False,,"https://www.google.com/search?q=""fishing report""+Ranch Pond, Upper+""Jefferson County""+Colorado",https://cpw.state.co.us/placestogo/Parks/goldengatecanyon,"https://www.google.com/maps/dir//39.848,-105.3616",39.847302037257144,-105.36370302107707,0,
exclude/private-review,18,Homestead Ranch Park Pond,Homestead Ranch Park Pond,82807,1349,El Paso,Water Body,Warmwater,private-indicated,Name or property text contains a private-access indicator,Catfish: Channel,Homestead Ranch Regional Park,Easy,Low,Yes,No,None,Warmwater,False,,"https://www.google.com/search?q=""fishing report""+Homestead Ranch Park Pond+""El Paso County""+Colorado",https://communityservices.elpasoco.com/parks-and-recreation/homestead-ranch-regional-park/,"https://www.google.com/maps/dir//39.0742,-104.525",39.07417563430497,-104.52495215782177,0,
exclude/private-review,18,"Tenmile Creek, West","Tenmile Creek, West",22335,1766,Summit,Stream or River,Coldwater,private-indicated,Name or property text contains a private-access indicator,Trout: Brook | Trout: Brown,Copper Mountain Resort,Easy,Medium,Yes,No,None,No,False,,"https://www.google.com/search?q=""fishing report""+Tenmile Creek, West+""Summit County""+Colorado",https://www.coppercolorado.com/,"https://www.google.com/maps/dir//39.4996,-106.1618",39.499640397600054,-106.16178998291007,0,
exclude/private-review,14,Tamarack Ranch Pond,Tamarack Ranch Pond,53544,1688,Logan,Water Body,Warmwater,private-indicated,Name or property text contains a private-access indicator,Bass: Largemouth | Carp: Common | Catfish: Channel | Sunfish: Bluegill | Sunfish: Green | Sunfish: Redear,Tamarack Ranch SWA,Medium,Medium,No,Yes,Non-motorized,Warmwater,False,,"https://www.google.com/search?q=""fishing report""+Tamarack Ranch Pond+""Logan County""+Colorado",https://cpw.state.co.us/swa/Tamarack%20Ranch%20SWA,"https://www.google.com/maps/dir//40.8424,-102.7633",40.85467685870878,-102.72601423353778,0,
exclude/private-review,14,Watson Lake,Watson Lake,58049,573,Arapahoe,Water Body,Warmwater,private-indicated,Name or property text contains a private-access indicator,Bass: Largemouth | Carp: Common | Crappie: Black | Sunfish: Bluegill,Centennial Golf Course,Medium,Low,No,No,None,No,False,,"https://www.google.com/search?q=""fishing report""+Watson Lake+""Arapahoe County""+Colorado",,"https://www.google.com/maps/dir//39.61,-105.0254",39.61003969408784,-105.02535867516244,0,
exclude/private-review,12,Johnny's Pond,Johnny's Pond,54307,1682,Douglas,Water Body,Warmwater,private-indicated,Name or property text contains a private-access indicator,Catfish: Channel,Highlands Ranch Open Space,Easy,Low,No,No,None,No,False,,"https://www.google.com/search?q=""fishing report""+Johnny's Pond+""Douglas County""+Colorado",https://www.highlandsranch.org/explore/fishing-ponds,"https://www.google.com/maps/dir//39.5628,-105.0308",39.56278021327354,-105.0307932499677,0,
exclude/private-review,4,"Boulder Creek, South","Boulder Creek, South",10304,1412,Boulder,Stream or River,Coldwater,private-indicated,Name or property text contains a private-access indicator,Trout: Brown | Trout: Rainbow,Walker Ranch,Medium,Unsure,No,No,None,Sub-catchables,False,,"https://www.google.com/search?q=""fishing report""+Boulder Creek, South+""Boulder County""+Colorado",https://www.bouldercounty.org/open-space/parks-and-trails/walker-ranch/,"https://www.google.com/maps/dir//39.9403,-105.3181",39.94032192544235,-105.3181445293533,0,
exclude/private-review,4,"Brush Creek Lake, South Branch","Brush Creek Lake, South Branch",83105,982,Custer,Water Body,Coldwater,private-indicated,Name or property text contains a private-access indicator,Trout: Cutthroat,Sangre De Cristo Wilderness Area,Difficult,Low,No,No,Unsure,No,False,,"https://www.google.com/search?q=""fishing report""+Brush Creek Lake, South Branch+""Custer County""+Colorado",https://www.fs.usda.gov/activity/psicc/recreation/fishing,"https://www.google.com/maps/dir//38.1985,-105.708",38.19845640212934,-105.70795366871222,0,
