review_classification,review_reason,display_name,name,alternate_name,watercode,atlas_id,county,location_type,fishery_type,access_class,access_basis,species,property_name,property_url,survey_url,access_ease,fishing_pressure,family_friendly,ice_fishing,boating,gold_medal,special_opportunity,lat,lng,possible_existing_match_type,possible_existing_water,possible_existing_distance_miles,duplicate_atlas_records,stocking_status
import-public-confirmed,"Public indicator plus official property, survey, or land-manager context",Abyss Lake,Abyss Lake,Abyss Lake,53669,504,Clear Creek,Water Body,Coldwater,public-indicated,Public-land/property indicator or official property URL is present,Trout: Cutthroat,Mount Evans Wilderness Area,https://www.fs.usda.gov/activity/psicc/recreation/fishing,"https://www.google.com/search?q=""fishing report""+Abyss Lake+""Clear Creek County""+Colorado",Difficult,Low,No,Yes,None,False,,39.58530186065629,-105.65884495773051,,,,0,no-project-stocking-record-found
import-public-confirmed,"Public indicator plus official property, survey, or land-manager context","Agnes Lake, Upper","Agnes Lake, Upper","Agnes Lake, Upper",53683,1293,Jackson,Water Body,Coldwater,public-indicated,Public-land/property indicator or official property URL is present,Trout: Cutthroat,State Forest State Park,https://cpw.state.co.us/placestogo/Parks/stateforest,"https://www.google.com/search?q=""fishing report""+Agnes Lake, Upper+""Jackson County""+Colorado",Difficult,Low,No,No,Belly boats,False,,40.47732626588264,-105.90829706447403,,,,0,no-project-stocking-record-found
import-public-confirmed,"Public indicator plus official property, survey, or land-manager context",Akron Pond,Akron Pond,Akron Pond,20916,378,Washington,Water Body,Warmwater,public-indicated,Public-land/property indicator or official property URL is present,Bass: Largemouth | Bass: Smallmouth | Catfish: Channel | Sunfish: Redear,Town of Akron,https://townofakron.colorado.gov/departments/pond,"https://www.google.com/search?q=""fishing report""+Akron City Lake+""Washington County""+Colorado",Easy,Medium,Yes,No,None,False,,40.138455579676936,-103.2168459352518,,,,0,no-project-stocking-record-found
import-public-confirmed,"Public indicator plus official property, survey, or land-manager context",Alberta Park Reservoir,Alberta Park Reservoir,Alberta Park Reservoir,88321,655,Mineral,Water Body,Coldwater,public-indicated,Public-land/property indicator or official property URL is present,Trout: Brook | Trout: Cutthroat,Alberta Park Reservoir SWA,https://cpw.state.co.us/swa/Alberta%20Park%20Reservoir%20SWA,"https://www.google.com/search?q=""fishing report""+Alberta Park Reservoir+""Mineral County""+Colorado",Easy,Low,Yes,Limited,Motor boats,False,,37.46827418081494,-106.7663754694264,,,,0,no-project-stocking-record-found
import-public-confirmed,"Public indicator plus official property, survey, or land-manager context",Antero Reservoir,Antero Reservoir,Antero Reservoir,79764,379,Park,Water Body,Mixed coldwater/warmwater,public-indicated,Public-land/property indicator or official property URL is present,Pike: Tiger Muskie | Trout: Brook | Trout: Brown | Trout: Cutbow | Trout: Cutthroat | Trout: Rainbow | Trout: Snake River Cutthroat | Trout: Splake | Trout: Tiger,Antero Reservoir,https://www.denverwater.org/recreation/antero-resevoir,https://cpw.state.co.us/thingstodo/Fishery%20Survey%20Summaries/AnteroReservoir.pdf,Easy,High,Yes,Yes,Motor boats,False,,38.990572955597514,-105.91137067986305,,,,0,no-project-stocking-record-found
import-public-confirmed,"Public indicator plus official property, survey, or land-manager context",Anthracite Creek,Anthracite Creek,Anthracite Creek,38023,1560,Gunnison,Stream or River,Coldwater,public-indicated,Public-land/property indicator or official property URL is present,Trout: Brook | Trout: Brown | Trout: Cutthroat | Trout: Rainbow,Raggeds Wilderness Area,https://www.fs.usda.gov/activity/gmug/recreation/fishing,"https://www.google.com/search?q=""fishing report""+Anthracite Creek+""Gunnison County""+Colorado",Medium,Low,No,No,None,False,,38.960064472988,-107.25309287635935,,,,0,no-project-stocking-record-found
import-public-confirmed,"Public indicator plus official property, survey, or land-manager context",Arapaho Creek,Arapaho Creek,Arapaho Creek,19706,1569,Grand,Stream or River,Coldwater,public-indicated,Public-land/property indicator or official property URL is present,Trout: Brown,Arapaho NRA,https://www.fs.usda.gov/activity/arp/recreation/fishing,"https://www.google.com/search?q=""fishing report""+Arapaho Creek+""Grand County""+Colorado",Medium,Medium,No,No,None,False,,40.120500271394505,-105.76184948028346,,,,0,no-project-stocking-record-found
import-public-confirmed,"Public indicator plus official property, survey, or land-manager context",Arapahoe Bend Bass Pond,[Purposely Left Blank],Arapahoe Bend Bass Pond,53590,94,Larimer,Water Body,Warmwater,public-indicated,Public-land/property indicator or official property URL is present,Bass: Largemouth | Catfish: Channel | Crappie: Black | Crappie: White | Perch: Yellow | Sunfish: Bluegill,Arapaho Bend Natural Area,https://www.fcgov.com/naturalareas/finder/arapaho,"https://www.google.com/search?q=""fishing report""+Arapahoe Bend Bass Pond+""Larimer County""+Colorado",Medium,Medium,Yes,No,Non-motorized,False,,40.5340410758659,-104.99880899927965,,,,0,no-project-stocking-record-found
import-public-confirmed,"Public indicator plus official property, survey, or land-manager context",Arapahoe Bend Beaver Pond,[Purposely Left Blank],Arapahoe Bend Beaver Pond,53593,590,Larimer,Water Body,Warmwater,public-indicated,Public-land/property indicator or official property URL is present,Bass: Largemouth | Bass: Wiper | Carp: Common | Catfish: Channel | Crappie: Black | Crappie: White | Perch: Walleye | Perch: Yellow | Sunfish: Bluegill,Arapaho Bend Natural Area,https://www.fcgov.com/naturalareas/finder/arapaho,"https://www.google.com/search?q=""fishing report""+Arapahoe Bend Beaver Pond+""Larimer County""+Colorado",Easy,Medium,Yes,No,Non-motorized,False,,40.52688761781567,-104.99956763552024,,,,0,no-project-stocking-record-found
import-public-confirmed,"Public indicator plus official property, survey, or land-manager context",Arapahoe Bend Natural Area Ponds,Arapahoe Bend Natural Area Ponds,Arapahoe Bend Snapper Pond,53591,96,Larimer,Water Body,Warmwater,public-indicated,Public-land/property indicator or official property URL is present,Bass: Largemouth | Carp: Common | Catfish: Channel | Crappie: Black | Crappie: White | Perch: Yellow | Sunfish: Bluegill,Arapaho Bend Natural Area,https://www.fcgov.com/naturalareas/finder/arapaho,"https://www.google.com/search?q=""fishing report""+Arapahoe Bend Snapper Pond+""Larimer County""+Colorado",Medium,Medium,Yes,No,Non-motorized,False,,40.530256622974946,-104.99760937108292,,,,0,no-project-stocking-record-found
import-public-confirmed,"Public indicator plus official property, survey, or land-manager context",Arapahoe Lake #1,[Purposely Left Blank],Arapahoe Lake #1,53722,80,Gilpin,Water Body,Coldwater,public-indicated,Public-land/property indicator or official property URL is present,Trout: Cutthroat,James Peak Wilderness Area,https://www.fs.usda.gov/activity/arp/recreation/fishing,https://cpw.state.co.us/thingstodo/Fishery%20Survey%20Summaries/JamesPeakWildernessLakes.pdf,Difficult,Low,No,No,Non-motorized,False,,39.907950232420546,-105.67321318101828,,,,0,no-project-stocking-record-found
import-public-confirmed,"Public indicator plus official property, survey, or land-manager context",Arapahoe Lake #3,[Purposely Left Blank],Arapahoe Lake #3,53746,22,Gilpin,Water Body,Coldwater,public-indicated,Public-land/property indicator or official property URL is present,Trout: Cutthroat,James Peak Wilderness Area,https://www.fs.usda.gov/activity/arp/recreation/fishing,"https://www.google.com/search?q=""fishing report""+Arapahoe Lake #3+""Gilpin County""+Colorado",Difficult,Low,No,No,Non-motorized,False,,39.90731072260336,-105.68402868773163,,,,0,no-project-stocking-record-found
import-public-confirmed,"Public indicator plus official property, survey, or land-manager context",Arapahoe Lake #4,[Purposely Left Blank],Arapahoe Lake #4,53758,70,Gilpin,Water Body,Coldwater,public-indicated,Public-land/property indicator or official property URL is present,Trout: Cutthroat,James Peak Wilderness Area,https://www.fs.usda.gov/activity/arp/recreation/fishing,"https://www.google.com/search?q=""fishing report""+Arapahoe Lake #4+""Gilpin County""+Colorado",Difficult,Low,No,No,Non-motorized,False,,39.90884090725717,-105.68603932484831,,,,0,no-project-stocking-record-found
import-public-confirmed,"Public indicator plus official property, survey, or land-manager context",Arapahoe Lakes,Arapahoe Lakes,Arapahoe Lake #2,53734,32,Gilpin,Water Body,Coldwater,public-indicated,Public-land/property indicator or official property URL is present,Trout: Cutthroat,James Peak Wilderness Area,https://www.fs.usda.gov/activity/arp/recreation/fishing,"https://www.google.com/search?q=""fishing report""+Arapahoe Lake #2+""Gilpin County""+Colorado",Difficult,Low,No,No,Non-motorized,False,,39.90730966141608,-105.6811065453675,,,,0,no-project-stocking-record-found
import-public-confirmed,"Public indicator plus official property, survey, or land-manager context",Arkansas River,Arkansas River,Arkansas River,29012,633,Chaffee,Stream or River,Coldwater,public-indicated,Public-land/property indicator or official property URL is present,Trout: Brown | Trout: Rainbow,Big Bend SWA,https://cpw.state.co.us/swa/Big%20Bend%20SWA,https://cpw.state.co.us/thingstodo/Fishery%20Survey%20Summaries/ArkansasRiverUpper.pdf,Easy,Medium,Yes,No,Non-motorized,False,,38.57185268372139,-106.06303979620276,,,,2,no-project-stocking-record-found
import-public-confirmed,"Public indicator plus official property, survey, or land-manager context",Arkansas River,Arkansas River,Arkansas River,28983,1764,Fremont,Stream or River,Coldwater,public-indicated,Public-land/property indicator or official property URL is present,Trout: Brown,Pathfinder Regional Park,https://cpw.state.co.us/placestogo/Parks/ArkansasHeadwatersRecreationArea,"https://www.google.com/search?q=""fishing report""+Arkansas River+""Fremont County""+Colorado",Easy,Medium,Yes,No,Non-motorized,False,,38.412840422933606,-105.15248311311265,,,,3,no-project-stocking-record-found
import-public-confirmed,"Public indicator plus official property, survey, or land-manager context",Arkansas River,Arkansas River,Arkansas River,33807,630,Lake,Stream or River,Coldwater,public-indicated,Public-land/property indicator or official property URL is present,Trout: Brook | Trout: Brown | Trout: Rainbow,Reddy SWA,https://cpw.state.co.us/swa/Reddy%20SWA,https://cpw.state.co.us/thingstodo/Fishery%20Survey%20Summaries/ArkansasRiverUpper.pdf,Medium,Medium,No,No,Non-motorized,False,,39.17423872298892,-106.32757904705763,,,,4,no-project-stocking-record-found
import-public-confirmed,"Public indicator plus official property, survey, or land-manager context",Arkansas River,Arkansas River,Arkansas River,29048,693,Chaffee,Stream or River,Coldwater,public-indicated,Public-land/property indicator or official property URL is present,Trout: Brown | Trout: Rainbow,Granite SWA,https://cpw.state.co.us/placestogo/Parks/ArkansasHeadwatersRecreationArea,https://cpw.state.co.us/thingstodo/Fishery%20Survey%20Summaries/ArkansasRiverUpper.pdf,Medium,Medium,No,No,Non-motorized,False,,39.05513199092687,-106.27219155780428,,,,1,no-project-stocking-record-found
import-public-confirmed,"Public indicator plus official property, survey, or land-manager context",Arkansas River,Arkansas River,Arkansas River,29024,623,Chaffee,Stream or River,Coldwater,public-indicated,Public-land/property indicator or official property URL is present,Trout: Brown | Trout: Rainbow,Smyth Fishing Lease,https://cpw.state.co.us/thingstodo/Pages/Fishing.aspx,https://cpw.state.co.us/thingstodo/Fishery%20Survey%20Summaries/ArkansasRiverUpper.pdf,Medium,Medium,No,No,Non-motorized,False,,38.60538405882694,-106.06792788629481,,,,2,no-project-stocking-record-found
import-public-confirmed,"Public indicator plus official property, survey, or land-manager context",Arkansas River,Arkansas River,Arkansas River,29036,626,Chaffee,Stream or River,Coldwater,public-indicated,Public-land/property indicator or official property URL is present,Trout: Brown | Trout: Rainbow,Champion SWA,https://cpw.state.co.us/swa/Champion%20SWA,https://cpw.state.co.us/thingstodo/Fishery%20Survey%20Summaries/ArkansasRiverUpper.pdf,Medium,Low,No,No,Non-motorized,False,,38.79476229783737,-106.10942190380318,,,,10,no-project-stocking-record-found
import-public-confirmed,"Public indicator plus official property, survey, or land-manager context",Arkansas River,Arkansas River,Arkansas River,32982,636,Fremont,Stream or River,Coldwater,public-indicated,Public-land/property indicator or official property URL is present,Trout: Brown | Trout: Rainbow,Ogden-Treat SWA,https://cpw.state.co.us/swa/Ogden-Treat%20SWA,https://cpw.state.co.us/thingstodo/Fishery%20Survey%20Summaries/ArkansasRiverUpper.pdf,Medium,Medium,No,No,Non-motorized,False,,38.404015769496,-105.77847817384655,,,,1,no-project-stocking-record-found
import-public-confirmed,"Public indicator plus official property, survey, or land-manager context",Arkansas River,Arkansas River,Arkansas River,32970,1746,Fremont,Stream or River,Coldwater,public-indicated,Public-land/property indicator or official property URL is present,Trout: Brown | Trout: Rainbow,Arkansas Headwaters Recreation Area - Texas Creek,https://cpw.state.co.us/placestogo/Parks/ArkansasHeadwatersRecreationArea,https://cpw.state.co.us/thingstodo/Fishery%20Survey%20Summaries/ArkansasRiverUpper.pdf,Medium,Medium,No,No,Non-motorized,False,,38.410213273757684,-105.58514627979426,,,,2,no-project-stocking-record-found
import-public-confirmed,"Public indicator plus official property, survey, or land-manager context",Arkansas River,Arkansas River,Arkansas River,32994,1740,Chaffee,Stream or River,Coldwater,public-indicated,Public-land/property indicator or official property URL is present,Trout: Brown | Trout: Rainbow,Arkansas Headwaters Recreation Area - Salida East,https://cpw.state.co.us/placestogo/Parks/ArkansasHeadwatersRecreationArea,https://cpw.state.co.us/thingstodo/Fishery%20Survey%20Summaries/ArkansasRiverUpper.pdf,Medium,Medium,No,No,Non-motorized,False,,38.507089073395946,-105.95880861245124,,,,2,no-project-stocking-record-found
import-public-confirmed,"Public indicator plus official property, survey, or land-manager context",Arkansas River,Arkansas River,Arkansas River,32968,1747,Fremont,Stream or River,Coldwater,public-indicated,Public-land/property indicator or official property URL is present,Trout: Brown | Trout: Rainbow,Arkansas Headwaters Recreation Area - Pinnacle Rock,https://cpw.state.co.us/placestogo/Parks/ArkansasHeadwatersRecreationArea,https://cpw.state.co.us/thingstodo/Fishery%20Survey%20Summaries/ArkansasRiverUpper.pdf,Medium,Medium,No,No,Non-motorized,False,,38.448586467625056,-105.52237929217861,,,,5,no-project-stocking-record-found
import-public-confirmed,"Public indicator plus official property, survey, or land-manager context",Arthur Lake,Arthur Lake,Arthur Lake,80096,1020,Chaffee,Water Body,Coldwater,public-indicated,Public-land/property indicator or official property URL is present,Trout: Cutthroat | Trout: Golden,San Isabel National Forest,https://www.fs.usda.gov/activity/psicc/recreation/fishing,"https://www.google.com/search?q=""fishing report""+Arthur Lake+""Chaffee County""+Colorado",Difficult,Low,No,No,None,False,,38.60085083075852,-106.32693255739544,,,,0,no-project-stocking-record-found
import-public-confirmed,"Public indicator plus official property, survey, or land-manager context",Atkinson Creek,Atkinson Creek,Atkinson Creek,25898,1459,Mesa,Stream or River,Coldwater,public-indicated,Public-land/property indicator or official property URL is present,Trout: Cutthroat | Trout: Rainbow,Grand Mesa National Forest,https://www.fs.usda.gov/activity/gmug/recreation/fishing,"https://www.google.com/search?q=""fishing report""+Atkinson Creek+""Mesa County""+Colorado",Medium,Medium,No,No,None,False,,39.099533140703905,-107.8930908290297,,,,0,no-project-stocking-record-found
import-public-confirmed,"Public indicator plus official property, survey, or land-manager context",Atkinson Reservoir,Atkinson Reservoir,Atkinson Reservoir,64965,738,Mesa,Water Body,Coldwater,public-indicated,Public-land/property indicator or official property URL is present,Trout: Cutthroat | Trout: Rainbow,Grand Mesa National Forest,https://www.fs.usda.gov/activity/gmug/recreation/fishing,"https://www.google.com/search?q=""fishing report""+Atkinson Reservoir+""Mesa County""+Colorado",Medium,High,No,No,Motor boats,False,,39.09470106662144,-107.8813406477211,,,,0,no-project-stocking-record-found
import-public-confirmed,"Public indicator plus official property, survey, or land-manager context",Badger Creek,Badger Creek,Badger Creek,29098,1496,Fremont,Stream or River,Coldwater,public-indicated,Public-land/property indicator or official property URL is present,Trout: Brown,San Isabel National Forest,https://www.fs.usda.gov/activity/psicc/recreation/fishing,"https://www.google.com/search?q=""fishing report""+Badger Creek+""Fremont County""+Colorado",Difficult,Low,No,No,None,False,,38.58728030320238,-105.84230689736447,,,,0,no-project-stocking-record-found
import-public-confirmed,"Public indicator plus official property, survey, or land-manager context",Balsam Pond,Balsam Pond,Balsam Pond,57895,500,Jefferson,Water Body,Warmwater,public-indicated,Public-land/property indicator or official property URL is present,Crappie: Black | Sunfish: Bluegill | Sunfish: Green,Balsam Pond Park,"https://www.lakewood.org/Community_Resources/Parks,_Forestry_and_Open_Space/A_to_Z_Park_Listing/Park_Listing.aspx","https://www.google.com/search?q=""fishing report""+Balsam Pond+""Jefferson County""+Colorado",Easy,Medium,Yes,No,None,False,,39.71749786964196,-105.08885575684715,,,,0,no-project-stocking-record-found
import-public-confirmed,"Public indicator plus official property, survey, or land-manager context",Banana Lake,Banana Lake,Banana Lake,53760,250,Boulder,Water Body,Coldwater,public-indicated,Public-land/property indicator or official property URL is present,Trout: Cutthroat,Indian Peaks Wilderness Area,https://www.fs.usda.gov/activity/arp/recreation/fishing,"https://www.google.com/search?q=""fishing report""+Banana Lake+""Boulder County""+Colorado",Difficult,Low,No,No,Non-motorized,False,,39.98823033200617,-105.66129904639057,,,,0,no-project-stocking-record-found
import-public-confirmed,"Public indicator plus official property, survey, or land-manager context",Banner Lakes,Banner Lakes,Banner Lakes # 6,60020,1654,Weld,Water Body,Warmwater,public-indicated,Public-land/property indicator or official property URL is present,Bass: Largemouth | Carp: Common | Catfish: Black Bullhead | Catfish: Channel | Crappie: Black | Pike: Northern | Sunfish: Bluegill | Sunfish: Green,Banner Lakes SWA,https://cpw.state.co.us/swa/Banner%20Lakes%20SWA,"https://www.google.com/search?q=""fishing report""+Banner Lakes # 6+""Weld County""+Colorado",Easy,Medium,No,Yes,Non-motorized,False,,40.080003788214526,-104.56491590332847,,,,0,no-project-stocking-record-found
import-public-confirmed,"Public indicator plus official property, survey, or land-manager context",Banner Lakes # 2,[Purposely Left Blank],Banner Lakes # 2,60006,1673,Weld,Water Body,Warmwater,public-indicated,Public-land/property indicator or official property URL is present,Bass: Largemouth | Carp: Common | Catfish: Black Bullhead | Catfish: Channel | Crappie: Black | Sunfish: Bluegill | Sunfish: Green,Banner Lakes SWA,https://cpw.state.co.us/swa/Banner%20Lakes%20SWA,"https://www.google.com/search?q=""fishing report""+Banner Lakes # 2+""Weld County""+Colorado",Medium,Medium,No,Yes,Non-motorized,False,,40.06655896934785,-104.55253989989744,,,,0,no-project-stocking-record-found
import-public-confirmed,"Public indicator plus official property, survey, or land-manager context",Banner Lakes # 3,[Purposely Left Blank],Banner Lakes # 3,59990,1672,Weld,Water Body,Warmwater,public-indicated,Public-land/property indicator or official property URL is present,Bass: Largemouth | Carp: Common | Catfish: Black Bullhead | Catfish: Channel | Crappie: Black | Sunfish: Bluegill | Sunfish: Green,Banner Lakes SWA,https://cpw.state.co.us/swa/Banner%20Lakes%20SWA,"https://www.google.com/search?q=""fishing report""+Banner Lakes # 3+""Weld County""+Colorado",Easy,Medium,No,Yes,Non-motorized,False,,40.07061600930084,-104.55623592201421,,,,0,no-project-stocking-record-found
import-public-confirmed,"Public indicator plus official property, survey, or land-manager context",Banner Lakes # 5,[Purposely Left Blank],Banner Lakes # 5,60018,1670,Weld,Water Body,Warmwater,public-indicated,Public-land/property indicator or official property URL is present,Bass: Largemouth | Carp: Common | Catfish: Black Bullhead | Catfish: Channel | Crappie: Black | Pike: Northern | Sunfish: Bluegill | Sunfish: Green,Banner Lakes SWA,https://cpw.state.co.us/swa/Banner%20Lakes%20SWA,"https://www.google.com/search?q=""fishing report""+Banner Lakes # 5+""Weld County""+Colorado",Easy,Medium,No,Yes,Non-motorized,False,,40.07749336373186,-104.56347983675236,,,,0,no-project-stocking-record-found
import-public-confirmed,"Public indicator plus official property, survey, or land-manager context",Banner Lakes #11,[Purposely Left Blank],Banner Lakes #11,60070,1653,Weld,Water Body,Warmwater,public-indicated,Public-land/property indicator or official property URL is present,Bass: Largemouth | Carp: Common | Catfish: Black Bullhead | Catfish: Channel | Crappie: Black | Sunfish: Bluegill | Sunfish: Green,Banner Lakes SWA,https://cpw.state.co.us/swa/Banner%20Lakes%20SWA,"https://www.google.com/search?q=""fishing report""+Banner Lakes #11+""Weld County""+Colorado",Medium,Medium,No,Yes,Non-motorized,False,,40.09326175090307,-104.57301170123034,,,,0,no-project-stocking-record-found
import-public-confirmed,"Public indicator plus official property, survey, or land-manager context",Banner Lakes #13,[Purposely Left Blank],Banner Lakes #13,60022,1690,Weld,Water Body,Warmwater,public-indicated,Public-land/property indicator or official property URL is present,Bass: Largemouth | Carp: Common | Catfish: Black Bullhead | Catfish: Channel | Crappie: Black | Sunfish: Bluegill | Sunfish: Green,Banner Lakes SWA,https://cpw.state.co.us/swa/Banner%20Lakes%20SWA,"https://www.google.com/search?q=""fishing report""+Banner Lakes #13+""Weld County""+Colorado",Medium,Medium,No,Yes,Non-motorized,False,,40.084987814823606,-104.55562382794591,,,,0,no-project-stocking-record-found
import-public-confirmed,"Public indicator plus official property, survey, or land-manager context",Banner Lakes #4,[Purposely Left Blank],Banner Lakes #4,59989,1671,Weld,Water Body,Warmwater,public-indicated,Public-land/property indicator or official property URL is present,Bass: Largemouth | Carp: Common | Catfish: Black Bullhead | Catfish: Channel | Crappie: Black | Pike: Northern | Sunfish: Bluegill | Sunfish: Green,Banner Lakes SWA,https://cpw.state.co.us/swa/Banner%20Lakes%20SWA,"https://www.google.com/search?q=""fishing report""+Banner Lakes #4+""Weld County""+Colorado",Easy,Medium,No,Yes,Non-motorized,False,,40.07265597145249,-104.5592166255517,,,,0,no-project-stocking-record-found
import-public-confirmed,"Public indicator plus official property, survey, or land-manager context",Banner Lakes #8,[Purposely Left Blank],Banner Lakes #8,60044,1660,Weld,Water Body,Warmwater,public-indicated,Public-land/property indicator or official property URL is present,Bass: Largemouth | Carp: Common | Catfish: Black Bullhead | Catfish: Channel | Crappie: Black | Sunfish: Bluegill | Sunfish: Green,Banner Lakes SWA,https://cpw.state.co.us/swa/Banner%20Lakes%20SWA,"https://www.google.com/search?q=""fishing report""+Banner Lakes #8+""Weld County""+Colorado",Medium,Medium,No,Yes,Non-motorized,False,,40.08605999659707,-104.56894058666838,,,,0,no-project-stocking-record-found
import-public-confirmed,"Public indicator plus official property, survey, or land-manager context",Bard Creek,Bard Creek,Bard Creek,10051,1403,Clear Creek,Stream or River,Coldwater,public-indicated,Public-land/property indicator or official property URL is present,Trout: Cutthroat,Arapaho National Forest,https://www.fs.usda.gov/activity/arp/recreation/fishing,"https://www.google.com/search?q=""fishing report""+Bard Creek+""Clear Creek County""+Colorado",Medium,Low,No,No,None,False,,39.7355582699344,-105.72280759759941,,,,0,no-project-stocking-record-found
import-public-confirmed,"Public indicator plus official property, survey, or land-manager context",Barnum Pond,Barnum Pond,Barnum Pond,52390,505,Denver,Water Body,Warmwater,public-indicated,Public-land/property indicator or official property URL is present,Bass: Largemouth | Catfish: Channel | Crappie: Black,Barnum Park,https://www.denvergov.org/content/denvergov/en/denver-parks-and-recreation/parks/city-parks.html,"https://www.google.com/search?q=""fishing report""+Barnum Pond+""Denver County""+Colorado",Easy,Medium,Yes,No,None,False,,39.724150438924696,-105.02723482819289,,,,0,no-project-stocking-record-found
import-public-confirmed,"Public indicator plus official property, survey, or land-manager context",Bass Lake,[Purposely Left Blank],Bass Lake,57908,216,Jefferson,Water Body,Warmwater,public-indicated,Public-land/property indicator or official property URL is present,Bass: Largemouth | Carp: Common | Perch: Yellow | Sunfish: Bluegill | Sunfish: Green,Prospect Park,https://www.rootedinfun.com/Facilities/Facility/Details/Clear-Creek-Trail-5,"https://www.google.com/search?q=""fishing report""+Bass Lake+""Jefferson County""+Colorado",Medium,Low,No,No,None,False,,39.772882575095025,-105.13402292716181,,,,0,no-project-stocking-record-found
import-public-confirmed,"Public indicator plus official property, survey, or land-manager context",Battlement Reservoir #2,Battlement Reservoir #2,Battlement Reservoir #2,65044,1608,Garfield,Water Body,Coldwater,public-indicated,Public-land/property indicator or official property URL is present,Trout: Cutthroat,White River National Forest,https://www.fs.usda.gov/activity/whiteriver/recreation/fishing,"https://www.google.com/search?q=""fishing report""+Battlement Reservoir #1+""Garfield County""+Colorado",Difficult,Low,No,No,Non-motorized,False,,39.37141434110528,-107.93683334496558,,,,0,no-project-stocking-record-found
import-public-confirmed,"Public indicator plus official property, survey, or land-manager context",Battlement Reservoir #3,Battlement Reservoir #3,Battlement Reservoir #3,65068,1609,Garfield,Water Body,Coldwater,public-indicated,Public-land/property indicator or official property URL is present,Trout: Cutthroat,White River National Forest,https://www.fs.usda.gov/activity/whiteriver/recreation/fishing,"https://www.google.com/search?q=""fishing report""+Battlement Reservoir #3+""Garfield County""+Colorado",Difficult,Low,No,No,Non-motorized,False,,39.37356730271417,-107.93115951017259,,,,0,no-project-stocking-record-found
import-public-confirmed,"Public indicator plus official property, survey, or land-manager context",Battlement Reservoir #5,Battlement Reservoir #5,Battlement Reservoir #5,71303,1616,Garfield,Water Body,Coldwater,public-indicated,Public-land/property indicator or official property URL is present,Trout: Cutthroat,White River National Forest,https://www.fs.usda.gov/activity/whiteriver/recreation/fishing,"https://www.google.com/search?q=""fishing report""+W & G Reservoir+""Garfield County""+Colorado",Difficult,Low,No,No,Non-motorized,False,,39.37184616442192,-107.92807127110908,,,,0,no-project-stocking-record-found
import-public-confirmed,"Public indicator plus official property, survey, or land-manager context",Battlement Reservoir #7,Battlement Reservoir #7,Battlement Reservoir #7,71301,1610,Garfield,Water Body,Coldwater,public-indicated,Public-land/property indicator or official property URL is present,Trout: Cutthroat,White River National Forest,https://www.fs.usda.gov/activity/whiteriver/recreation/fishing,"https://www.google.com/search?q=""fishing report""+Battlement Reservoir #7+""Garfield County""+Colorado",Difficult,Low,No,No,Non-motorized,False,,39.37415679173613,-107.92307923605718,,,,0,no-project-stocking-record-found
import-public-confirmed,"Public indicator plus official property, survey, or land-manager context","Battlement Reservoir, Big","Battlement Reservoir, Big","Battlement Reservoir, Big",88460,583,Delta,Water Body,Coldwater,public-indicated,Public-land/property indicator or official property URL is present,Trout: Brook | Trout: Tiger,Grand Mesa National Forest,https://www.fs.usda.gov/activity/gmug/recreation/fishing,"https://www.google.com/search?q=""fishing report""+Battlement Reservoir, Big+""Delta County""+Colorado",Medium,Medium,No,Yes,Non-motorized,False,,38.997366642970995,-108.05094836030993,,,,0,no-project-stocking-record-found
import-public-confirmed,"Public indicator plus official property, survey, or land-manager context","Battlement Reservoir, Little","Battlement Reservoir, Little","Battlement Reservoir, Little",88472,17,Delta,Water Body,Coldwater,public-indicated,Public-land/property indicator or official property URL is present,Trout: Cutthroat,Grand Mesa National Forest,https://www.fs.usda.gov/activity/gmug/recreation/fishing,"https://www.google.com/search?q=""fishing report""+Battlement Reservoir, Little+""Delta County""+Colorado",Medium,Low,No,Yes,Non-motorized,False,,38.994428007580495,-108.05645910057319,,,,0,no-project-stocking-record-found
import-public-confirmed,"Public indicator plus official property, survey, or land-manager context",Bear Creek,Bear Creek,Bear Creek,10075,1322,Jefferson,Stream or River,Coldwater,public-indicated,Public-land/property indicator or official property URL is present,Trout: Brown | Trout: Rainbow,Lair o' the Bear Park,https://www.jeffco.us/1254/Lair-o-the-Bear-Park,https://cpw.state.co.us/thingstodo/Fishery%20Survey%20Summaries/BearCreek.pdf,Easy,High,Yes,No,None,False,,39.666942579532275,-105.25853508582537,,,,0,no-project-stocking-record-found
import-public-confirmed,"Public indicator plus official property, survey, or land-manager context",Bear Creek,Bear Creek,Bear Creek,38136,1531,Montezuma,Stream or River,Coldwater,public-indicated,Public-land/property indicator or official property URL is present,Trout: Cutbow | Trout: Cutthroat | Trout: Rainbow,San Juan National Forest,https://www.fs.usda.gov/activity/sanjuan/recreation/fishing,"https://www.google.com/search?q=""fishing report""+Bear Creek+""Montezuma County""+Colorado",Difficult,Medium,No,No,None,False,,37.53849047478978,-108.13658540852195,,,,0,no-project-stocking-record-found
import-public-confirmed,"Public indicator plus official property, survey, or land-manager context",Bear Creek,Bear Creek,Bear Creek,10087,1389,Clear Creek,Stream or River,Coldwater,public-indicated,Public-land/property indicator or official property URL is present,Trout: Brook,Mount Evans Wilderness Area,https://www.fs.usda.gov/activity/arp/recreation/fishing,"https://www.google.com/search?q=""fishing report""+Bear Creek+""Clear Creek County""+Colorado",Difficult,Low,No,No,None,False,,39.601322394802686,-105.58154721643936,,,,0,no-project-stocking-record-found
import-public-confirmed,"Public indicator plus official property, survey, or land-manager context",Bear Creek,Bear Creek,Bear Creek,15013,1406,Douglas,Stream or River,Coldwater,public-indicated,Public-land/property indicator or official property URL is present,Trout: Brown | Trout: Rainbow,Pike National Forest,https://www.fs.usda.gov/activity/psicc/recreation/fishing,"https://www.google.com/search?q=""fishing report""+Bear Creek+""Douglas County""+Colorado",Difficult,Low,No,No,None,False,,39.38173279600332,-105.11336421696099,,,,0,no-project-stocking-record-found
import-public-confirmed,"Public indicator plus official property, survey, or land-manager context",Bear Creek Pond #2,[Purposely Left Blank],Bear Creek Pond #2,57227,91,Jefferson,Water Body,Warmwater,public-indicated,Public-land/property indicator or official property URL is present,Bass: Largemouth | Catfish: Channel | Crappie: Black | Sunfish: Bluegill,Bear Creek Greenbelt,https://www.lakewood.org/Government/Departments/Community-Resources/Parks-Forestry-and-Open-Space/A-to-Z-Park-Listing/Bear-Creek-Greenbelt-Park,"https://www.google.com/search?q=""fishing report""+Bear Creek Pond #2+""Jefferson County""+Colorado",Easy,Medium,Yes,No,None,False,,39.666356072985614,-105.0881295021776,,,,0,no-project-stocking-record-found
import-public-confirmed,"Public indicator plus official property, survey, or land-manager context",Bear Creek Ponds,Bear Creek Ponds,Bear Creek Pond #1,57226,90,Jefferson,Water Body,Warmwater,public-indicated,Public-land/property indicator or official property URL is present,Bass: Largemouth | Catfish: Channel | Crappie: Black | Sunfish: Bluegill,Bear Creek Greenbelt,https://www.lakewood.org/Government/Departments/Community-Resources/Parks-Forestry-and-Open-Space/A-to-Z-Park-Listing/Bear-Creek-Greenbelt-Park,"https://www.google.com/search?q=""fishing report""+Bear Creek Pond #1+""Jefferson County""+Colorado",Easy,Medium,Yes,No,None,False,,39.66460511212538,-105.09304333708738,,,,0,no-project-stocking-record-found
import-public-confirmed,"Public indicator plus official property, survey, or land-manager context",Bear River,Bear River,Bear River,21236,1584,Garfield,Stream or River,Coldwater,public-indicated,Public-land/property indicator or official property URL is present,Trout: Brook | Trout: Brown | Trout: Cutthroat | Trout: Mountain Whitefish,Routt National Forest,https://www.fs.usda.gov/activity/mbr/recreation/fishing,"https://www.google.com/search?q=""fishing report""+Bear River+""Garfield County""+Colorado",Medium,Medium,Yes,No,None,False,,40.03707960520995,-107.1019534776781,,,,0,no-project-stocking-record-found
import-public-confirmed,"Public indicator plus official property, survey, or land-manager context",Bear River,Bear River,Bear River,21248,1593,Garfield,Stream or River,Coldwater,public-indicated,Public-land/property indicator or official property URL is present,Trout: Brook | Trout: Cutthroat,Flat Tops Wilderness Area,https://www.fs.usda.gov/activity/mbr/recreation/fishing,"https://www.google.com/search?q=""fishing report""+Bear River+""Garfield County""+Colorado",Difficult,Low,No,No,None,False,,39.99915727184463,-107.15215581116142,,,,0,no-project-stocking-record-found
import-public-confirmed,"Public indicator plus official property, survey, or land-manager context","Beartrack Lake, Upper",[Purposely Left Blank],"Beartrack Lake, Upper",53900,114,Clear Creek,Water Body,Coldwater,public-indicated,Public-land/property indicator or official property URL is present,Trout: Cutthroat,Mount Evans Wilderness Area,https://www.fs.usda.gov/activity/arp/recreation/fishing,"https://www.google.com/search?q=""fishing report""+Beartrack Lake, Upper+""Clear Creek County""+Colorado",Difficult,Low,No,No,Non-motorized,False,,39.568735426163606,-105.6135558869301,,,,0,no-project-stocking-record-found
import-public-confirmed,"Public indicator plus official property, survey, or land-manager context",Beartrack Lakes,Beartrack Lakes,"Beartrack Lake, Lower",59180,509,Clear Creek,Water Body,Coldwater,public-indicated,Public-land/property indicator or official property URL is present,Trout: Cutthroat,Mount Evans Wilderness Area,https://www.fs.usda.gov/activity/arp/recreation/fishing,"https://www.google.com/search?q=""fishing report""+Beartrack Lake, Lower+""Clear Creek County""+Colorado",Difficult,Low,No,No,Non-motorized,False,,39.575439928439515,-105.59705240773783,,,,0,no-project-stocking-record-found
import-public-confirmed,"Public indicator plus official property, survey, or land-manager context","Beaver Creek, Big","Beaver Creek, Big","Beaver Creek, Big",24935,1580,Rio Blanco,Stream or River,Coldwater,public-indicated,Public-land/property indicator or official property URL is present,Trout: Cutthroat,White River National Forest,https://www.fs.usda.gov/activity/whiteriver/recreation/fishing,"https://www.google.com/search?q=""fishing report""+Beaver Creek, Big+""Rio Blanco County""+Colorado",Difficult,Low,No,No,None,False,,40.08246507111115,-107.60125307655264,,,,0,no-project-stocking-record-found
import-public-confirmed,"Public indicator plus official property, survey, or land-manager context",Ben Tyler Gulch,Ben Tyler Gulch,Ben Tyler Gulch,12726,1379,Park,Stream or River,Coldwater,public-indicated,Public-land/property indicator or official property URL is present,Trout: Brook,Lost Creek Wilderness Area,https://www.fs.usda.gov/activity/psicc/recreation/fishing,"https://www.google.com/search?q=""fishing report""+Ben Tyler Gulch+""Park County""+Colorado",Medium,Low,No,No,None,False,,39.42087323422283,-105.61455100017768,,,,0,no-project-stocking-record-found
import-public-confirmed,"Public indicator plus official property, survey, or land-manager context",Betty Lake,Betty Lake,Betty Lake,53950,23,Boulder,Water Body,Coldwater,public-indicated,Public-land/property indicator or official property URL is present,Trout: Cutthroat,Indian Peaks Wilderness Area,https://www.fs.usda.gov/activity/arp/recreation/fishing,https://cpw.state.co.us/thingstodo/Fishery%20Survey%20Summaries/IndianPeaksWildernessLakes.pdf,Difficult,Low,No,No,Non-motorized,False,,39.94960705638301,-105.68095408419579,,,,0,no-project-stocking-record-found
import-public-confirmed,"Public indicator plus official property, survey, or land-manager context",Big Blue Creek,Big Blue Creek,Big Blue Creek,38489,1598,Gunnison,Stream or River,Coldwater,public-indicated,Public-land/property indicator or official property URL is present,Trout: Brook,Uncompahgre Wilderness Area,https://www.fs.usda.gov/activity/gmug/recreation/fishing,"https://www.google.com/search?q=""fishing report""+Big Blue Creek+""Gunnison County""+Colorado",Medium,Low,No,No,None,False,,38.19115000783132,-107.38423781060192,,,,0,no-project-stocking-record-found
import-public-confirmed,"Public indicator plus official property, survey, or land-manager context",Big Creek,Big Creek,Big Creek,19174,1460,Mesa,Stream or River,Coldwater,public-indicated,Public-land/property indicator or official property URL is present,Trout: Brown | Trout: Cutthroat | Trout: Rainbow,Grand Mesa National Forest,https://www.fs.usda.gov/activity/gmug/recreation/fishing,"https://www.google.com/search?q=""fishing report""+Big Creek+""Mesa County""+Colorado",Medium,Medium,No,No,None,False,,39.09191624351138,-107.90104325401559,,,,0,no-project-stocking-record-found
import-public-confirmed,"Public indicator plus official property, survey, or land-manager context","Big Creek Lake, Upper",[Purposely Left Blank],"Big Creek Lake, Upper",53998,64,Jackson,Water Body,Coldwater,public-indicated,Public-land/property indicator or official property URL is present,Trout: Brook | Trout: Brown | Trout: Lake | Trout: Rainbow,Routt National Forest,https://www.fs.usda.gov/activity/mbr/recreation/fishing,"https://www.google.com/search?q=""fishing report""+Big Creek Lake, Upper+""Jackson County""+Colorado",Difficult,Low,No,Yes,Electric,False,,40.91327699179115,-106.61756620447238,,,,0,no-project-stocking-record-found
import-public-confirmed,"Public indicator plus official property, survey, or land-manager context",Big Creek Reservoir #1,Big Creek Reservoir #1,Big Creek Reservoir #1,65222,100,Mesa,Water Body,Coldwater,public-indicated,Public-land/property indicator or official property URL is present,Trout: Cutthroat | Trout: Rainbow,Grand Mesa National Forest,https://www.fs.usda.gov/activity/gmug/recreation/fishing,"https://www.google.com/search?q=""fishing report""+Big Creek Reservoir #1+""Mesa County""+Colorado",Easy,High,No,No,Motor boats,False,,39.08054250322941,-107.88263491702628,,,,0,no-project-stocking-record-found
import-public-confirmed,"Public indicator plus official property, survey, or land-manager context",Big Thompson River,Big Thompson River,Big Thompson River,12358,1326,Larimer,Stream or River,Coldwater,public-indicated,Public-land/property indicator or official property URL is present,Trout: Brown | Trout: Cutbow | Trout: Rainbow,Forks SWA,https://cpw.state.co.us/swa/Forks%20SWA,https://cpw.state.co.us/thingstodo/Fishery%20Survey%20Summaries/BigThompsonRiver.pdf,Easy,High,Yes,No,None,False,,40.43270439627889,-105.33436041739894,,,,0,no-project-stocking-record-found
import-public-confirmed,"Public indicator plus official property, survey, or land-manager context","Big Thompson River, North Fork","Big Thompson River, North Fork","Big Thompson River, North Fork",13297,1487,Larimer,Stream or River,Coldwater,public-indicated,Public-land/property indicator or official property URL is present,Trout: Brook | Trout: Brown | Trout: Cutthroat | Trout: Rainbow,Comanche Peak Wilderness Area,https://www.fs.usda.gov/activity/arp/recreation/fishing,"https://www.google.com/search?q=""fishing report""+Big Thompson River, North Fork+""Larimer County""+Colorado",Easy,Medium,No,No,None,False,,40.48477229449031,-105.48539360916247,,,,0,no-project-stocking-record-found
import-public-confirmed,"Public indicator plus official property, survey, or land-manager context",Birdland Lake,Birdland Lake,Birdland Lake,57237,515,Jefferson,Water Body,Warmwater,public-indicated,Public-land/property indicator or official property URL is present,Bass: Largemouth | Catfish: Channel | Sunfish: Bluegill,Jack B. Tomlinson Park,https://arvada.org/parks-and-recreation,"https://www.google.com/search?q=""fishing report""+Birdland Lake+""Jefferson County""+Colorado",Easy,Low,Yes,No,None,False,,39.789565821578556,-105.101285273818,,,,0,no-project-stocking-record-found
import-public-confirmed,"Public indicator plus official property, survey, or land-manager context",Black Hollow Creek,Black Hollow Creek,Black Hollow Creek,12916,1476,Larimer,Stream or River,Coldwater,public-indicated,Public-land/property indicator or official property URL is present,Trout: Cutthroat,Roosevelt National Forest,https://www.fs.usda.gov/activity/arp/recreation/fishing,"https://www.google.com/search?q=""fishing report""+Black Hollow Creek+""Larimer County""+Colorado",Medium,Low,No,No,None,False,,40.66219213193102,-105.66697240058487,,,,0,no-project-stocking-record-found
import-public-confirmed,"Public indicator plus official property, survey, or land-manager context",Blacktail Creek,Blacktail Creek,Blacktail Creek,19225,646,Grand,Stream or River,Coldwater,public-indicated,Public-land/property indicator or official property URL is present,Trout: Brook,Radium SWA - Trail Creek Unit,https://cpw.state.co.us/swa/Radium%20SWA,"https://www.google.com/search?q=""fishing report""+Blacktail Creek+""Grand County""+Colorado",Difficult,Low,No,No,None,False,,39.96959917700979,-106.54914027972445,,,,0,no-project-stocking-record-found
import-public-confirmed,"Public indicator plus official property, survey, or land-manager context",Blue Heron Ponds,[Purposely Left Blank],Blue Heron Ponds,79408,1693,Fremont,Water Body,Warmwater,public-indicated,Public-land/property indicator or official property URL is present,Bass: Largemouth | Catfish: Channel | Sunfish: Bluegill,Bureau of Land Management,https://cpw.state.co.us/placestogo/parks/ArkansasHeadwatersRecreationArea/Pages/default.aspx,"https://www.google.com/search?q=""fishing report""+Blue Heron Ponds+""Fremont County""+Colorado",Easy,Medium,No,Limited,Non-motorized,False,,38.39176276051482,-105.06483689652946,,,,1,no-project-stocking-record-found
import-public-confirmed,"Public indicator plus official property, survey, or land-manager context",Blue Lake,Blue Lake,Blue Lake,65323,2,Mesa,Water Body,Coldwater,public-indicated,Public-land/property indicator or official property URL is present,Trout: Cutthroat,Grand Mesa National Forest,https://www.fs.usda.gov/activity/gmug/recreation/fishing,"https://www.google.com/search?q=""fishing report""+Blue Lake+""Mesa County""+Colorado",Difficult,Low,No,No,Non-motorized,False,,38.944681389132214,-108.16037841171595,,,,0,no-project-stocking-record-found
import-public-confirmed,"Public indicator plus official property, survey, or land-manager context",Blue Lake,Blue Lake,Blue Lake,54053,20,Boulder,Water Body,Coldwater,public-indicated,Public-land/property indicator or official property URL is present,Trout: Cutthroat,Indian Peaks Wilderness Area,https://www.fs.usda.gov/activity/arp/recreation/fishing,"https://www.google.com/search?q=""fishing report""+Blue Lake+""Boulder County""+Colorado",Difficult,Low,No,No,Non-motorized,False,,40.0889790948512,-105.6197766412209,,,,0,no-project-stocking-record-found
import-public-confirmed,"Public indicator plus official property, survey, or land-manager context",Bob Lake,Bob Lake,Bob Lake,54077,28,Boulder,Water Body,Coldwater,public-indicated,Public-land/property indicator or official property URL is present,Trout: Cutthroat,Indian Peaks Wilderness Area,https://www.fs.usda.gov/activity/arp/recreation/fishing,https://cpw.state.co.us/thingstodo/Fishery%20Survey%20Summaries/IndianPeaksWildernessLakes.pdf,Difficult,Low,No,No,None,False,,39.9523977600093,-105.68563855765397,,,,0,no-project-stocking-record-found
import-public-confirmed,"Public indicator plus official property, survey, or land-manager context",Boedecker Reservoir,Boedecker Reservoir,Boedecker Reservoir,52489,279,Larimer,Water Body,Warmwater,public-indicated,Public-land/property indicator or official property URL is present,Bass: Largemouth | Bass: White | Bass: Wiper | Carp: Common | Catfish: Channel | Crappie: Black | Crappie: Unspecified | Perch: Walleye | Perch: Yellow | Sunfish: Bluegill,Boedecker Reservoir SWA,https://cpw.state.co.us/swa/Boedecker%20Reservoir%20SWA,https://cpw.state.co.us/thingstodo/Fishery%20Survey%20Summaries/BoedeckerReservoir.pdf,Easy,Medium,Yes,Yes,Motor boats,False,,40.38654981222612,-105.14235558744787,,,,0,no-project-stocking-record-found
import-public-confirmed,"Public indicator plus official property, survey, or land-manager context",Bonham Reservoir,Bonham Reservoir,Bonham Reservoir,65373,697,Mesa,Water Body,Coldwater,public-indicated,Public-land/property indicator or official property URL is present,Grayling: Arctic | Trout: Brown | Trout: Cutthroat | Trout: Rainbow,Grand Mesa National Forest,https://www.fs.usda.gov/activity/gmug/recreation/fishing,"https://www.google.com/search?q=""fishing report""+Bonham Reservoir+""Mesa County""+Colorado",Easy,High,No,No,Non-motorized,False,,39.09976490905179,-107.90276107897718,,,,0,no-project-stocking-record-found
import-public-confirmed,"Public indicator plus official property, survey, or land-manager context",Bonita Creek,Bonita Creek,Bonita Creek,38516,1455,Delta,Stream or River,Coldwater,public-indicated,Public-land/property indicator or official property URL is present,Trout: Cutthroat | Trout: Rainbow,Grand Mesa National Forest,https://www.fs.usda.gov/activity/gmug/recreation/fishing,"https://www.google.com/search?q=""fishing report""+Bonita Creek+""Delta County""+Colorado",Medium,Low,No,No,None,False,,39.04413783588199,-107.85023181515889,,,,0,no-project-stocking-record-found
import-public-confirmed,"Public indicator plus official property, survey, or land-manager context",Boss Lake Reservoir,Boss Lake Reservoir,Boss Lake Reservoir,80224,1169,Chaffee,Water Body,Coldwater,public-indicated,Public-land/property indicator or official property URL is present,Trout: Cutthroat,San Isabel National Forest,https://www.fs.usda.gov/activity/psicc/recreation/fishing,"https://www.google.com/search?q=""fishing report""+Boss Lake Reservoir+""Chaffee County""+Colorado",Medium,Medium,No,Yes,None,False,,38.55870584782321,-106.3209429899329,,,,0,no-project-stocking-record-found
import-public-confirmed,"Public indicator plus official property, survey, or land-manager context",Boulder City Reservoir,Boulder City Reservoir,Boulder City Reservoir,54089,377,Boulder,Water Body,Mixed coldwater/warmwater,public-indicated,Public-land/property indicator or official property URL is present,Bass: Smallmouth | Carp: Common | Catfish: Channel | Crappie: Black | Perch: Walleye | Perch: Yellow | Sunfish: Bluegill | Sunfish: Green | Trout: Rainbow,Boulder Reservoir,https://bouldercolorado.gov/parks-rec/boulder-reservoir,https://cpw.state.co.us/thingstodo/Fishery%20Survey%20Summaries/BoulderCityReservoir.pdf,Easy,Low,Yes,Yes,Motor boats,False,,40.078156055952014,-105.22187353831991,,,,0,no-project-stocking-record-found
import-public-confirmed,"Public indicator plus official property, survey, or land-manager context",Boulder Creek,Boulder Creek,Boulder Creek,11033,1410,Boulder,Stream or River,Coldwater,public-indicated,Public-land/property indicator or official property URL is present,Trout: Brook | Trout: Brown | Trout: Rainbow,Eben G. Fine Park,https://bouldercolorado.gov/locations/eben-g-fine-park,"https://www.google.com/search?q=""fishing report""+Boulder Creek+""Boulder County""+Colorado",Easy,Medium,Yes,No,None,False,,40.01342035149519,-105.29511410061409,,,,0,no-project-stocking-record-found
import-public-confirmed,"Public indicator plus official property, survey, or land-manager context",Boulder Creek,Boulder Creek,Boulder Creek,10241,1411,Boulder,Stream or River,Coldwater,public-indicated,Public-land/property indicator or official property URL is present,Trout: Brown | Trout: Cutthroat | Trout: Rainbow,Roosevelt National Forest,https://www.fs.usda.gov/activity/arp/recreation/fishing,"https://www.google.com/search?q=""fishing report""+Boulder Creek+""Boulder County""+Colorado",Medium,Low,No,No,None,False,,39.99935946197775,-105.38536535067286,,,,0,no-project-stocking-record-found
import-public-confirmed,"Public indicator plus official property, survey, or land-manager context","Boulder Creek, Middle, North Fork","Boulder Creek, Middle, North Fork","Boulder Creek, Middle, North Fork",10277,1488,Boulder,Stream or River,Coldwater,public-indicated,Public-land/property indicator or official property URL is present,Trout: Brook | Trout: Cutthroat,Indian Peaks Wilderness Area,https://www.fs.usda.gov/activity/arp/recreation/fishing,"https://www.google.com/search?q=""fishing report""+Boulder Creek, Middle, North Fork+""Boulder County""+Colorado",Difficult,Low,No,No,None,False,,40.00169444508266,-105.64920945282157,,,,0,no-project-stocking-record-found
import-public-confirmed,"Public indicator plus official property, survey, or land-manager context","Boulder Creek, Middle, South Fork","Boulder Creek, Middle, South Fork","Boulder Creek, Middle, South Fork",13437,1419,Boulder,Stream or River,Coldwater,public-indicated,Public-land/property indicator or official property URL is present,Trout: Brook | Trout: Brown | Trout: Cutthroat,Indian Peaks Wilderness Area,https://www.fs.usda.gov/activity/arp/recreation/fishing,"https://www.google.com/search?q=""fishing report""+Boulder Creek, Middle, South Fork+""Boulder County""+Colorado",Medium,Low,No,No,None,False,,39.94937365565739,-105.63776049998394,,,,0,no-project-stocking-record-found
import-public-confirmed,"Public indicator plus official property, survey, or land-manager context","Boulder Creek, South","Boulder Creek, South","Boulder Creek, South",10316,1413,Boulder,Stream or River,Coldwater,public-indicated,Public-land/property indicator or official property URL is present,Trout: Brook | Trout: Cutthroat | Trout: Rainbow,Roosevelt National Forest,https://www.fs.usda.gov/activity/arp/recreation/fishing,"https://www.google.com/search?q=""fishing report""+Boulder Creek, South+""Boulder County""+Colorado",Difficult,Low,No,No,None,False,,39.934566221864635,-105.40177057034272,,,,0,no-project-stocking-record-found
import-public-confirmed,"Public indicator plus official property, survey, or land-manager context","Boulder Creek, South","Boulder Creek, South","Boulder Creek, South",10328,1414,Gilpin,Stream or River,Coldwater,public-indicated,Public-land/property indicator or official property URL is present,Trout: Brook | Trout: Cutthroat | Trout: Rainbow,Roosevelt National Forest,https://www.fs.usda.gov/activity/arp/recreation/fishing,"https://www.google.com/search?q=""fishing report""+Boulder Creek, South+""Gilpin County""+Colorado",Medium,Low,No,No,None,False,,39.91312141230434,-105.54845363261366,,,,0,no-project-stocking-record-found
import-public-confirmed,"Public indicator plus official property, survey, or land-manager context","Boulder Creek, South","Boulder Creek, South","Boulder Creek, South",10329,1415,Gilpin,Stream or River,Coldwater,public-indicated,Public-land/property indicator or official property URL is present,Trout: Brook | Trout: Brown | Trout: Cutthroat | Trout: Rainbow,James Peak Wilderness Area,https://www.fs.usda.gov/activity/arp/recreation/fishing,"https://www.google.com/search?q=""fishing report""+Boulder Creek, South+""Gilpin County""+Colorado",Medium,Low,No,No,None,False,,39.889619224192856,-105.66706437729016,,,,0,no-project-stocking-record-found
import-public-confirmed,"Public indicator plus official property, survey, or land-manager context",Boulder Ponds (2),Boulder Ponds (2),Boulder Ponds (2),52356,93,Boulder,Water Body,Warmwater,public-indicated,Public-land/property indicator or official property URL is present,Bass: Largemouth | Catfish: Channel | Crappie: Black | Sunfish: Bluegill,East Boulder Community Park,https://bouldercolorado.gov/locations/east-boulder-community-park,"https://www.google.com/search?q=""fishing report""+Boulder Ponds (2)+""Boulder County""+Colorado",Easy,Low,Yes,No,None,False,,39.991323014353746,-105.22117074764559,,,,0,no-project-stocking-record-found
import-public-confirmed,"Public indicator plus official property, survey, or land-manager context",Bowles Grove Pond,Bowles Grove Pond,Bowles Grove Pond,57910,506,Arapahoe,Water Body,Warmwater,public-indicated,Public-land/property indicator or official property URL is present,Bass: Largemouth | Sunfish: Bluegill,Bowles Grove Park,https://www.ssprd.org/Parks/ParksTrails/BowlesGrovePark.aspx,"https://www.google.com/search?q=""fishing report""+Bowles Grove Pond+""Arapahoe County""+Colorado",Easy,Low,No,No,None,False,,39.61346866881195,-105.02833933647912,,,,0,no-project-stocking-record-found
import-public-confirmed,"Public indicator plus official property, survey, or land-manager context",Brainard Lake,Brainard Lake,Brainard Lake,54091,435,Boulder,Water Body,Coldwater,public-indicated,Public-land/property indicator or official property URL is present,Trout: Brook | Trout: Cutthroat,Roosevelt National Forest,https://www.fs.usda.gov/activity/arp/recreation/fishing,"https://www.google.com/search?q=""fishing report""+Brainard Lake+""Boulder County""+Colorado",Easy,Medium,Yes,Yes,Non-motorized,False,,40.07779961221684,-105.57525137916049,,,,0,no-project-stocking-record-found
import-public-confirmed,"Public indicator plus official property, survey, or land-manager context",Brook Creek,Brook Creek,Brook Creek,25076,1618,Mesa,Stream or River,Coldwater,public-indicated,Public-land/property indicator or official property URL is present,Trout: Cutthroat,White River National Forest,https://www.fs.usda.gov/activity/whiteriver/recreation/fishing,"https://www.google.com/search?q=""fishing report""+Brook Creek+""Mesa County""+Colorado",Medium,Low,No,No,None,False,,39.3390282723173,-107.53505987671413,,,,0,no-project-stocking-record-found
import-public-confirmed,"Public indicator plus official property, survey, or land-manager context",Browns Creek,Browns Creek,Browns Creek,32893,1503,Chaffee,Stream or River,Coldwater,public-indicated,Public-land/property indicator or official property URL is present,Trout: Brook | Trout: Cutthroat,San Isabel National Forest,https://www.fs.usda.gov/activity/psicc/recreation/fishing,"https://www.google.com/search?q=""fishing report""+Browns Creek+""Chaffee County""+Colorado",Difficult,Low,No,No,None,False,,38.65199648917834,-106.19183204990273,,,,0,no-project-stocking-record-found
import-public-confirmed,"Public indicator plus official property, survey, or land-manager context",Bruno Gulch,Bruno Gulch,Bruno Gulch,13920,1385,Park,Stream or River,Coldwater,public-indicated,Public-land/property indicator or official property URL is present,Trout: Brook | Trout: Cutthroat,Pike National Forest,https://www.fs.usda.gov/activity/psicc/recreation/fishing,"https://www.google.com/search?q=""fishing report""+Bruno Gulch+""Park County""+Colorado",Medium,Low,No,No,None,False,,39.52792997263356,-105.75145058075786,,,,0,no-project-stocking-record-found
import-public-confirmed,"Public indicator plus official property, survey, or land-manager context",Brush Creek,Brush Creek,Brush Creek,38580,1599,Gunnison,Stream or River,Coldwater,public-indicated,Public-land/property indicator or official property URL is present,Trout: Brook,Gunnison National Forest,https://www.fs.usda.gov/activity/gmug/recreation/fishing,"https://www.google.com/search?q=""fishing report""+Brush Creek+""Gunnison County""+Colorado",Difficult,Low,No,No,None,False,,38.89830607278706,-106.88302181147725,,,,0,no-project-stocking-record-found
import-public-confirmed,"Public indicator plus official property, survey, or land-manager context","Brush Creek Lake, Upper",[Purposely Left Blank],"Brush Creek Lake, Upper",80248,582,Custer,Water Body,Coldwater,public-indicated,Public-land/property indicator or official property URL is present,Trout: Cutthroat,Sangre De Cristo Wilderness Area,https://www.fs.usda.gov/activity/psicc/recreation/fishing,"https://www.google.com/search?q=""fishing report""+Brush Creek Lake, Upper+""Custer County""+Colorado",Difficult,Low,No,No,Unsure,False,,38.20747311408357,-105.71404429394927,,,,0,no-project-stocking-record-found
import-public-confirmed,"Public indicator plus official property, survey, or land-manager context",Brush Creek Lakes,Brush Creek Lakes,"Brush Creek Lake, Lower",80236,196,Custer,Water Body,Coldwater,public-indicated,Public-land/property indicator or official property URL is present,Trout: Cutthroat,Sangre De Cristo Wilderness Area,https://www.fs.usda.gov/activity/psicc/recreation/fishing,"https://www.google.com/search?q=""fishing report""+Brush Creek Lake, Lower+""Custer County""+Colorado",Difficult,Low,No,No,Unsure,False,,38.213192411426014,-105.71019134872878,,,,0,no-project-stocking-record-found
import-public-confirmed,"Public indicator plus official property, survey, or land-manager context","Brush Creek, West","Brush Creek, West","Brush Creek, West",19326,1545,Eagle,Stream or River,Coldwater,public-indicated,Public-land/property indicator or official property URL is present,Trout: Brook | Trout: Brown,White River National Forest,https://www.fs.usda.gov/activity/whiteriver/recreation/fishing,"https://www.google.com/search?q=""fishing report""+Brush Creek, West+""Eagle County""+Colorado",Easy,Medium,Unsure,Unsure,None,False,,39.465656205179805,-106.72500281161794,,,,0,no-project-stocking-record-found
import-public-confirmed,"Public indicator plus official property, survey, or land-manager context","Buckhorn Lake, Little",[Purposely Left Blank],"Buckhorn Lake, Little",88838,292,Montrose,Water Body,Coldwater,public-indicated,Public-land/property indicator or official property URL is present,Trout: Brook | Trout: Rainbow,Buckhorn Lakes Park,https://www.coloradowestoutdoors.com/home/day-outings/montrose-county/buckhorn-lakes-park/,"https://www.google.com/search?q=""fishing report""+Buckhorn Lake, Little+""Montrose County""+Colorado",Difficult,Medium,Yes,Yes,Unsure,False,,38.332852777257735,-107.65004358270116,,,,0,no-project-stocking-record-found
import-public-confirmed,"Public indicator plus official property, survey, or land-manager context",Buffalo Creek,Buffalo Creek,Buffalo Creek,10380,1375,Jefferson,Stream or River,Coldwater,public-indicated,Public-land/property indicator or official property URL is present,Trout: Brown,Pike National Forest,https://www.fs.usda.gov/activity/psicc/recreation/fishing,"https://www.google.com/search?q=""fishing report""+Buffalo Creek+""Jefferson County""+Colorado",Medium,Low,No,No,None,False,,39.35594224524153,-105.31681512783571,,,,0,no-project-stocking-record-found
import-public-confirmed,"Public indicator plus official property, survey, or land-manager context",Bufflehead Lake,[Purposely Left Blank],Bufflehead Lake,60741,160,Arapahoe,Water Body,Warmwater,public-indicated,Public-land/property indicator or official property URL is present,Bass: Largemouth | Sunfish: Bluegill | Sunfish: Green,South Platte Park/Carson Nature Area,https://www.ssprd.org/nature,"https://www.google.com/search?q=""fishing report""+Bufflehead Lake+""Arapahoe County""+Colorado",Medium,Low,Yes,No,None,False,,39.57876483995668,-105.04023754218022,,,,0,no-project-stocking-record-found
import-public-confirmed,"Public indicator plus official property, survey, or land-manager context",Bull Basin Reservoir #1,Bull Basin Reservoir #1,Bull Basin Reservoir #1,65611,381,Mesa,Water Body,Coldwater,public-indicated,Public-land/property indicator or official property URL is present,Trout: Cutbow | Trout: Cutthroat | Trout: Rainbow,Grand Mesa National Forest,https://www.fs.usda.gov/activity/gmug/recreation/fishing,"https://www.google.com/search?q=""fishing report""+Bull Basin Reservoir #1+""Mesa County""+Colorado",Difficult,Medium,No,No,Non-motorized,False,,39.06806592982078,-108.02289236869746,,,,0,no-project-stocking-record-found
import-public-confirmed,"Public indicator plus official property, survey, or land-manager context",Bull Creek,Bull Creek,Bull Creek,19352,1447,Mesa,Stream or River,Coldwater,public-indicated,Public-land/property indicator or official property URL is present,Trout: Cutthroat | Trout: Rainbow,Grand Mesa National Forest,https://www.fs.usda.gov/activity/gmug/recreation/fishing,"https://www.google.com/search?q=""fishing report""+Bull Creek+""Mesa County""+Colorado",Difficult,Low,No,No,None,False,,39.07575750826505,-108.02146530503711,,,,0,no-project-stocking-record-found
import-public-confirmed,"Public indicator plus official property, survey, or land-manager context",Bull Creek Reservoir #1,Bull Creek Reservoir #1,Bull Creek Reservoir #1,65614,383,Mesa,Water Body,Coldwater,public-indicated,Public-land/property indicator or official property URL is present,Trout: Cutbow | Trout: Cutthroat | Trout: Rainbow,Grand Mesa National Forest,https://www.fs.usda.gov/activity/gmug/recreation/fishing,"https://www.google.com/search?q=""fishing report""+Bull Creek Reservoir #1+""Mesa County""+Colorado",Difficult,Medium,No,No,Non-motorized,False,,39.06552472985789,-108.01616245020196,,,,0,no-project-stocking-record-found
import-public-confirmed,"Public indicator plus official property, survey, or land-manager context",Bull Creek Reservoir #2,Bull Creek Reservoir #2,Bull Creek Reservoir #2,65626,382,Mesa,Water Body,Coldwater,public-indicated,Public-land/property indicator or official property URL is present,Trout: Cutbow | Trout: Cutthroat | Trout: Rainbow,Grand Mesa National Forest,https://www.fs.usda.gov/activity/gmug/recreation/fishing,"https://www.google.com/search?q=""fishing report""+Bull Creek Reservoir #2+""Mesa County""+Colorado",Difficult,Medium,No,No,Non-motorized,False,,39.06377822288754,-108.01912585578035,,,,0,no-project-stocking-record-found
import-public-confirmed,"Public indicator plus official property, survey, or land-manager context",Bull Creek Reservoir #5,Bull Creek Reservoir #5,Bull Creek Reservoir #5,65635,490,Mesa,Water Body,Coldwater,public-indicated,Public-land/property indicator or official property URL is present,Trout: Cutthroat,Grand Mesa National Forest,https://www.fs.usda.gov/activity/gmug/recreation/fishing,"https://www.google.com/search?q=""fishing report""+Bull Creek Reservoir #5+""Mesa County""+Colorado",Difficult,Medium,No,No,Non-motorized,False,,39.08284082811635,-108.02346724376692,,,,0,no-project-stocking-record-found
import-public-confirmed,"Public indicator plus official property, survey, or land-manager context",Burning Bear Creek,Burning Bear Creek,Burning Bear Creek,12740,1382,Park,Stream or River,Coldwater,public-indicated,Public-land/property indicator or official property URL is present,Trout: Brook,Pike National Forest,https://www.fs.usda.gov/activity/psicc/recreation/fishing,"https://www.google.com/search?q=""fishing report""+Burning Bear Creek+""Park County""+Colorado",Medium,Low,No,No,None,False,,39.50551230798996,-105.75035596651617,,,,0,no-project-stocking-record-found
import-public-confirmed,"Public indicator plus official property, survey, or land-manager context",Bushnell Lake Upper,[Purposely Left Blank],Bushnell Lake Upper,80274,1135,Fremont,Water Body,Coldwater,public-indicated,Public-land/property indicator or official property URL is present,Trout: Cutthroat,Sangre De Cristo Wilderness Area,https://www.fs.usda.gov/activity/psicc/recreation/fishing,"https://www.google.com/search?q=""fishing report""+Bushnell Lake Upper+""Fremont County""+Colorado",Difficult,Low,No,No,None,False,,38.34617355040442,-105.88772651852847,,,,0,no-project-stocking-record-found
import-public-confirmed,"Public indicator plus official property, survey, or land-manager context",Butts Lake,Butts Lake,Butts Lake,88876,322,Delta,Water Body,Coldwater,public-indicated,Public-land/property indicator or official property URL is present,Trout: Brook | Trout: Cutthroat,Grand Mesa National Forest,https://www.fs.usda.gov/activity/gmug/recreation/fishing,"https://www.google.com/search?q=""fishing report""+Butts Lake+""Delta County""+Colorado",Difficult,Low,No,Yes,Non-motorized,False,,39.058788755291566,-107.93919544075065,,,,0,no-project-stocking-record-found
import-public-confirmed,"Public indicator plus official property, survey, or land-manager context",Buzzard Creek,Buzzard Creek,Buzzard Creek,27753,1619,Mesa,Stream or River,Coldwater,public-indicated,Public-land/property indicator or official property URL is present,Trout: Brook | Trout: Cutthroat,Grand Mesa National Forest,https://www.fs.usda.gov/activity/gmug/recreation/fishing,"https://www.google.com/search?q=""fishing report""+Buzzard Creek+""Mesa County""+Colorado",Medium,Medium,No,No,None,False,,39.2440240719011,-107.68059947705318,,,,0,no-project-stocking-record-found
import-public-confirmed,"Public indicator plus official property, survey, or land-manager context",Byron Lake,Byron Lake,Byron Lake,54178,555,Clear Creek,Water Body,Coldwater,public-indicated,Public-land/property indicator or official property URL is present,Trout: Cutthroat,James Peak Wilderness Area,https://www.fs.usda.gov/activity/arp/recreation/fishing,"https://www.google.com/search?q=""fishing report""+Byron Lake+""Clear Creek County""+Colorado",Difficult,Low,No,No,Non-motorized,False,,39.80579216686477,-105.72344543558711,,,,0,no-project-stocking-record-found
import-public-confirmed,"Public indicator plus official property, survey, or land-manager context",Cabin Creek,Cabin Creek,Cabin Creek,10417,1486,Boulder,Stream or River,Coldwater,public-indicated,Public-land/property indicator or official property URL is present,Trout: Brook | Trout: Brown | Trout: Cutthroat,Rocky Mountain National Park - Wilderness,https://www.nps.gov/romo/planyourvisit/fishing.htm,"https://www.google.com/search?q=""fishing report""+Cabin Creek+""Boulder County""+Colorado",Medium,Low,No,No,None,False,,40.244894015528665,-105.55854628927239,,,,0,no-project-stocking-record-found
import-public-confirmed,"Public indicator plus official property, survey, or land-manager context",Cache la Poudre River,Cache la Poudre River,Cache la Poudre River,11923,658,Larimer,Stream or River,Coldwater,public-indicated,Public-land/property indicator or official property URL is present,Trout: Brown | Trout: Mountain Whitefish | Trout: Rainbow,Bliss SWA,https://cpw.state.co.us/swa/Bliss%20SWA,https://cpw.state.co.us/thingstodo/Fishery%20Survey%20Summaries/CachelaPoudreRiverCanyon.pdf,Easy,Medium,No,No,None,False,,40.70740093099791,-105.75161558780083,,,,0,no-project-stocking-record-found
import-public-confirmed,"Public indicator plus official property, survey, or land-manager context",Cache la Poudre River,Cache la Poudre River,Cache la Poudre River,11920,619,Larimer,Stream or River,Coldwater,public-indicated,Public-land/property indicator or official property URL is present,Trout: Brown | Trout: Rainbow,Poudre River SFU,https://cpw.state.co.us/swa/Poudre%20River%20SFU%20(Hatchery),https://cpw.state.co.us/thingstodo/Fishery%20Survey%20Summaries/CachelaPoudreRiverCanyon.pdf,Easy,Medium,Yes,No,None,False,,40.69469718171697,-105.67676277594711,,,,0,no-project-stocking-record-found
import-public-confirmed,"Public indicator plus official property, survey, or land-manager context","Cache la Poudre River, North Fork","Cache la Poudre River, North Fork","Cache la Poudre River, North Fork",11988,1478,Larimer,Stream or River,Coldwater,public-indicated,Public-land/property indicator or official property URL is present,Trout: Brown | Trout: Rainbow,Roosevelt National Forest,https://www.fs.usda.gov/activity/arp/recreation/fishing,"https://www.google.com/search?q=""fishing report""+Cache la Poudre River, North Fork+""Larimer County""+Colorado",Medium,Medium,No,No,Non-motorized,False,,40.74145157297416,-105.23537413097705,,,,0,no-project-stocking-record-found
import-public-confirmed,"Public indicator plus official property, survey, or land-manager context",Camenisch Lake,Camenisch Lake,Camenisch Lake,57516,92,Adams,Water Body,Warmwater,public-indicated,Public-land/property indicator or official property URL is present,Bass: Largemouth | Crappie: Black | Crappie: White | Sunfish: Bluegill,Camenisch Park,https://www.hylandhills.org/parks/,"https://www.google.com/search?q=""fishing report""+Camenisch Lake+""Adams County""+Colorado",Easy,Low,Yes,No,None,False,,39.85696093388592,-105.01674202597401,,,,0,no-project-stocking-record-found
import-public-confirmed,"Public indicator plus official property, survey, or land-manager context",Canyon Creek,Canyon Creek,Canyon Creek,19427,1620,Garfield,Stream or River,Coldwater,public-indicated,Public-land/property indicator or official property URL is present,Trout: Brook | Trout: Brown | Trout: Cutthroat | Trout: Rainbow,White River National Forest,https://www.fs.usda.gov/activity/whiteriver/recreation/fishing,"https://www.google.com/search?q=""fishing report""+Canyon Creek+""Garfield County""+Colorado",Difficult,Low,No,No,None,False,,39.65227547250942,-107.44336601046248,,,,0,no-project-stocking-record-found
import-public-confirmed,"Public indicator plus official property, survey, or land-manager context","Canyon Creek, East","Canyon Creek, East","Canyon Creek, East",27486,1567,Garfield,Stream or River,Coldwater,public-indicated,Public-land/property indicator or official property URL is present,Trout: Brown | Trout: Cutthroat | Trout: Rainbow,White River National Forest,https://www.fs.usda.gov/activity/whiteriver/recreation/fishing,"https://www.google.com/search?q=""fishing report""+Canyon Creek, East+""Garfield County""+Colorado",Difficult,Low,No,No,None,False,,39.68271280529567,-107.35776461099418,,,,0,no-project-stocking-record-found
import-public-confirmed,"Public indicator plus official property, survey, or land-manager context",Carbon Creek,Carbon Creek,Carbon Creek,38768,1536,Gunnison,Stream or River,Coldwater,public-indicated,Public-land/property indicator or official property URL is present,Trout: Brook | Trout: Brown,Gunnison National Forest,https://www.fs.usda.gov/activity/gmug/recreation/fishing,"https://www.google.com/search?q=""fishing report""+Carbon Creek+""Gunnison County""+Colorado",Medium,Low,No,No,None,False,,38.799998806373964,-107.02014107775513,,,,0,no-project-stocking-record-found
import-public-confirmed,"Public indicator plus official property, survey, or land-manager context",Caribou Creek,Caribou Creek,Caribou Creek,10467,1417,Boulder,Stream or River,Coldwater,public-indicated,Public-land/property indicator or official property URL is present,Trout: Brook | Trout: Cutthroat,Roosevelt National Forest,https://www.fs.usda.gov/activity/arp/recreation/fishing,"https://www.google.com/search?q=""fishing report""+Caribou Creek+""Boulder County""+Colorado",Medium,Low,No,No,None,False,,39.99362036751345,-105.5721982067324,,,,0,no-project-stocking-record-found
import-public-confirmed,"Public indicator plus official property, survey, or land-manager context",Carl Park Pond,Carl Park Pond,Carl Park Pond,57922,258,Adams,Water Body,Warmwater,public-indicated,Public-land/property indicator or official property URL is present,Catfish: Black Bullhead | Sunfish: Bluegill | Sunfish: Green,Carl Park,https://www.hylandhills.org/parks/,"https://www.google.com/search?q=""fishing report""+Carl Park Pond+""Adams County""+Colorado",Easy,Low,Yes,No,None,False,,39.79592179602673,-105.03781738738,,,,0,no-project-stocking-record-found
import-public-confirmed,"Public indicator plus official property, survey, or land-manager context",Carmody Park Pond,Carmody Park Pond,Carmody Park Pond,57934,117,Jefferson,Water Body,Warmwater,public-indicated,Public-land/property indicator or official property URL is present,Bass: Largemouth | Sunfish: Bluegill,Carmody Park,https://www.lakewood.org/Government/Departments/Community-Resources/Parks-Forestry-and-Open-Space/A-to-Z-Park-Listing/Carmody-Park,"https://www.google.com/search?q=""fishing report""+Carmody Park Pond+""Jefferson County""+Colorado",Easy,Low,Yes,No,None,False,,39.67763813719613,-105.10600477079245,,,,0,no-project-stocking-record-found
import-public-confirmed,"Public indicator plus official property, survey, or land-manager context",Caroline Lake,Caroline Lake,Caroline Lake,54243,458,Clear Creek,Water Body,Coldwater,public-indicated,Public-land/property indicator or official property URL is present,Trout: Cutthroat,Arapaho National Forest,https://www.fs.usda.gov/activity/arp/recreation/fishing,"https://www.google.com/search?q=""fishing report""+Caroline Lake+""Clear Creek County""+Colorado",Difficult,Low,No,No,Non-motorized,False,,39.83556716255029,-105.68811435949277,,,,0,no-project-stocking-record-found
import-public-confirmed,"Public indicator plus official property, survey, or land-manager context",Carson Lake,Carson Lake,Carson Lake,65703,174,Mesa,Water Body,Coldwater,public-indicated,Public-land/property indicator or official property URL is present,Trout: Brook,Grand Mesa National Forest,https://www.fs.usda.gov/activity/gmug/recreation/fishing,"https://www.google.com/search?q=""fishing report""+Carson Lake+""Mesa County""+Colorado",Easy,High,Yes,No,None,False,,38.99683919362351,-108.10657061438133,,,,0,no-project-stocking-record-found
import-public-confirmed,"Public indicator plus official property, survey, or land-manager context",Castlerock Pond #3,[Purposely Left Blank],Castlerock Pond #3,81694,968,Chaffee,Water Body,Coldwater,public-indicated,Public-land/property indicator or official property URL is present,Trout: Cutthroat,San Isabel National Forest,https://www.fs.usda.gov/activity/psicc/recreation/fishing,"https://www.google.com/search?q=""fishing report""+Castlerock Pond #3+""Chaffee County""+Colorado",Medium,Low,No,No,None,False,,38.8018653707314,-105.96538211089955,,,,2,no-project-stocking-record-found
import-public-confirmed,"Public indicator plus official property, survey, or land-manager context",Cataract Creek,Cataract Creek,Cataract Creek,23090,1574,Summit,Stream or River,Coldwater,public-indicated,Public-land/property indicator or official property URL is present,Trout: Brook | Trout: Cutthroat,Eagles Nest Wilderness Area,https://www.fs.usda.gov/activity/whiteriver/recreation/fishing,"https://www.google.com/search?q=""fishing report""+Cataract Creek+""Summit County""+Colorado",Difficult,Low,No,No,None,False,,39.802356604881965,-106.34616801189436,,,,0,no-project-stocking-record-found
import-public-confirmed,"Public indicator plus official property, survey, or land-manager context",Cebolla Creek,Cebolla Creek,Cebolla Creek,38895,1600,Hinsdale,Stream or River,Coldwater,public-indicated,Public-land/property indicator or official property URL is present,Trout: Brook | Trout: Brown | Trout: Rainbow,Mason Family SWA,https://cpw.state.co.us/swa/Mason%20Family%20SWA%20(Formerly%20Cebolla%20Creek),"https://www.google.com/search?q=""fishing report""+Cebolla Creek+""Hinsdale County""+Colorado",Easy,Medium,No,No,None,False,,38.1064776073562,-107.0348464773966,,,,0,no-project-stocking-record-found
import-public-confirmed,"Public indicator plus official property, survey, or land-manager context",Cedar Mesa Reservoir,Cedar Mesa Reservoir,Cedar Mesa Reservoir,88941,727,Delta,Water Body,Coldwater,public-indicated,Public-land/property indicator or official property URL is present,Trout: Brook | Trout: Cutthroat,Grand Mesa National Forest,https://www.fs.usda.gov/activity/gmug/recreation/fishing,"https://www.google.com/search?q=""fishing report""+Cedar Mesa Reservoir+""Delta County""+Colorado",Medium,Medium,No,Yes,Non-motorized,False,,39.05035680485027,-107.8439231993451,,,,0,no-project-stocking-record-found
import-public-confirmed,"Public indicator plus official property, survey, or land-manager context",Cement Creek,Cement Creek,Cement Creek,38946,1601,Gunnison,Stream or River,Coldwater,public-indicated,Public-land/property indicator or official property URL is present,Trout: Brook | Trout: Brown | Trout: Cutthroat,Gunnison National Forest,https://www.fs.usda.gov/activity/gmug/recreation/fishing,"https://www.google.com/search?q=""fishing report""+Cement Creek+""Gunnison County""+Colorado",Medium,Medium,No,No,None,False,,38.82785287339228,-106.83827721226551,,,,0,no-project-stocking-record-found
import-public-confirmed,"Public indicator plus official property, survey, or land-manager context",Chartiers Pond,Chartiers Pond,Chartiers Pond,52578,1691,Morgan,Water Body,Warmwater,public-indicated,Public-land/property indicator or official property URL is present,Bass: Largemouth | Carp: Common | Catfish: Channel | Crappie: Black | Perch: Saugeye | Perch: Walleye | Sunfish: Bluegill | Sunfish: Green,Brush SWA,https://cpw.state.co.us/swa/Brush%20SWA,"https://www.google.com/search?q=""fishing report""+Chartiers Pond+""Morgan County""+Colorado",Medium,Medium,No,No,Non-motorized,False,,40.30914004171849,-103.6200872794236,,,,0,no-project-stocking-record-found
import-public-confirmed,"Public indicator plus official property, survey, or land-manager context",Chatfield Reservoir,Chatfield Reservoir,Chatfield Reservoir,65828,1185,Rio Blanco,Water Body,Coldwater,public-indicated,Public-land/property indicator or official property URL is present,Trout: Cutthroat | Trout: Golden,Routt National Forest,https://www.fs.usda.gov/activity/mbr/recreation/fishing,"https://www.google.com/search?q=""fishing report""+Chatfield Reservoir+""Rio Blanco County""+Colorado",Difficult,Low,No,Yes,Non-motorized,False,,40.128061281166914,-107.08044813676302,,,,0,no-project-stocking-record-found
import-public-confirmed,"Public indicator plus official property, survey, or land-manager context",Cheesman Reservoir,Cheesman Reservoir,Cheesman Reservoir,54318,128,Douglas,Water Body,Mixed coldwater/warmwater,public-indicated,Public-land/property indicator or official property URL is present,Bass: Smallmouth | Perch: Yellow | Pike: Northern | Salmon: Kokanee | Trout: Brook | Trout: Brown | Trout: Rainbow,Cheesman Reservoir,https://www.denverwater.org/recreation/cheesman-resevoir,"https://www.google.com/search?q=""fishing report""+Cheesman Reservoir+""Douglas County""+Colorado",Medium,Medium,Yes,No,None,False,,39.19537127326858,-105.28459293588675,,,,0,no-project-stocking-record-found
import-public-confirmed,"Public indicator plus official property, survey, or land-manager context",Cherry Knolls Pond,Cherry Knolls Pond,Cherry Knolls Pond,52308,1675,Arapahoe,Water Body,Warmwater,public-indicated,Public-land/property indicator or official property URL is present,Bass: Largemouth | Carp: Common | Catfish: Channel | Sunfish: Bluegill | Sunfish: Green,Cherry Knolls Park / Big Dry Creek,https://sspr.maps.arcgis.com/apps/webappviewer/index.html?id=27fb075d4a6346d598dc29b553c3c288&find=Cherry%20Knolls%20Park,"https://www.google.com/search?q=""fishing report""+Cherry Knolls Pond+""Arapahoe County""+Colorado",Easy,Low,Yes,No,None,False,,39.587004477499036,-104.95531010824543,,,,0,no-project-stocking-record-found
import-public-confirmed,"Public indicator plus official property, survey, or land-manager context",Chicago Creek,Chicago Creek,Chicago Creek,10506,1397,Clear Creek,Stream or River,Coldwater,public-indicated,Public-land/property indicator or official property URL is present,Trout: Brook | Trout: Brown | Trout: Rainbow,Arapaho National Forest,https://www.fs.usda.gov/activity/arp/recreation/fishing,"https://www.google.com/search?q=""fishing report""+Chicago Creek+""Clear Creek County""+Colorado",Easy,Low,No,No,None,False,,39.70348985317081,-105.60835452824733,,,,0,no-project-stocking-record-found
import-public-confirmed,"Public indicator plus official property, survey, or land-manager context",Chicago Creek,Chicago Creek,Chicago Creek,18950,1398,Clear Creek,Stream or River,Coldwater,public-indicated,Public-land/property indicator or official property URL is present,Trout: Brook | Trout: Cutbow | Trout: Rainbow,Mount Evans Wilderness Area,https://www.fs.usda.gov/activity/arp/recreation/fishing,"https://www.google.com/search?q=""fishing report""+Chicago Creek+""Clear Creek County""+Colorado",Difficult,Low,No,Yes,Non-motorized,False,,39.62670563644174,-105.6259177059628,,,,0,no-project-stocking-record-found
import-public-confirmed,"Public indicator plus official property, survey, or land-manager context","Chicago Creek, West Fork","Chicago Creek, West Fork","Chicago Creek, West Fork",10518,1399,Clear Creek,Stream or River,Coldwater,public-indicated,Public-land/property indicator or official property URL is present,Trout: Brook,Arapaho National Forest,https://www.fs.usda.gov/activity/arp/recreation/fishing,"https://www.google.com/search?q=""fishing report""+Chicago Creek, West Fork+""Clear Creek County""+Colorado",Medium,Low,Yes,No,None,False,,39.67909063671846,-105.65550348628332,,,,0,no-project-stocking-record-found
import-public-confirmed,"Public indicator plus official property, survey, or land-manager context","Chicago Lake, Upper",[Purposely Left Blank],"Chicago Lake, Upper",54344,497,Clear Creek,Water Body,Coldwater,public-indicated,Public-land/property indicator or official property URL is present,Trout: Cutthroat,Mount Evans Wilderness Area,https://www.fs.usda.gov/activity/arp/recreation/fishing,"https://www.google.com/search?q=""fishing report""+Chicago Lake, Upper+""Clear Creek County""+Colorado",Difficult,Low,No,No,Non-motorized,False,,39.611371122829766,-105.64047881640673,,,,0,no-project-stocking-record-found
import-public-confirmed,"Public indicator plus official property, survey, or land-manager context",Chicago Lakes,Chicago Lakes,"Chicago Lake, Lower",54332,510,Clear Creek,Water Body,Coldwater,public-indicated,Public-land/property indicator or official property URL is present,Trout: Cutthroat,Mount Evans Wilderness Area,https://www.fs.usda.gov/activity/arp/recreation/fishing,"https://www.google.com/search?q=""fishing report""+Chicago Lake, Lower+""Clear Creek County""+Colorado",Difficult,Low,No,No,Non-motorized,False,,39.615745080116966,-105.6344964022288,,,,0,no-project-stocking-record-found
import-public-confirmed,"Public indicator plus official property, survey, or land-manager context",Chinns Lake,Chinns Lake,Chinns Lake,54368,387,Clear Creek,Water Body,Coldwater,public-indicated,Public-land/property indicator or official property URL is present,Trout: Brook | Trout: Cutthroat,Arapaho National Forest,https://www.fs.usda.gov/activity/arp/recreation/fishing,"https://www.google.com/search?q=""fishing report""+Chinns Lake+""Clear Creek County""+Colorado",Difficult,Low,No,No,Non-motorized,False,,39.81670039376878,-105.69514386344059,,,,0,no-project-stocking-record-found
import-public-confirmed,"Public indicator plus official property, survey, or land-manager context",Cimarron River,Cimarron River,Cimarron River,39013,1558,Montrose,Stream or River,Coldwater,public-indicated,Public-land/property indicator or official property URL is present,Trout: Brook | Trout: Brown | Trout: Cutthroat | Trout: Rainbow,Cimarron SWA,https://cpw.state.co.us/swa/Cimarron%20SWA,"https://www.google.com/search?q=""fishing report""+Cimarron River+""Montrose County""+Colorado",Medium,Medium,No,No,None,False,,38.331144874412296,-107.56080127635205,,,,0,no-project-stocking-record-found
import-public-confirmed,"Public indicator plus official property, survey, or land-manager context","Cimarron River, East Fork","Cimarron River, East Fork","Cimarron River, East Fork",39025,1427,Gunnison,Stream or River,Coldwater,public-indicated,Public-land/property indicator or official property URL is present,Trout: Cutthroat | Trout: Rainbow,Uncompahgre Wilderness Area,https://www.fs.usda.gov/activity/gmug/recreation/fishing,"https://www.google.com/search?q=""fishing report""+Cimarron River, East Fork+""Gunnison County""+Colorado",Medium,Low,No,No,None,False,,38.16839124374175,-107.48989746028394,,,,0,no-project-stocking-record-found
import-public-confirmed,"Public indicator plus official property, survey, or land-manager context","Cimarron River, Little","Cimarron River, Little","Cimarron River, Little",39051,1566,Gunnison,Stream or River,Coldwater,public-indicated,Public-land/property indicator or official property URL is present,Trout: Brook | Trout: Rainbow,Uncompahgre National Forest,https://www.fs.usda.gov/activity/gmug/recreation/fishing,"https://www.google.com/search?q=""fishing report""+Cimarron River, Little+""Gunnison County""+Colorado",Easy,Low,No,No,None,False,,38.19384301311569,-107.46185731764804,,,,0,no-project-stocking-record-found
import-public-confirmed,"Public indicator plus official property, survey, or land-manager context","Cimarron River, Middle Fork","Cimarron River, Middle Fork","Cimarron River, Middle Fork",39037,1426,Gunnison,Stream or River,Coldwater,public-indicated,Public-land/property indicator or official property URL is present,Trout: Cutthroat | Trout: Rainbow,Uncompahgre National Forest,https://www.fs.usda.gov/activity/gmug/recreation/fishing,"https://www.google.com/search?q=""fishing report""+Cimarron River, Middle Fork+""Gunnison County""+Colorado",Medium,Low,No,No,None,False,,38.1666398542652,-107.52007792622085,,,,0,no-project-stocking-record-found
import-public-confirmed,"Public indicator plus official property, survey, or land-manager context","Cimarron River, West Fork","Cimarron River, West Fork","Cimarron River, West Fork",39049,1425,Gunnison,Stream or River,Coldwater,public-indicated,Public-land/property indicator or official property URL is present,Trout: Cutthroat | Trout: Rainbow,Uncompahgre National Forest,https://www.fs.usda.gov/activity/gmug/recreation/fishing,"https://www.google.com/search?q=""fishing report""+Cimarron River, West Fork+""Gunnison County""+Colorado",Medium,Low,No,No,None,False,,38.17360742656458,-107.55532704182532,,,,0,no-project-stocking-record-found
import-public-confirmed,"Public indicator plus official property, survey, or land-manager context",Civic Center Park Lake,Civic Center Park Lake,Civic Center Park Lake,52822,1651,Adams,Water Body,Warmwater,public-indicated,Public-land/property indicator or official property URL is present,Bass: Largemouth | Catfish: Channel | Crappie: Black | Sunfish: Bluegill,Civic Center Park,https://www.thorntonco.gov/thornton-parks/Pages/fishing-guide.aspx,"https://www.google.com/search?q=""fishing report""+Civic Center Park Lake+""Adams County""+Colorado",Easy,Low,Yes,No,None,False,,39.87260277971089,-104.98611837349675,,,,0,no-project-stocking-record-found
import-public-confirmed,"Public indicator plus official property, survey, or land-manager context",Clayton Lake,Clayton Lake,Clayton Lake,54382,184,Gilpin,Water Body,Coldwater,public-indicated,Public-land/property indicator or official property URL is present,Trout: Cutthroat,James Peak Wilderness Area,https://www.fs.usda.gov/activity/arp/recreation/fishing,https://cpw.state.co.us/thingstodo/Fishery%20Survey%20Summaries/JamesPeakWildernessLakes.pdf,Difficult,Low,No,No,Non-motorized,False,,39.88929160062975,-105.68451649269383,,,,0,no-project-stocking-record-found
import-public-confirmed,"Public indicator plus official property, survey, or land-manager context",Clear Creek,Clear Creek,Clear Creek,10532,1392,Clear Creek,Stream or River,Coldwater,public-indicated,Public-land/property indicator or official property URL is present,Trout: Brown | Trout: Rainbow,Clear Creek County Open Space,https://www.co.clear-creek.co.us/index.aspx?nid=232,https://cpw.state.co.us/thingstodo/Fishery%20Survey%20Summaries/ClearCreek.pdf,Easy,Low,No,No,Non-motorized,False,,39.763503105254486,-105.59978497323766,,,,0,no-project-stocking-record-found
import-public-confirmed,"Public indicator plus official property, survey, or land-manager context",Clear Creek,Clear Creek,Clear Creek,10556,1394,Clear Creek,Stream or River,Coldwater,public-indicated,Public-land/property indicator or official property URL is present,Trout: Brook | Trout: Cutthroat,Arapaho National Forest,https://www.fs.usda.gov/activity/arp/recreation/fishing,"https://www.google.com/search?q=""fishing report""+Clear Creek+""Clear Creek County""+Colorado",Medium,Low,No,No,None,False,,39.693425656387355,-105.82497261577328,,,,0,no-project-stocking-record-found
import-public-confirmed,"Public indicator plus official property, survey, or land-manager context",Clear Creek Pond,Clear Creek Pond,Clear Creek Pond,57073,388,Adams,Water Body,Warmwater,public-indicated,Public-land/property indicator or official property URL is present,Bass: Largemouth | Crappie: Black | Sunfish: Bluegill,Adams County Parks and Rec,https://www.adcogov.org/trails-trailheads,"https://www.google.com/search?q=""fishing report""+Clear Creek Pond+""Adams County""+Colorado",Easy,Low,No,No,None,False,,39.8269495535814,-104.9650930204043,,,,0,no-project-stocking-record-found
import-public-confirmed,"Public indicator plus official property, survey, or land-manager context","Clear Creek, North Fork","Clear Creek, North Fork","Clear Creek, North Fork",10568,1396,Gilpin,Stream or River,Coldwater,public-indicated,Public-land/property indicator or official property URL is present,Trout: Brook | Trout: Brown,Arapaho National Forest,https://www.fs.usda.gov/activity/arp/recreation/fishing,"https://www.google.com/search?q=""fishing report""+Clear Creek, North Fork+""Gilpin County""+Colorado",Easy,Low,No,No,None,False,,39.85013392904865,-105.61017169609958,,,,0,no-project-stocking-record-found
import-public-confirmed,"Public indicator plus official property, survey, or land-manager context","Clear Creek, North Fork","Clear Creek, North Fork","Clear Creek, North Fork",31930,1497,Chaffee,Stream or River,Coldwater,public-indicated,Public-land/property indicator or official property URL is present,Trout: Brook,Collegiate Peaks Wilderness Area,https://www.fs.usda.gov/activity/psicc/recreation/fishing,"https://www.google.com/search?q=""fishing report""+Clear Creek, North Fork+""Chaffee County""+Colorado",Difficult,Low,No,No,None,False,,38.98525925754274,-106.48944503361214,,,,0,no-project-stocking-record-found
import-public-confirmed,"Public indicator plus official property, survey, or land-manager context","Clear Creek, South Fork","Clear Creek, South Fork","Clear Creek, South Fork",10570,1409,Clear Creek,Stream or River,Coldwater,public-indicated,Public-land/property indicator or official property URL is present,Trout: Brook,Arapaho National Forest,https://www.fs.usda.gov/activity/arp/recreation/fishing,"https://www.google.com/search?q=""fishing report""+Clear Creek, South Fork+""Clear Creek County""+Colorado",Easy,Low,No,No,None,False,,39.65290939256077,-105.70772658448986,,,,0,no-project-stocking-record-found
import-public-confirmed,"Public indicator plus official property, survey, or land-manager context","Clear Creek, South Fork","Clear Creek, South Fork","Clear Creek, South Fork",31562,1429,Chaffee,Stream or River,Coldwater,public-indicated,Public-land/property indicator or official property URL is present,Trout: Brook,Collegiate Peaks Wilderness Area,https://www.fs.usda.gov/activity/psicc/recreation/fishing,"https://www.google.com/search?q=""fishing report""+Clear Creek, South Fork+""Chaffee County""+Colorado",Medium,Low,No,No,None,False,,38.958164970974224,-106.46390040454733,,,,0,no-project-stocking-record-found
import-public-confirmed,"Public indicator plus official property, survey, or land-manager context","Clear Creek, West Fork","Clear Creek, West Fork","Clear Creek, West Fork",10582,1402,Clear Creek,Stream or River,Coldwater,public-indicated,Public-land/property indicator or official property URL is present,Trout: Brook | Trout: Brown,Arapaho National Forest,https://www.fs.usda.gov/activity/arp/recreation/fishing,"https://www.google.com/search?q=""fishing report""+Clear Creek, West Fork+""Clear Creek County""+Colorado",Medium,Low,No,No,None,False,,39.7758076900517,-105.86374388277461,,,,1,no-project-stocking-record-found
import-public-confirmed,"Public indicator plus official property, survey, or land-manager context",Cliff Creek,Cliff Creek,Cliff Creek,39114,1562,Gunnison,Stream or River,Coldwater,public-indicated,Public-land/property indicator or official property URL is present,Trout: Cutthroat,West Elk Wilderness Area,https://www.fs.usda.gov/activity/gmug/recreation/fishing,"https://www.google.com/search?q=""fishing report""+Cliff Creek+""Gunnison County""+Colorado",Difficult,Low,No,No,None,False,,38.816968473589434,-107.1957732771182,,,,0,no-project-stocking-record-found
import-public-confirmed,"Public indicator plus official property, survey, or land-manager context",Clifton Nature Park Pond,Clifton Nature Park Pond,Clifton Nature Park Pond,COFA10,1708,Mesa,Water Body,Warmwater,public-indicated,Public-land/property indicator or official property URL is present,Bass: Largemouth | Carp: Common | Crappie: Black | Sunfish: Bluegill | Sunfish: Green,Clifton Nature Park,https://www.coloradowestoutdoors.com/home/hiking/city-park-trails/clifton-nature-park-trail/,"https://www.google.com/search?q=""fishing report""+Clifton Nature Park Pond+""Mesa County""+Colorado",Easy,Medium,No,No,None,False,,39.060463449271744,-108.45214921455154,,,,0,no-project-stocking-record-found
import-public-confirmed,"Public indicator plus official property, survey, or land-manager context",Coal Creek,Coal Creek,Coal Creek,39152,1559,Gunnison,Stream or River,Coldwater,public-indicated,Public-land/property indicator or official property URL is present,Trout: Brook | Trout: Brown | Trout: Cutthroat | Trout: Rainbow,Grand Mesa National Forest,https://www.fs.usda.gov/activity/gmug/recreation/fishing,"https://www.google.com/search?q=""fishing report""+Coal Creek+""Gunnison County""+Colorado",Easy,Low,No,No,None,False,,38.81554820628525,-107.3141090106553,,,,0,no-project-stocking-record-found
import-public-confirmed,"Public indicator plus official property, survey, or land-manager context",Coal Creek,Coal Creek,Coal Creek,19566,1510,Mesa,Stream or River,Coldwater,public-indicated,Public-land/property indicator or official property URL is present,Trout: Brook | Trout: Rainbow,Grand Mesa National Forest,https://www.fs.usda.gov/activity/gmug/recreation/fishing,"https://www.google.com/search?q=""fishing report""+Coal Creek+""Mesa County""+Colorado",Difficult,Low,No,No,None,False,,38.97717319801059,-108.20950786659422,,,,0,no-project-stocking-record-found
import-public-confirmed,"Public indicator plus official property, survey, or land-manager context",Colby Horse Park Reservoir,Colby Horse Park Reservoir,Colby Horse Park Reservoir,65931,141,Mesa,Water Body,Coldwater,public-indicated,Public-land/property indicator or official property URL is present,Trout: Cutthroat,Grand Mesa National Forest,https://www.fs.usda.gov/activity/gmug/recreation/fishing,"https://www.google.com/search?q=""fishing report""+Colby Horse Park Reservoir+""Mesa County""+Colorado",Difficult,Medium,No,No,Non-motorized,False,,39.081238964601845,-107.79465679899673,,,,0,no-project-stocking-record-found
import-public-confirmed,"Public indicator plus official property, survey, or land-manager context",Cole Reservoirs,Cole Reservoirs,Cole Reservoir #1,89068,729,Delta,Water Body,Coldwater,public-indicated,Public-land/property indicator or official property URL is present,Trout: Cutthroat,Grand Mesa National Forest,https://www.fs.usda.gov/activity/gmug/recreation/fishing,"https://www.google.com/search?q=""fishing report""+Cole Reservoir #1+""Delta County""+Colorado",Difficult,Low,No,Yes,Non-motorized,False,,39.056964035252584,-107.82324815238253,,,,0,no-project-stocking-record-found
import-public-confirmed,"Public indicator plus official property, survey, or land-manager context",Colorado River,[Purposely Left Blank],Colorado River,21286,1713,Grand,Stream or River,Coldwater,public-indicated,Public-land/property indicator or official property URL is present,Trout: Brown | Trout: Mountain Whitefish | Trout: Rainbow,Kemp Breeze SWA,https://cpw.state.co.us/swa/Kemp%20Breeze%20SWA,https://cpw.state.co.us/thingstodo/Fishery%20Survey%20Summaries/ColoradoRivernearParshall.pdf,Easy,High,Yes,No,None,False,,40.06324565915022,-106.1906933176008,,,,0,no-project-stocking-record-found
import-public-confirmed,"Public indicator plus official property, survey, or land-manager context",Colorado River,Colorado River,Colorado River,21262,605,Grand,Stream or River,Coldwater,public-indicated,Public-land/property indicator or official property URL is present,Trout: Brook | Trout: Brown | Trout: Cutbow | Trout: Mountain Whitefish | Trout: Rainbow,Radium SWA - Fishing Easement,https://cpw.state.co.us/swa/Radium%20SWA,https://cpw.state.co.us/thingstodo/Fishery%20Survey%20Summaries/ColoradoRiverStateBridgeDotsero.pdf,Easy,High,Yes,No,Non-motorized,False,,39.95202734757148,-106.55597637369664,,,,0,no-project-stocking-record-found
import-public-confirmed,"Public indicator plus official property, survey, or land-manager context",Colorado River,Colorado River,Colorado River,19629,1621,Garfield,Stream or River,Mixed coldwater/warmwater,public-indicated,Public-land/property indicator or official property URL is present,Carp: Common | Trout: Brown | Trout: Cutthroat | Trout: Mountain Whitefish | Trout: Rainbow,Upper Colorado River Recreation Area,https://www.blm.gov/visit/upper-colorado-river-recreation-area,"https://www.google.com/search?q=""fishing report""+Colorado River+""Garfield County""+Colorado",Easy,Medium,No,No,Non-motorized,False,,39.56639569389394,-107.42456123705684,,,,1,no-project-stocking-record-found
import-public-confirmed,"Public indicator plus official property, survey, or land-manager context",Colorado River,Colorado River,Colorado River,19637,1806,Eagle,Stream or River,Coldwater,public-indicated,Public-land/property indicator or official property URL is present,Trout: Brown | Trout: Mountain Whitefish | Trout: Rainbow,Upper Colorado River Recreation Area,https://www.blm.gov/visit/upper-colorado-river-recreation-area,"https://www.google.com/search?q=""fishing report""+Colorado River+""Eagle County""+Colorado",Easy,Medium,No,No,Non-motorized,False,,39.69822736196882,-107.0719286879833,,,,0,no-project-stocking-record-found
import-public-confirmed,"Public indicator plus official property, survey, or land-manager context",Colorado River,Colorado River,Colorado River,21250,1807,Eagle,Stream or River,Coldwater,public-indicated,Public-land/property indicator or official property URL is present,Trout: Brown | Trout: Mountain Whitefish | Trout: Rainbow,Upper Colorado River Recreation Area,https://www.blm.gov/visit/upper-colorado-river-recreation-area,"https://www.google.com/search?q=""fishing report""+Colorado River+""Eagle County""+Colorado",Easy,Medium,No,No,Non-motorized,False,,39.80854848806461,-106.95930102672959,,,,1,no-project-stocking-record-found
import-public-confirmed,"Public indicator plus official property, survey, or land-manager context",Colorado River,Colorado River,Colorado River,19617,1712,Garfield,Stream or River,Warmwater,public-indicated,Public-land/property indicator or official property URL is present,Carp: Common | Catfish: Channel,Parachute Ponds SWA,https://cpw.state.co.us/swa/Parachute%20Ponds%20SWA,"https://www.google.com/search?q=""fishing report""+Colorado River+""Garfield County""+Colorado",Easy,Medium,Yes,No,Non-motorized,False,,39.44264037981691,-108.04678590145662,,,,0,no-project-stocking-record-found
import-public-confirmed,"Public indicator plus official property, survey, or land-manager context",Colorado River,Colorado River,Colorado River,19605,1709,Mesa,Stream or River,Warmwater,public-indicated,Public-land/property indicator or official property URL is present,Carp: Common | Catfish: Channel,Loma SWA,https://cpw.state.co.us/placestogo/Parks/jamesmrobbcoloradoriver,"https://www.google.com/search?q=""fishing report""+Colorado River+""Mesa County""+Colorado",Easy,Medium,Yes,No,Motor boats,False,,39.173461027572095,-108.80745120271325,,,,5,no-project-stocking-record-found
import-public-confirmed,"Public indicator plus official property, survey, or land-manager context",Colorado River,Colorado River,Colorado River,21298,642,Grand,Stream or River,Coldwater,public-indicated,Public-land/property indicator or official property URL is present,Trout: Brown | Trout: Rainbow,Hot Sulphur Springs SWA,https://cpw.state.co.us/swa/Hot%20Sulphur%20Springs%20SWA,https://cpw.state.co.us/thingstodo/Fishery%20Survey%20Summaries/ColoradoRivernearParshall.pdf,Easy,High,Yes,No,None,False,,40.04707601674743,-106.13133459476698,,,,1,no-project-stocking-record-found
import-public-confirmed,"Public indicator plus official property, survey, or land-manager context",Colorado River,Colorado River,Colorado River,19718,1573,Grand,Stream or River,Coldwater,public-indicated,Public-land/property indicator or official property URL is present,Trout: Brook,Rocky Mountain National Park - Wilderness,https://www.nps.gov/romo/planyourvisit/fishing.htm,"https://www.google.com/search?q=""fishing report""+Colorado River+""Grand County""+Colorado",Difficult,Medium,No,No,None,False,,40.45102080368403,-105.8476462794957,,,,0,no-project-stocking-record-found
import-public-confirmed,"Public indicator plus official property, survey, or land-manager context",Comanche Lake,Comanche Lake,Comanche Lake,80313,1318,Custer,Water Body,Coldwater,public-indicated,Public-land/property indicator or official property URL is present,Trout: Cutthroat,Sangre De Cristo Wilderness Area,https://www.fs.usda.gov/activity/psicc/recreation/fishing,"https://www.google.com/search?q=""fishing report""+Comanche Lake+""Custer County""+Colorado",Difficult,Low,No,No,Unsure,False,,38.052077581270915,-105.60429993639839,,,,0,no-project-stocking-record-found
import-public-confirmed,"Public indicator plus official property, survey, or land-manager context",Community College Pond,Community College Pond,Community College Pond,54448,462,Adams,Water Body,Warmwater,public-indicated,Public-land/property indicator or official property URL is present,Bass: Largemouth | Catfish: Channel | Sunfish: Bluegill,Big Dry Creek Open Space,"https://www.cityofwestminster.us/ParksRecreation/Parks,TrailsOpenSpace/BigDryCreekPark","https://www.google.com/search?q=""fishing report""+Community College Pond+""Adams County""+Colorado",Easy,Medium,Yes,Unsure,None,False,,39.904921328875574,-105.04145251180537,,,,0,no-project-stocking-record-found
import-public-confirmed,"Public indicator plus official property, survey, or land-manager context",Cone Lake,Cone Lake,Cone Lake,54469,518,Clear Creek,Water Body,Coldwater,public-indicated,Public-land/property indicator or official property URL is present,Trout: Cutthroat,James Peak Wilderness Area,https://www.fs.usda.gov/activity/arp/recreation/fishing,"https://www.google.com/search?q=""fishing report""+Cone Lake+""Clear Creek County""+Colorado",Difficult,Low,No,Yes,None,False,,39.79288160060133,-105.75727911262929,,,,0,no-project-stocking-record-found
import-public-confirmed,"Public indicator plus official property, survey, or land-manager context",Conejos River,Conejos River,Conejos River,39253,1442,Conejos,Stream or River,Coldwater,public-indicated,Public-land/property indicator or official property URL is present,Trout: Brown | Trout: Rainbow,Rio Grande National Forest,https://www.fs.usda.gov/activity/riogrande/recreation/fishing,"https://www.google.com/search?q=""fishing report""+Conejos River+""Conejos County""+Colorado",Medium,Medium,No,No,None,False,,37.241545873415966,-106.47470310397965,,,,0,no-project-stocking-record-found
import-public-confirmed,"Public indicator plus official property, survey, or land-manager context",Conejos River,Conejos River,Conejos River,39241,1809,Conejos,Stream or River,Coldwater,public-indicated,Public-land/property indicator or official property URL is present,Trout: Brown | Trout: Rainbow,Rio Grande National Forest - Aspen Glad Campground,https://www.fs.usda.gov/recarea/riogrande/recreation/recarea/?recid=29490,"https://www.google.com/search?q=""fishing report""+Conejos River+""Conejos County""+Colorado",Medium,Medium,No,No,Unsure,False,,37.07292656142996,-106.27926545379852,,,,1,no-project-stocking-record-found
import-public-confirmed,"Public indicator plus official property, survey, or land-manager context",Connected Lakes,Connected Lakes,Connected Lakes,73950,368,Mesa,Water Body,Warmwater,public-indicated,Public-land/property indicator or official property URL is present,Bass: Largemouth | Carp: Common | Catfish: Black Bullhead | Crappie: Black | Sunfish: Bluegill | Sunfish: Green,James M. Robb-Colorado River State Park - Connected Lakes Section,https://cpw.state.co.us/placestogo/Parks/jamesmrobbcoloradoriver,"https://www.google.com/search?q=""fishing report""+Connected Lakes+""Mesa County""+Colorado",Easy,High,Yes,Yes,Electric,False,,39.0832644899206,-108.61291539819527,,,,0,no-project-stocking-record-found
import-public-confirmed,"Public indicator plus official property, survey, or land-manager context",Cooper Lake,Cooper Lake,Cooper Lake,89119,1203,Hinsdale,Water Body,Coldwater,public-indicated,Public-land/property indicator or official property URL is present,Trout: Brook | Trout: Cutthroat,Red Cloud Peak WSA,https://www.blm.gov/colorado,"https://www.google.com/search?q=""fishing report""+Cooper Lake+""Hinsdale County""+Colorado",Difficult,Low,No,No,None,False,,37.97814042975492,-107.45444766104504,,,,0,no-project-stocking-record-found
import-public-confirmed,"Public indicator plus official property, survey, or land-manager context",Coot Lake,Coot Lake,Coot Lake,61022,198,Boulder,Water Body,Warmwater,public-indicated,Public-land/property indicator or official property URL is present,Bass: Largemouth | Bass: Smallmouth | Catfish: Channel | Crappie: Unspecified | Sunfish: Bluegill,Coot Lake,https://bouldercolorado.gov/locations/coot-lake,"https://www.google.com/search?q=""fishing report""+Coot Lake+""Boulder County""+Colorado",Easy,Medium,Yes,No,None,False,,40.087155070268224,-105.20893578959561,,,,0,no-project-stocking-record-found
import-public-confirmed,"Public indicator plus official property, survey, or land-manager context",Copper Creek,Copper Creek,Copper Creek,39328,1537,Gunnison,Stream or River,Coldwater,public-indicated,Public-land/property indicator or official property URL is present,Trout: Brook,Maroon Bells-Snowmass Wilderness Area,https://www.fs.usda.gov/activity/gmug/recreation/fishing,"https://www.google.com/search?q=""fishing report""+Copper Creek+""Gunnison County""+Colorado",Difficult,Low,No,No,None,False,,38.97123320579417,-106.96415647743412,,,,0,no-project-stocking-record-found
import-public-confirmed,"Public indicator plus official property, survey, or land-manager context",Cottonwood Creek,Cottonwood Creek,Cottonwood Creek,29480,635,Chaffee,Stream or River,Coldwater,public-indicated,Public-land/property indicator or official property URL is present,Trout: Brown,Harmon SWA,https://cpw.state.co.us/swa/Harmon%20SWA,"https://www.google.com/search?q=""fishing report""+Cottonwood Creek+""Chaffee County""+Colorado",Easy,Low,No,No,None,False,,38.831315155818054,-106.17533878096198,,,,0,no-project-stocking-record-found
import-public-confirmed,"Public indicator plus official property, survey, or land-manager context",Cottonwood Creek,Cottonwood Creek,Cottonwood Creek,19782,1461,Mesa,Stream or River,Coldwater,public-indicated,Public-land/property indicator or official property URL is present,Trout: Brook | Trout: Rainbow,Grand Mesa National Forest,https://www.fs.usda.gov/activity/gmug/recreation/fishing,"https://www.google.com/search?q=""fishing report""+Cottonwood Creek+""Mesa County""+Colorado",Medium,Low,No,No,None,False,,39.085156838577035,-107.96878609532989,,,,0,no-project-stocking-record-found
import-public-confirmed,"Public indicator plus official property, survey, or land-manager context","Cottonwood Creek, Middle","Cottonwood Creek, Middle","Cottonwood Creek, Middle",29492,1504,Chaffee,Stream or River,Coldwater,public-indicated,Public-land/property indicator or official property URL is present,Trout: Brook | Trout: Cutthroat,San Isabel National Forest,https://www.fs.usda.gov/activity/psicc/recreation/fishing,"https://www.google.com/search?q=""fishing report""+Cottonwood Creek, Middle+""Chaffee County""+Colorado",Difficult,Low,No,No,None,False,,38.81022270343815,-106.31565762799127,,,,0,no-project-stocking-record-found
import-public-confirmed,"Public indicator plus official property, survey, or land-manager context","Cottonwood Creek, North","Cottonwood Creek, North","Cottonwood Creek, North",29505,1505,Chaffee,Stream or River,Coldwater,public-indicated,Public-land/property indicator or official property URL is present,Trout: Brook | Trout: Brown | Trout: Cutthroat,Collegiate Peaks Wilderness Area,https://www.fs.usda.gov/activity/psicc/recreation/fishing,"https://www.google.com/search?q=""fishing report""+Cottonwood Creek, North+""Chaffee County""+Colorado",Difficult,Low,No,No,None,False,,38.870961926600074,-106.28800053507734,,,,0,no-project-stocking-record-found
import-public-confirmed,"Public indicator plus official property, survey, or land-manager context",Cottonwood Lake,Cottonwood Lake,Cottonwood Lake,57667,1649,Weld,Water Body,Warmwater,public-indicated,Public-land/property indicator or official property URL is present,Bass: Largemouth | Carp: Common | Crappie: Black | Crappie: White | Sunfish: Green,Cottonwood Park,https://greeleygov.com/activities/parks,"https://www.google.com/search?q=""fishing report""+Cottonwood Lake+""Weld County""+Colorado",Easy,Low,Yes,No,None,False,,40.409606985688946,-104.72211604568719,,,,0,no-project-stocking-record-found
import-public-confirmed,"Public indicator plus official property, survey, or land-manager context",Cottonwood Park Lake,Cottonwood Park Lake,Cottonwood Park Lake,57958,25,Jefferson,Water Body,Warmwater,public-indicated,Public-land/property indicator or official property URL is present,Bass: Largemouth | Catfish: Channel | Crappie: Black | Perch: Yellow | Sunfish: Bluegill | Sunfish: Green | Sunfish: Pumpkinseed,Cottonwood Park,https://www.lakewood.org/Government/Departments/Community-Resources/Parks-Forestry-and-Open-Space/A-to-Z-Park-Listing/Cottonwood-Park,"https://www.google.com/search?q=""fishing report""+Cottonwood Park Lake+""Jefferson County""+Colorado",Easy,Medium,Yes,No,None,False,,39.68040904291236,-105.11574348583936,,,,0,no-project-stocking-record-found
import-public-confirmed,"Public indicator plus official property, survey, or land-manager context",Cow Creek,Cow Creek,Cow Creek,10669,1485,Boulder,Stream or River,Coldwater,public-indicated,Public-land/property indicator or official property URL is present,Trout: Brook | Trout: Brown | Trout: Cutthroat,North St. Vrain RNA,https://www.fs.usda.gov/activity/arp/recreation/fishing,"https://www.google.com/search?q=""fishing report""+Cow Creek+""Boulder County""+Colorado",Medium,Low,No,No,None,False,,40.223135461629006,-105.4754104050346,,,,0,no-project-stocking-record-found
import-public-confirmed,"Public indicator plus official property, survey, or land-manager context",Cow Creek,Cow Creek,Cow Creek,39380,1563,Ouray,Stream or River,Coldwater,public-indicated,Public-land/property indicator or official property URL is present,Trout: Cutthroat,Uncompahgre National Forest,https://www.fs.usda.gov/activity/gmug/recreation/fishing,"https://www.google.com/search?q=""fishing report""+Cow Creek+""Ouray County""+Colorado",Medium,Low,No,No,None,False,,38.09513440816121,-107.60985701008822,,,,0,no-project-stocking-record-found
import-public-confirmed,"Public indicator plus official property, survey, or land-manager context",Craig Creek,Craig Creek,Craig Creek,10695,1378,Park,Stream or River,Coldwater,public-indicated,Public-land/property indicator or official property URL is present,Trout: Brook,Lost Creek Wilderness Area,https://www.fs.usda.gov/activity/psicc/recreation/fishing,"https://www.google.com/search?q=""fishing report""+Craig Creek+""Park County""+Colorado",Medium,Low,No,No,None,False,,39.33452485387195,-105.46890588911523,,,,0,no-project-stocking-record-found
import-public-confirmed,"Public indicator plus official property, survey, or land-manager context","Crater Lake #1, Upper",[Purposely Left Blank],"Crater Lake #1, Upper",54510,243,Gilpin,Water Body,Coldwater,public-indicated,Public-land/property indicator or official property URL is present,Trout: Cutthroat,James Peak Wilderness Area,https://www.fs.usda.gov/activity/arp/recreation/fishing,https://cpw.state.co.us/thingstodo/Fishery%20Survey%20Summaries/JamesPeakWildernessLakes.pdf,Difficult,Low,No,No,Non-motorized,False,,39.900666288232934,-105.68343537563929,,,,0,no-project-stocking-record-found
import-public-confirmed,"Public indicator plus official property, survey, or land-manager context","Crater Lake #3, Mid South",[Purposely Left Blank],"Crater Lake #3, Mid South",54546,57,Gilpin,Water Body,Coldwater,public-indicated,Public-land/property indicator or official property URL is present,Trout: Brook | Trout: Splake,James Peak Wilderness Area,https://www.fs.usda.gov/activity/arp/recreation/fishing,https://cpw.state.co.us/thingstodo/Fishery%20Survey%20Summaries/JamesPeakWildernessLakes.pdf,Difficult,Low,No,No,Non-motorized,False,,39.89573526765787,-105.67709907195183,,,,0,no-project-stocking-record-found
import-public-confirmed,"Public indicator plus official property, survey, or land-manager context","Crater Lake #4, Lower",[Purposely Left Blank],"Crater Lake #4, Lower",54522,308,Gilpin,Water Body,Coldwater,public-indicated,Public-land/property indicator or official property URL is present,Trout: Brook,James Peak Wilderness Area,https://www.fs.usda.gov/activity/arp/recreation/fishing,"https://www.google.com/search?q=""fishing report""+Crater Lake #4, Lower+""Gilpin County""+Colorado",Difficult,Low,No,No,Non-motorized,False,,39.896093804616946,-105.66975992231883,,,,0,no-project-stocking-record-found
import-public-confirmed,"Public indicator plus official property, survey, or land-manager context",Crater Lakes,Crater Lakes,"Crater Lake #2, Mid North",54534,268,Gilpin,Water Body,Coldwater,public-indicated,Public-land/property indicator or official property URL is present,Trout: Brook,James Peak Wilderness Area,https://www.fs.usda.gov/activity/arp/recreation/fishing,https://cpw.state.co.us/thingstodo/Fishery%20Survey%20Summaries/JamesPeakWildernessLakes.pdf,Difficult,Low,No,No,Non-motorized,False,,39.89757623148694,-105.67537542590718,,,,0,no-project-stocking-record-found
import-public-confirmed,"Public indicator plus official property, survey, or land-manager context",Croke Lake,Croke Lake,Croke Lake,60640,193,Adams,Water Body,Warmwater,public-indicated,Public-land/property indicator or official property URL is present,Bass: Largemouth | Catfish: Channel | Sunfish: Bluegill,Hugh Danahy Park/Croke Reservoir,https://www.northglenn.org/rec_and_events/parks_and_open_space/croke_reservoir_nature_area.php,"https://www.google.com/search?q=""fishing report""+Croke Lake+""Adams County""+Colorado",Easy,Low,Yes,No,None,False,,39.88935199872772,-104.99840893187292,,,,0,no-project-stocking-record-found
import-public-confirmed,"Public indicator plus official property, survey, or land-manager context",Crosho Lake,Crosho Lake,Crosho Lake,66111,1108,Rio Blanco,Water Body,Coldwater,public-indicated,Public-land/property indicator or official property URL is present,Grayling: Arctic | Trout: Cutthroat,Routt National Forest,https://www.fs.usda.gov/activity/mbr/recreation/fishing,"https://www.google.com/search?q=""fishing report""+Crosho Lake+""Rio Blanco County""+Colorado",Medium,Medium,Yes,Yes,Electric,False,,40.17275802006602,-107.05640623735324,,,,0,no-project-stocking-record-found
import-public-confirmed,"Public indicator plus official property, survey, or land-manager context",Crown Hill Lake,Crown Hill Lake,Crown Hill Lake,57833,221,Jefferson,Water Body,Warmwater,public-indicated,Public-land/property indicator or official property URL is present,Bass: Largemouth | Carp: Common | Catfish: Channel | Crappie: Black | Perch: Saugeye | Perch: Yellow | Sunfish: Bluegill | Sunfish: Green,Crown Hill Park,https://www.jeffco.us/1207/Crown-Hill-Park,"https://www.google.com/search?q=""fishing report""+Crown Hill Lake+""Jefferson County""+Colorado",Easy,Medium,Yes,No,None,False,,39.75760818254855,-105.10250959670185,,,,0,no-project-stocking-record-found
import-public-confirmed,"Public indicator plus official property, survey, or land-manager context",Crystal Reservoir,Crystal Reservoir,Crystal Reservoir,94146,1096,Montrose,Water Body,Coldwater,public-indicated,Public-land/property indicator or official property URL is present,Salmon: Kokanee | Trout: Brown | Trout: Lake | Trout: Rainbow,Curecanti National Recreation Area,https://www.nps.gov/cure/planyourvisit/fishing.htm,"https://www.google.com/search?q=""fishing report""+Crystal Reservoir+""Montrose County""+Colorado",Difficult,Medium,No,No,Non-motorized,False,,38.497037001122884,-107.60331578990464,,,,0,no-project-stocking-record-found
import-public-confirmed,"Public indicator plus official property, survey, or land-manager context",Crystal River,Crystal River,Crystal River,19869,608,Gunnison,Stream or River,Coldwater,public-indicated,Public-land/property indicator or official property URL is present,Trout: Brook | Trout: Brown | Trout: Rainbow,Beaver Lake SWA - Fishing Easement ,https://cpw.state.co.us/swa/Beaver%20Lake%20SWA,"https://www.google.com/search?q=""fishing report""+Crystal River+""Gunnison County""+Colorado",Medium,Medium,Yes,No,None,False,,39.069526068154744,-107.18411432511662,,,,0,no-project-stocking-record-found
import-public-confirmed,"Public indicator plus official property, survey, or land-manager context",Crystal River,Crystal River,Crystal River,19871,1441,Pitkin,Stream or River,Coldwater,public-indicated,Public-land/property indicator or official property URL is present,Trout: Brown | Trout: Mountain Whitefish | Trout: Rainbow,White River National Forest,https://www.fs.usda.gov/activity/whiteriver/recreation/fishing,"https://www.google.com/search?q=""fishing report""+Crystal River+""Pitkin County""+Colorado",Medium,Medium,Yes,No,None,False,,39.143582664222336,-107.2559501441903,,,,0,no-project-stocking-record-found
import-public-confirmed,"Public indicator plus official property, survey, or land-manager context",Curecanti Creek,Curecanti Creek,Curecanti Creek,39518,1539,Gunnison,Stream or River,Coldwater,public-indicated,Public-land/property indicator or official property URL is present,Trout: Brook | Trout: Cutthroat | Trout: Rainbow,Gunnison National Forest,https://www.fs.usda.gov/activity/gmug/recreation/fishing,"https://www.google.com/search?q=""fishing report""+Curecanti Creek+""Gunnison County""+Colorado",Difficult,Low,No,No,None,False,,38.661783605935156,-107.37932021085278,,,,0,no-project-stocking-record-found
import-public-confirmed,"Public indicator plus official property, survey, or land-manager context",De Camp Reservoir,De Camp Reservoir,De Camp Reservoir,73267,696,Mesa,Water Body,Coldwater,public-indicated,Public-land/property indicator or official property URL is present,Trout: Brook,Grand Mesa National Forest,https://www.fs.usda.gov/activity/gmug/recreation/fishing,"https://www.google.com/search?q=""fishing report""+De Camp Reservoir+""Mesa County""+Colorado",Medium,Low,No,No,Non-motorized,False,,39.07954189228095,-107.96659378113353,,,,0,no-project-stocking-record-found
import-public-confirmed,"Public indicator plus official property, survey, or land-manager context",Deadman Creek,Deadman Creek,Deadman Creek,10760,1465,Larimer,Stream or River,Coldwater,public-indicated,Public-land/property indicator or official property URL is present,Trout: Brook | Trout: Brown,Roosevelt National Forest,https://www.fs.usda.gov/activity/arp/recreation/fishing,"https://www.google.com/search?q=""fishing report""+Deadman Creek+""Larimer County""+Colorado",Easy,Low,No,No,None,False,,40.799731236621305,-105.80928255927414,,,,0,no-project-stocking-record-found
import-public-confirmed,"Public indicator plus official property, survey, or land-manager context",Deadman Lake #2 (upper),[Purposely Left Blank],Deadman Lake #2 (upper),89400,1095,Saguache,Water Body,Coldwater,public-indicated,Public-land/property indicator or official property URL is present,Trout: Cutthroat,Sangre De Cristo Wilderness Area/Deadman Creek RNA,https://www.fs.usda.gov/activity/riogrande/recreation/fishing,"https://www.google.com/search?q=""fishing report""+Deadman Lake #2 (upper)+""Saguache County""+Colorado",Difficult,Low,No,No,Non-motorized,False,,37.909917395896244,-105.55219721243992,,,,0,no-project-stocking-record-found
import-public-confirmed,"Public indicator plus official property, survey, or land-manager context",Deep Creek,Deep Creek,Deep Creek,19922,1549,Garfield,Stream or River,Coldwater,public-indicated,Public-land/property indicator or official property URL is present,Trout: Brook,White River National Forest,https://www.fs.usda.gov/activity/whiteriver/recreation/fishing,"https://www.google.com/search?q=""fishing report""+Deep Creek+""Garfield County""+Colorado",Medium,Medium,Yes,No,None,False,,39.749390071450065,-107.2501700108514,,,,0,no-project-stocking-record-found
import-public-confirmed,"Public indicator plus official property, survey, or land-manager context",Deep Lake,Deep Lake,Deep Lake,54572,89,Boulder,Water Body,Coldwater,public-indicated,Public-land/property indicator or official property URL is present,Trout: Cutthroat,Indian Peaks Wilderness Area,https://www.fs.usda.gov/activity/arp/recreation/fishing,"https://www.google.com/search?q=""fishing report""+Deep Lake+""Boulder County""+Colorado",Difficult,Low,No,No,Non-motorized,False,,40.000253056140465,-105.67050789196375,,,,0,no-project-stocking-record-found
import-public-confirmed,"Public indicator plus official property, survey, or land-manager context",Deep Slough Lake,Deep Slough Lake,Deep Slough Lake,89462,712,Delta,Water Body,Coldwater,public-indicated,Public-land/property indicator or official property URL is present,Trout: Brook | Trout: Tiger,Grand Mesa National Forest,https://www.fs.usda.gov/activity/gmug/recreation/fishing,"https://www.google.com/search?q=""fishing report""+Deep Slough Lake+""Delta County""+Colorado",Medium,Medium,No,Yes,Non-motorized,False,,39.02831080865301,-107.98990286278227,,,,0,no-project-stocking-record-found
import-public-confirmed,"Public indicator plus official property, survey, or land-manager context",Deer Creek,Deer Creek,Deer Creek,10796,1377,Park,Stream or River,Coldwater,public-indicated,Public-land/property indicator or official property URL is present,Trout: Brook | Trout: Brown,Pike National Forest,https://www.fs.usda.gov/activity/psicc/recreation/fishing,"https://www.google.com/search?q=""fishing report""+Deer Creek+""Park County""+Colorado",Medium,Low,No,No,None,False,,39.5084202504035,-105.55645079998891,,,,0,no-project-stocking-record-found
import-public-confirmed,"Public indicator plus official property, survey, or land-manager context","Delaney Buttes Lake, East","Delaney Buttes Lake, East","Delaney Buttes Lake, East",54596,393,Jackson,Water Body,Coldwater,public-indicated,Public-land/property indicator or official property URL is present,Trout: Brown | Trout: Cutbow | Trout: Rainbow,Delaney Butte Lakes SWA,https://cpw.state.co.us/swa/Delaney%20Butte%20Lakes%20SWA,https://cpw.state.co.us/thingstodo/Fishery%20Survey%20Summaries/EastDelaneyButtesLake.pdf,Easy,High,Yes,Yes,Motor boats,False,,40.70739345737384,-106.45314686002902,,,,0,no-project-stocking-record-found
import-public-confirmed,"Public indicator plus official property, survey, or land-manager context","Delaney Buttes Lake, North","Delaney Buttes Lake, North","Delaney Buttes Lake, North",54609,392,Jackson,Water Body,Coldwater,public-indicated,Public-land/property indicator or official property URL is present,Trout: Brown | Trout: Cutbow | Trout: Rainbow,Delaney Butte Lakes SWA,https://cpw.state.co.us/swa/Delaney%20Butte%20Lakes%20SWA,https://cpw.state.co.us/thingstodo/Fishery%20Survey%20Summaries/NorthDelaneyButtesLake.pdf,Easy,High,Yes,Yes,Motor boats,False,,40.71796561764149,-106.46388816410327,,,,0,no-project-stocking-record-found
import-public-confirmed,"Public indicator plus official property, survey, or land-manager context","Delaney Buttes Lake, South","Delaney Buttes Lake, South","Delaney Buttes Lake, South",54611,394,Jackson,Water Body,Coldwater,public-indicated,Public-land/property indicator or official property URL is present,Trout: Brown | Trout: Cutbow | Trout: Rainbow | Trout: Snake River Cutthroat,Delaney Butte Lakes SWA,https://cpw.state.co.us/swa/Delaney%20Butte%20Lakes%20SWA,https://cpw.state.co.us/thingstodo/Fishery%20Survey%20Summaries/SouthDelaneyButtesLake.pdf,Easy,High,Yes,Yes,Motor boats,False,,40.701571570153384,-106.46182704615919,,,,0,no-project-stocking-record-found
import-public-confirmed,"Public indicator plus official property, survey, or land-manager context",DePoorter Lake,DePoorter Lake,DePoorter Lake,54615,1327,Sedgwick,Water Body,Warmwater,public-indicated,Public-land/property indicator or official property URL is present,Bass: Largemouth | Catfish: Channel | Sunfish: Bluegill | Sunfish: Green,DePoorter Lake,https://townofjulesburg.com/recreation/parks/,https://cpw.state.co.us/thingstodo/Fishery%20Survey%20Summaries/DepoortersLake.pdf,Easy,Medium,Yes,No,None,False,,40.98423711192808,-102.25014590336033,,,,0,no-project-stocking-record-found
import-public-confirmed,"Public indicator plus official property, survey, or land-manager context","Derby Creek, Middle Fork","Derby Creek, Middle Fork","Derby Creek, Middle Fork",19984,1550,Garfield,Stream or River,Coldwater,public-indicated,Public-land/property indicator or official property URL is present,Trout: Brook | Trout: Cutthroat,Flat Tops Wilderness Area,https://www.fs.usda.gov/activity/whiteriver/recreation/fishing,"https://www.google.com/search?q=""fishing report""+Derby Creek, Middle Fork+""Garfield County""+Colorado",Difficult,Low,No,No,None,False,,39.94632160486367,-107.14156701137804,,,,0,no-project-stocking-record-found
import-public-confirmed,"Public indicator plus official property, survey, or land-manager context",Devils Thumb Lake,Devils Thumb Lake,Devils Thumb Lake,54623,29,Boulder,Water Body,Coldwater,public-indicated,Public-land/property indicator or official property URL is present,Trout: Cutthroat,Indian Peaks Wilderness Area,https://www.fs.usda.gov/activity/arp/recreation/fishing,https://cpw.state.co.us/thingstodo/Fishery%20Survey%20Summaries/IndianPeaksWildernessLakes.pdf,Difficult,Low,No,No,Non-motorized,False,,39.974179065393734,-105.67851274173128,,,,0,no-project-stocking-record-found
import-public-confirmed,"Public indicator plus official property, survey, or land-manager context","Diamond Lake, Lower","Diamond Lake, Lower","Diamond Lake, Lower",54635,183,Boulder,Water Body,Coldwater,public-indicated,Public-land/property indicator or official property URL is present,Trout: Brook | Trout: Cutthroat | Trout: Splake,Indian Peaks Wilderness Area,https://www.fs.usda.gov/activity/arp/recreation/fishing,https://cpw.state.co.us/thingstodo/Fishery%20Survey%20Summaries/IndianPeaksWildernessLakes.pdf,Difficult,Low,No,No,Non-motorized,False,,39.99264558358945,-105.65009872117245,,,,0,no-project-stocking-record-found
import-public-confirmed,"Public indicator plus official property, survey, or land-manager context","Diamond Lake, Upper","Diamond Lake, Upper","Diamond Lake, Upper",54647,270,Boulder,Water Body,Coldwater,public-indicated,Public-land/property indicator or official property URL is present,Trout: Cutthroat,Indian Peaks Wilderness Area,https://www.fs.usda.gov/activity/arp/recreation/fishing,https://cpw.state.co.us/thingstodo/Fishery%20Survey%20Summaries/IndianPeaksWildernessLakes.pdf,Difficult,Low,No,No,Non-motorized,False,,39.99165366250472,-105.67313472126304,,,,0,no-project-stocking-record-found
import-public-confirmed,"Public indicator plus official property, survey, or land-manager context",Dirty George Creek,Dirty George Creek,Dirty George Creek,38564,1451,Delta,Stream or River,Coldwater,public-indicated,Public-land/property indicator or official property URL is present,Trout: Brook | Trout: Cutthroat,Grand Mesa National Forest,https://www.fs.usda.gov/activity/gmug/recreation/fishing,"https://www.google.com/search?q=""fishing report""+Dirty George Creek+""Delta County""+Colorado",Medium,Low,No,No,None,False,,38.991876587290406,-108.04874306725434,,,,0,no-project-stocking-record-found
import-public-confirmed,"Public indicator plus official property, survey, or land-manager context",Dixon Lake,Dixon Lake,Dixon Lake,57275,395,Larimer,Water Body,Warmwater,public-indicated,Public-land/property indicator or official property URL is present,Bass: Largemouth | Catfish: Channel | Crappie: Black | Sunfish: Bluegill | Sunfish: Pumpkinseed,Pineridge Natural Area,https://www.fcgov.com/naturalareas/finder/pineridge,"https://www.google.com/search?q=""fishing report""+Dixon Lake+""Larimer County""+Colorado",Medium,Medium,Yes,No,Non-motorized,False,,40.55199876777177,-105.14123731966644,,,,0,no-project-stocking-record-found
import-public-confirmed,"Public indicator plus official property, survey, or land-manager context",Dolores River #3B,Dolores River #3B,Dolores River,48179,1811,Montezuma,Stream or River,Coldwater,public-indicated,Public-land/property indicator or official property URL is present,Trout: Brown | Trout: Cutthroat | Trout: Rainbow | Trout: Snake River Cutthroat,Lone Dome SWA,https://cpw.state.co.us/state-wildlife-areas/lone-dome-swa,"http://www.google.com/search?q=""fishing report""+Dolores River+""Montezuma County""+Colorado",Easy,Medium,Yes,No,Non-motorized,False,,37.608258084320646,-108.62771024398789,,,,1,no-project-stocking-record-found
import-public-confirmed,"Public indicator plus official property, survey, or land-manager context",Doughspoon Reservoir #1,Doughspoon Reservoir #1,Doughspoon Reservoir #1,89676,705,Delta,Water Body,Coldwater,public-indicated,Public-land/property indicator or official property URL is present,Trout: Brook,Grand Mesa National Forest,https://www.fs.usda.gov/activity/gmug/recreation/fishing,"https://www.google.com/search?q=""fishing report""+Doughspoon Reservoir #1+""Delta County""+Colorado",Medium,Low,No,Yes,Non-motorized,False,,38.8995452012348,-108.12678461449904,,,,0,no-project-stocking-record-found
import-public-confirmed,"Public indicator plus official property, survey, or land-manager context","Douglas Creek, East","Douglas Creek, East","Douglas Creek, East",20237,1581,Rio Blanco,Stream or River,Coldwater,public-indicated,Public-land/property indicator or official property URL is present,Trout: Cutthroat,US Bureau of Land Management,https://www.blm.gov/colorado,"https://www.google.com/search?q=""fishing report""+Douglas Creek, East+""Rio Blanco County""+Colorado",Medium,Low,No,No,None,False,,39.83205540468582,-108.69221440807301,,,,0,no-project-stocking-record-found
import-public-confirmed,"Public indicator plus official property, survey, or land-manager context","Dry Lake, Middle",[Purposely Left Blank],"Dry Lake, Middle",80387,1178,Custer,Water Body,Coldwater,public-indicated,Public-land/property indicator or official property URL is present,Trout: Cutthroat,Sangre De Cristo Wilderness Area,https://www.fs.usda.gov/activity/psicc/recreation/fishing,"https://www.google.com/search?q=""fishing report""+Dry Lake, Middle+""Custer County""+Colorado",Difficult,Low,No,No,Unsure,False,,38.03054823146604,-105.58621926260392,,,,0,no-project-stocking-record-found
import-public-confirmed,"Public indicator plus official property, survey, or land-manager context","Dry Lake, Upper",[Purposely Left Blank],"Dry Lake, Upper",80399,1132,Custer,Water Body,Coldwater,public-indicated,Public-land/property indicator or official property URL is present,Trout: Cutthroat,Sangre De Cristo Wilderness Area,https://www.fs.usda.gov/activity/psicc/recreation/fishing,"https://www.google.com/search?q=""fishing report""+Dry Lake, Upper+""Custer County""+Colorado",Difficult,Low,No,No,Unsure,False,,38.02900973691538,-105.59316540289336,,,,0,no-project-stocking-record-found
import-public-confirmed,"Public indicator plus official property, survey, or land-manager context",Dry Lakes,Dry Lakes,"Dry Lake, Lower",80375,1306,Custer,Water Body,Coldwater,public-indicated,Public-land/property indicator or official property URL is present,Trout: Cutthroat,Sangre De Cristo Wilderness Area,https://www.fs.usda.gov/activity/psicc/recreation/fishing,"https://www.google.com/search?q=""fishing report""+Dry Lake, Lower+""Custer County""+Colorado",Difficult,Low,No,No,Unsure,False,,38.03030993129966,-105.58217495377001,,,,0,no-project-stocking-record-found
import-public-confirmed,"Public indicator plus official property, survey, or land-manager context",Duck Creek,Duck Creek,Duck Creek,10811,1386,Park,Stream or River,Coldwater,public-indicated,Public-land/property indicator or official property URL is present,Trout: Brook,Pike National Forest,https://www.fs.usda.gov/activity/psicc/recreation/fishing,"https://www.google.com/search?q=""fishing report""+Duck Creek+""Park County""+Colorado",Medium,Low,No,No,None,False,,39.557910778492484,-105.72116064342548,,,,0,no-project-stocking-record-found
import-public-confirmed,"Public indicator plus official property, survey, or land-manager context",Dudes Hole Lake,Dudes Hole Lake,Dudes Hole Lake,58380,207,Gilpin,Water Body,Coldwater,public-indicated,Public-land/property indicator or official property URL is present,Trout: Brown | Trout: Rainbow,Golden Gate Canyon State Park,https://cpw.state.co.us/placestogo/Parks/goldengatecanyon,"https://www.google.com/search?q=""fishing report""+Dudes Hole Lake+""Gilpin County""+Colorado",Medium,Low,No,Yes,Non-motorized,False,,39.860746068100916,-105.4135920509354,,,,0,no-project-stocking-record-found
import-public-confirmed,"Public indicator plus official property, survey, or land-manager context",Duke Lake,Duke Lake,Duke Lake,73965,370,Mesa,Water Body,Warmwater,public-indicated,Public-land/property indicator or official property URL is present,Bass: Largemouth | Carp: Common | Crappie: Black | Sunfish: Bluegill | Sunfish: Green,James M. Robb-Colorado River State Park - Connected Lakes Section,https://cpw.state.co.us/placestogo/Parks/jamesmrobbcoloradoriver,"https://www.google.com/search?q=""fishing report""+Duke Lake+""Mesa County""+Colorado",Easy,High,Yes,Yes,Electric,False,,39.07847812378359,-108.60919285781131,,,,0,no-project-stocking-record-found
import-public-confirmed,"Public indicator plus official property, survey, or land-manager context","Echo Lake, Little","Echo Lake, Little","Echo Lake, Little",54724,246,Gilpin,Water Body,Coldwater,public-indicated,Public-land/property indicator or official property URL is present,Trout: Brook,James Peak Wilderness Area,https://www.fs.usda.gov/recarea/arp/recreation/fishing/recarea/?recid=28362&actid=42,https://cpw.state.co.us/thingstodo/Fishery%20Survey%20Summaries/JamesPeakWildernessLakes.pdf,Medium,Low,No,No,Non-motorized,False,,39.859685661797194,-105.66949158296705,,,,0,no-project-stocking-record-found
import-public-confirmed,"Public indicator plus official property, survey, or land-manager context",Eggleston Lake Little,Eggleston Lake Little,Eggleston Lake Little,89789,709,Delta,Water Body,Coldwater,public-indicated,Public-land/property indicator or official property URL is present,Trout: Brook | Trout: Cutthroat,Grand Mesa National Forest,https://www.fs.usda.gov/activity/gmug/recreation/fishing,"https://www.google.com/search?q=""fishing report""+Eggleston Lake Little+""Delta County""+Colorado",Medium,Medium,No,Yes,Non-motorized,False,,39.05336134607916,-107.92893161101286,,,,0,no-project-stocking-record-found
import-public-confirmed,"Public indicator plus official property, survey, or land-manager context",Elk Creek,Elk Creek,Elk Creek,39936,1513,Conejos,Stream or River,Coldwater,public-indicated,Public-land/property indicator or official property URL is present,Trout: Brook | Trout: Brown | Trout: Cutthroat,Rio Grande National Forest,https://www.fs.usda.gov/activity/riogrande/recreation/fishing,"https://www.google.com/search?q=""fishing report""+Elk Creek+""Conejos County""+Colorado",Medium,Medium,No,No,None,False,,37.12475186338373,-106.3668360681674,,,,0,no-project-stocking-record-found
import-public-confirmed,"Public indicator plus official property, survey, or land-manager context",Elk Creek,Elk Creek,Elk Creek,20115,1511,Garfield,Stream or River,Coldwater,public-indicated,Public-land/property indicator or official property URL is present,Trout: Brook | Trout: Brown | Trout: Cutthroat | Trout: Rainbow,White River National Forest,https://www.fs.usda.gov/activity/whiteriver/recreation/fishing,"https://www.google.com/search?q=""fishing report""+Elk Creek+""Garfield County""+Colorado",Difficult,Low,No,No,None,False,,39.68226113295677,-107.57800060763138,,,,0,no-project-stocking-record-found
import-public-confirmed,"Public indicator plus official property, survey, or land-manager context",Elk Falls Pond,Elk Falls Pond,Elk Falls Pond,80396,1801,Park,Water Body,Coldwater,public-indicated,Public-land/property indicator or official property URL is present,Trout: Brook,Staunton State Park,https://cpw.state.co.us/placestogo/parks/Staunton,"https://www.google.com/search?q=""fishing report""+Elk Falls Pond+""Park County""+Colorado",Medium,Low,No,Limited,None,False,,39.51457570125288,-105.42002333080289,,,,0,no-project-stocking-record-found
import-public-confirmed,"Public indicator plus official property, survey, or land-manager context",Elk Park Reservoir,Elk Park Reservoir,Elk Park Reservoir,89830,716,Delta,Water Body,Coldwater,public-indicated,Public-land/property indicator or official property URL is present,Trout: Brook | Trout: Cutthroat,Grand Mesa National Forest,https://www.fs.usda.gov/activity/gmug/recreation/fishing,"https://www.google.com/search?q=""fishing report""+Elk Park Reservoir+""Delta County""+Colorado",Medium,Low,No,Yes,Non-motorized,False,,39.04599075220481,-107.8879713832261,,,,0,no-project-stocking-record-found
import-public-confirmed,"Public indicator plus official property, survey, or land-manager context",Elk River,Elk River,Elk River,20177,1585,Routt,Stream or River,Coldwater,public-indicated,Public-land/property indicator or official property URL is present,Trout: Brown | Trout: Cutthroat | Trout: Rainbow,Routt National Forest,https://www.fs.usda.gov/activity/mbr/recreation/fishing,"https://www.google.com/search?q=""fishing report""+Elk River+""Routt County""+Colorado",Medium,High,No,No,None,False,,40.75981566956344,-106.79605407805509,,,,0,no-project-stocking-record-found
import-public-confirmed,"Public indicator plus official property, survey, or land-manager context",Elk River #1,Elk River #1,Elk River,20165,1810,Routt,Stream or River,Coldwater,public-indicated,Public-land/property indicator or official property URL is present,Trout: Mountain Whitefish | Trout: Rainbow,Christina SWA,https://cpw.state.co.us/state-wildlife-areas/christina-swa-fishing-easement-elk-river,"http://www.google.com/search?q=""fishing report""+Elk River+""Routt County""+Colorado",Easy,Medium,No,No,None,False,,40.58131821521658,-106.89773527709166,,,,0,no-project-stocking-record-found
import-public-confirmed,"Public indicator plus official property, survey, or land-manager context","Elk River, North Fork","Elk River, North Fork","Elk River, North Fork",20189,1586,Routt,Stream or River,Coldwater,public-indicated,Public-land/property indicator or official property URL is present,Trout: Brook | Trout: Brown | Trout: Cutthroat,Routt National Forest,https://www.fs.usda.gov/activity/mbr/recreation/fishing,"https://www.google.com/search?q=""fishing report""+Elk River, North Fork+""Routt County""+Colorado",Difficult,Medium,No,No,None,False,,40.81476140311376,-106.77817427833793,,,,0,no-project-stocking-record-found
import-public-confirmed,"Public indicator plus official property, survey, or land-manager context","Elk River, South Fork","Elk River, South Fork","Elk River, South Fork",20191,1594,Routt,Stream or River,Coldwater,public-indicated,Public-land/property indicator or official property URL is present,Trout: Brook | Trout: Cutthroat,Routt National Forest,https://www.fs.usda.gov/activity/mbr/recreation/fishing,"https://www.google.com/search?q=""fishing report""+Elk River, South Fork+""Routt County""+Colorado",Difficult,Low,No,No,None,False,,40.76383120326063,-106.74926767737283,,,,0,no-project-stocking-record-found
import-public-confirmed,"Public indicator plus official property, survey, or land-manager context",Emerald Lake,Emerald Lake,Emerald Lake,80402,762,Lake,Water Body,Coldwater,public-indicated,Public-land/property indicator or official property URL is present,Trout: Cutbow | Trout: Rainbow,San Isabel National Forest,https://www.fs.usda.gov/activity/psicc/recreation/fishing,"https://www.google.com/search?q=""fishing report""+Emerald Lake+""Lake County""+Colorado",Easy,Medium,Yes,Yes,Non-motorized,False,,39.15163743414079,-106.4061390767315,,,,0,no-project-stocking-record-found
import-public-confirmed,"Public indicator plus official property, survey, or land-manager context",Emerald Lake,Emerald Lake,Emerald Lake,89866,547,Hinsdale,Water Body,Coldwater,public-indicated,Public-land/property indicator or official property URL is present,Trout: Cutbow | Trout: Cutthroat | Trout: Rainbow,Weminuche Wilderness Area,https://www.fs.usda.gov/activity/sanjuan/recreation/fishing,"https://www.google.com/search?q=""fishing report""+Emerald Lake+""Hinsdale County""+Colorado",Difficult,Low,No,No,Non-motorized,False,,37.55295530695873,-107.44661975423564,,,,0,no-project-stocking-record-found
import-public-confirmed,"Public indicator plus official property, survey, or land-manager context","Emerald Lake, Little","Emerald Lake, Little","Emerald Lake, Little",94083,473,Hinsdale,Water Body,Coldwater,public-indicated,Public-land/property indicator or official property URL is present,Trout: Cutbow | Trout: Cutthroat | Trout: Rainbow,Weminuche Wilderness Area,https://www.fs.usda.gov/activity/sanjuan/recreation/fishing,"https://www.google.com/search?q=""fishing report""+Emerald Lake, Little+""Hinsdale County""+Colorado",Difficult,Low,No,No,Non-motorized,False,,37.543793480980845,-107.44378159626575,,,,0,no-project-stocking-record-found
import-public-confirmed,"Public indicator plus official property, survey, or land-manager context",Empire Gulch,Empire Gulch,Empire Gulch,29719,629,Lake,Stream or River,Coldwater,public-indicated,Public-land/property indicator or official property URL is present,Trout: Brook,Paddock SWA,https://cpw.state.co.us/swa/Paddock%20SWA,"https://www.google.com/search?q=""fishing report""+Empire Gulch+""Lake County""+Colorado",Difficult,Low,No,No,None,False,,39.204043352400085,-106.21018154993585,,,,0,no-project-stocking-record-found
import-public-confirmed,"Public indicator plus official property, survey, or land-manager context",Engineers Lake,Engineers Lake,Engineer Lake,57960,522,Adams,Water Body,Warmwater,public-indicated,Public-land/property indicator or official property URL is present,Bass: Largemouth | Catfish: Black Bullhead | Catfish: Channel,Engineer Lake,https://www.adcogov.org/trails-trailheads,"https://www.google.com/search?q=""fishing report""+Engineer Lake+""Adams County""+Colorado",Medium,Low,Yes,No,None,False,,39.829320564868645,-104.94624547102144,,,,0,no-project-stocking-record-found
import-public-confirmed,"Public indicator plus official property, survey, or land-manager context",Ethel Lake,Ethel Lake,Ethel Lake,54813,587,Clear Creek,Water Body,Coldwater,public-indicated,Public-land/property indicator or official property URL is present,Trout: Cutthroat,James Peak Wilderness Area,https://www.fs.usda.gov/activity/arp/recreation/fishing,"https://www.google.com/search?q=""fishing report""+Ethel Lake+""Clear Creek County""+Colorado",Difficult,Low,No,No,Non-motorized,False,,39.80605004671777,-105.7322629498697,,,,0,no-project-stocking-record-found
import-public-confirmed,"Public indicator plus official property, survey, or land-manager context",Eureka Lake,Eureka Lake,Eureka Lake,80426,1241,Custer,Water Body,Coldwater,public-indicated,Public-land/property indicator or official property URL is present,Trout: Cutthroat,Sangre De Cristo Wilderness Area,https://www.fs.usda.gov/activity/psicc/recreation/fishing,"https://www.google.com/search?q=""fishing report""+Eureka Lake+""Custer County""+Colorado",Difficult,Low,No,No,Unsure,False,,38.084201593226936,-105.63637578560103,,,,0,no-project-stocking-record-found
import-public-confirmed,"Public indicator plus official property, survey, or land-manager context",Exposition Park Pond,Exposition Park Pond,Exposition Park Pond,57972,508,Arapahoe,Water Body,Warmwater,public-indicated,Public-land/property indicator or official property URL is present,Carp: Common | Catfish: Black Bullhead | Sunfish: Bluegill | Sunfish: Green,Expo Park,https://www.auroragov.org/cms/One.aspx?portalId=1881221&pageId=2037935,"https://www.google.com/search?q=""fishing report""+Exposition Park Pond+""Arapahoe County""+Colorado",Easy,Low,No,Unsure,None,False,,39.70588458889649,-104.86060501460125,,,,0,no-project-stocking-record-found
import-public-confirmed,"Public indicator plus official property, survey, or land-manager context",Fairgrounds Lake,Fairgrounds Lake,Fairgrounds Lake,61262,288,Boulder,Water Body,Warmwater,public-indicated,Public-land/property indicator or official property URL is present,Bass: Largemouth | Carp: Common | Catfish: Black Bullhead | Catfish: Channel | Crappie: Black | Crappie: Unspecified | Sunfish: Bluegill,Roger's Grove Nature Area,https://www.longmontcolorado.gov/Home/Components/FacilityDirectory/FacilityDirectory/88/712?npage=2,"https://www.google.com/search?q=""fishing report""+Boulder County Fairgrounds Lake+""Boulder County""+Colorado",Easy,Low,Yes,No,Unsure,False,,40.16096953952703,-105.12825424824112,,,,0,no-project-stocking-record-found
import-public-confirmed,"Public indicator plus official property, survey, or land-manager context",Fairview Reservoir #1,Fairview Reservoir #1,Fairview Reservoir #1,54304,1676,Jefferson,Water Body,Warmwater,public-indicated,Public-land/property indicator or official property URL is present,Bass: Largemouth | Sunfish: Bluegill,Trailmark Park,https://www.ssprd.org/Parks/ParksTrails/TrailmarkPark.aspx,"https://www.google.com/search?q=""fishing report""+Fairview Reservoir #1+""Jefferson County""+Colorado",Easy,Low,Yes,No,None,False,,39.53787927998797,-105.09844916400694,,,,0,no-project-stocking-record-found
import-public-confirmed,"Public indicator plus official property, survey, or land-manager context",Fall Creek,Fall Creek,Fall Creek,40131,1557,San Miguel,Stream or River,Coldwater,public-indicated,Public-land/property indicator or official property URL is present,Trout: Brook | Trout: Brown,Uncompahgre National Forest,https://www.fs.usda.gov/activity/gmug/recreation/fishing,"https://www.google.com/search?q=""fishing report""+Fall Creek+""San Miguel County""+Colorado",Easy,Medium,Yes,No,None,False,,37.91429467413592,-108.05552607618313,,,,0,no-project-stocking-record-found
import-public-confirmed,"Public indicator plus official property, survey, or land-manager context",Fall Creek,Fall Creek,Fall Creek,40105,1541,Gunnison,Stream or River,Coldwater,public-indicated,Public-land/property indicator or official property URL is present,Trout: Cutthroat,Uncompahgre Wilderness Area,https://www.fs.usda.gov/activity/gmug/recreation/fishing,"https://www.google.com/search?q=""fishing report""+Fall Creek+""Gunnison County""+Colorado",Difficult,Low,No,No,None,False,,38.161469782934866,-107.41736692728867,,,,0,no-project-stocking-record-found
import-public-confirmed,"Public indicator plus official property, survey, or land-manager context",Fall River,Fall River,Fall River,10912,1400,Clear Creek,Stream or River,Coldwater,public-indicated,Public-land/property indicator or official property URL is present,Trout: Brook,Arapaho National Forest,https://www.fs.usda.gov/activity/arp/recreation/fishing,"https://www.google.com/search?q=""fishing report""+Fall River+""Clear Creek County""+Colorado",Medium,Low,No,No,None,False,,39.799570384583895,-105.6330132585419,,,,0,no-project-stocking-record-found
import-public-confirmed,"Public indicator plus official property, survey, or land-manager context",Fall River Reservoir,Fall River Reservoir,Fall River Reservoir,57061,384,Clear Creek,Water Body,Coldwater,public-indicated,Public-land/property indicator or official property URL is present,Trout: Cutthroat,Arapaho National Forest,https://www.fs.usda.gov/activity/arp/recreation/fishing,"https://www.google.com/search?q=""fishing report""+Fall River Reservoir+""Clear Creek County""+Colorado",Medium,Low,No,No,Non-motorized,False,,39.821097058828215,-105.69281108686977,,,,0,no-project-stocking-record-found
import-public-confirmed,"Public indicator plus official property, survey, or land-manager context",Faversham Park Pond,Faversham Park Pond,Faversham Park Pond,60272,551,Jefferson,Water Body,Warmwater,public-indicated,Public-land/property indicator or official property URL is present,Bass: Largemouth | Catfish: Channel | Sunfish: Bluegill,Faversham Park/Tepper Fields,"https://www.cityofwestminster.us/ParksRecreation/Parks,TrailsOpenSpace/FavershamPark","https://www.google.com/search?q=""fishing report""+Faversham Park Pond+""Jefferson County""+Colorado",Easy,Medium,Yes,No,None,False,,39.8295438349631,-105.0629231445128,,,,0,no-project-stocking-record-found
import-public-confirmed,"Public indicator plus official property, survey, or land-manager context",Fawn Creek,Fawn Creek,Fawn Creek,20254,1579,Rio Blanco,Stream or River,Coldwater,public-indicated,Public-land/property indicator or official property URL is present,Trout: Cutthroat,White River National Forest,https://www.fs.usda.gov/activity/whiteriver/recreation/fishing,"https://www.google.com/search?q=""fishing report""+Fawn Creek+""Rio Blanco County""+Colorado",Medium,Low,No,No,None,False,,40.05394580486337,-107.53052501047998,,,,0,no-project-stocking-record-found
import-public-confirmed,"Public indicator plus official property, survey, or land-manager context",Fern Creek,Fern Creek,Fern Creek,10924,1364,Douglas,Stream or River,Coldwater,public-indicated,Public-land/property indicator or official property URL is present,Trout: Brook | Trout: Rainbow,Pike National Forest,https://www.fs.usda.gov/activity/psicc/recreation/fishing,"https://www.google.com/search?q=""fishing report""+Fern Creek+""Douglas County""+Colorado",Medium,Low,No,No,None,False,,39.1660670348627,-105.07410585107324,,,,0,no-project-stocking-record-found
import-public-confirmed,"Public indicator plus official property, survey, or land-manager context",Finney Cut Lake #1,Finney Cut Lake #1,Finney Cut Lake #1,66577,719,Mesa,Water Body,Coldwater,public-indicated,Public-land/property indicator or official property URL is present,Trout: Cutthroat,Grand Mesa National Forest,https://www.fs.usda.gov/activity/gmug/recreation/fishing,"https://www.google.com/search?q=""fishing report""+Finney Cut Lake #1+""Mesa County""+Colorado",Difficult,Low,No,No,Non-motorized,False,,39.07668035328171,-107.83010589575308,,,,0,no-project-stocking-record-found
import-public-confirmed,"Public indicator plus official property, survey, or land-manager context",Finney Cut Lake #2,Finney Cut Lake #2,Finney Cut Lake #2,66589,717,Mesa,Water Body,Coldwater,public-indicated,Public-land/property indicator or official property URL is present,Trout: Cutthroat,Grand Mesa National Forest,https://www.fs.usda.gov/activity/gmug/recreation/fishing,"https://www.google.com/search?q=""fishing report""+Finney Cut Lake #2+""Mesa County""+Colorado",Difficult,Low,No,No,Non-motorized,False,,39.082786056958696,-107.83094124272904,,,,0,no-project-stocking-record-found
import-public-confirmed,"Public indicator plus official property, survey, or land-manager context",Fish Creek,Fish Creek,Fish Creek,40167,1527,Archuleta,Stream or River,Coldwater,public-indicated,Public-land/property indicator or official property URL is present,Trout: Brook,San Juan National Forest,https://www.fs.usda.gov/activity/sanjuan/recreation/fishing,"https://www.google.com/search?q=""fishing report""+Fish Creek+""Archuleta County""+Colorado",Medium,Low,No,No,None,False,,37.220215008964175,-106.72359547765619,,,,0,no-project-stocking-record-found
import-public-confirmed,"Public indicator plus official property, survey, or land-manager context","Forest Lake #3, Upper",[Purposely Left Blank],"Forest Lake #3, Upper",54887,67,Gilpin,Water Body,Coldwater,public-indicated,Public-land/property indicator or official property URL is present,Trout: Brook,James Peak Wilderness Area,https://www.fs.usda.gov/activity/arp/recreation/fishing,https://cpw.state.co.us/thingstodo/Fishery%20Survey%20Summaries/JamesPeakWildernessLakes.pdf,Easy,Low,No,No,Non-motorized,False,,39.921412766803854,-105.67350706666012,,,,0,no-project-stocking-record-found
import-public-confirmed,"Public indicator plus official property, survey, or land-manager context",Forest Lakes,Forest Lakes,Forest Lake #2,54875,86,Gilpin,Water Body,Coldwater,public-indicated,Public-land/property indicator or official property URL is present,Trout: Brook,James Peak Wilderness Area,https://www.fs.usda.gov/activity/arp/recreation/fishing,"https://www.google.com/search?q=""fishing report""+Forest Lake #2+""Gilpin County""+Colorado",Medium,Low,No,No,Non-motorized,False,,39.917608268098974,-105.66741051972872,,,,0,no-project-stocking-record-found
import-public-confirmed,"Public indicator plus official property, survey, or land-manager context",Forest Lakes,Forest Lakes,Forest Lake #1,54863,1777,Gilpin,Water Body,Coldwater,public-indicated,Public-land/property indicator or official property URL is present,Trout: Brook | Trout: Cutthroat,James Peak Wilderness Area,https://www.fs.usda.gov/activity/arp/recreation/fishing,https://cpw.state.co.us/thingstodo/Fishery%20Survey%20Summaries/JamesPeakWildernessLakes.pdf,Medium,Low,No,No,Non-motorized,False,,39.916159403525356,-105.66212170106989,,,,0,no-project-stocking-record-found
import-public-confirmed,"Public indicator plus official property, survey, or land-manager context",Forgotten Valley Pond,Forgotten Valley Pond,Forgotten Valley Pond,61060,208,Jefferson,Water Body,Coldwater,public-indicated,Public-land/property indicator or official property URL is present,Trout: Brown,Golden Gate Canyon State Park,https://cpw.state.co.us/placestogo/Parks/goldengatecanyon,"https://www.google.com/search?q=""fishing report""+Forgotten Valley Pond+""Jefferson County""+Colorado",Medium,Low,No,No,Non-motorized,False,,39.85538274205037,-105.38502009666814,,,,0,no-project-stocking-record-found
import-public-confirmed,"Public indicator plus official property, survey, or land-manager context",Fort Morgan Ponds (2),Fort Morgan Ponds (2),Fort Morgan Pond East,79338,811,Morgan,Water Body,Warmwater,public-indicated,Public-land/property indicator or official property URL is present,Bass: Largemouth | Carp: Common | Catfish: Channel | Sunfish: Bluegill | Sunfish: Green,Riverside Park,https://www.cityoffortmorgan.com/340/Parks-Department,"https://www.google.com/search?q=""fishing report""+Fort Morgan Pond East+""Morgan County""+Colorado",Medium,Medium,No,No,None,False,,40.267495272438964,-103.77595914585375,,,,0,no-project-stocking-record-found
import-public-confirmed,"Public indicator plus official property, survey, or land-manager context",Fort Morgan Ponds (2),Fort Morgan Ponds (2),Fort Morgan Pond West,66785,1334,Morgan,Water Body,Warmwater,public-indicated,Public-land/property indicator or official property URL is present,Bass: Largemouth | Carp: Common | Catfish: Channel | Sunfish: Bluegill | Sunfish: Green,Riverside Park,https://www.cityoffortmorgan.com/340/Parks-Department,"https://www.google.com/search?q=""fishing report""+Fort Morgan Pond West+""Morgan County""+Colorado",Medium,Medium,No,No,None,False,,40.267052138290495,-103.77885562514682,,,,0,no-project-stocking-record-found
import-public-confirmed,"Public indicator plus official property, survey, or land-manager context",Forty Acre Lake,Forty Acre Lake,Forty Acre Lake,66666,354,Mesa,Water Body,Coldwater,public-indicated,Public-land/property indicator or official property URL is present,Trout: Brook,Grand Mesa National Forest,https://www.fs.usda.gov/activity/gmug/recreation/fishing,"https://www.google.com/search?q=""fishing report""+Forty Acre Lake+""Mesa County""+Colorado",Medium,Medium,No,No,Electric,False,,39.075957733121655,-107.91568094943072,,,,0,no-project-stocking-record-found
import-public-confirmed,"Public indicator plus official property, survey, or land-manager context",Fourmile Creek,Fourmile Creek,Fourmile Creek,29771,1437,Park,Stream or River,Coldwater,public-indicated,Public-land/property indicator or official property URL is present,Trout: Brown | Trout: Rainbow,Badger Basin SWA,https://cpw.state.co.us/swa/Badger%20Basin%20SWA,"https://www.google.com/search?q=""fishing report""+Fourmile Creek+""Park County""+Colorado",Medium,Low,No,No,None,False,,39.0308113266212,-105.82839590667484,,,,0,no-project-stocking-record-found
import-public-confirmed,"Public indicator plus official property, survey, or land-manager context",Fox Creek,Fox Creek,Fox Creek,10986,1480,Larimer,Stream or River,Coldwater,public-indicated,Public-land/property indicator or official property URL is present,Trout: Brook,Comanche Peak Wilderness Area/West Creek NRA,https://www.fs.usda.gov/activity/arp/recreation/fishing,"https://www.google.com/search?q=""fishing report""+Fox Creek+""Larimer County""+Colorado",Medium,Low,No,No,None,False,,40.45462537570899,-105.49759524061372,,,,0,no-project-stocking-record-found
import-public-confirmed,"Public indicator plus official property, survey, or land-manager context",Frank Easement Pond #2,Frank Easement Pond #2,Frank Easement Pond #2,58176,661,Weld,Water Body,Warmwater,public-indicated,Public-land/property indicator or official property URL is present,Carp: Common,Frank SWA,https://cpw.state.co.us/swa/Frank%20SWA,"https://www.google.com/search?q=""fishing report""+Frank Easement Pond #2+""Weld County""+Colorado",Easy,Medium,Yes,Yes,Non-motorized,False,,40.474201908361096,-104.9424247429803,,,,0,no-project-stocking-record-found
import-public-confirmed,"Public indicator plus official property, survey, or land-manager context",Frank Easement Pond #3,[Purposely Left Blank],Frank Easement Pond #3,58177,1704,Weld,Water Body,Warmwater,public-indicated,Public-land/property indicator or official property URL is present,Bass: Largemouth | Sunfish: Bluegill,Frank SWA,https://cpw.state.co.us/swa/Frank%20SWA,"https://www.google.com/search?q=""fishing report""+Frank Easement Pond #3+""Weld County""+Colorado",Medium,Medium,No,Yes,Electric,False,,40.4736926045545,-104.9374867918984,,,,0,no-project-stocking-record-found
import-public-confirmed,"Public indicator plus official property, survey, or land-manager context",Frank Easement Pond #4,[Purposely Left Blank],Frank Easement Pond #4,58178,1705,Weld,Water Body,Warmwater,public-indicated,Public-land/property indicator or official property URL is present,Bass: Largemouth | Sunfish: Bluegill,Frank SWA,https://cpw.state.co.us/swa/Frank%20SWA,"https://www.google.com/search?q=""fishing report""+Frank Easement Pond #4+""Weld County""+Colorado",Medium,Medium,No,Yes,Electric,False,,40.473706141758264,-104.93330930962024,,,,0,no-project-stocking-record-found
import-public-confirmed,"Public indicator plus official property, survey, or land-manager context",Frank Easement Pond #5,[Purposely Left Blank],Frank Easement Pond #5,58179,1677,Weld,Water Body,Warmwater,public-indicated,Public-land/property indicator or official property URL is present,Bass: Largemouth | Carp: Common | Catfish: Channel | Crappie: Black | Sunfish: Bluegill | Sunfish: Green,Frank SWA,https://cpw.state.co.us/swa/Frank%20SWA,"https://www.google.com/search?q=""fishing report""+Frank Easement Pond #5+""Weld County""+Colorado",Medium,Medium,No,Yes,Electric,False,,40.467182270264814,-104.93227669170957,,,,0,no-project-stocking-record-found
import-public-confirmed,"Public indicator plus official property, survey, or land-manager context",Fraser River,Fraser River,Fraser River,20355,1331,Grand,Stream or River,Coldwater,public-indicated,Public-land/property indicator or official property URL is present,Trout: Brook | Trout: Brown | Trout: Rainbow,Confluence Park,https://wpgov.com/our-government/departments/parks/confluence-park/,"https://www.google.com/search?q=""fishing report""+Fraser River+""Grand County""+Colorado",Easy,Medium,Yes,No,None,False,,39.92413288660883,-105.78301728551871,,,,1,no-project-stocking-record-found
import-public-confirmed,"Public indicator plus official property, survey, or land-manager context",French Creek,French Creek,French Creek,29783,1490,Park,Stream or River,Coldwater,public-indicated,Public-land/property indicator or official property URL is present,Trout: Brook | Trout: Cutthroat,Pike National Forest,https://www.fs.usda.gov/activity/psicc/recreation/fishing,"https://www.google.com/search?q=""fishing report""+French Creek+""Park County""+Colorado",Medium,Low,No,No,None,False,,39.422131086770236,-105.91015743230832,,,,0,no-project-stocking-record-found
import-public-confirmed,"Public indicator plus official property, survey, or land-manager context",Frozen Lake,Frozen Lake,Frozen Lake,54902,118,Clear Creek,Water Body,Coldwater,public-indicated,Public-land/property indicator or official property URL is present,Trout: Cutthroat,Mount Evans Wilderness Area,https://www.fs.usda.gov/activity/psicc/recreation/fishing,"https://www.google.com/search?q=""fishing report""+Frozen Lake+""Clear Creek County""+Colorado",Difficult,Low,No,Yes,None,False,,39.577609845391365,-105.66786695102964,,,,0,no-project-stocking-record-found
import-public-confirmed,"Public indicator plus official property, survey, or land-manager context",Fryingpan River,Fryingpan River,Fryingpan River,20406,1428,Pitkin,Stream or River,Coldwater,public-indicated,Public-land/property indicator or official property URL is present,Trout: Brook | Trout: Brown | Trout: Rainbow,Ruedi Reservoir inlet,https://www.fs.usda.gov/activity/whiteriver/recreation/fishing,"https://www.google.com/search?q=""fishing report""+Fryingpan River+""Pitkin County""+Colorado",Easy,High,Yes,No,None,False,,39.36241586363618,-106.73507030017736,,,,1,no-project-stocking-record-found
import-public-confirmed,"Public indicator plus official property, survey, or land-manager context",Fryingpan River,Fryingpan River,Fryingpan River,20393,620,Eagle,Stream or River,Coldwater,public-indicated,Public-land/property indicator or official property URL is present,Trout: Brown | Trout: Rainbow,Frying Pan River SWA,https://cpw.state.co.us/swa/Frying%20Pan%20River%20SWA,https://cpw.state.co.us/thingstodo/Fishery%20Survey%20Summaries/FryingpanRiver.pdf,Easy,High,Yes,No,None,False,,39.37940416393091,-106.93761092931004,,,,0,no-project-stocking-record-found
import-public-confirmed,"Public indicator plus official property, survey, or land-manager context",Fryingpan River,Fryingpan River,Fryingpan River,27599,1546,Pitkin,Stream or River,Coldwater,public-indicated,Public-land/property indicator or official property URL is present,Trout: Brook | Trout: Cutthroat,Hunter-Fryingpan Wilderness Area,https://www.fs.usda.gov/activity/whiteriver/recreation/fishing,"https://www.google.com/search?q=""fishing report""+Fryingpan River+""Pitkin County""+Colorado",Medium,Low,No,No,None,False,,39.23230620553996,-106.51440467796732,,,,0,no-project-stocking-record-found
import-public-confirmed,"Public indicator plus official property, survey, or land-manager context","Fryingpan River, North Fork","Fryingpan River, North Fork","Fryingpan River, North Fork",20420,1542,Pitkin,Stream or River,Coldwater,public-indicated,Public-land/property indicator or official property URL is present,Trout: Brook | Trout: Brown,White River National Forest,https://www.fs.usda.gov/activity/whiteriver/recreation/fishing,"https://www.google.com/search?q=""fishing report""+Fryingpan River, North Fork+""Pitkin County""+Colorado",Easy,Low,No,No,None,False,,39.34358375057157,-106.61101589603312,,,,0,no-project-stocking-record-found
import-public-confirmed,"Public indicator plus official property, survey, or land-manager context",Fuller Lake,Fuller Lake,Fuller Lake,90047,1138,San Juan,Water Body,Coldwater,public-indicated,Public-land/property indicator or official property URL is present,Trout: Cutthroat | Trout: Golden,San Juan National Forest,https://www.fs.usda.gov/activity/sanjuan/recreation/fishing,"https://www.google.com/search?q=""fishing report""+Fuller Lake+""San Juan County""+Colorado",Difficult,Low,No,No,Unsure,False,,37.80182470946097,-107.81326727399295,,,,0,no-project-stocking-record-found
import-public-confirmed,"Public indicator plus official property, survey, or land-manager context",Garfield Lake,Garfield Lake,Garfield Lake,52794,126,Denver,Water Body,Warmwater,public-indicated,Public-land/property indicator or official property URL is present,Bass: Largemouth | Catfish: Channel | Crappie: Black | Sunfish: Bluegill,Garfield Lake Park,https://www.denvergov.org/content/denvergov/en/denver-parks-and-recreation/parks/city-parks.html,"https://www.google.com/search?q=""fishing report""+Garfield Lake+""Denver County""+Colorado",Easy,Medium,Yes,No,None,False,,39.696201278506706,-105.0352734644966,,,,0,no-project-stocking-record-found
import-public-confirmed,"Public indicator plus official property, survey, or land-manager context",Garland Park Lake,Garland Park Lake,Garland Park Lake,53140,571,Denver,Water Body,Warmwater,public-indicated,Public-land/property indicator or official property URL is present,Bass: Largemouth | Catfish: Channel | Crappie: Black | Sunfish: Bluegill,Garland (David T) Park,https://www.denvergov.org/content/denvergov/en/denver-parks-and-recreation/parks/city-parks.html,"https://www.google.com/search?q=""fishing report""+Garland Park Lake+""Denver County""+Colorado",Easy,Medium,Yes,No,None,False,,39.696036914759965,-104.91973918646183,,,,0,no-project-stocking-record-found
import-public-confirmed,"Public indicator plus official property, survey, or land-manager context",Geneva Creek,Geneva Creek,Geneva Creek,10998,1380,Park,Stream or River,Coldwater,public-indicated,Public-land/property indicator or official property URL is present,Trout: Brook | Trout: Brown,Pike National Forest,https://www.fs.usda.gov/activity/psicc/recreation/fishing,"https://www.google.com/search?q=""fishing report""+Geneva Creek+""Park County""+Colorado",Medium,Low,No,No,None,False,,39.48217256428697,-105.69425139079907,,,,0,no-project-stocking-record-found
import-public-confirmed,"Public indicator plus official property, survey, or land-manager context",Geneva Lake,Geneva Lake,Geneva Lake,58291,502,Arapahoe,Water Body,Warmwater,public-indicated,Public-land/property indicator or official property URL is present,Carp: Common | Catfish: Black Bullhead | Catfish: Channel | Sunfish: Green,Geneva Lake and Park,https://www.littletongov.org/my-littleton/parks-trails,"https://www.google.com/search?q=""fishing report""+Geneva Lake+""Arapahoe County""+Colorado",Easy,Low,No,No,None,False,,39.61868631557818,-105.01500453060262,,,,0,no-project-stocking-record-found
import-public-confirmed,"Public indicator plus official property, survey, or land-manager context",Gibson Lake,Gibson Lake,Gibson Lake,54952,454,Park,Water Body,Coldwater,public-indicated,Public-land/property indicator or official property URL is present,Trout: Brook | Trout: Cutthroat,Pike National Forest,https://www.fs.usda.gov/activity/psicc/recreation/fishing,"https://www.google.com/search?q=""fishing report""+Gibson Lake+""Park County""+Colorado",Difficult,Low,No,Yes,None,False,,39.49405487654056,-105.85813895774709,,,,0,no-project-stocking-record-found
import-public-confirmed,"Public indicator plus official property, survey, or land-manager context",Glacier Creek,Glacier Creek,Glacier Creek,32134,1502,Lake,Stream or River,Coldwater,public-indicated,Public-land/property indicator or official property URL is present,Trout: Cutthroat,San Isabel National Forest,https://www.fs.usda.gov/activity/psicc/recreation/fishing,"https://www.google.com/search?q=""fishing report""+Glacier Creek+""Lake County""+Colorado",Difficult,Low,No,No,None,False,,39.28160957013098,-106.44822147907287,,,,0,no-project-stocking-record-found
import-public-confirmed,"Public indicator plus official property, survey, or land-manager context",Golden Meadows Pond,Golden Meadows Pond,Golden Meadows Pond,61349,1699,Larimer,Water Body,Warmwater,public-indicated,Public-land/property indicator or official property URL is present,Bass: Largemouth | Sunfish: Bluegill,Golden Meadows Park,https://www.fcgov.com/parks/,"https://www.google.com/search?q=""fishing report""+Golden Meadows Pond+""Larimer County""+Colorado",Easy,Medium,Yes,No,None,False,,40.5280102409645,-105.04460294482926,,,,0,no-project-stocking-record-found
import-public-confirmed,"Public indicator plus official property, survey, or land-manager context",Golden Ponds,Golden Ponds,Golden Gravel Pond #2,57902,291,Boulder,Water Body,Warmwater,public-indicated,Public-land/property indicator or official property URL is present,Bass: Largemouth | Carp: Common | Catfish: Channel | Crappie: Black | Crappie: Unspecified | Perch: Yellow | Pike: Tiger Muskie | Sunfish: Bluegill,Golden Ponds,https://www.longmontcolorado.gov/Home/Components/FacilityDirectory/FacilityDirectory/70/52,"https://www.google.com/search?q=""fishing report""+Golden Gravel Pond #2+""Boulder County""+Colorado",Easy,Medium,Yes,No,Unsure,False,,40.16941717876087,-105.14120528035352,,,,0,no-project-stocking-record-found
import-public-confirmed,"Public indicator plus official property, survey, or land-manager context","Goodwin Lake, Upper",[Purposely Left Blank],"Goodwin Lake, Upper",80476,888,Custer,Water Body,Coldwater,public-indicated,Public-land/property indicator or official property URL is present,Trout: Cutthroat,Sangre De Cristo Wilderness Area,https://www.fs.usda.gov/activity/psicc/recreation/fishing,"https://www.google.com/search?q=""fishing report""+Goodwin Lake, Upper+""Custer County""+Colorado",Difficult,Low,No,No,Unsure,False,,38.07488281288651,-105.62462753656861,,,,0,no-project-stocking-record-found
import-public-confirmed,"Public indicator plus official property, survey, or land-manager context",Goodwin Lakes,Goodwin Lakes,"Goodwin Lake, Lower",80452,1171,Custer,Water Body,Coldwater,public-indicated,Public-land/property indicator or official property URL is present,Trout: Cutthroat,Sangre De Cristo Wilderness Area,https://www.fs.usda.gov/activity/psicc/recreation/fishing,"https://www.google.com/search?q=""fishing report""+Goodwin Lake, Lower+""Custer County""+Colorado",Difficult,Low,No,No,Unsure,False,,38.07793651983815,-105.62135615257822,,,,0,no-project-stocking-record-found
import-public-confirmed,"Public indicator plus official property, survey, or land-manager context",Goose Creek,Goose Creek,Goose Creek,11039,1366,Jefferson,Stream or River,Coldwater,public-indicated,Public-land/property indicator or official property URL is present,Trout: Brook | Trout: Brown | Trout: Rainbow,Pike National Forest,https://www.fs.usda.gov/activity/psicc/recreation/fishing,"https://www.google.com/search?q=""fishing report""+Goose Creek+""Jefferson County""+Colorado",Medium,Low,No,No,None,False,,39.17165902529951,-105.36094226105374,,,,0,no-project-stocking-record-found
import-public-confirmed,"Public indicator plus official property, survey, or land-manager context",Gore Creek,Gore Creek,Gore Creek,20482,1433,Eagle,Stream or River,Coldwater,public-indicated,Public-land/property indicator or official property URL is present,Trout: Brook | Trout: Brown,White River National Forest,https://www.fs.usda.gov/activity/whiteriver/recreation/fishing,"https://www.google.com/search?q=""fishing report""+Gore Creek+""Eagle County""+Colorado",Easy,High,Yes,No,None,False,,39.61423128632488,-106.44195821560454,,,,0,no-project-stocking-record-found
import-public-confirmed,"Public indicator plus official property, survey, or land-manager context",Gore Creek,Gore Creek,Gore Creek,23204,1555,Eagle,Stream or River,Coldwater,public-indicated,Public-land/property indicator or official property URL is present,Trout: Brook | Trout: Rainbow,Eagles Nest Wilderness Area,https://www.fs.usda.gov/activity/whiteriver/recreation/fishing,"https://www.google.com/search?q=""fishing report""+Gore Creek+""Eagle County""+Colorado",Difficult,Low,No,No,None,False,,39.62937047152324,-106.26134241277681,,,,0,no-project-stocking-record-found
import-public-confirmed,"Public indicator plus official property, survey, or land-manager context",Granby Reservoir # 2,[Purposely Left Blank],Granby Reservoir # 2,90150,479,Delta,Water Body,Coldwater,public-indicated,Public-land/property indicator or official property URL is present,Trout: Cutthroat | Trout: Tiger,Grand Mesa National Forest,https://www.fs.usda.gov/activity/gmug/recreation/fishing,"https://www.google.com/search?q=""fishing report""+Granby Reservoir # 2+""Delta County""+Colorado",Medium,Low,No,Yes,Non-motorized,False,,39.00632639361267,-108.01612385408578,,,,0,no-project-stocking-record-found
import-public-confirmed,"Public indicator plus official property, survey, or land-manager context",Granby Reservoir # 7,[Purposely Left Blank],Granby Reservoir # 7,90174,564,Delta,Water Body,Coldwater,public-indicated,Public-land/property indicator or official property URL is present,Trout: Brook | Trout: Cutthroat,Grand Mesa National Forest,https://www.fs.usda.gov/activity/gmug/recreation/fishing,"https://www.google.com/search?q=""fishing report""+Granby Reservoir # 7+""Delta County""+Colorado",Medium,Low,No,Yes,Non-motorized,False,,38.99343713098994,-108.04548359312797,,,,0,no-project-stocking-record-found
import-public-confirmed,"Public indicator plus official property, survey, or land-manager context",Granby Reservoir #12,[Purposely Left Blank],Granby Reservoir #12,90201,530,Delta,Water Body,Coldwater,public-indicated,Public-land/property indicator or official property URL is present,Trout: Cutthroat | Trout: Tiger,Grand Mesa National Forest,https://www.fs.usda.gov/activity/gmug/recreation/fishing,"https://www.google.com/search?q=""fishing report""+Granby Reservoir #12+""Delta County""+Colorado",Medium,Low,No,Yes,Non-motorized,False,,38.99902553715507,-108.04221984122424,,,,0,no-project-stocking-record-found
import-public-confirmed,"Public indicator plus official property, survey, or land-manager context",Granby Reservoirs,Granby Reservoirs,"Granby Res #4, 5, 10 & 11",90162,222,Delta,Water Body,Coldwater,public-indicated,Public-land/property indicator or official property URL is present,Trout: Brown | Trout: Cutthroat,Grand Mesa National Forest,https://www.fs.usda.gov/activity/gmug/recreation/fishing,"https://www.google.com/search?q=""fishing report""+Granby Res #4, 5, 10 & 11+""Delta County""+Colorado",Medium,Medium,No,Yes,Non-motorized,False,,39.00014924661735,-108.02955494139445,,,,0,no-project-stocking-record-found
import-public-confirmed,"Public indicator plus official property, survey, or land-manager context",Grandview Pond #1,[Purposely Left Blank],Grandview Pond #1,52824,401,Adams,Water Body,Warmwater,public-indicated,Public-land/property indicator or official property URL is present,Bass: Largemouth | Catfish: Channel | Sunfish: Bluegill,Grandview Ponds,https://www.thorntonco.gov/thornton-parks/Pages/fishing-guide.aspx,"https://www.google.com/search?q=""fishing report""+Grandview Pond #1+""Adams County""+Colorado",Easy,Medium,Yes,No,None,False,,39.881770925815125,-104.937234409321,,,,0,no-project-stocking-record-found
import-public-confirmed,"Public indicator plus official property, survey, or land-manager context",Grandview Pond #2,[Purposely Left Blank],Grandview Pond #2,52826,402,Adams,Water Body,Warmwater,public-indicated,Public-land/property indicator or official property URL is present,Bass: Largemouth | Catfish: Channel | Sunfish: Bluegill,Grandview Ponds,https://www.thorntonco.gov/thornton-parks/Pages/fishing-guide.aspx,"https://www.google.com/search?q=""fishing report""+Grandview Pond #2+""Adams County""+Colorado",Easy,Medium,Yes,No,None,False,,39.882451310842775,-104.9346196120566,,,,0,no-project-stocking-record-found
import-public-confirmed,"Public indicator plus official property, survey, or land-manager context",Grandview Pond #4,[Purposely Left Blank],Grandview Pond #4,52830,404,Adams,Water Body,Warmwater,public-indicated,Public-land/property indicator or official property URL is present,Bass: Largemouth | Catfish: Channel | Crappie: Black | Sunfish: Bluegill,Grandview Ponds,https://www.thorntonco.gov/thornton-parks/Pages/fishing-guide.aspx,"https://www.google.com/search?q=""fishing report""+Grandview Pond #4+""Adams County""+Colorado",Medium,Low,Yes,No,None,False,,39.88432322458915,-104.93231068485824,,,,0,no-project-stocking-record-found
import-public-confirmed,"Public indicator plus official property, survey, or land-manager context",Grandview Ponds,Grandview Ponds,Grandview Pond #3,52828,403,Adams,Water Body,Warmwater,public-indicated,Public-land/property indicator or official property URL is present,Bass: Largemouth | Catfish: Channel | Crappie: Black | Sunfish: Bluegill,Grandview Ponds,https://www.thorntonco.gov/thornton-parks/Pages/fishing-guide.aspx,"https://www.google.com/search?q=""fishing report""+Grandview Pond #3+""Adams County""+Colorado",Medium,Low,Yes,No,None,False,,39.883602570089494,-104.93304844964153,,,,0,no-project-stocking-record-found
import-public-confirmed,"Public indicator plus official property, survey, or land-manager context",Grape Creek,Grape Creek,Grape Creek,29901,1493,Fremont,Stream or River,Coldwater,public-indicated,Public-land/property indicator or official property URL is present,Trout: Brown | Trout: Rainbow,Grape Creek ACEC,https://www.blm.gov/colorado,"https://www.google.com/search?q=""fishing report""+Grape Creek+""Fremont County""+Colorado",Difficult,Medium,No,No,None,False,,38.41717813201055,-105.28265003713236,,,,1,no-project-stocking-record-found
import-public-confirmed,"Public indicator plus official property, survey, or land-manager context",Grape Creek,Grape Creek,Grape Creek,29904,1494,Fremont,Stream or River,Coldwater,public-indicated,Public-land/property indicator or official property URL is present,Trout: Brown | Trout: Rainbow,Grape Creek ACEC & Lower Grape Creek WSA,https://www.blm.gov/colorado,"https://www.google.com/search?q=""fishing report""+Grape Creek+""Fremont County""+Colorado",Difficult,Low,No,No,None,False,,38.35260070241451,-105.3483266284274,,,,1,no-project-stocking-record-found
import-public-confirmed,"Public indicator plus official property, survey, or land-manager context",Grape Creek,Grape Creek,Grape Creek,29907,1495,Fremont,Stream or River,Coldwater,public-indicated,Public-land/property indicator or official property URL is present,Trout: Brown | Trout: Rainbow,Grape Creek ACEC & Upper Grape Creek WSA,https://www.blm.gov/colorado,"https://www.google.com/search?q=""fishing report""+Grape Creek+""Fremont County""+Colorado",Medium,Medium,No,No,None,False,,38.266914089700045,-105.35661362105938,,,,0,no-project-stocking-record-found
import-public-confirmed,"Public indicator plus official property, survey, or land-manager context",Grasmere Lake,[Purposely Left Blank],Grasmere Lake,52821,108,Denver,Water Body,Warmwater,public-indicated,Public-land/property indicator or official property URL is present,Bass: Largemouth | Sunfish: Bluegill,Washington Park,https://www.denvergov.org/content/denvergov/en/denver-parks-and-recreation/parks/city-parks.html,"https://www.google.com/search?q=""fishing report""+Grasmere Lake+""Denver County""+Colorado",Easy,Low,No,No,None,False,,39.6955944929205,-104.97152623164966,,,,0,no-project-stocking-record-found
import-public-confirmed,"Public indicator plus official property, survey, or land-manager context",Green Gables Park Pond,Green Gables Park Pond,Green Gables Park Pond,58215,148,Jefferson,Water Body,Warmwater,public-indicated,Public-land/property indicator or official property URL is present,Bass: Largemouth | Crappie: Black | Sunfish: Bluegill | Sunfish: Green | Sunfish: Pumpkinseed,Green Gables Park,https://www.lakewood.org/Government/Departments/Community-Resources/Parks-Forestry-and-Open-Space/A-to-Z-Park-Listing/Green-Gables-Park,"https://www.google.com/search?q=""fishing report""+Green Gables Park Pond+""Jefferson County""+Colorado",Easy,Low,No,No,None,False,,39.68985402755836,-105.09852564387528,,,,0,no-project-stocking-record-found
import-public-confirmed,"Public indicator plus official property, survey, or land-manager context",Groundhog Creek,Groundhog Creek,Groundhog Creek,45458,1517,Saguache,Stream or River,Coldwater,public-indicated,Public-land/property indicator or official property URL is present,Trout: Brook | Trout: Brown,Rio Grande National Forest,https://www.fs.usda.gov/activity/riogrande/recreation/fishing,"https://www.google.com/search?q=""fishing report""+Groundhog Creek+""Saguache County""+Colorado",Medium,Low,No,No,None,False,,37.866246887130686,-106.59423199245353,,,,0,no-project-stocking-record-found
import-public-confirmed,"Public indicator plus official property, survey, or land-manager context",Gunnison River,Gunnison River,Gunnison River,42595,1435,Montrose,Stream or River,Coldwater,public-indicated,Public-land/property indicator or official property URL is present,Trout: Brown | Trout: Rainbow,Black Canyon of the Gunnison National Park,https://www.blm.gov/colorado,https://cpw.state.co.us/thingstodo/Fishery%20Survey%20Summaries/GunnisonGorge.pdf,Easy,Medium,Yes,No,Non-motorized,False,,38.52902064715349,-107.64869259287065,,,,0,no-project-stocking-record-found
import-public-confirmed,"Public indicator plus official property, survey, or land-manager context",Gunnison River,Gunnison River,Gunnison River,40460,678,Gunnison,Stream or River,Coldwater,public-indicated,Public-land/property indicator or official property URL is present,Salmon: Kokanee | Trout: Brown | Trout: Cutbow | Trout: Rainbow | Trout: Snake River Cutthroat,Gunnison River SWA,https://cpw.state.co.us/swa/Gunnison%20River%20SWA,https://cpw.state.co.us/thingstodo/Fishery%20Survey%20Summaries/GunnisonRiveratGunnison.pdf,Medium,High,No,No,Non-motorized,False,,38.58049539136532,-106.92342580513504,,,,1,no-project-stocking-record-found
import-public-confirmed,"Public indicator plus official property, survey, or land-manager context",Gunnison River,Gunnison River,Gunnison River,40446,610,Delta,Stream or River,Coldwater,public-indicated,Public-land/property indicator or official property URL is present,Trout: Brown | Trout: Rainbow,Delta SWA,https://cpw.state.co.us/swa/Delta%20SWA,"https://www.google.com/search?q=""fishing report""+Gunnison River+""Delta County""+Colorado",Medium,Medium,No,No,Non-motorized,False,,38.775915243064766,-107.89532745442409,,,,0,no-project-stocking-record-found
import-public-confirmed,"Public indicator plus official property, survey, or land-manager context",Gunnison River,Gunnison River,Gunnison River,42583,1434,Montrose,Stream or River,Coldwater,public-indicated,Public-land/property indicator or official property URL is present,Trout: Brown | Trout: Rainbow,Gunnison Gorge Wilderness Area & Gunnison Gorge NCA,https://www.blm.gov/colorado,https://cpw.state.co.us/thingstodo/Fishery%20Survey%20Summaries/GunnisonGorge.pdf,Difficult,Medium,No,No,Non-motorized,False,,38.649814617575466,-107.85824317322066,,,,0,no-project-stocking-record-found
import-public-confirmed,"Public indicator plus official property, survey, or land-manager context","Gunnison River, Lake Fork #1","Gunnison River, Lake Fork #1","Gunnison River, Lake Fork",40472,1815,Gunnison,Stream or River,Coldwater,public-indicated,Public-land/property indicator or official property URL is present,Salmon: Kokanee | Trout: Brown | Trout: Rainbow,Red Bridge Campground,https://www.blm.gov/visit/red-bridge-campground,"http://www.google.com/search?q=""fishing report""+Gunnison River, Lake Fork+""Gunnison County""+Colorado",Easy,Medium,Yes,No,None,False,,38.32434276263816,-107.22756934243235,,,,0,no-project-stocking-record-found
import-public-confirmed,"Public indicator plus official property, survey, or land-manager context","Gunnison River, Lake Fork #2","Gunnison River, Lake Fork #2","Gunnison River, Lake Fork",40484,1814,Gunnison,Stream or River,Coldwater,public-indicated,Public-land/property indicator or official property URL is present,Trout: Brook | Trout: Brown | Trout: Rainbow,The Gate Campground,https://www.blm.gov/visit/gate-campground,"http://www.google.com/search?q=""fishing report""+Gunnison River, Lake Fork+""Gunnison County""+Colorado",Easy,Medium,Yes,No,None,False,,38.24451812658316,-107.26114361027497,,,,1,no-project-stocking-record-found
import-public-confirmed,"Public indicator plus official property, survey, or land-manager context",Hallenbeck Ponds,Hallenbeck Ponds,Hallenbeck Ponds,79790,1058,Lake,Water Body,Coldwater,public-indicated,Public-land/property indicator or official property URL is present,Trout: Cutthroat,San Isabel National Forest,https://www.fs.usda.gov/activity/psicc/recreation/fishing,"https://www.google.com/search?q=""fishing report""+Hallenbeck Ponds+""Lake County""+Colorado",Difficult,Low,No,Unsure,None,False,,39.109415055864275,-106.3876731694106,,,,1,no-project-stocking-record-found
import-public-confirmed,"Public indicator plus official property, survey, or land-manager context",Hankins Gulch,Hankins Gulch,Hankins Gulch,14528,1367,Jefferson,Stream or River,Coldwater,public-indicated,Public-land/property indicator or official property URL is present,Trout: Brook,Lost Creek Wilderness Area,https://www.fs.usda.gov/activity/psicc/recreation/fishing,"https://www.google.com/search?q=""fishing report""+Hankins Gulch+""Jefferson County""+Colorado",Medium,Low,No,No,None,False,,39.158924381302015,-105.3963000638244,,,,0,no-project-stocking-record-found
import-public-confirmed,"Public indicator plus official property, survey, or land-manager context",Harriman Lake,Harriman Lake,Harriman Lake,52869,562,Jefferson,Water Body,Warmwater,public-indicated,Public-land/property indicator or official property URL is present,Bass: Largemouth | Catfish: Channel | Sunfish: Bluegill | Sunfish: Redear,Harriman Lake,https://www.ifoothills.org/harriman-lake-park/,"https://www.google.com/search?q=""fishing report""+Harriman Lake+""Jefferson County""+Colorado",Medium,Medium,cNo,No,None,False,,39.63713205322989,-105.11849650418158,,,,0,no-project-stocking-record-found
import-public-confirmed,"Public indicator plus official property, survey, or land-manager context",Hartenstein Lake,Hartenstein Lake,Hartenstein Lake,80565,1264,Chaffee,Water Body,Coldwater,public-indicated,Public-land/property indicator or official property URL is present,Grayling: Arctic | Trout: Brook,Collegiate Peaks Wilderness Area,https://www.fs.usda.gov/activity/psicc/recreation/fishing,"https://www.google.com/search?q=""fishing report""+Hartenstein Lake+""Chaffee County""+Colorado",Difficult,Low,No,No,None,False,,38.830043950736325,-106.36585461470204,,,,0,no-project-stocking-record-found
import-public-confirmed,"Public indicator plus official property, survey, or land-manager context",Harvey Lake,Harvey Lake,Harvey Lake,52883,569,Denver,Water Body,Warmwater,public-indicated,Public-land/property indicator or official property URL is present,Bass: Largemouth | Carp: Common | Catfish: Channel | Crappie: White | Sunfish: Bluegill,Harvey Park,https://www.denvergov.org/content/denvergov/en/denver-parks-and-recreation/parks/city-parks.html,"https://www.google.com/search?q=""fishing report""+Harvey Lake+""Denver County""+Colorado",Easy,Medium,Yes,No,None,False,,39.678908390623675,-105.04093377964455,,,,0,no-project-stocking-record-found
import-public-confirmed,"Public indicator plus official property, survey, or land-manager context",Hassell Lake,Hassell Lake,Hassell Lake,55093,552,Clear Creek,Water Body,Coldwater,public-indicated,Public-land/property indicator or official property URL is present,Trout: Brook,Arapaho National Forest,https://www.fs.usda.gov/activity/arp/recreation/fishing,"https://www.google.com/search?q=""fishing report""+Hassell Lake+""Clear Creek County""+Colorado",Difficult,Low,No,No,Non-motorized,False,,39.7438019265423,-105.86130190969278,,,,0,no-project-stocking-record-found
import-public-confirmed,"Public indicator plus official property, survey, or land-manager context",Heinricy Lake,Heinricy Lake,Heinricy Lake,52908,1659,Larimer,Water Body,Warmwater,public-indicated,Public-land/property indicator or official property URL is present,Bass: Largemouth | Carp: Common | Catfish: Channel | Crappie: Black | Sunfish: Bluegill | Sunfish: Green,Loveland Natural Area,https://www.larimer.org/naturalresources/openlands/acquisitions/heinricy,"https://www.google.com/search?q=""fishing report""+Heinricy Lake+""Larimer County""+Colorado",Easy,Medium,Yes,No,Non-motorized,False,,40.42288567345542,-105.04638856295045,,,,0,no-project-stocking-record-found
import-public-confirmed,"Public indicator plus official property, survey, or land-manager context",Hermit Lake,Hermit Lake,Hermit Lake,80604,1072,Custer,Water Body,Coldwater,public-indicated,Public-land/property indicator or official property URL is present,Trout: Cutthroat,San Isabel National Forest,https://www.fs.usda.gov/activity/psicc/recreation/fishing,"https://www.google.com/search?q=""fishing report""+Hermit Lake+""Custer County""+Colorado",Medium,Medium,No,No,Unsure,False,,38.08804698420287,-105.63168359022465,,,,0,no-project-stocking-record-found
import-public-confirmed,"Public indicator plus official property, survey, or land-manager context",Hermosa Creek,Hermosa Creek,Hermosa Creek,45799,1524,La Plata,Stream or River,Coldwater,public-indicated,Public-land/property indicator or official property URL is present,Trout: Cutthroat | Trout: Rainbow,San Juan National Forest,https://www.fs.usda.gov/activity/sanjuan/recreation/fishing,"https://www.google.com/search?q=""fishing report""+Hermosa Creek+""La Plata County""+Colorado",Medium,Medium,No,No,Unsure,False,,37.43437387528376,-107.85234687693578,,,,0,no-project-stocking-record-found
import-public-confirmed,"Public indicator plus official property, survey, or land-manager context",Heron Lake - Pella Crossing,[Purposely Left Blank],Heron Lake - Pella Crossing,52915,276,Boulder,Water Body,Warmwater,public-indicated,Public-land/property indicator or official property URL is present,Bass: Largemouth | Catfish: Channel | Crappie: Unspecified | Perch: Yellow | Sunfish: Bluegill | Sunfish: Green,Pella Crossing,https://www.bouldercounty.org/open-space/parks-and-trails/pella-crossing/,"https://www.google.com/search?q=""fishing report""+Heron Lake - Pella Crossing+""Boulder County""+Colorado",Easy,High,Yes,No,Non-motorized,False,,40.18304088068295,-105.1713270000641,,,,0,no-project-stocking-record-found
import-public-confirmed,"Public indicator plus official property, survey, or land-manager context","Hohnholz Lake #3, Big","Hohnholz Lake #3, Big","Hohnholz Lake #3, Big",55132,408,Larimer,Water Body,Coldwater,public-indicated,Public-land/property indicator or official property URL is present,Trout: Brown | Trout: Rainbow | Trout: Snake River Cutthroat,Hohnholz Lakes SWA,https://cpw.state.co.us/swa/Hohnholz%20Lakes%20SWA,"https://www.google.com/search?q=""fishing report""+Hohnholz Lake #3, Big+""Larimer County""+Colorado",Easy,Medium,Yes,Yes,Electric,False,,40.944773376984315,-106.01177415925694,,,,0,no-project-stocking-record-found
import-public-confirmed,"Public indicator plus official property, survey, or land-manager context",Holyoke City Lake,Holyoke City Lake,Holyoke City Lake,61440,1335,Phillips,Water Body,Warmwater,public-indicated,Public-land/property indicator or official property URL is present,Bass: Largemouth | Catfish: Channel | Sunfish: Bluegill | Sunfish: Green,Holyoke,https://www.holyokechamber.org/,"https://www.google.com/search?q=""fishing report""+Holyoke City Lake+""Phillips County""+Colorado",Easy,Medium,Yes,No,None,False,,40.58293669694607,-102.2773871284,,,,0,no-project-stocking-record-found
import-public-confirmed,"Public indicator plus official property, survey, or land-manager context",Homestake Creek,Homestake Creek,Homestake Creek,23228,1553,Eagle,Stream or River,Coldwater,public-indicated,Public-land/property indicator or official property URL is present,Trout: Brook | Trout: Brown | Trout: Cutthroat,White River National Forest,https://www.fs.usda.gov/activity/whiteriver/recreation/fishing,"https://www.google.com/search?q=""fishing report""+Homestake Creek+""Eagle County""+Colorado",Easy,Medium,Yes,No,None,False,,39.384824206160665,-106.4521380780161,,,,0,no-project-stocking-record-found
import-public-confirmed,"Public indicator plus official property, survey, or land-manager context",Horn Lake,Horn Lake,Horn Lake,80628,1209,Custer,Water Body,Coldwater,public-indicated,Public-land/property indicator or official property URL is present,Trout: Cutthroat,Sangre De Cristo Wilderness Area,https://www.fs.usda.gov/activity/psicc/recreation/fishing,"https://www.google.com/search?q=""fishing report""+Horn Lake+""Custer County""+Colorado",Difficult,Low,No,No,Unsure,False,,38.00495383110921,-105.59262445359893,,,,0,no-project-stocking-record-found
import-public-confirmed,"Public indicator plus official property, survey, or land-manager context","Horn Lake, Little","Horn Lake, Little","Horn Lake, Little",80630,1116,Custer,Water Body,Coldwater,public-indicated,Public-land/property indicator or official property URL is present,Trout: Cutthroat,Sangre De Cristo Wilderness Area,https://www.fs.usda.gov/activity/psicc/recreation/fishing,"https://www.google.com/search?q=""fishing report""+Horn Lake, Little+""Custer County""+Colorado",Difficult,Low,No,No,Unsure,False,,38.016845392858386,-105.5910879760353,,,,0,no-project-stocking-record-found
import-public-confirmed,"Public indicator plus official property, survey, or land-manager context",Horse Creek,Horse Creek,Horse Creek,11180,1360,Douglas,Stream or River,Coldwater,public-indicated,Public-land/property indicator or official property URL is present,Trout: Brown,Pike National Forest,https://www.fs.usda.gov/activity/psicc/recreation/fishing,"https://www.google.com/search?q=""fishing report""+Horse Creek+""Douglas County""+Colorado",Medium,Low,No,No,None,False,,39.22336060055254,-105.17981861544308,,,,0,no-project-stocking-record-found
import-public-confirmed,"Public indicator plus official property, survey, or land-manager context",Horseshoe Creek,Horseshoe Creek,Horseshoe Creek,13615,1418,Boulder,Stream or River,Coldwater,public-indicated,Public-land/property indicator or official property URL is present,Trout: Brook,Indian Peaks Wilderness Area,https://www.fs.usda.gov/activity/arp/recreation/fishing,"https://www.google.com/search?q=""fishing report""+Horseshoe Creek+""Boulder County""+Colorado",Medium,Low,No,No,None,False,,39.99682691533249,-105.5759702613565,,,,0,no-project-stocking-record-found
import-public-confirmed,"Public indicator plus official property, survey, or land-manager context",Horseshoe Lake,Horseshoe Lake,Horseshoe Lake,80642,1078,Custer,Water Body,Coldwater,public-indicated,Public-land/property indicator or official property URL is present,Trout: Cutthroat,San Isabel National Forest,https://www.fs.usda.gov/activity/psicc/recreation/fishing,"https://www.google.com/search?q=""fishing report""+Horseshoe Lake+""Custer County""+Colorado",Difficult,Medium,No,No,Unsure,False,,38.092602454708505,-105.64727680653951,,,,0,no-project-stocking-record-found
import-public-confirmed,"Public indicator plus official property, survey, or land-manager context",Huerfano River,Huerfano River,Huerfano River,30130,644,Huerfano,Stream or River,Coldwater,public-indicated,Public-land/property indicator or official property URL is present,Trout: Brown,Huerfano SWA,https://cpw.state.co.us/swa/Huerfano%20SWA,"https://www.google.com/search?q=""fishing report""+Huerfano River+""Huerfano County""+Colorado",Medium,Low,Yes,No,Unsure,False,,37.68682960321532,-105.39979430546374,,,,0,no-project-stocking-record-found
import-public-confirmed,"Public indicator plus official property, survey, or land-manager context",Hunt Lake,Hunt Lake,Hunt Lake,80666,1036,Chaffee,Water Body,Coldwater,public-indicated,Public-land/property indicator or official property URL is present,Trout: Cutthroat,San Isabel National Forest,https://www.fs.usda.gov/activity/psicc/recreation/fishing,"https://www.google.com/search?q=""fishing report""+Hunt Lake+""Chaffee County""+Colorado",Difficult,Low,No,No,None,False,,38.554405683379954,-106.3361371889716,,,,0,no-project-stocking-record-found
import-public-confirmed,"Public indicator plus official property, survey, or land-manager context",Hunter Reservoir,Hunter Reservoir,Hunter Reservoir,71720,718,Mesa,Water Body,Coldwater,public-indicated,Public-land/property indicator or official property URL is present,Trout: Cutthroat,Grand Mesa National Forest,https://www.fs.usda.gov/activity/gmug/recreation/fishing,"https://www.google.com/search?q=""fishing report""+Hunter Reservoir+""Mesa County""+Colorado",Difficult,Low,No,No,Non-motorized,False,,39.06064020331184,-107.76931382105191,,,,0,no-project-stocking-record-found
import-public-confirmed,"Public indicator plus official property, survey, or land-manager context",Hunters Glen Lake,Hunters Glen Lake,Hunters Glen Lake,59964,460,Adams,Water Body,Warmwater,public-indicated,Public-land/property indicator or official property URL is present,Bass: Largemouth | Crappie: Black | Sunfish: Bluegill,Hunter Glen Lake Park,"https://www.cityofwestminster.us/ParksRecreation/Parks,TrailsOpenSpace/OpenSpaceTrails","https://www.google.com/search?q=""fishing report""+Hunters Glen Lake+""Adams County""+Colorado",Easy,Low,Yes,No,Non-motorized,False,,39.93085920871476,-104.97334729729195,,,,0,no-project-stocking-record-found
import-public-confirmed,"Public indicator plus official property, survey, or land-manager context",Huston Park Lake,Huston Park Lake,Huston Park Lake,52972,452,Denver,Water Body,Warmwater,public-indicated,Public-land/property indicator or official property URL is present,Bass: Largemouth | Catfish: Channel | Sunfish: Green,Huston Lake Park,https://www.denvergov.org/content/denvergov/en/denver-parks-and-recreation/parks/city-parks.html,"https://www.google.com/search?q=""fishing report""+Huston Park Lake+""Denver County""+Colorado",Easy,Low,No,No,None,False,,39.701717232505274,-105.01597441286877,,,,0,no-project-stocking-record-found
import-public-confirmed,"Public indicator plus official property, survey, or land-manager context",Hyland Ponds,Hyland Ponds,Hyland Ponds 2,57828,526,Jefferson,Water Body,Warmwater,public-indicated,Public-land/property indicator or official property URL is present,Bass: Largemouth | Catfish: Channel | Crappie: Black | Sunfish: Bluegill,Hyland Ponds,"https://www.cityofwestminster.us/ParksRecreation/Parks,TrailsOpenSpace/OpenSpaceTrails","https://www.google.com/search?q=""fishing report""+Hyland Ponds 2+""Jefferson County""+Colorado",Easy,Low,No,No,None,False,,39.87646594797121,-105.05539391585727,,,,1,no-project-stocking-record-found
import-public-confirmed,"Public indicator plus official property, survey, or land-manager context",Ice Lake,Ice Lake,Ice Lake,55194,524,Clear Creek,Water Body,Coldwater,public-indicated,Public-land/property indicator or official property URL is present,Trout: Cutthroat,James Peak Wilderness Area,https://www.fs.usda.gov/activity/arp/recreation/fishing,"https://www.google.com/search?q=""fishing report""+Ice Lake+""Clear Creek County""+Colorado",Difficult,Low,No,No,Non-motorized,False,,39.842785979433906,-105.69105865521013,,,,0,no-project-stocking-record-found
import-public-confirmed,"Public indicator plus official property, survey, or land-manager context","Iceberg Lake, North",[Purposely Left Blank],"Iceberg Lake, North",55219,267,Gilpin,Water Body,Coldwater,public-indicated,Public-land/property indicator or official property URL is present,Trout: Cutthroat,James Peak Wilderness Area,https://www.fs.usda.gov/activity/arp/recreation/fishing,https://cpw.state.co.us/thingstodo/Fishery%20Survey%20Summaries/JamesPeakWildernessLakes.pdf,Difficult,Low,No,No,Non-motorized,False,,39.889639511196215,-105.69613436383916,,,,0,no-project-stocking-record-found
import-public-confirmed,"Public indicator plus official property, survey, or land-manager context",Iceberg Lakes,Iceberg Lakes,"Iceberg Lake, South",55221,87,Gilpin,Water Body,Coldwater,public-indicated,Public-land/property indicator or official property URL is present,Trout: Cutthroat,James Peak Wilderness Area,https://www.fs.usda.gov/activity/arp/recreation/fishing,https://cpw.state.co.us/thingstodo/Fishery%20Survey%20Summaries/JamesPeakWildernessLakes.pdf,Difficult,Low,No,No,Non-motorized,False,,39.886813981735706,-105.69681248138589,,,,0,no-project-stocking-record-found
import-public-confirmed,"Public indicator plus official property, survey, or land-manager context",Idaho Springs Reservoir,Idaho Springs Reservoir,Idaho Springs Reservoir,54320,129,Clear Creek,Water Body,Coldwater,public-indicated,Public-land/property indicator or official property URL is present,Trout: Brook | Trout: Cutbow | Trout: Rainbow,Idaho Springs Reservoir,https://cityofidahosprings.colorado.gov/our-community/idaho-springs-reservoir,"https://www.google.com/search?q=""fishing report""+Idaho Springs Reservoir+""Clear Creek County""+Colorado",Difficult,Low,No,Unsure,Non-motorized,False,,39.643090043549,-105.61536118803748,,,,0,no-project-stocking-record-found
import-public-confirmed,"Public indicator plus official property, survey, or land-manager context",Illinois River,Illinois River,Illinois River,13867,1467,Jackson,Stream or River,Coldwater,public-indicated,Public-land/property indicator or official property URL is present,Trout: Brown,Arapaho National Wildlife Refuge,https://www.fws.gov/refuge/arapaho/,"https://www.google.com/search?q=""fishing report""+Illinois River+""Jackson County""+Colorado",Easy,Low,No,No,None,False,,40.649122152284065,-106.26821463159986,,,,0,no-project-stocking-record-found
import-public-confirmed,"Public indicator plus official property, survey, or land-manager context",Iowa Gulch,Iowa Gulch,Iowa Gulch,33198,1440,Lake,Stream or River,Coldwater,public-indicated,Public-land/property indicator or official property URL is present,Trout: Brook,Paddock SWA,https://cpw.state.co.us/swa/Paddock%20SWA,"https://www.google.com/search?q=""fishing report""+Iowa Gulch+""Lake County""+Colorado",Difficult,Low,No,No,None,False,,39.21391659106927,-106.28966510521398,,,,0,no-project-stocking-record-found
import-public-confirmed,"Public indicator plus official property, survey, or land-manager context",Isabelle Lake,Isabelle Lake,Isabelle Lake,55233,21,Boulder,Water Body,Coldwater,public-indicated,Public-land/property indicator or official property URL is present,Trout: Brook | Trout: Cutthroat,Indian Peaks Wilderness Area,https://www.fs.usda.gov/activity/arp/recreation/fishing,"https://www.google.com/search?q=""fishing report""+Isabelle Lake+""Boulder County""+Colorado",Medium,Low,No,No,Non-motorized,False,,40.068965688280755,-105.6190515130387,,,,0,no-project-stocking-record-found
import-public-confirmed,"Public indicator plus official property, survey, or land-manager context",Ivy Creek,Ivy Creek,Ivy Creek,40814,1515,Mineral,Stream or River,Coldwater,public-indicated,Public-land/property indicator or official property URL is present,Trout: Brook | Trout: Brown | Trout: Cutthroat,Rio Grande National Forest,https://www.fs.usda.gov/activity/riogrande/recreation/fishing,"https://www.google.com/search?q=""fishing report""+Ivy Creek+""Mineral County""+Colorado",Medium,Low,No,No,None,False,,37.68152810251627,-106.9968182635606,,,,0,no-project-stocking-record-found
import-public-confirmed,"Public indicator plus official property, survey, or land-manager context",Jack Creek,Jack Creek,Jack Creek,11231,1466,Jackson,Stream or River,Coldwater,public-indicated,Public-land/property indicator or official property URL is present,Trout: Brown,Routt National Forest,https://www.fs.usda.gov/activity/mbr/recreation/fishing,"https://www.google.com/search?q=""fishing report""+Jack Creek+""Jackson County""+Colorado",Medium,Low,No,No,None,False,,40.43024167485821,-106.02708961648597,,,,0,no-project-stocking-record-found
import-public-confirmed,"Public indicator plus official property, survey, or land-manager context",Jackson Creek,Jackson Creek,Jackson Creek,11243,1404,Douglas,Stream or River,Coldwater,public-indicated,Public-land/property indicator or official property URL is present,Trout: Brook,Pike National Forest,https://www.fs.usda.gov/activity/psicc/recreation/fishing,"https://www.google.com/search?q=""fishing report""+Jackson Creek+""Douglas County""+Colorado",Difficult,Low,No,No,None,False,,39.25413361922499,-105.08613111269149,,,,0,no-project-stocking-record-found
import-public-confirmed,"Public indicator plus official property, survey, or land-manager context","Jackson Creek, North Fork","Jackson Creek, North Fork","Jackson Creek, North Fork",14770,1405,Douglas,Stream or River,Coldwater,public-indicated,Public-land/property indicator or official property URL is present,Trout: Brook,Pike National Forest,https://www.fs.usda.gov/activity/psicc/recreation/fishing,"https://www.google.com/search?q=""fishing report""+Jackson Creek, North Fork+""Douglas County""+Colorado",Difficult,Low,No,No,None,False,,39.24847724455939,-105.10520120082137,,,,0,no-project-stocking-record-found
import-public-confirmed,"Public indicator plus official property, survey, or land-manager context",James Peak Lake,James Peak Lake,James Peak Lake,55271,278,Gilpin,Water Body,Coldwater,public-indicated,Public-land/property indicator or official property URL is present,Trout: Cutthroat,James Peak Wilderness Area,https://www.fs.usda.gov/activity/arp/recreation/fishing,https://cpw.state.co.us/thingstodo/Fishery%20Survey%20Summaries/JamesPeakWildernessLakes.pdf,Difficult,Low,No,No,Non-motorized,False,,39.85540911873504,-105.6760736333769,,,,0,no-project-stocking-record-found
import-public-confirmed,"Public indicator plus official property, survey, or land-manager context",Jasper Creek,Jasper Creek,Jasper Creek,11267,1420,Boulder,Stream or River,Coldwater,public-indicated,Public-land/property indicator or official property URL is present,Trout: Brook | Trout: Cutthroat,Indian Peaks Wilderness Area,https://www.fs.usda.gov/activity/arp/recreation/fishing,"https://www.google.com/search?q=""fishing report""+Jasper Creek+""Boulder County""+Colorado",Difficult,Low,No,No,None,False,,39.96263382518224,-105.63200780119382,,,,0,no-project-stocking-record-found
import-public-confirmed,"Public indicator plus official property, survey, or land-manager context",Jasper Lake,Jasper Lake,Jasper Lake,55283,182,Boulder,Water Body,Coldwater,public-indicated,Public-land/property indicator or official property URL is present,Trout: Brook | Trout: Cutthroat,Indian Peaks Wilderness Area,https://www.fs.usda.gov/activity/arp/recreation/fishing,"https://www.google.com/search?q=""fishing report""+Jasper Lake+""Boulder County""+Colorado",Difficult,Low,No,No,Non-motorized,False,,39.976765765709494,-105.66278017695292,,,,0,no-project-stocking-record-found
import-public-confirmed,"Public indicator plus official property, survey, or land-manager context",Jeff's Pond,Jeff's Pond,Jeff's Pond,52887,1345,Logan,Water Body,Warmwater,public-indicated,Public-land/property indicator or official property URL is present,Bass: Largemouth | Catfish: Channel | Sunfish: Redear,City of Fleming,https://www.flemingcolorado.us/page/town-of-fleming-colorado-resident-info,"https://www.google.com/search?q=""fishing report""+Jeff's Pond+""Logan County""+Colorado",Easy,Medium,Yes,No,None,False,,40.686343942157556,-102.83597026022076,,,,0,no-project-stocking-record-found
import-public-confirmed,"Public indicator plus official property, survey, or land-manager context",Jenny Creek,Jenny Creek,Jenny Creek,11255,1416,Gilpin,Stream or River,Coldwater,public-indicated,Public-land/property indicator or official property URL is present,Trout: Brook | Trout: Cutthroat,Roosevelt National Forest,https://www.fs.usda.gov/activity/arp/recreation/fishing,"https://www.google.com/search?q=""fishing report""+Jenny Creek+""Gilpin County""+Colorado",Easy,Low,No,No,None,False,,39.92902783686832,-105.60563379266148,,,,0,no-project-stocking-record-found
import-public-confirmed,"Public indicator plus official property, survey, or land-manager context",Jenny Lake,Jenny Lake,Jenny Lake,55295,245,Boulder,Water Body,Coldwater,public-indicated,Public-land/property indicator or official property URL is present,Trout: Brook | Trout: Rainbow,Roosevelt National Forest,https://www.fs.usda.gov/activity/arp/recreation/fishing,https://cpw.state.co.us/thingstodo/Fishery%20Survey%20Summaries/JamesPeakWildernessLakes.pdf,Medium,Low,Yes,No,None,False,,39.933473790539395,-105.66308839162186,,,,0,no-project-stocking-record-found
import-public-confirmed,"Public indicator plus official property, survey, or land-manager context",Jerry Creek Reservoir,Jerry Creek Reservoir,Jerry Creek Reservoir #2,66162,676,Mesa,Water Body,Mixed coldwater/warmwater,public-indicated,Public-land/property indicator or official property URL is present,Bass: Largemouth | Sunfish: Bluegill | Sunfish: Green | Trout: Brown,Jerry Creek Reservoir SWA,https://cpw.state.co.us/swa/Jerry%20Creek%20Reservoir%20SWA,"https://www.google.com/search?q=""fishing report""+Jerry Creek Reservoir #2+""Mesa County""+Colorado",Difficult,Low,No,No,None,False,,39.19768591974644,-108.10684502185285,,,,0,no-project-stocking-record-found
import-public-confirmed,"Public indicator plus official property, survey, or land-manager context",Jerry Creek Reservoir,Jerry Creek Reservoir,Jerry Creek Reservoir #1,66160,1612,Mesa,Water Body,Warmwater,public-indicated,Public-land/property indicator or official property URL is present,Bass: Largemouth | Sunfish: Bluegill | Sunfish: Green,Jerry Creek Reservoir SWA,https://cpw.state.co.us/swa/Jerry%20Creek%20Reservoir%20SWA,"https://www.google.com/search?q=""fishing report""+Jerry Creek Reservoir #1+""Mesa County""+Colorado",Difficult,Low,No,No,None,False,,39.19353158151791,-108.11505502257678,,,,0,no-project-stocking-record-found
import-public-confirmed,"Public indicator plus official property, survey, or land-manager context",Jewel Park Pond,Jewel Park Pond,Jewel Park Pond,58227,561,Jefferson,Water Body,Warmwater,public-indicated,Public-land/property indicator or official property URL is present,Catfish: Channel | Crappie: Black,Jewell Park,https://www.lakewood.org/Government/Departments/Community-Resources/Parks-Forestry-and-Open-Space/A-to-Z-Park-Listing/Jewell-Park,"https://www.google.com/search?q=""fishing report""+Jewel Park Pond+""Jefferson County""+Colorado",Easy,Low,Yes,No,Non-motorized,False,,39.68282911288161,-105.09630739531664,,,,0,no-project-stocking-record-found
import-public-confirmed,"Public indicator plus official property, survey, or land-manager context",John Meade Park Lake,John Meade Park Lake,John Meade Park Lake (South),60434,1717,Arapahoe,Water Body,Warmwater,public-indicated,Public-land/property indicator or official property URL is present,Bass: Largemouth | Carp: Common | Sunfish: Bluegill | Sunfish: Green,John Meade Park,https://www.cherryhillsvillage.com/183/Parks-Trails-Recreation,"https://www.google.com/search?q=""fishing report""+John Meade Park Lake (South)+""Arapahoe County""+Colorado",Easy,Low,Yes,No,None,False,,39.63632081997484,-104.95688741962863,,,,0,no-project-stocking-record-found
import-public-confirmed,"Public indicator plus official property, survey, or land-manager context",John Meade Park Lake (North),[Purposely Left Blank],John Meade Park Lake (North),60432,1716,Arapahoe,Water Body,Warmwater,public-indicated,Public-land/property indicator or official property URL is present,Bass: Largemouth | Carp: Common | Sunfish: Bluegill | Sunfish: Green,John Meade Park,https://www.cherryhillsvillage.com/183/Parks-Trails-Recreation,"https://www.google.com/search?q=""fishing report""+John Meade Park Lake (North)+""Arapahoe County""+Colorado",Easy,Low,Yes,No,None,False,,39.637314482844324,-104.9586120529218,,,,0,no-project-stocking-record-found
import-public-confirmed,"Public indicator plus official property, survey, or land-manager context",Jumbo Annex,Jumbo Annex,Jumbo Annex,53051,652,Logan,Water Body,Warmwater,public-indicated,Public-land/property indicator or official property URL is present,Bass: Largemouth | Bass: Smallmouth | Carp: Common | Catfish: Channel | Crappie: Black | Drum: Freshwater | Perch: Saugeye | Perch: Walleye | Sunfish: Bluegill | Sunfish: Green,Red Lion SWA,https://cpw.state.co.us/swa/Red%20Lion%20SWA,https://cpw.state.co.us/thingstodo/Fishery%20Survey%20Summaries/JumboAnnexReservoir.pdf,Medium,Medium,No,Yes,Electric,False,,40.90823744433984,-102.66224733836593,,,,0,no-project-stocking-record-found
import-public-confirmed,"Public indicator plus official property, survey, or land-manager context",Jumbo Reservoir,Jumbo Reservoir,Jumbo Reservoir,53063,468,Sedgwick,Water Body,Warmwater,public-indicated,Public-land/property indicator or official property URL is present,Bass: Largemouth | Bass: Smallmouth | Carp: Common | Catfish: Black Bullhead | Catfish: Channel | Crappie: Black | Crappie: White | Drum: Freshwater | Perch: Saugeye | Perch: Walleye | Perch: Yellow | Sunfish: Bluegill | Sunfish: Green | Sunfish: Redear,Jumbo Reservoir SWA,https://cpw.state.co.us/swa/Jumbo%20Reservoir%20SWA,https://cpw.state.co.us/thingstodo/Fishery%20Survey%20Summaries/JumboReservoir.pdf,Medium,High,No,Yes,Motor boats,False,,40.93137753887021,-102.6505599897199,,,,0,no-project-stocking-record-found
import-public-confirmed,"Public indicator plus official property, survey, or land-manager context",Kannah Creek,Kannah Creek,Kannah Creek,20800,1448,Mesa,Stream or River,Coldwater,public-indicated,Public-land/property indicator or official property URL is present,Trout: Brook | Trout: Brown | Trout: Cutthroat | Trout: Rainbow,Grand Mesa National Forest,https://www.fs.usda.gov/activity/gmug/recreation/fishing,"https://www.google.com/search?q=""fishing report""+Kannah Creek+""Mesa County""+Colorado",Medium,Medium,No,No,None,False,,38.97297107941731,-108.18024627927662,,,,1,no-project-stocking-record-found
import-public-confirmed,"Public indicator plus official property, survey, or land-manager context",Kelly Lake,Kelly Lake,Kelly Lake,55372,1228,Jackson,Water Body,Coldwater,public-indicated,Public-land/property indicator or official property URL is present,Trout: Cutthroat,State Forest State Park,https://cpw.state.co.us/placestogo/Parks/stateforest,"https://www.google.com/search?q=""fishing report""+Kelly Lake+""Jackson County""+Colorado",Difficult,Low,No,No,None,False,,40.625146497123275,-105.95994182370741,,,,0,no-project-stocking-record-found
import-public-confirmed,"Public indicator plus official property, survey, or land-manager context",Ken Mitchell Lake,Ken Mitchell Lake,Ken Mitchell Lake,87001,1351,Adams,Water Body,Warmwater,public-indicated,Public-land/property indicator or official property URL is present,Bass: Largemouth | Carp: Common | Sunfish: Bluegill,Ken Mitchell,https://www.brightonco.gov/Facilities/Facility/Details/Ken-Mitchell-Park-Fishing-Pier-and-Board-26,"https://www.google.com/search?q=""fishing report""+Ken Mitchell Lake+""Adams County""+Colorado",Easy,Low,Yes,No,None,False,,39.97284129831094,-104.83851533217029,,,,0,no-project-stocking-record-found
import-public-confirmed,"Public indicator plus official property, survey, or land-manager context",Kendrick Reservoir,Kendrick Reservoir,Kendrick Reservoir,53087,24,Jefferson,Water Body,Warmwater,public-indicated,Public-land/property indicator or official property URL is present,Bass: Largemouth | Carp: Common | Catfish: Channel | Crappie: Black | Perch: Yellow | Sunfish: Bluegill,Kendrick Lake Park,https://www.lakewood.org/Government/Departments/Community-Resources/Parks-Forestry-and-Open-Space/A-to-Z-Park-Listing/Kendrick-Lake-Park,"https://www.google.com/search?q=""fishing report""+Kendrick Reservoir+""Jefferson County""+Colorado",Easy,Medium,Yes,No,None,False,,39.68415078955702,-105.1077945301471,,,,0,no-project-stocking-record-found
import-public-confirmed,"Public indicator plus official property, survey, or land-manager context",Kenney Creek Reservoir,Kenney Creek Reservoir,Kenney Creek Reservoir,67606,140,Mesa,Water Body,Coldwater,public-indicated,Public-land/property indicator or official property URL is present,Trout: Brook | Trout: Cutthroat,Grand Mesa National Forest,https://www.fs.usda.gov/activity/gmug/recreation/fishing,"https://www.google.com/search?q=""fishing report""+Kenney Creek Reservoir+""Mesa County""+Colorado",Difficult,Low,No,No,Electric,False,,39.113464611817975,-107.80782202720209,,,,0,no-project-stocking-record-found
import-public-confirmed,"Public indicator plus official property, survey, or land-manager context",Kerr Lake,Kerr Lake,Kerr Lake,90794,1181,Conejos,Water Body,Coldwater,public-indicated,Public-land/property indicator or official property URL is present,Trout: Cutthroat,Rio Grande National Forest,https://www.fs.usda.gov/activity/riogrande/recreation/fishing,"https://www.google.com/search?q=""fishing report""+Kerr Lake+""Conejos County""+Colorado",Medium,Medium,Yes,No,Motor boats,False,,37.38586632053021,-106.5145796527167,,,,0,no-project-stocking-record-found
import-public-confirmed,"Public indicator plus official property, survey, or land-manager context",Ketring Lake,Ketring Lake,Ketring Lake,53075,253,Arapahoe,Water Body,Warmwater,public-indicated,Public-land/property indicator or official property URL is present,Bass: Largemouth | Catfish: Channel | Crappie: Black | Sunfish: Bluegill | Sunfish: Green,Ketring Park,https://www.ssprd.org/ketring-park,"https://www.google.com/search?q=""fishing report""+Ketring Lake+""Arapahoe County""+Colorado",Easy,Low,Yes,No,None,False,,39.60630499669258,-104.99883673656068,,,,0,no-project-stocking-record-found
import-public-confirmed,"Public indicator plus official property, survey, or land-manager context",King Lake,King Lake,King Lake,55396,30,Boulder,Water Body,Coldwater,public-indicated,Public-land/property indicator or official property URL is present,Trout: Cutthroat,Indian Peaks Wilderness Area,https://www.fs.usda.gov/activity/arp/recreation/fishing,https://cpw.state.co.us/thingstodo/Fishery%20Survey%20Summaries/IndianPeaksWildernessLakes.pdf,Medium,Low,Yes,No,None,False,,39.940382394953915,-105.68727688710285,,,,0,no-project-stocking-record-found
import-public-confirmed,"Public indicator plus official property, survey, or land-manager context",King Solomon Creek,King Solomon Creek,King Solomon Creek,20874,1588,Routt,Stream or River,Coldwater,public-indicated,Public-land/property indicator or official property URL is present,Trout: Brook,Routt National Forest,https://www.fs.usda.gov/activity/mbr/recreation/fishing,"https://www.google.com/search?q=""fishing report""+King Solomon Creek+""Routt County""+Colorado",Medium,Low,No,No,None,False,,40.91067620351229,-106.92401981072679,,,,0,no-project-stocking-record-found
import-public-confirmed,"Public indicator plus official property, survey, or land-manager context",Kirby Gulch,Kirby Gulch,Kirby Gulch,12738,1387,Park,Stream or River,Coldwater,public-indicated,Public-land/property indicator or official property URL is present,Trout: Brook,Pike National Forest,https://www.fs.usda.gov/activity/psicc/recreation/fishing,"https://www.google.com/search?q=""fishing report""+Kirby Gulch+""Park County""+Colorado",Medium,Low,No,No,None,False,,39.54426086517027,-105.77954599673319,,,,0,no-project-stocking-record-found
import-public-confirmed,"Public indicator plus official property, survey, or land-manager context",Kiser Creek,Kiser Creek,Kiser Creek,40915,1453,Delta,Stream or River,Coldwater,public-indicated,Public-land/property indicator or official property URL is present,Trout: Rainbow,Grand Mesa National Forest,https://www.fs.usda.gov/activity/gmug/recreation/fishing,"https://www.google.com/search?q=""fishing report""+Kiser Creek+""Delta County""+Colorado",Medium,Low,No,No,None,False,,39.02681337384979,-107.94741449918759,,,,0,no-project-stocking-record-found
import-public-confirmed,"Public indicator plus official property, survey, or land-manager context",Kroenke Lake,Kroenke Lake,Kroenke Lake,80729,1284,Chaffee,Water Body,Coldwater,public-indicated,Public-land/property indicator or official property URL is present,Trout: Cutthroat | Trout: Golden,Collegiate Peaks Wilderness Area,https://www.fs.usda.gov/activity/psicc/recreation/fishing,"https://www.google.com/search?q=""fishing report""+Kroenke Lake+""Chaffee County""+Colorado",Difficult,Low,No,No,None,False,,38.865713101271275,-106.33476713689075,,,,0,no-project-stocking-record-found
import-public-confirmed,"Public indicator plus official property, survey, or land-manager context",La Garita Creek,La Garita Creek,La Garita Creek,40941,1516,Saguache,Stream or River,Coldwater,public-indicated,Public-land/property indicator or official property URL is present,Trout: Brook | Trout: Brown,Rio Grande National Forest,https://www.fs.usda.gov/activity/riogrande/recreation/fishing,"https://www.google.com/search?q=""fishing report""+La Garita Creek+""Saguache County""+Colorado",Medium,Low,No,No,None,False,,37.86019955774706,-106.52653824317119,,,,0,no-project-stocking-record-found
import-public-confirmed,"Public indicator plus official property, survey, or land-manager context",La Jara Creek,La Jara Creek,La Jara Creek,45282,657,Conejos,Stream or River,Coldwater,public-indicated,Public-land/property indicator or official property URL is present,Trout: Brown,La Jara SWA,https://cpw.state.co.us/swa/La%20Jara%20SWA,"https://www.google.com/search?q=""fishing report""+La Jara Creek+""Conejos County""+Colorado",Medium,Medium,No,No,None,False,,37.17285341336233,-106.21051783785575,,,,0,no-project-stocking-record-found
import-public-confirmed,"Public indicator plus official property, survey, or land-manager context",La Jara Reservoir,La Jara Reservoir,La Jara Reservoir,90833,457,Conejos,Water Body,Coldwater,public-indicated,Public-land/property indicator or official property URL is present,Trout: Brook | Trout: Cutthroat | Trout: Rainbow,La Jara Reservoir SWA,https://cpw.state.co.us/swa/La%20Jara%20Reservoir%20SWA,"https://www.google.com/search?q=""fishing report""+La Jara Reservoir+""Conejos County""+Colorado",Medium,Medium,No,Yes,Motor boats,False,,37.267443228946675,-106.35329522649396,,,,0,no-project-stocking-record-found
import-public-confirmed,"Public indicator plus official property, survey, or land-manager context",Ladybug Lake,[Purposely Left Blank],Ladybug Lake,60234,565,Arapahoe,Water Body,Warmwater,public-indicated,Public-land/property indicator or official property URL is present,Bass: Largemouth | Sunfish: Green,South Platte Park/Carson Nature Area,https://www.ssprd.org/nature,"https://www.google.com/search?q=""fishing report""+Ladybug Lake+""Arapahoe County""+Colorado",Medium,Low,Yes,No,None,False,,39.57004034784046,-105.04099430004355,,,,0,no-project-stocking-record-found
import-public-confirmed,"Public indicator plus official property, survey, or land-manager context",Lake Agnes,Lake Agnes,Lake Agnes,53671,1101,Jackson,Water Body,Coldwater,public-indicated,Public-land/property indicator or official property URL is present,Trout: Cutthroat,State Forest State Park,https://cpw.state.co.us/placestogo/Parks/stateforest,"https://www.google.com/search?q=""fishing report""+Lake Agnes+""Jackson County""+Colorado",Difficult,Medium,No,No,None,False,,40.48080258323778,-105.90325415423433,,,,0,no-project-stocking-record-found
import-public-confirmed,"Public indicator plus official property, survey, or land-manager context","Lake Creek, North Fork","Lake Creek, North Fork","Lake Creek, North Fork",31536,1500,Lake,Stream or River,Coldwater,public-indicated,Public-land/property indicator or official property URL is present,Trout: Brook,San Isabel National Forest,https://www.fs.usda.gov/activity/psicc/recreation/fishing,"https://www.google.com/search?q=""fishing report""+Lake Creek, North Fork+""Lake County""+Colorado",Difficult,Low,No,No,None,False,,39.1100969847415,-106.54209208453054,,,,0,no-project-stocking-record-found
import-public-confirmed,"Public indicator plus official property, survey, or land-manager context",Lake Loveland,Lake Loveland,Lake Loveland,53176,72,Larimer,Water Body,Mixed coldwater/warmwater,public-indicated,Public-land/property indicator or official property URL is present,Bass: Smallmouth | Carp: Common | Catfish: Channel | Crappie: Unspecified | Perch: Walleye | Perch: Yellow | Trout: Brown | Trout: Rainbow,North Lake Park,https://www.lovgov.org/Home/Components/FacilityDirectory/FacilityDirectory/93/354?selcat=275,https://cpw.state.co.us/thingstodo/Fishery%20Survey%20Summaries/LakeLoveland.pdf,Easy,Medium,Yes,Yes,None,False,,40.41061031749344,-105.08784079891664,,,,0,no-project-stocking-record-found
import-public-confirmed,"Public indicator plus official property, survey, or land-manager context","Lake Of The Clouds, Lower","Lake Of The Clouds, Lower","Lake Of The Clouds, Lower",80743,1259,Custer,Water Body,Coldwater,public-indicated,Public-land/property indicator or official property URL is present,Trout: Cutthroat,Sangre De Cristo Wilderness Area,https://www.fs.usda.gov/activity/psicc/recreation/fishing,"https://www.google.com/search?q=""fishing report""+Lake Of The Clouds, Lower+""Custer County""+Colorado",Difficult,Low,No,No,Unsure,False,,38.13359032044561,-105.65006291342692,,,,0,no-project-stocking-record-found
import-public-confirmed,"Public indicator plus official property, survey, or land-manager context","Lake Of The Clouds, Middle","Lake Of The Clouds, Middle","Lake Of The Clouds, Middle",80755,900,Custer,Water Body,Coldwater,public-indicated,Public-land/property indicator or official property URL is present,Trout: Cutthroat,Sangre De Cristo Wilderness Area,https://www.fs.usda.gov/activity/psicc/recreation/fishing,"https://www.google.com/search?q=""fishing report""+Lake Of The Clouds, Middle+""Custer County""+Colorado",Difficult,Low,No,No,Unsure,False,,38.13362314510805,-105.65338294208826,,,,0,no-project-stocking-record-found
import-public-confirmed,"Public indicator plus official property, survey, or land-manager context","Lake Of The Clouds, Upper","Lake Of The Clouds, Upper","Lake Of The Clouds, Upper",80767,906,Custer,Water Body,Coldwater,public-indicated,Public-land/property indicator or official property URL is present,Trout: Cutthroat,Sangre De Cristo Wilderness Area,https://www.fs.usda.gov/activity/psicc/recreation/fishing,"https://www.google.com/search?q=""fishing report""+Lake Of The Clouds, Upper+""Custer County""+Colorado",Difficult,Low,No,No,Unsure,False,,38.1315816964626,-105.6563100817803,,,,0,no-project-stocking-record-found
import-public-confirmed,"Public indicator plus official property, survey, or land-manager context",Lake Of The Woods,Lake Of The Woods,Lake Of The Woods,67682,190,Garfield,Water Body,Coldwater,public-indicated,Public-land/property indicator or official property URL is present,Trout: Brook,Flat Tops Wilderness Area,https://www.fs.usda.gov/activity/whiteriver/recreation/fishing,"https://www.google.com/search?q=""fishing report""+Lake Of The Woods+""Garfield County""+Colorado",Medium,Medium,Yes,Yes,Non-motorized,False,,40.01623560197362,-107.25492499217795,,,,0,no-project-stocking-record-found
import-public-confirmed,"Public indicator plus official property, survey, or land-manager context",Lambertson Lake,Lambertson Lake,Lambertson Lake,60641,1726,Adams,Water Body,Warmwater,public-indicated,Public-land/property indicator or official property URL is present,Bass: Largemouth | Perch: Yellow | Sunfish: Bluegill,Lambertson Lakes Park & Open Space,https://www.thorntonco.gov/thornton-parks/Pages/fishing-guide.aspx,"https://www.google.com/search?q=""fishing report""+Lambertson Lake+""Adams County""+Colorado",Easy,Medium,Yes,No,None,False,,39.8804509713963,-104.97111233378082,,,,0,no-project-stocking-record-found
import-public-confirmed,"Public indicator plus official property, survey, or land-manager context",Lanning Lake,Lanning Lake,Lanning Lake,67707,721,Mesa,Water Body,Coldwater,public-indicated,Public-land/property indicator or official property URL is present,Trout: Brook,Grand Mesa National Forest,https://www.fs.usda.gov/activity/gmug/recreation/fishing,"https://www.google.com/search?q=""fishing report""+Lanning Lake+""Mesa County""+Colorado",Difficult,Low,No,No,Non-motorized,False,,39.06752295383481,-107.80079305415862,,,,0,no-project-stocking-record-found
import-public-confirmed,"Public indicator plus official property, survey, or land-manager context",Laramie River,Laramie River,Laramie River,11394,1471,Larimer,Stream or River,Coldwater,public-indicated,Public-land/property indicator or official property URL is present,Trout: Brook | Trout: Brown,Roosevelt National Forest,https://www.fs.usda.gov/activity/arp/recreation/fishing,"https://www.google.com/search?q=""fishing report""+Laramie River+""Larimer County""+Colorado",Easy,Medium,No,No,None,False,,40.669147315324494,-105.85864627681221,,,,0,no-project-stocking-record-found
import-public-confirmed,"Public indicator plus official property, survey, or land-manager context",Left Hand Creek,Left Hand Creek,Left Hand Creek,10968,1797,Boulder,Stream or River,Mixed coldwater/warmwater,public-indicated,Public-land/property indicator or official property URL is present,Bass: Largemouth | Sunfish: Green | Trout: Brown,Left Hand Greenway,https://www.longmontcolorado.gov/Home/Components/FacilityDirectory/FacilityDirectory/98/52,"https://www.google.com/search?q=""fishing report""+Left Hand Creek+""Boulder County""+Colorado",Easy,Medium,Yes,No,None,False,,40.136821404630616,-105.11954768128602,,,,0,no-project-stocking-record-found
import-public-confirmed,"Public indicator plus official property, survey, or land-manager context",Left Hand Park Reservoir,Left Hand Park Reservoir,Left Hand Park Reservoir,55459,82,Boulder,Water Body,Coldwater,public-indicated,Public-land/property indicator or official property URL is present,Trout: Brook | Trout: Splake,Roosevelt National Forest,https://www.fs.usda.gov/activity/arp/recreation/fishing,"https://www.google.com/search?q=""fishing report""+Left Hand Park Reservoir+""Boulder County""+Colorado",Easy,Low,No,No,Unsure,False,,40.06764828357539,-105.5626252703813,,,,0,no-project-stocking-record-found
import-public-confirmed,"Public indicator plus official property, survey, or land-manager context",Lefthand Creek,Lefthand Creek,Lefthand Creek,11433,1422,Boulder,Stream or River,Coldwater,public-indicated,Public-land/property indicator or official property URL is present,Trout: Brook,Roosevelt National Forest,https://www.fs.usda.gov/recarea/arp/recreation/fishing/recarea/?recid=28178&actid=43,"https://www.google.com/search?q=""fishing report""+Lefthand Creek+""Boulder County""+Colorado",Medium,Low,No,No,None,False,,40.07756131963065,-105.53086312006242,,,,1,no-project-stocking-record-found
import-public-confirmed,"Public indicator plus official property, survey, or land-manager context",Lemon Reservoir,Lemon Reservoir,Lemon Reservoir,90934,314,La Plata,Water Body,Coldwater,public-indicated,Public-land/property indicator or official property URL is present,Salmon: Kokanee | Trout: Brown | Trout: Rainbow | Trout: Splake,San Juan National Forest,https://www.fs.usda.gov/activity/sanjuan/recreation/fishing,"https://www.google.com/search?q=""fishing report""+Lemon Reservoir+""La Plata County""+Colorado",Easy,Low,No,Yes,Non-motorized,False,,37.4036924372487,-107.6644127204739,,,,0,no-project-stocking-record-found
import-public-confirmed,"Public indicator plus official property, survey, or land-manager context",Leon Creek,Leon Creek,Leon Creek,20951,1506,Mesa,Stream or River,Coldwater,public-indicated,Public-land/property indicator or official property URL is present,Trout: Cutthroat,Grand Mesa National Forest,https://www.fs.usda.gov/activity/gmug/recreation/fishing,"https://www.google.com/search?q=""fishing report""+Leon Creek+""Mesa County""+Colorado",Medium,Low,No,No,None,False,,39.17481218489879,-107.80612479971164,,,,0,no-project-stocking-record-found
import-public-confirmed,"Public indicator plus official property, survey, or land-manager context","Leon Creek, East","Leon Creek, East","Leon Creek, East",28034,1629,Mesa,Stream or River,Coldwater,public-indicated,Public-land/property indicator or official property URL is present,Trout: Cutthroat,Grand Mesa National Forest,https://www.fs.usda.gov/activity/gmug/recreation/fishing,"https://www.google.com/search?q=""fishing report""+Leon Creek, East+""Mesa County""+Colorado",Medium,Low,No,No,None,False,,39.09107740608459,-107.7778920097698,,,,0,no-project-stocking-record-found
import-public-confirmed,"Public indicator plus official property, survey, or land-manager context","Leon Creek, Middle","Leon Creek, Middle","Leon Creek, Middle",26167,1631,Mesa,Stream or River,Coldwater,public-indicated,Public-land/property indicator or official property URL is present,Trout: Cutthroat,Grand Mesa National Forest,https://www.fs.usda.gov/activity/gmug/recreation/fishing,"https://www.google.com/search?q=""fishing report""+Leon Creek, Middle+""Mesa County""+Colorado",Medium,Low,No,No,None,False,,39.07498607241833,-107.80041347642519,,,,0,no-project-stocking-record-found
import-public-confirmed,"Public indicator plus official property, survey, or land-manager context","Leon Creek, West","Leon Creek, West","Leon Creek, West",21426,1636,Mesa,Stream or River,Coldwater,public-indicated,Public-land/property indicator or official property URL is present,Trout: Cutthroat,Grand Mesa National Forest,https://www.fs.usda.gov/activity/gmug/recreation/fishing,"https://www.google.com/search?q=""fishing report""+Leon Creek, West+""Mesa County""+Colorado",Medium,Low,No,No,None,False,,39.09546067258425,-107.79303567587881,,,,0,no-project-stocking-record-found
import-public-confirmed,"Public indicator plus official property, survey, or land-manager context",Leon Lake,Leon Lake,Leon Lake,67733,59,Mesa,Water Body,Coldwater,public-indicated,Public-land/property indicator or official property URL is present,Trout: Brook | Trout: Cutthroat,Grand Mesa National Forest,https://www.fs.usda.gov/activity/gmug/recreation/fishing,"https://www.google.com/search?q=""fishing report""+Leon Lake+""Mesa County""+Colorado",Difficult,Medium,No,No,Electric,False,,39.070833373932246,-107.81052296930898,,,,0,no-project-stocking-record-found
import-public-confirmed,"Public indicator plus official property, survey, or land-manager context","Leroux Creek, East Fork","Leroux Creek, East Fork","Leroux Creek, East Fork",38849,1457,Delta,Stream or River,Coldwater,public-indicated,Public-land/property indicator or official property URL is present,Trout: Rainbow,Grand Mesa National Forest,https://www.fs.usda.gov/activity/gmug/recreation/fishing,"https://www.google.com/search?q=""fishing report""+Leroux Creek, East Fork+""Delta County""+Colorado",Easy,Low,No,No,None,False,,39.0192867724429,-107.69784955865448,,,,0,no-project-stocking-record-found
import-public-confirmed,"Public indicator plus official property, survey, or land-manager context","Leroux Creek, West Fork","Leroux Creek, West Fork","Leroux Creek, West Fork",40262,1458,Delta,Stream or River,Coldwater,public-indicated,Public-land/property indicator or official property URL is present,Trout: Rainbow,Grand Mesa National Forest,https://www.fs.usda.gov/activity/gmug/recreation/fishing,"https://www.google.com/search?q=""fishing report""+Leroux Creek, West Fork+""Delta County""+Colorado",Easy,Low,No,No,None,False,,39.005904434829674,-107.73546776522512,,,,0,no-project-stocking-record-found
import-public-confirmed,"Public indicator plus official property, survey, or land-manager context","Lilly Lake, Upper","Lilly Lake, Upper","Lilly Lake, Upper",80781,896,Huerfano,Water Body,Coldwater,public-indicated,Public-land/property indicator or official property URL is present,Trout: Cutthroat,San Isabel National Forest,https://www.fs.usda.gov/activity/psicc/recreation/fishing,"https://www.google.com/search?q=""fishing report""+Lilly Lake, Upper+""Huerfano County""+Colorado",Difficult,Low,No,No,Unsure,False,,37.59753313772714,-105.49538791107734,,,,0,no-project-stocking-record-found
import-public-confirmed,"Public indicator plus official property, survey, or land-manager context",Lily Lake,Lily Lake,Lily Lake,57390,1330,Larimer,Water Body,Coldwater,public-indicated,Public-land/property indicator or official property URL is present,Trout: Brook | Trout: Cutthroat,Rocky Mountain National Park,https://www.nps.gov/romo/planyourvisit/fishing.htm,"https://www.google.com/search?q=""fishing report""+Lily Lake+""Larimer County""+Colorado",Easy,Medium,Yes,Yes,None,False,,40.30748778628086,-105.54037255181112,,,,0,no-project-stocking-record-found
import-public-confirmed,"Public indicator plus official property, survey, or land-manager context",Lily Lake,Lily Lake,Lily Lake,67745,695,Mesa,Water Body,Coldwater,public-indicated,Public-land/property indicator or official property URL is present,Trout: Cutthroat,Grand Mesa National Forest,https://www.fs.usda.gov/activity/gmug/recreation/fishing,"https://www.google.com/search?q=""fishing report""+Lily Lake+""Mesa County""+Colorado",Difficult,Low,No,No,Non-motorized,False,,39.070116576019956,-107.95429017921943,,,,0,no-project-stocking-record-found
import-public-confirmed,"Public indicator plus official property, survey, or land-manager context","Lily Lake, Lower","Lily Lake, Lower","Lily Lake, Lower",80779,260,Huerfano,Water Body,Coldwater,public-indicated,Public-land/property indicator or official property URL is present,Trout: Cutthroat,San Isabel National Forest,https://www.fs.usda.gov/activity/psicc/recreation/fishing,"https://www.google.com/search?q=""fishing report""+Lily Lake, Lower+""Huerfano County""+Colorado",Difficult,Low,No,No,Unsure,False,,37.59451159871016,-105.49049462063812,,,,0,no-project-stocking-record-found
import-public-confirmed,"Public indicator plus official property, survey, or land-manager context",Lily Pad Pond,[Purposely Left Blank],Lily Pad Pond,53500,578,Denver,Water Body,Warmwater,public-indicated,Public-land/property indicator or official property URL is present,Carp: Common | Catfish: Channel | Sunfish: Green,Washington Park,https://www.denvergov.org/content/denvergov/en/denver-parks-and-recreation/parks/city-parks.html,"https://www.google.com/search?q=""fishing report""+Lily Pad Pond+""Denver County""+Colorado",Easy,Low,No,No,None,False,,39.706715182933415,-104.96946299098656,,,,0,no-project-stocking-record-found
import-public-confirmed,"Public indicator plus official property, survey, or land-manager context",Lime Creek,Lime Creek,Lime Creek,26179,1548,Eagle,Stream or River,Coldwater,public-indicated,Public-land/property indicator or official property URL is present,Trout: Brook,White River National Forest,https://www.fs.usda.gov/activity/whiteriver/recreation/fishing,"https://www.google.com/search?q=""fishing report""+Lime Creek+""Eagle County""+Colorado",Easy,Low,No,No,None,False,,39.55013440537092,-106.32685867814983,,,,0,no-project-stocking-record-found
import-public-confirmed,"Public indicator plus official property, survey, or land-manager context",Lime Creek,Lime Creek,Lime Creek,41171,1528,San Juan,Stream or River,Coldwater,public-indicated,Public-land/property indicator or official property URL is present,Trout: Brook | Trout: Cutthroat,San Juan National Forest,https://www.fs.usda.gov/activity/sanjuan/recreation/fishing,"https://www.google.com/search?q=""fishing report""+Lime Creek+""San Juan County""+Colorado",Difficult,Medium,No,No,Unsure,False,,37.671716674347834,-107.75160800973394,,,,0,no-project-stocking-record-found
import-public-confirmed,"Public indicator plus official property, survey, or land-manager context",Lincoln Lake,Lincoln Lake,Lincoln Lake,55473,567,Clear Creek,Water Body,Coldwater,public-indicated,Public-land/property indicator or official property URL is present,Trout: Brook | Trout: Lake,Mount Evans Wilderness Area,https://www.fs.usda.gov/activity/arp/recreation/fishing,"https://www.google.com/search?q=""fishing report""+Lincoln Lake+""Clear Creek County""+Colorado",Difficult,Low,No,No,Non-motorized,False,,39.61715420887135,-105.59936018599096,,,,0,no-project-stocking-record-found
import-public-confirmed,"Public indicator plus official property, survey, or land-manager context",Little Gem Reservoir,Little Gem Reservoir,Little Gem Reservoir,90059,715,Delta,Water Body,Coldwater,public-indicated,Public-land/property indicator or official property URL is present,Trout: Cutthroat | Trout: Splake,Grand Mesa National Forest,https://www.fs.usda.gov/activity/gmug/recreation/fishing,"https://www.google.com/search?q=""fishing report""+Little Gem Reservoir+""Delta County""+Colorado",Medium,Medium,No,Yes,Non-motorized,False,,39.02864922664654,-108.00406319974365,,,,0,no-project-stocking-record-found
import-public-confirmed,"Public indicator plus official property, survey, or land-manager context","Little Snake River, Middle Fork","Little Snake River, Middle Fork","Little Snake River, Middle Fork",23317,1590,Routt,Stream or River,Coldwater,public-indicated,Public-land/property indicator or official property URL is present,Trout: Brook,Routt National Forest,https://www.fs.usda.gov/activity/mbr/recreation/fishing,"https://www.google.com/search?q=""fishing report""+Little Snake River, Middle Fork+""Routt County""+Colorado",Medium,Low,No,No,None,False,,40.91394906974369,-106.87712867726216,,,,0,no-project-stocking-record-found
import-public-confirmed,"Public indicator plus official property, survey, or land-manager context",Little Squaw Creek,Little Squaw Creek,Little Squaw Creek,43377,1518,Hinsdale,Stream or River,Coldwater,public-indicated,Public-land/property indicator or official property URL is present,Trout: Cutthroat,Weminuche Wilderness Area,https://www.fs.usda.gov/activity/riogrande/recreation/fishing,"https://www.google.com/search?q=""fishing report""+Little Squaw Creek+""Hinsdale County""+Colorado",Difficult,Low,No,No,None,False,,37.68043829007382,-107.19571757348575,,,,0,no-project-stocking-record-found
import-public-confirmed,"Public indicator plus official property, survey, or land-manager context",Little's Creek Pond,Little's Creek Pond,Little's Creek Pond,57580,170,Arapahoe,Water Body,Warmwater,public-indicated,Public-land/property indicator or official property URL is present,Bass: Largemouth | Catfish: Black Bullhead | Catfish: Channel | Sunfish: Green,Little's Creek Park,https://www.ssprd.org/littles-creek-park,"https://www.google.com/search?q=""fishing report""+Little's Creek Pond+""Arapahoe County""+Colorado",Easy,Low,No,No,None,False,,39.593361905682066,-104.98940421138006,,,,0,no-project-stocking-record-found
import-public-confirmed,"Public indicator plus official property, survey, or land-manager context",Loc Amora Lake (Jacobs Pond),Loc Amora Lake (Jacobs Pond),Josh's Pond,55489,273,Broomfield,Water Body,Warmwater,public-indicated,Public-land/property indicator or official property URL is present,Bass: Largemouth | Catfish: Channel | Crappie: Black | Sunfish: Bluegill,Josh's Pond,https://www.broomfield.org/1062/Fishing-in-Broomfield,"https://www.google.com/search?q=""fishing report""+Josh's Pond+""Broomfield County""+Colorado",Easy,Medium,Yes,No,None,False,,39.93286096169165,-105.10862268341427,,,,0,no-project-stocking-record-found
import-public-confirmed,"Public indicator plus official property, survey, or land-manager context",Loch Lomond Lake,Loch Lomond Lake,Loch Lomond Lake,55485,521,Clear Creek,Water Body,Coldwater,public-indicated,Public-land/property indicator or official property URL is present,Trout: Brook | Trout: Lake,Arapaho National Forest,https://www.fs.usda.gov/recarea/arp/recreation/fishing/recarea/?recid=28484&actid=42,"https://www.google.com/search?q=""fishing report""+Loch Lomond Lake+""Clear Creek County""+Colorado",Difficult,Low,No,No,Non-motorized,False,,39.83572093136004,-105.67779953059967,,,,0,no-project-stocking-record-found
import-public-confirmed,"Public indicator plus official property, survey, or land-manager context",Long Draw Reservoir,Long Draw Reservoir,Long Draw Reservoir,55500,1025,Larimer,Water Body,Coldwater,public-indicated,Public-land/property indicator or official property URL is present,Trout: Cutthroat,Roosevelt National Forest,https://www.fs.usda.gov/activity/arp/recreation/fishing,"https://www.google.com/search?q=""fishing report""+Long Draw Reservoir+""Larimer County""+Colorado",Easy,Medium,Yes,No,Electric,False,,40.49945878748644,-105.78975495647512,,,,0,no-project-stocking-record-found
import-public-confirmed,"Public indicator plus official property, survey, or land-manager context",Long Hollow Gulch,Long Hollow Gulch,Long Hollow Gulch,17372,1363,Douglas,Stream or River,Coldwater,public-indicated,Public-land/property indicator or official property URL is present,Trout: Brook | Trout: Rainbow,Pike National Forest,https://www.fs.usda.gov/activity/psicc/recreation/fishing,"https://www.google.com/search?q=""fishing report""+Long Hollow Gulch+""Douglas County""+Colorado",Medium,Low,No,No,None,False,,39.19421393431453,-105.09588858815476,,,,0,no-project-stocking-record-found
import-public-confirmed,"Public indicator plus official property, survey, or land-manager context",Long Lake,Long Lake,Long Lake,55512,425,Boulder,Water Body,Coldwater,public-indicated,Public-land/property indicator or official property URL is present,Trout: Brook | Trout: Cutthroat,Indian Peaks Wilderness Area,https://www.fs.usda.gov/activity/arp/recreation/fishing,"https://www.google.com/search?q=""fishing report""+Long Lake+""Boulder County""+Colorado",Medium,Low,Yes,Yes,Non-motorized,False,,40.07225271377729,-105.59211701415954,,,,0,no-project-stocking-record-found
import-public-confirmed,"Public indicator plus official property, survey, or land-manager context",Los Pinos Creek,Los Pinos Creek,Los Pinos Creek,49230,1604,Saguache,Stream or River,Coldwater,public-indicated,Public-land/property indicator or official property URL is present,Trout: Brown | Trout: Rainbow,Cochetopa SWA,https://cpw.state.co.us/swa/Cochetopa%20SWA,"https://www.google.com/search?q=""fishing report""+Los Pinos Creek+""Saguache County""+Colorado",Medium,Low,No,No,Unsure,False,,38.23319067406879,-106.77055261124302,,,,0,no-project-stocking-record-found
import-public-confirmed,"Public indicator plus official property, survey, or land-manager context",Los Pinos River,Los Pinos River,Los Pinos River,41284,1526,Hinsdale,Stream or River,Coldwater,public-indicated,Public-land/property indicator or official property URL is present,Trout: Brook | Trout: Cutthroat | Trout: Rainbow,Weminuche Wilderness Area,https://www.fs.usda.gov/activity/sanjuan/recreation/fishing,"https://www.google.com/search?q=""fishing report""+Los Pinos River+""Hinsdale County""+Colorado",Difficult,Medium,No,No,Unsure,False,,37.48189160875349,-107.44457581028317,,,,0,no-project-stocking-record-found
import-public-confirmed,"Public indicator plus official property, survey, or land-manager context",Lost Creek,Lost Creek,Lost Creek,11510,1391,Clear Creek,Stream or River,Coldwater,public-indicated,Public-land/property indicator or official property URL is present,Trout: Brook,Mount Evans Wilderness Area,https://www.fs.usda.gov/activity/arp/recreation/fishing,"https://www.google.com/search?q=""fishing report""+Lost Creek+""Clear Creek County""+Colorado",Difficult,Low,No,No,None,False,,39.59218786646287,-105.53436949255135,,,,0,no-project-stocking-record-found
import-public-confirmed,"Public indicator plus official property, survey, or land-manager context","Lost Creek, North Fork","Lost Creek, North Fork","Lost Creek, North Fork",14011,1369,Park,Stream or River,Coldwater,public-indicated,Public-land/property indicator or official property URL is present,Trout: Brook,Pike National Forest,https://www.fs.usda.gov/activity/psicc/recreation/fishing,"https://www.google.com/search?q=""fishing report""+Lost Creek, North Fork+""Park County""+Colorado",Medium,Low,No,No,None,False,,39.31854549307697,-105.54437275875445,,,,0,no-project-stocking-record-found
import-public-confirmed,"Public indicator plus official property, survey, or land-manager context","Lost Creek, South Fork","Lost Creek, South Fork","Lost Creek, South Fork",14023,1368,Park,Stream or River,Coldwater,public-indicated,Public-land/property indicator or official property URL is present,Trout: Brook,Pike National Forest,https://www.fs.usda.gov/activity/psicc/recreation/fishing,"https://www.google.com/search?q=""fishing report""+Lost Creek, North Fork+""Park County""+Colorado",Medium,Low,No,No,None,False,,39.30519149913133,-105.55168583658296,,,,0,no-project-stocking-record-found
import-public-confirmed,"Public indicator plus official property, survey, or land-manager context",Lost Lake,Lost Lake,Lost Lake,55574,58,Boulder,Water Body,Coldwater,public-indicated,Public-land/property indicator or official property URL is present,Trout: Brook | Trout: Cutthroat | Trout: Rainbow,Roosevelt National Forest,https://www.fs.usda.gov/activity/arp/recreation/fishing,https://cpw.state.co.us/thingstodo/Fishery%20Survey%20Summaries/JamesPeakWildernessLakes.pdf,Medium,Low,No,No,Non-motorized,False,,39.94977047725434,-105.61655519637377,,,,0,no-project-stocking-record-found
import-public-confirmed,"Public indicator plus official property, survey, or land-manager context",Lost Lake,[Purposely Left Blank],Lost Lake,67935,492,Mesa,Water Body,Coldwater,public-indicated,Public-land/property indicator or official property URL is present,Trout: Brook | Trout: Cutthroat,Grand Mesa National Forest,https://www.fs.usda.gov/activity/gmug/recreation/fishing,"https://www.google.com/search?q=""fishing report""+Lost Lake+""Mesa County""+Colorado",Medium,Low,No,No,Non-motorized,False,,39.03846007731594,-108.0949540134538,,,,0,no-project-stocking-record-found
import-public-confirmed,"Public indicator plus official property, survey, or land-manager context",Lost Lake,Lost Lake,Lost Lake,67923,723,Mesa,Water Body,Coldwater,public-indicated,Public-land/property indicator or official property URL is present,Trout: Brook | Trout: Cutthroat,Grand Mesa National Forest,https://www.fs.usda.gov/activity/gmug/recreation/fishing,"https://www.google.com/search?q=""fishing report""+Lost Lake+""Mesa County""+Colorado",Difficult,Low,No,No,Non-motorized,False,,39.10085015566674,-107.82445629570982,,,,0,no-project-stocking-record-found
import-public-confirmed,"Public indicator plus official property, survey, or land-manager context",Lowell Pond #2 Middle,[Purposely Left Blank],Lowell Pond #2 Middle,60462,256,Adams,Water Body,Warmwater,public-indicated,Public-land/property indicator or official property URL is present,Bass: Largemouth | Carp: Common | Sunfish: Bluegill | Sunfish: Green,Lowell Ponds Open Space,https://www.adcogov.org/openspace,"https://www.google.com/search?q=""fishing report""+Lowell Pond #2 Middle+""Adams County""+Colorado",Easy,Medium,No,No,Belly boats,False,,39.79847413478679,-105.04020485158873,,,,0,no-project-stocking-record-found
import-public-confirmed,"Public indicator plus official property, survey, or land-manager context",Lowell Pond #3 West,[Purposely Left Blank],Lowell Pond #3 West,60474,255,Adams,Water Body,Warmwater,public-indicated,Public-land/property indicator or official property URL is present,Bass: Largemouth | Catfish: Channel | Sunfish: Bluegill | Sunfish: Green,Lowell Ponds Open Space,https://www.adcogov.org/openspace,"https://www.google.com/search?q=""fishing report""+Lowell Pond #3 West+""Adams County""+Colorado",Easy,Medium,No,No,Belly boats,False,,39.7977835065595,-105.04127976577624,,,,0,no-project-stocking-record-found
import-public-confirmed,"Public indicator plus official property, survey, or land-manager context",Lowell Ponds,Lowell Ponds,Lowell Pond #1 East,60450,257,Adams,Water Body,Warmwater,public-indicated,Public-land/property indicator or official property URL is present,Bass: Largemouth | Catfish: Channel | Perch: Yellow | Sunfish: Bluegill | Sunfish: Green,Lowell Ponds Open Space,https://www.adcogov.org/openspace,"https://www.google.com/search?q=""fishing report""+Lowell Pond #1 East+""Adams County""+Colorado",Easy,Medium,Yes,No,Belly boats,False,,39.798014998404895,-105.038879304742,,,,0,no-project-stocking-record-found
import-public-confirmed,"Public indicator plus official property, survey, or land-manager context","Macey Lake, Lower",[Purposely Left Blank],"Macey Lake, Lower",80844,581,Custer,Water Body,Coldwater,public-indicated,Public-land/property indicator or official property URL is present,Trout: Cutthroat,Sangre De Cristo Wilderness Area,https://www.fs.usda.gov/activity/psicc/recreation/fishing,"https://www.google.com/search?q=""fishing report""+Macey Lake, Lower+""Custer County""+Colorado",Difficult,Low,No,No,Unsure,False,,38.00035494913666,-105.57186007007968,,,,0,no-project-stocking-record-found
import-public-confirmed,"Public indicator plus official property, survey, or land-manager context","Macey Lake, West",[Purposely Left Blank],"Macey Lake, West",80868,528,Custer,Water Body,Coldwater,public-indicated,Public-land/property indicator or official property URL is present,Trout: Cutthroat,Sangre De Cristo Wilderness Area,https://www.fs.usda.gov/activity/psicc/recreation/fishing,"https://www.google.com/search?q=""fishing report""+Macey Lake, West+""Custer County""+Colorado",Difficult,Low,No,No,Unsure,False,,37.99677317748718,-105.58426218124782,,,,0,no-project-stocking-record-found
import-public-confirmed,"Public indicator plus official property, survey, or land-manager context",Macey Lakes,Macey Lakes,"Macey Lake, South",80856,471,Custer,Water Body,Coldwater,public-indicated,Public-land/property indicator or official property URL is present,Trout: Cutthroat,Sangre De Cristo Wilderness Area,https://www.fs.usda.gov/activity/psicc/recreation/fishing,"https://www.google.com/search?q=""fishing report""+Macey Lake, South+""Custer County""+Colorado",Difficult,Low,No,No,Unsure,False,,37.99560597499089,-105.57248048703909,,,,0,no-project-stocking-record-found
import-public-confirmed,"Public indicator plus official property, survey, or land-manager context",Mason Reservoir,Mason Reservoir,Mason Reservoir,79966,1772,Teller,Water Body,Coldwater,public-indicated,Public-land/property indicator or official property URL is present,Trout: Cutthroat,South Slope Recreation Area,https://coloradosprings.gov/pikes-peak-americas-mountain/page/south-slope-recreation-area,"https://www.google.com/search?q=""fishing report""+Mason Reservoir+""Teller County""+Colorado",Medium,Low,No,No,None,False,,38.78444527335859,-105.01536455560556,,,,0,no-project-stocking-record-found
import-public-confirmed,"Public indicator plus official property, survey, or land-manager context",McIntosh Lake,McIntosh Lake,McIntosh Lake,57780,1650,Boulder,Water Body,Warmwater,public-indicated,Public-land/property indicator or official property URL is present,Bass: Smallmouth | Bass: White | Carp: Common | Catfish: Channel | Crappie: Black | Perch: Walleye | Sunfish: Bluegill | Sunfish: Green,McIntosh Lake,https://www.longmontcolorado.gov/Home/Components/FacilityDirectory/FacilityDirectory/86/52,https://cpw.state.co.us/thingstodo/Fishery%20Survey%20Summaries/McIntoshLake.pdf,Easy,Medium,Yes,No,Non-motorized,False,,40.193857546403784,-105.15141514649557,,,,0,no-project-stocking-record-found
import-public-confirmed,"Public indicator plus official property, survey, or land-manager context",McKay Lake,McKay Lake,McKay Lake,52310,318,Adams,Water Body,Warmwater,public-indicated,Public-land/property indicator or official property URL is present,Bass: Largemouth | Catfish: Channel | Crappie: Black | Perch: Yellow | Sunfish: Bluegill,McKay Lake,"https://www.cityofwestminster.us/ParksRecreation/Parks,TrailsOpenSpace/OpenSpaceTrails","https://www.google.com/search?q=""fishing report""+McKay Lake+""Adams County""+Colorado",Easy,Medium,No,No,Non-motorized,False,,39.95340277486987,-105.01230541387238,,,,0,no-project-stocking-record-found
import-public-confirmed,"Public indicator plus official property, survey, or land-manager context",McMurry West Pond,McMurry West Pond,McMurry West Pond,58065,371,Larimer,Water Body,Warmwater,public-indicated,Public-land/property indicator or official property URL is present,Bass: Largemouth | Catfish: Channel | Crappie: Black | Sunfish: Green,McMurry Natural Area Annex,https://www.fcgov.com/naturalareas/finder/mcmurry,"https://www.google.com/search?q=""fishing report""+McMurry West Pond+""Larimer County""+Colorado",Medium,Medium,Yes,No,Non-motorized,False,,40.60251697721306,-105.09198353525792,,,,0,no-project-stocking-record-found
import-public-confirmed,"Public indicator plus official property, survey, or land-manager context",McReynolds Reservoir,McReynolds Reservoir,McReynolds Reservoir,79978,1773,Teller,Water Body,Coldwater,public-indicated,Public-land/property indicator or official property URL is present,Trout: Cutthroat,South Slope Recreation Area,https://coloradosprings.gov/pikes-peak-americas-mountain/page/south-slope-recreation-area,"https://www.google.com/search?q=""fishing report""+McReynolds Reservoir+""Teller County""+Colorado",Medium,Low,Yes,No,Non-motorized,False,,38.780111886906134,-105.00484188709842,,,,0,no-project-stocking-record-found
import-public-confirmed,"Public indicator plus official property, survey, or land-manager context",Mesa Creek,Mesa Creek,Mesa Creek,21167,1446,Mesa,Stream or River,Coldwater,public-indicated,Public-land/property indicator or official property URL is present,Trout: Brook | Trout: Brown | Trout: Rainbow,Grand Mesa National Forest,https://www.fs.usda.gov/activity/gmug/recreation/fishing,"https://www.google.com/search?q=""fishing report""+Mesa Creek+""Mesa County""+Colorado",Medium,Medium,No,No,None,False,,39.05226500519083,-108.09876888178434,,,,0,no-project-stocking-record-found
import-public-confirmed,"Public indicator plus official property, survey, or land-manager context","Mesa Lake, South",[Purposely Left Blank],"Mesa Lake, South",68468,477,Mesa,Water Body,Coldwater,public-indicated,Public-land/property indicator or official property URL is present,Trout: Brook,Grand Mesa National Forest,https://www.fs.usda.gov/activity/gmug/recreation/fishing,"https://www.google.com/search?q=""fishing report""+Mesa Lake, South+""Mesa County""+Colorado",Easy,High,Yes,Yes,Non-motorized,False,,39.04164761043696,-108.09227899942097,,,,0,no-project-stocking-record-found
import-public-confirmed,"Public indicator plus official property, survey, or land-manager context",Michigan River,Michigan River,Michigan River,11596,682,Jackson,Stream or River,Coldwater,public-indicated,Public-land/property indicator or official property URL is present,Trout: Brown | Trout: Rainbow,Murphy SWA,https://cpw.state.co.us/swa/Murphy%20SWA,"https://www.google.com/search?q=""fishing report""+Michigan River+""Jackson County""+Colorado",Medium,Low,No,No,None,False,,40.72604072731702,-106.25097023363935,,,,2,no-project-stocking-record-found
import-public-confirmed,"Public indicator plus official property, survey, or land-manager context",Middle St. Vrain Creek,Middle St. Vrain Creek,"St. Vrain Creek, Middle",12168,1324,Boulder,Stream or River,Coldwater,public-indicated,Public-land/property indicator or official property URL is present,Trout: Brook | Trout: Brown | Trout: Cutthroat,Camp Dick Campground - Roosevelt National Forest,https://www.fs.usda.gov/recarea/arp/recreation/camping-cabins/recarea/?recid=28224&actid=29,"https://www.google.com/search?q=""fishing report""+St. Vrain Creek, Middle+""Boulder County""+Colorado",Medium,Low,No,No,None,False,,40.12961672067761,-105.51884716139722,,,,0,no-project-stocking-record-found
import-public-confirmed,"Public indicator plus official property, survey, or land-manager context",Military Park Reservoir,Military Park Reservoir,Military Park Reservoir,91176,478,Delta,Water Body,Coldwater,public-indicated,Public-land/property indicator or official property URL is present,Trout: Cutthroat,Grand Mesa National Forest,https://www.fs.usda.gov/activity/gmug/recreation/fishing,"https://www.google.com/search?q=""fishing report""+Military Park Reservoir+""Delta County""+Colorado",Easy,Medium,No,Yes,Non-motorized,False,,39.057509984515605,-107.88932057462941,,,,0,no-project-stocking-record-found
import-public-confirmed,"Public indicator plus official property, survey, or land-manager context",Mill Creek,Mill Creek,Mill Creek,13172,1401,Clear Creek,Stream or River,Coldwater,public-indicated,Public-land/property indicator or official property URL is present,Trout: Brook,Arapaho National Forest,https://www.fs.usda.gov/activity/arp/recreation/fishing,"https://www.google.com/search?q=""fishing report""+Mill Creek+""Clear Creek County""+Colorado",Difficult,Low,No,No,None,False,,39.80086401520042,-105.67956886226473,,,,0,no-project-stocking-record-found
import-public-confirmed,"Public indicator plus official property, survey, or land-manager context",Miller Creek,Miller Creek,Miller Creek,25761,1583,Rio Blanco,Stream or River,Coldwater,public-indicated,Public-land/property indicator or official property URL is present,Trout: Brook | Trout: Brown,White River National Forest,https://www.fs.usda.gov/activity/whiteriver/recreation/fishing,"https://www.google.com/search?q=""fishing report""+Miller Creek+""Rio Blanco County""+Colorado",Easy,Low,No,No,None,False,,39.87778347182235,-107.7656296099845,,,,0,no-project-stocking-record-found
import-public-confirmed,"Public indicator plus official property, survey, or land-manager context",Miller Fork Creek,Miller Fork Creek,Miller Fork Creek,12992,1482,Larimer,Stream or River,Coldwater,public-indicated,Public-land/property indicator or official property URL is present,Trout: Brook | Trout: Cutthroat,Roosevelt National Forest,https://www.fs.usda.gov/activity/arp/recreation/fishing,"https://www.google.com/search?q=""fishing report""+Miller Fork Creek+""Larimer County""+Colorado",Medium,Low,Yes,No,None,False,,40.50532324857957,-105.47376869792026,,,,0,no-project-stocking-record-found
import-public-confirmed,"Public indicator plus official property, survey, or land-manager context",Miramonte Reservoir,Miramonte Reservoir,Miramonte Reservoir,91289,467,San Miguel,Water Body,Coldwater,public-indicated,Public-land/property indicator or official property URL is present,Trout: Brown | Trout: Rainbow,Dan Noble SWA,https://cpw.state.co.us/swa/Dan%20Noble%20SWA,https://cpw.state.co.us/thingstodo/Fishery%20Survey%20Summaries/MiramonteReservoir.pdf,Easy,High,Yes,Yes,Motor boats,False,,37.97030123479313,-108.3398471629439,,,,0,no-project-stocking-record-found
import-public-confirmed,"Public indicator plus official property, survey, or land-manager context",Mitchell Lake,Mitchell Lake,Mitchell Lake,55726,311,Boulder,Water Body,Coldwater,public-indicated,Public-land/property indicator or official property URL is present,Trout: Brook | Trout: Cutthroat,Indian Peaks Wilderness Area,https://www.fs.usda.gov/activity/arp/recreation/fishing,"https://www.google.com/search?q=""fishing report""+Mitchell Lake+""Boulder County""+Colorado",Medium,Low,No,Yes,Non-motorized,False,,40.087996917558776,-105.5964080497778,,,,0,no-project-stocking-record-found
import-public-confirmed,"Public indicator plus official property, survey, or land-manager context",Mogensen Ponds #3,[Purposely Left Blank],Mogensen Ponds #3,COFA5,594,Mesa,Water Body,Warmwater,public-indicated,Public-land/property indicator or official property URL is present,Bass: Largemouth | Sunfish: Bluegill | Sunfish: Green,Mogensen Ponds SWA,https://cpw.state.co.us/swa/Mogensen%20Ponds%20SWA,"https://www.google.com/search?q=""fishing report""+Mogensen Ponds #3+""Mesa County""+Colorado",Medium,Low,No,No,Non-motorized,False,,39.18934947003296,-108.13237219844834,,,,2,no-project-stocking-record-found
import-public-confirmed,"Public indicator plus official property, survey, or land-manager context",Monarch Park Ponds,Monarch Park Ponds,Monarch Park Ponds,52502,1819,Chaffee,Water Body,Coldwater,public-indicated,Public-land/property indicator or official property URL is present,Trout: Rainbow,Monarch Park Campground,https://www.fs.usda.gov/r02/psicc/recreation/monarch-park-campground,"http://www.google.com/search?q=""fishing report""+Monarch Park Ponds+""Chaffee County""+Colorado",Easy,Medium,No,Yes,None,False,,38.519870753648725,-106.32277616666185,,,,0,no-project-stocking-record-found
import-public-confirmed,"Public indicator plus official property, survey, or land-manager context",Morrow Point Reservoir,Morrow Point Reservoir,Morrow Point Reservoir,91392,1179,Gunnison,Water Body,Coldwater,public-indicated,Public-land/property indicator or official property URL is present,Salmon: Kokanee | Trout: Brown | Trout: Cutthroat | Trout: Lake | Trout: Rainbow,Curecanti National Recreation Area,https://www.nps.gov/cure/planyourvisit/fishing.htm,"https://www.google.com/search?q=""fishing report""+Morrow Point Reservoir+""Gunnison County""+Colorado",Difficult,Low,No,No,Non-motorized,False,,38.44458204165967,-107.48813734174044,,,,0,no-project-stocking-record-found
import-public-confirmed,"Public indicator plus official property, survey, or land-manager context",Mosquito Creek,Mosquito Creek,Mosquito Creek,22993,1633,Mesa,Stream or River,Coldwater,public-indicated,Public-land/property indicator or official property URL is present,Trout: Cutthroat,White River National Forest,https://www.fs.usda.gov/activity/whiteriver/recreation/fishing,"https://www.google.com/search?q=""fishing report""+Mosquito Creek+""Mesa County""+Colorado",Medium,Low,No,No,None,False,,39.309251672336465,-107.53810167647072,,,,0,no-project-stocking-record-found
import-public-confirmed,"Public indicator plus official property, survey, or land-manager context",Murray Lake,Murray Lake,Murray Lake,55788,570,Clear Creek,Water Body,Coldwater,public-indicated,Public-land/property indicator or official property URL is present,Trout: Cutthroat,Arapaho National Forest,https://www.fs.usda.gov/activity/arp/recreation/fishing,"https://www.google.com/search?q=""fishing report""+Murray Lake+""Clear Creek County""+Colorado",Difficult,Low,No,No,Non-motorized,False,,39.60515020856177,-105.7603445344846,,,,0,no-project-stocking-record-found
import-public-confirmed,"Public indicator plus official property, survey, or land-manager context",Narraguinnep Reservoir,Narraguinnep Reservoir,Narraguinnep Reservoir,91481,662,Montezuma,Water Body,Warmwater,public-indicated,Public-land/property indicator or official property URL is present,Bass: Smallmouth | Perch: Walleye | Perch: Yellow | Pike: Northern,Narraguinnep Resevoir SWA,https://cpw.state.co.us/swa/Narraguinnep%20Resevoir%20SWA,"https://www.google.com/search?q=""fishing report""+Narraguinnep Reservoir+""Montezuma County""+Colorado",Easy,Medium,No,Yes,Non-motorized,False,,37.49256827659897,-108.62487408566781,,,,0,no-project-stocking-record-found
import-public-confirmed,"Public indicator plus official property, survey, or land-manager context",Navajo Lake,Navajo Lake,Navajo Lake,91506,1130,Dolores,Water Body,Coldwater,public-indicated,Public-land/property indicator or official property URL is present,Trout: Cutthroat,Lizard Head Wilderness Area,https://www.fs.usda.gov/activity/sanjuan/recreation/fishing,"https://www.google.com/search?q=""fishing report""+Navajo Lake+""Dolores County""+Colorado",Difficult,Low,No,No,Unsure,False,,37.84744658017601,-108.02694465367279,,,,0,no-project-stocking-record-found
import-public-confirmed,"Public indicator plus official property, survey, or land-manager context",Navajo Reservoir,Navajo Reservoir,Navajo Reservoir,91518,475,Archuleta,Water Body,Mixed coldwater/warmwater,public-indicated,Public-land/property indicator or official property URL is present,Bass: Smallmouth | Catfish: Channel | Crappie: Unspecified | Perch: Yellow | Pike: Northern | Salmon: Kokanee | Sunfish: Bluegill | Trout: Rainbow,Navajo State Park,https://cpw.state.co.us/placestogo/Parks/Navajo,"https://www.google.com/search?q=""fishing report""+Navajo Reservoir+""Archuleta County""+Colorado",Easy,Medium,Yes,No,Motor boats,False,,37.0098259924934,-107.40039789709871,,,,0,no-project-stocking-record-found
import-public-confirmed,"Public indicator plus official property, survey, or land-manager context",Nee Gronde Reservoir,Nee Gronde Reservoir,Nee Gronde Reservoir,79613,102,Kiowa,Water Body,Warmwater,public-indicated,Public-land/property indicator or official property URL is present,Bass: Largemouth | Bass: White | Bass: Wiper | Carp: Common | Catfish: Blue | Catfish: Channel | Crappie: Black | Perch: Saugeye | Perch: Walleye | Perch: Yellow,Queens SWA,https://cpw.state.co.us/swa/Queens%20SWA,"https://www.google.com/search?q=""fishing report""+Nee Gronde Reservoir+""Kiowa County""+Colorado",Easy,Low,Yes,Limited,Motor boats,False,,38.30227879218325,-102.75407565995773,,,,0,no-project-stocking-record-found
import-public-confirmed,"Public indicator plus official property, survey, or land-manager context",Nee Noshe Reservoir,Nee Noshe Reservoir,Nee Noshe Reservoir,79625,55,Kiowa,Water Body,Warmwater,public-indicated,Public-land/property indicator or official property URL is present,Bass: Largemouth | Bass: White | Bass: Wiper | Carp: Common | Catfish: Blue | Catfish: Channel | Crappie: Black | Perch: Saugeye | Perch: Walleye | Perch: Yellow,Queens SWA,https://cpw.state.co.us/swa/Queens%20SWA,https://cpw.state.co.us/thingstodo/Fishery%20Survey%20Summaries/NeeNosheReservoir.pdf,Easy,Low,Yes,Limited,Motor boats,False,,38.34277072215791,-102.69645418905188,,,,0,no-project-stocking-record-found
import-public-confirmed,"Public indicator plus official property, survey, or land-manager context",Needle Creek Reservoir,Needle Creek Reservoir,Needle Creek Reservoir,91532,867,Saguache,Water Body,Coldwater,public-indicated,Public-land/property indicator or official property URL is present,Trout: Brook | Trout: Cutthroat | Trout: Rainbow,Gunnison National Forest,https://www.fs.usda.gov/activity/gmug/recreation/fishing,"https://www.google.com/search?q=""fishing report""+Needle Creek Reservoir+""Saguache County""+Colorado",Easy,Medium,No,No,Motor boats,False,,38.35168668900608,-106.55775422139062,,,,0,no-project-stocking-record-found
import-public-confirmed,"Public indicator plus official property, survey, or land-manager context",Neeskah Reservoir,Neeskah Reservoir,Neeskah Reservoir,79699,5,Kiowa,Water Body,Warmwater,public-indicated,Public-land/property indicator or official property URL is present,Bass: Largemouth | Bass: White | Bass: Wiper | Carp: Common | Catfish: Blue | Catfish: Channel | Crappie: Black | Perch: Saugeye | Perch: Walleye | Perch: Yellow,Queens SWA,https://cpw.state.co.us/swa/Queens%20SWA,https://cpw.state.co.us/thingstodo/Fishery%20Survey%20Summaries/QueensReservoir.pdf,Easy,Low,Yes,Limited,Motor boats,False,,38.28449970340517,-102.64171167939273,,,,0,no-project-stocking-record-found
import-public-confirmed,"Public indicator plus official property, survey, or land-manager context","Neva Lake, Lower","Neva Lake, Lower","Neva Lake, Lower",55790,88,Boulder,Water Body,Coldwater,public-indicated,Public-land/property indicator or official property URL is present,Trout: Cutthroat,Indian Peaks Wilderness Area,https://www.fs.usda.gov/activity/arp/recreation/fishing,"https://www.google.com/search?q=""fishing report""+Neva Lake, Lower+""Boulder County""+Colorado",Difficult,Low,No,No,Non-motorized,False,,40.00358437787811,-105.68530200652772,,,,0,no-project-stocking-record-found
import-public-confirmed,"Public indicator plus official property, survey, or land-manager context","Neva Lake, Upper","Neva Lake, Upper","Neva Lake, Upper",55803,69,Boulder,Water Body,Coldwater,public-indicated,Public-land/property indicator or official property URL is present,Trout: Cutthroat,Indian Peaks Wilderness Area,https://www.fs.usda.gov/activity/arp/recreation/fishing,"https://www.google.com/search?q=""fishing report""+Neva Lake, Upper+""Boulder County""+Colorado",Difficult,Low,No,No,Non-motorized,False,,40.0005169035316,-105.68737190999528,,,,0,no-project-stocking-record-found
import-public-confirmed,"Public indicator plus official property, survey, or land-manager context",Newcomb Creek,Newcomb Creek,Newcomb Creek,11659,1468,Jackson,Stream or River,Coldwater,public-indicated,Public-land/property indicator or official property URL is present,Trout: Brook,Mount Zirkel Wilderness Area,https://www.fs.usda.gov/activity/mbr/recreation/fishing,"https://www.google.com/search?q=""fishing report""+Newcomb Creek+""Jackson County""+Colorado",Medium,Low,No,No,None,False,,40.59027818541504,-106.64567166990084,,,,0,no-project-stocking-record-found
import-public-confirmed,"Public indicator plus official property, survey, or land-manager context",No Name Creek,No Name Creek,No Name Creek,21345,1556,Garfield,Stream or River,Coldwater,public-indicated,Public-land/property indicator or official property URL is present,Trout: Brook | Trout: Brown | Trout: Cutthroat | Trout: Rainbow,White River National Forest,https://www.fs.usda.gov/activity/whiteriver/recreation/fishing,"https://www.google.com/search?q=""fishing report""+No Name Creek+""Garfield County""+Colorado",Medium,Medium,No,No,None,False,,39.58780100595313,-107.28753601001615,,,,0,no-project-stocking-record-found
import-public-confirmed,"Public indicator plus official property, survey, or land-manager context",North Colony Lake #1,[Purposely Left Blank],North Colony Lake #1,80945,985,Custer,Water Body,Coldwater,public-indicated,Public-land/property indicator or official property URL is present,Trout: Cutthroat,Sangre De Cristo Wilderness Area,https://www.fs.usda.gov/activity/psicc/recreation/fishing,"https://www.google.com/search?q=""fishing report""+North Colony Lake #1+""Custer County""+Colorado",Difficult,Low,No,No,None,False,,37.98589595223822,-105.55044495864668,,,,0,no-project-stocking-record-found
import-public-confirmed,"Public indicator plus official property, survey, or land-manager context",North Colony Lake #4,[Purposely Left Blank],North Colony Lake #4,80971,973,Custer,Water Body,Coldwater,public-indicated,Public-land/property indicator or official property URL is present,Trout: Cutthroat,Sangre De Cristo Wilderness Area,https://www.fs.usda.gov/activity/psicc/recreation/fishing,"https://www.google.com/search?q=""fishing report""+North Colony Lake #4+""Custer County""+Colorado",Difficult,Low,No,No,None,False,,37.98495487245178,-105.56145096209919,,,,0,no-project-stocking-record-found
import-public-confirmed,"Public indicator plus official property, survey, or land-manager context",North Colony Lake #5,[Purposely Left Blank],North Colony Lake #5,80983,960,Custer,Water Body,Coldwater,public-indicated,Public-land/property indicator or official property URL is present,Trout: Cutthroat,Sangre De Cristo Wilderness Area,https://www.fs.usda.gov/activity/psicc/recreation/fishing,"https://www.google.com/search?q=""fishing report""+North Colony Lake #5+""Custer County""+Colorado",Difficult,Low,No,No,None,False,,37.97810329946992,-105.57630412562175,,,,0,no-project-stocking-record-found
import-public-confirmed,"Public indicator plus official property, survey, or land-manager context",North Colony Lakes,North Colony Lakes,North Colony Lake #3,80969,924,Custer,Water Body,Coldwater,public-indicated,Public-land/property indicator or official property URL is present,Trout: Cutthroat,Sangre De Cristo Wilderness Area,https://www.fs.usda.gov/activity/psicc/recreation/fishing,"https://www.google.com/search?q=""fishing report""+North Colony Lake #3+""Custer County""+Colorado",Difficult,Low,No,No,None,False,,37.983525603459704,-105.56363305346763,,,,0,no-project-stocking-record-found
import-public-confirmed,"Public indicator plus official property, survey, or land-manager context","North Halfmoon Lakes, Middle",[Purposely Left Blank],"North Halfmoon Lakes, Middle",81000,911,Lake,Water Body,Coldwater,public-indicated,Public-land/property indicator or official property URL is present,Trout: Cutthroat,Mount Massive Wilderness Area,https://www.fs.usda.gov/activity/psicc/recreation/fishing,"https://www.google.com/search?q=""fishing report""+North Halfmoon Lakes, Middle+""Lake County""+Colorado",Difficult,Low,No,No,None,False,,39.18123131726149,-106.49626621105907,,,,0,no-project-stocking-record-found
import-public-confirmed,"Public indicator plus official property, survey, or land-manager context",North Inlet,North Inlet,North Inlet,21371,1575,Grand,Stream or River,Coldwater,public-indicated,Public-land/property indicator or official property URL is present,Trout: Brook | Trout: Cutthroat,Rocky Mountain National Park - Wilderness,https://www.nps.gov/romo/planyourvisit/fishing.htm,"https://www.google.com/search?q=""fishing report""+North Inlet+""Grand County""+Colorado",Difficult,Medium,No,No,None,False,,40.26972627094317,-105.76803287903148,,,,0,no-project-stocking-record-found
import-public-confirmed,"Public indicator plus official property, survey, or land-manager context",North Jayhawker Pond,[Purposely Left Blank],North Jayhawker Pond,53172,1342,Larimer,Water Body,Warmwater,public-indicated,Public-land/property indicator or official property URL is present,Bass: Largemouth | Catfish: Channel | Crappie: Black | Crappie: White | Perch: Yellow | Pike: Tiger Muskie | Sunfish: Bluegill | Sunfish: Green,River's Edge Natural Area,https://www.lovgov.org/services/parks-recreation/trail-info/river-s-edge-natural-area,https://cpw.state.co.us/thingstodo/Fishery%20Survey%20Summaries/RiversEdgeNaturalArea.pdf,Easy,High,Yes,No,Belly boats,False,,40.391845426728715,-105.09417543712756,,,,0,no-project-stocking-record-found
import-public-confirmed,"Public indicator plus official property, survey, or land-manager context","North Platte River, North Fork","North Platte River, North Fork","North Platte River, North Fork",10836,691,Jackson,Stream or River,Coldwater,public-indicated,Public-land/property indicator or official property URL is present,Trout: Brown,Richard SWA,https://cpw.state.co.us/swa/Richard%20SWA,"https://www.google.com/search?q=""fishing report""+North Platte River, North Fork+""Jackson County""+Colorado",Medium,Low,No,No,None,False,,40.76205395426447,-106.45745635512806,,,,0,no-project-stocking-record-found
import-public-confirmed,"Public indicator plus official property, survey, or land-manager context",North Shields Pond,[Purposely Left Blank],North Shields Pond,53481,13,Larimer,Water Body,Warmwater,public-indicated,Public-land/property indicator or official property URL is present,Bass: Largemouth | Catfish: Channel | Crappie: Unspecified | Sunfish: Bluegill,North Shields Pond Natural Area,https://www.fcgov.com/naturalareas/finder/nshieldspond,"https://www.google.com/search?q=""fishing report""+North Shields Pond+""Larimer County""+Colorado",Easy,Medium,Yes,No,Non-motorized,False,,40.605943754419066,-105.09712503110845,,,,0,no-project-stocking-record-found
import-public-confirmed,"Public indicator plus official property, survey, or land-manager context",Ohio Creek,Ohio Creek,Ohio Creek,41931,1605,Gunnison,Stream or River,Coldwater,public-indicated,Public-land/property indicator or official property URL is present,Trout: Brook | Trout: Brown | Trout: Rainbow,Gunnison National Forest,https://www.fs.usda.gov/activity/gmug/recreation/fishing,"https://www.google.com/search?q=""fishing report""+Ohio Creek+""Gunnison County""+Colorado",Medium,Low,No,No,None,False,,38.8222494731879,-107.08455681078533,,,,0,no-project-stocking-record-found
import-public-confirmed,"Public indicator plus official property, survey, or land-manager context",Orchard Hills Park Pond,Orchard Hills Park Pond,Orchard Hills Park Pond,COFA12,1715,Arapahoe,Water Body,Warmwater,public-indicated,Public-land/property indicator or official property URL is present,Carp: Common | Sunfish: Green,Orchard Hills Pond,https://www.greenwoodvillage.com/index.aspx?NID=331,"https://www.google.com/search?q=""fishing report""+Orchard Hills Park Pond+""Arapahoe County""+Colorado",Medium,Medium,No,No,None,False,,39.61380155966136,-104.88125688862274,,,,0,no-project-stocking-record-found
import-public-confirmed,"Public indicator plus official property, survey, or land-manager context",Overland Park Pond,Overland Park Pond,Overland Park Pond,57996,19,Denver,Water Body,Warmwater,public-indicated,Public-land/property indicator or official property URL is present,Bass: Largemouth | Catfish: Channel | Sunfish: Bluegill | Sunfish: Green,Overland Pond Park,https://www.denvergov.org/content/denvergov/en/denver-parks-and-recreation/parks/city-parks.html,"https://www.google.com/search?q=""fishing report""+Overland Park Pond+""Denver County""+Colorado",Easy,Low,Yes,No,None,False,,39.689886780376625,-104.99769524643082,,,,0,no-project-stocking-record-found
import-public-confirmed,"Public indicator plus official property, survey, or land-manager context",Overland Trail Park Pond,Overland Trail Park Pond,Overland Trail Park Pond,56609,1325,Logan,Water Body,Warmwater,public-indicated,Public-land/property indicator or official property URL is present,Bass: Largemouth | Carp: Common | Catfish: Channel | Crappie: Black | Crappie: White | Perch: Saugeye | Sunfish: Bluegill | Sunfish: Green | Sunfish: Pumpkinseed,Overland Trail Recreation Area,https://www.sterlingcolo.com/?page_id=147,"https://www.google.com/search?q=""fishing report""+Overland Trail Park Pond+""Logan County""+Colorado",Easy,High,Yes,No,None,False,,40.62132287514944,-103.18213134059762,,,,0,no-project-stocking-record-found
import-public-confirmed,"Public indicator plus official property, survey, or land-manager context",Park Creek,Park Creek,Park Creek,21484,1634,Mesa,Stream or River,Coldwater,public-indicated,Public-land/property indicator or official property URL is present,Trout: Cutthroat,Grand Mesa National Forest,https://www.fs.usda.gov/activity/gmug/recreation/fishing,"https://www.google.com/search?q=""fishing report""+Park Creek+""Mesa County""+Colorado",Medium,Low,No,No,None,False,,39.16890960591329,-107.7944014097581,,,,0,no-project-stocking-record-found
import-public-confirmed,"Public indicator plus official property, survey, or land-manager context",Parvin Lake,Parvin Lake,Parvin Lake,55853,424,Larimer,Water Body,Coldwater,public-indicated,Public-land/property indicator or official property URL is present,Trout: Brook | Trout: Brown | Trout: Cutbow | Trout: Rainbow | Trout: Splake,Parvin Lake SWA,https://cpw.state.co.us/swa/Parvin%20Lake%20SWA,"https://www.google.com/search?q=""fishing report""+Parvin Lake+""Larimer County""+Colorado",Medium,Low,Yes,Yes,Belly boats,False,,40.78445782637949,-105.55699377857756,,,,0,no-project-stocking-record-found
import-public-confirmed,"Public indicator plus official property, survey, or land-manager context",Pass Creek,Pass Creek,Pass Creek,42010,1798,Mineral,Stream or River,Coldwater,public-indicated,Public-land/property indicator or official property URL is present,Trout: Brook | Trout: Brown | Trout: Cutthroat | Trout: Rainbow,Rio Grande National Forest,https://www.fs.usda.gov/activity/riogrande/recreation/fishing/?recid=28882&actid=43,"https://www.google.com/search?q=""fishing report""+Pass Creek+""Mineral County""+Colorado",Medium,Medium,No,No,None,False,,37.524322386659556,-106.76817124569679,,,,0,no-project-stocking-record-found
import-public-confirmed,"Public indicator plus official property, survey, or land-manager context",Pearl Lake,Pearl Lake,Pearl Lake,69092,213,Routt,Water Body,Coldwater,public-indicated,Public-land/property indicator or official property URL is present,Grayling: Arctic | Trout: Cutthroat,Pearl Lake State Park,https://cpw.state.co.us/placestogo/Parks/pearllake,"https://www.google.com/search?q=""fishing report""+Pearl Lake+""Routt County""+Colorado",Easy,Medium,Yes,Yes,Motor boats,False,,40.78656576147883,-106.88703014188569,,,,0,no-project-stocking-record-found
import-public-confirmed,"Public indicator plus official property, survey, or land-manager context",Pella Crossing Ponds,Pella Crossing Ponds,Sunset Lake - Pella Crossing,53537,274,Boulder,Water Body,Warmwater,public-indicated,Public-land/property indicator or official property URL is present,Bass: Largemouth | Bass: Smallmouth | Catfish: Channel | Crappie: Black | Crappie: Unspecified | Perch: Yellow | Sunfish: Bluegill,Pella Crossing,https://www.bouldercounty.org/open-space/parks-and-trails/pella-crossing/,"https://www.google.com/search?q=""fishing report""+Sunset Lake - Pella Crossing+""Boulder County""+Colorado",Easy,Medium,Yes,No,Non-motorized,False,,40.18501715926257,-105.17537845050451,,,,0,no-project-stocking-record-found
import-public-confirmed,"Public indicator plus official property, survey, or land-manager context",Perry Preserve Ponds,[Purposely Left Blank],Perry Preserve Ponds,COFA13,1718,Arapahoe,Water Body,Warmwater,public-indicated,Public-land/property indicator or official property URL is present,Bass: Largemouth | Carp: Common | Sunfish: Bluegill | Sunfish: Green,Marjorie Perry Nature Preserve,https://www.greenwoodvillage.com/index.aspx?NID=352,"https://www.google.com/search?q=""fishing report""+Perry Preserve Ponds+""Arapahoe County""+Colorado",Medium,Low,No,No,None,False,,39.62250755639492,-104.9391034827287,,,,0,no-project-stocking-record-found
import-public-confirmed,"Public indicator plus official property, survey, or land-manager context",Perry Preserve Ponds,[Purposely Left Blank],Perry Preserve Ponds,COFA15,1720,Arapahoe,Water Body,Warmwater,public-indicated,Public-land/property indicator or official property URL is present,Bass: Largemouth | Carp: Common | Sunfish: Bluegill | Sunfish: Green,Marjorie Perry Nature Preserve,https://www.greenwoodvillage.com/index.aspx?NID=352,"https://www.google.com/search?q=""fishing report""+Perry Preserve Ponds+""Arapahoe County""+Colorado",Medium,Low,No,No,None,False,,39.61993865605278,-104.93564070188724,,,,0,no-project-stocking-record-found
import-public-confirmed,"Public indicator plus official property, survey, or land-manager context",Perry Preserve Ponds,Perry Preserve Ponds,Perry Preserve Ponds,COFA14,1719,Arapahoe,Water Body,Warmwater,public-indicated,Public-land/property indicator or official property URL is present,Bass: Largemouth | Carp: Common | Sunfish: Bluegill | Sunfish: Green,Marjorie Perry Nature Preserve,https://www.greenwoodvillage.com/index.aspx?NID=352,"https://www.google.com/search?q=""fishing report""+Perry Preserve Ponds+""Arapahoe County""+Colorado",Medium,Low,No,No,None,False,,39.620792271362795,-104.93638962913624,,,,0,no-project-stocking-record-found
import-public-confirmed,"Public indicator plus official property, survey, or land-manager context","Piedra River, First Fork","Piedra River, First Fork","Piedra River, First Fork",42109,1521,Archuleta,Stream or River,Coldwater,public-indicated,Public-land/property indicator or official property URL is present,Trout: Brown,San Juan National Forest,https://www.fs.usda.gov/activity/sanjuan/recreation/fishing,"https://www.google.com/search?q=""fishing report""+Piedra River, First Fork+""Archuleta County""+Colorado",Easy,High,No,No,Unsure,False,,37.35559347530808,-107.32563520962422,,,,0,no-project-stocking-record-found
import-public-confirmed,"Public indicator plus official property, survey, or land-manager context","Piedra River, Middle Fork","Piedra River, Middle Fork","Piedra River, Middle Fork",42111,1522,Hinsdale,Stream or River,Coldwater,public-indicated,Public-land/property indicator or official property URL is present,Trout: Brown | Trout: Cutthroat | Trout: Rainbow,San Juan National Forest,https://www.fs.usda.gov/activity/sanjuan/recreation/fishing,"https://www.google.com/search?q=""fishing report""+Piedra River, Middle Fork+""Hinsdale County""+Colorado",Medium,Low,No,No,Unsure,False,,37.47888540848356,-107.16887087773908,,,,0,no-project-stocking-record-found
import-public-confirmed,"Public indicator plus official property, survey, or land-manager context",Pine Creek,Pine Creek,Pine Creek,14643,1408,Douglas,Stream or River,Coldwater,public-indicated,Public-land/property indicator or official property URL is present,Trout: Brook | Trout: Brown,Pike National Forest,https://www.fs.usda.gov/activity/psicc/recreation/fishing,"https://www.google.com/search?q=""fishing report""+Pine Creek+""Douglas County""+Colorado",Easy,Low,No,No,None,False,,39.32021625471951,-105.11239567767616,,,,0,no-project-stocking-record-found
import-public-confirmed,"Public indicator plus official property, survey, or land-manager context",Pine Creek,Pine Creek,Pine Creek,30546,1501,Chaffee,Stream or River,Coldwater,public-indicated,Public-land/property indicator or official property URL is present,Trout: Brook,Collegiate Peaks Wilderness Area,https://www.fs.usda.gov/activity/psicc/recreation/fishing,"https://www.google.com/search?q=""fishing report""+Pine Creek+""Chaffee County""+Colorado",Difficult,Low,No,No,None,False,,38.95736278246953,-106.30644210254566,,,,0,no-project-stocking-record-found
import-public-confirmed,"Public indicator plus official property, survey, or land-manager context",Piney River,Piney River,Piney River,23381,1544,Eagle,Stream or River,Coldwater,public-indicated,Public-land/property indicator or official property URL is present,Trout: Brook | Trout: Brown,White River National Forest,https://www.fs.usda.gov/activity/whiteriver/recreation/fishing,"https://www.google.com/search?q=""fishing report""+Piney River+""Eagle County""+Colorado",Easy,High,Yes,No,None,False,,39.709141404604594,-106.43269461142658,,,,0,no-project-stocking-record-found
import-public-confirmed,"Public indicator plus official property, survey, or land-manager context",Piney River,Piney River,Piney River,23393,1554,Eagle,Stream or River,Coldwater,public-indicated,Public-land/property indicator or official property URL is present,Trout: Cutthroat,Eagles Nest Wilderness Area,https://www.fs.usda.gov/activity/whiteriver/recreation/fishing,"https://www.google.com/search?q=""fishing report""+Piney River+""Eagle County""+Colorado",Medium,Low,No,No,None,False,,39.73047160509579,-106.34496741261883,,,,0,no-project-stocking-record-found
import-public-confirmed,"Public indicator plus official property, survey, or land-manager context",Pit D,Pit D,Pit D,57524,1669,Boulder,Water Body,Warmwater,public-indicated,Public-land/property indicator or official property URL is present,Bass: Largemouth | Carp: Common | Catfish: Channel | Crappie: Black | Perch: Yellow,Cottonwood Farms Open Space,https://bouldercolorado.gov/osmp,"https://www.google.com/search?q=""fishing report""+Pit D+""Boulder County""+Colorado",Medium,Low,No,No,Non-motorized,False,,40.03517301232403,-105.2167576875741,,,,0,no-project-stocking-record-found
import-public-confirmed,"Public indicator plus official property, survey, or land-manager context",Pitcairn Reservoir,Pitcairn Reservoir,Pitcairn Reservoir,91734,694,Delta,Water Body,Coldwater,public-indicated,Public-land/property indicator or official property URL is present,Trout: Brook | Trout: Tiger,Grand Mesa National Forest,https://www.fs.usda.gov/activity/gmug/recreation/fishing,"https://www.google.com/search?q=""fishing report""+Pitcairn Reservoir+""Delta County""+Colorado",Medium,Low,No,Yes,Non-motorized,False,,38.910866183569965,-108.11442911421604,,,,0,no-project-stocking-record-found
import-public-confirmed,"Public indicator plus official property, survey, or land-manager context",Plateau Creek,Plateau Creek,Plateau Creek,23406,1635,Mesa,Stream or River,Coldwater,public-indicated,Public-land/property indicator or official property URL is present,Trout: Brook | Trout: Brown | Trout: Cutthroat | Trout: Rainbow | Trout: Snake River Cutthroat,Vega State Park,https://cpw.state.co.us/placestogo/Parks/vega,"https://www.google.com/search?q=""fishing report""+Plateau Creek+""Mesa County""+Colorado",Medium,Low,No,No,None,False,,39.224413071896784,-107.77326041025088,,,,0,no-project-stocking-record-found
import-public-confirmed,"Public indicator plus official property, survey, or land-manager context",Poage Lake,Poage Lake,Poage Lake,91760,1120,Rio Grande,Water Body,Coldwater,public-indicated,Public-land/property indicator or official property URL is present,Trout: Cutbow | Trout: Cutthroat,Poage Lake SWA,https://cpw.state.co.us/swa/Poage%20Lake%20SWA,"https://www.google.com/search?q=""fishing report""+Poage Lake+""Rio Grande County""+Colorado",Medium,Medium,No,Limited,Belly boats,False,,37.499336223548,-106.64310067089642,,,,0,no-project-stocking-record-found
import-public-confirmed,"Public indicator plus official property, survey, or land-manager context",Pole Creek,Pole Creek,Pole Creek,42197,1519,Hinsdale,Stream or River,Coldwater,public-indicated,Public-land/property indicator or official property URL is present,Trout: Cutthroat,Rio Grande National Forest,https://www.fs.usda.gov/activity/riogrande/recreation/fishing,"https://www.google.com/search?q=""fishing report""+Pole Creek+""Hinsdale County""+Colorado",Difficult,Low,No,No,None,False,,37.80900742379604,-107.4671576455223,,,,0,no-project-stocking-record-found
import-public-confirmed,"Public indicator plus official property, survey, or land-manager context","Pomeroy Lake, Lower","Pomeroy Lake, Lower","Pomeroy Lake, Lower",81062,356,Chaffee,Water Body,Coldwater,public-indicated,Public-land/property indicator or official property URL is present,Grayling: Arctic | Trout: Cutthroat,San Isabel National Forest,https://www.fs.usda.gov/activity/psicc/recreation/fishing,"https://www.google.com/search?q=""fishing report""+Pomeroy Lake, Lower+""Chaffee County""+Colorado",Difficult,Low,No,No,None,False,,38.646147831135046,-106.3445003883841,,,,0,no-project-stocking-record-found
import-public-confirmed,"Public indicator plus official property, survey, or land-manager context","Pomeroy Lake, Upper","Pomeroy Lake, Upper","Pomeroy Lake, Upper",81074,355,Chaffee,Water Body,Coldwater,public-indicated,Public-land/property indicator or official property URL is present,Grayling: Arctic | Trout: Cutthroat,San Isabel National Forest,https://www.fs.usda.gov/activity/psicc/recreation/fishing,"https://www.google.com/search?q=""fishing report""+Pomeroy Lake, Upper+""Chaffee County""+Colorado",Difficult,Low,No,No,None,False,,38.63485348755863,-106.34053296635535,,,,0,no-project-stocking-record-found
import-public-confirmed,"Public indicator plus official property, survey, or land-manager context",Pomona Lake,Pomona Lake,Pomona Lake,53330,516,Jefferson,Water Body,Warmwater,public-indicated,Public-land/property indicator or official property URL is present,Bass: Largemouth | Carp: Common | Crappie: White | Sunfish: Bluegill | Sunfish: Green,Meadowglen Open Space and Lake,https://arvada.org/parks-and-recreation,"https://www.google.com/search?q=""fishing report""+Pomona Lake+""Jefferson County""+Colorado",Easy,Low,No,No,None,False,,39.8437577624895,-105.09338712863483,,,,0,no-project-stocking-record-found
import-public-confirmed,"Public indicator plus official property, survey, or land-manager context",Porcupine Creek,Porcupine Creek,Porcupine Creek,11875,1472,Jackson,Stream or River,Coldwater,public-indicated,Public-land/property indicator or official property URL is present,Trout: Brook,Routt National Forest,https://www.fs.usda.gov/activity/mbr/recreation/fishing,"https://www.google.com/search?q=""fishing report""+Porcupine Creek+""Jackson County""+Colorado",Medium,Low,No,No,None,False,,40.46212202830208,-105.98232520852387,,,,0,no-project-stocking-record-found
import-public-confirmed,"Public indicator plus official property, survey, or land-manager context",Porcupine Lake,Porcupine Lake,Porcupine Lake,69232,1238,Routt,Water Body,Coldwater,public-indicated,Public-land/property indicator or official property URL is present,Trout: Cutthroat,Mount Zirkel Wilderness Area/Mad Creek RNA,https://www.fs.usda.gov/activity/mbr/recreation/fishing,"https://www.google.com/search?q=""fishing report""+Porcupine Lake+""Routt County""+Colorado",Difficult,Low,No,No,Non-motorized,False,,40.61898829654984,-106.71822104505918,,,,0,no-project-stocking-record-found
import-public-confirmed,"Public indicator plus official property, survey, or land-manager context",Porter Reservoir Number 1,Porter Reservoir Number 1,Porter Reservoir Number 1,89385,706,Delta,Water Body,Coldwater,public-indicated,Public-land/property indicator or official property URL is present,Trout: Brook | Trout: Cutthroat | Trout: Tiger,Grand Mesa National Forest,https://www.fs.usda.gov/activity/gmug/recreation/fishing,"https://www.google.com/search?q=""fishing report""+Porter Reservoir Number 1+""Delta County""+Colorado",Medium,Low,No,Yes,Non-motorized,False,,38.92331948377275,-108.10034291431674,,,,0,no-project-stocking-record-found
import-public-confirmed,"Public indicator plus official property, survey, or land-manager context",Porter Reservoir Number 4,Porter Reservoir Number 4,Porter Reservoir Number 4,89373,701,Delta,Water Body,Coldwater,public-indicated,Public-land/property indicator or official property URL is present,Trout: Brook | Trout: Cutthroat | Trout: Tiger,Grand Mesa National Forest,https://www.fs.usda.gov/activity/gmug/recreation/fishing,"https://www.google.com/search?q=""fishing report""+Porter Reservoir Number 4+""Delta County""+Colorado",Medium,Low,No,Yes,Non-motorized,False,,38.92624825984428,-108.10969224382394,,,,0,no-project-stocking-record-found
import-public-confirmed,"Public indicator plus official property, survey, or land-manager context",Portner Reservoir,Portner Reservoir,Portner Reservoir,58582,1686,Larimer,Water Body,Warmwater,public-indicated,Public-land/property indicator or official property URL is present,Bass: Largemouth | Catfish: Channel | Sunfish: Bluegill | Sunfish: Green,Fossil Creek Park,https://www.fcgov.com/parks/,"https://www.google.com/search?q=""fishing report""+Portner Reservoir+""Larimer County""+Colorado",Easy,Medium,Yes,No,None,False,,40.504333096939966,-105.06283685953314,,,,0,no-project-stocking-record-found
import-public-confirmed,"Public indicator plus official property, survey, or land-manager context","Poudre River, North Fork #3","Poudre River, North Fork #3","Poudre River, North Fork",11976,1816,Larimer,Stream or River,Coldwater,public-indicated,Public-land/property indicator or official property URL is present,Trout: Brown | Trout: Rainbow,Cherokee SWA - Middle Unit,https://cpw.state.co.us/state-wildlife-areas/cherokee-swa-all-units,"http://www.google.com/search?q=""fishing report""+Poudre River, North Fork+""Larimer County""+Colorado",Difficult,Low,No,No,None,False,,40.90334411610989,-105.42913098834585,,,,3,no-project-stocking-record-found
import-public-confirmed,"Public indicator plus official property, survey, or land-manager context","Poudre River, North Fork #5","Poudre River, North Fork #5","Poudre River, North Fork",11938,1817,Larimer,Stream or River,Coldwater,public-indicated,Public-land/property indicator or official property URL is present,Trout: Brown,Gateway Natural Area,https://www.fcgov.com/naturalareas/finder/gateway,"http://www.google.com/search?q=""fishing report""+Poudre River, North Fork+""Larimer County""+Colorado",Easy,Medium,Yes,No,Non-motorized,False,,40.70031785738178,-105.24254308849127,,,,0,no-project-stocking-record-found
import-public-confirmed,"Public indicator plus official property, survey, or land-manager context",Prewitt Reservoir,Prewitt Reservoir,Prewitt Reservoir,53354,98,Washington,Water Body,Warmwater,public-indicated,Public-land/property indicator or official property URL is present,Bass: Wiper | Carp: Common | Catfish: Black Bullhead | Catfish: Channel | Crappie: Black | Crappie: White | Drum: Freshwater | Perch: Saugeye | Perch: Walleye | Perch: Yellow | Sunfish: Bluegill | Sunfish: Green,Prewitt Reservoir SWA,https://cpw.state.co.us/swa/Prewitt%20Reservoir%20SWA,https://cpw.state.co.us/thingstodo/Fishery%20Survey%20Summaries/PrewittReservoir.pdf,Medium,Medium,No,Yes,Motor boats,False,,40.42108053216037,-103.36251010586963,,,,0,no-project-stocking-record-found
import-public-confirmed,"Public indicator plus official property, survey, or land-manager context",Progress Park Pond,Progress Park Pond,Progress Park Pond,55960,205,Arapahoe,Water Body,Warmwater,public-indicated,Public-land/property indicator or official property URL is present,Bass: Largemouth | Sunfish: Bluegill,Progress Park,https://sspr.maps.arcgis.com/apps/webappviewer/index.html?id=27fb075d4a6346d598dc29b553c3c288&find=Progress%20Park,"https://www.google.com/search?q=""fishing report""+Progress Park Pond+""Arapahoe County""+Colorado",Easy,Low,No,No,None,False,,39.622639946308766,-104.9994326941915,,,,0,no-project-stocking-record-found
import-public-confirmed,"Public indicator plus official property, survey, or land-manager context",Prospect Pond #3 South,[Purposely Left Blank],Prospect Pond #3 South,58075,444,Larimer,Water Body,Warmwater,public-indicated,Public-land/property indicator or official property URL is present,Bass: Largemouth | Carp: Common | Catfish: Channel | Crappie: Black | Crappie: Unspecified | Perch: Yellow | Sunfish: Bluegill,Prospect Ponds Natural Area,https://www.fcgov.com/naturalareas/finder/prospectponds,"https://www.google.com/search?q=""fishing report""+Prospect Pond #3 South+""Larimer County""+Colorado",Easy,High,Yes,No,Non-motorized,False,,40.55996014373768,-105.0258654785946,,,,0,no-project-stocking-record-found
import-public-confirmed,"Public indicator plus official property, survey, or land-manager context",Ptarmigan Lake,Ptarmigan Lake,Ptarmigan Lake,81086,44,Chaffee,Water Body,Coldwater,public-indicated,Public-land/property indicator or official property URL is present,Trout: Cutthroat,San Isabel National Forest,https://www.fs.usda.gov/activity/psicc/recreation/fishing,"https://www.google.com/search?q=""fishing report""+Ptarmigan Lake+""Chaffee County""+Colorado",Difficult,Medium,No,No,None,False,,38.77728798011041,-106.384548733631,,,,0,no-project-stocking-record-found
import-public-confirmed,"Public indicator plus official property, survey, or land-manager context",Public Works Lake,Public Works Lake,Public Works Lake,62000,287,Adams,Water Body,Warmwater,public-indicated,Public-land/property indicator or official property URL is present,Bass: Largemouth | Carp: Common | Catfish: Channel | Crappie: Black | Perch: Yellow | Sunfish: Bluegill | Sunfish: Green,Adams County Regional Park,https://www.adcogov.org/riverdale-regional-park,"https://www.google.com/search?q=""fishing report""+Public Works Lake+""Adams County""+Colorado",Medium,Low,No,No,None,False,,39.938959859574325,-104.86347116856697,,,,0,no-project-stocking-record-found
import-public-confirmed,"Public indicator plus official property, survey, or land-manager context",Puett Reservoir,Puett Reservoir,Puett Reservoir,91885,659,Montezuma,Water Body,Warmwater,public-indicated,Public-land/property indicator or official property URL is present,Bass: Smallmouth | Crappie: Black | Perch: Yellow | Pike: Northern,Puett Reservoir SWA,https://cpw.state.co.us/swa/Puett%20Reservoir%20SWA,"https://www.google.com/search?q=""fishing report""+Puett Reservoir+""Montezuma County""+Colorado",Easy,Medium,No,Limited,Non-motorized,False,,37.416851809125504,-108.40580616659796,,,,0,no-project-stocking-record-found
import-public-confirmed,"Public indicator plus official property, survey, or land-manager context",Rainbow Lake,Rainbow Lake,Rainbow Lake,81101,1157,Custer,Water Body,Coldwater,public-indicated,Public-land/property indicator or official property URL is present,Trout: Cutthroat,San Isabel National Forest,https://www.fs.usda.gov/activity/psicc/recreation/fishing,"https://www.google.com/search?q=""fishing report""+Rainbow Lake+""Custer County""+Colorado",Difficult,Low,No,No,Unsure,False,,38.25158982951778,-105.71148436578243,,,,0,no-project-stocking-record-found
import-public-confirmed,"Public indicator plus official property, survey, or land-manager context",Rainbow Lake #1,[Purposely Left Blank],Rainbow Lake #1,58974,165,Boulder,Water Body,Coldwater,public-indicated,Public-land/property indicator or official property URL is present,Trout: Brook,Indian Peaks Wilderness Area,https://www.fs.usda.gov/activity/arp/recreation/fishing,"https://www.google.com/search?q=""fishing report""+Rainbow Lake #1+""Boulder County""+Colorado",Medium,Low,Yes,No,Non-motorized,False,,40.01176274287723,-105.57802273750755,,,,0,no-project-stocking-record-found
import-public-confirmed,"Public indicator plus official property, survey, or land-manager context",Rainbow Lake #3,[Purposely Left Blank],Rainbow Lake #3,58998,168,Boulder,Water Body,Coldwater,public-indicated,Public-land/property indicator or official property URL is present,Trout: Brook,Indian Peaks Wilderness Area,https://www.fs.usda.gov/activity/arp/recreation/fishing,"https://www.google.com/search?q=""fishing report""+Rainbow Lake #3+""Boulder County""+Colorado",Medium,Low,Yes,No,Non-motorized,False,,40.0121940804527,-105.58546212565153,,,,0,no-project-stocking-record-found
import-public-confirmed,"Public indicator plus official property, survey, or land-manager context",Rainbow Lake #4,[Purposely Left Blank],Rainbow Lake #4,59003,167,Boulder,Water Body,Coldwater,public-indicated,Public-land/property indicator or official property URL is present,Trout: Brook,Indian Peaks Wilderness Area,https://www.fs.usda.gov/activity/arp/recreation/fishing,"https://www.google.com/search?q=""fishing report""+Rainbow Lake #4+""Boulder County""+Colorado",Easy,Low,Yes,No,Non-motorized,False,,40.01308325124359,-105.58530388292266,,,,0,no-project-stocking-record-found
import-public-confirmed,"Public indicator plus official property, survey, or land-manager context",Rainbow Lake #5,[Purposely Left Blank],Rainbow Lake #5,59015,166,Boulder,Water Body,Coldwater,public-indicated,Public-land/property indicator or official property URL is present,Trout: Brook,Indian Peaks Wilderness Area,https://www.fs.usda.gov/activity/arp/recreation/fishing,"https://www.google.com/search?q=""fishing report""+Rainbow Lake #5+""Boulder County""+Colorado",Easy,Low,Yes,No,Non-motorized,False,,40.013702984375925,-105.58565414323846,,,,0,no-project-stocking-record-found
import-public-confirmed,"Public indicator plus official property, survey, or land-manager context",Rainbow Lakes,Rainbow Lakes,Rainbow Lake #2,58986,591,Boulder,Water Body,Coldwater,public-indicated,Public-land/property indicator or official property URL is present,Trout: Brook,Indian Peaks Wilderness Area,https://www.fs.usda.gov/activity/arp/recreation/fishing,"https://www.google.com/search?q=""fishing report""+Rainbow Lake #2+""Boulder County""+Colorado",Medium,Low,Yes,No,Non-motorized,False,,40.01222107723216,-105.58109746770585,,,,0,no-project-stocking-record-found
import-public-confirmed,"Public indicator plus official property, survey, or land-manager context",Ralph Price Reservoir,Ralph Price Reservoir,Button Rock Reservoir,54166,1231,Boulder,Water Body,Coldwater,public-indicated,Public-land/property indicator or official property URL is present,Trout: Brown | Trout: Cutbow | Trout: Cutthroat | Trout: Rainbow | Trout: Snake River Cutthroat,Button Rock Preserve,https://www.longmontcolorado.gov/Home/Components/FacilityDirectory/FacilityDirectory/162/56,"https://www.google.com/search?q=""fishing report""+Button Rock Reservoir+""Boulder County""+Colorado",Medium,Low,Yes,No,None,False,,40.216577326513075,-105.37307179192365,,,,0,no-project-stocking-record-found
import-public-confirmed,"Public indicator plus official property, survey, or land-manager context",Ralston Creek,Ralston Creek,Ralston Creek,18134,1395,Gilpin,Stream or River,Coldwater,public-indicated,Public-land/property indicator or official property URL is present,Trout: Brook | Trout: Rainbow,Golden Gate Canyon State Park,https://cpw.state.co.us/placestogo/Parks/goldengatecanyon,"https://www.google.com/search?q=""fishing report""+Ralston Creek+""Gilpin County""+Colorado",Easy,Low,No,No,None,False,,39.83299469065587,-105.4076711506932,,,,0,no-project-stocking-record-found
import-public-confirmed,"Public indicator plus official property, survey, or land-manager context",Red Dirt Reservoir,Red Dirt Reservoir,Red Dirt Reservoir,69395,787,Grand,Water Body,Coldwater,public-indicated,Public-land/property indicator or official property URL is present,Trout: Brook | Trout: Rainbow,Routt National Forest,https://www.fs.usda.gov/activity/mbr/recreation/fishing,https://cpw.state.co.us/thingstodo/Fishery%20Survey%20Summaries/RedDirtReservoir.pdf,Easy,Medium,Yes,Yes,Non-motorized,False,,40.183649816569165,-106.57233875899881,,,,0,no-project-stocking-record-found
import-public-confirmed,"Public indicator plus official property, survey, or land-manager context",Redtail Lake,[Purposely Left Blank],Redtail Lake,60222,161,Arapahoe,Water Body,Warmwater,public-indicated,Public-land/property indicator or official property URL is present,Bass: Smallmouth | Carp: Common | Sunfish: Green,South Platte Park/Carson Nature Area,https://www.ssprd.org/nature,"https://www.google.com/search?q=""fishing report""+Redtail Lake+""Arapahoe County""+Colorado",Medium,Low,No,No,None,False,,39.5751044685215,-105.03943231032585,,,,0,no-project-stocking-record-found
import-public-confirmed,"Public indicator plus official property, survey, or land-manager context",Reservoir Park,Reservoir Park,Reservoir Park,69067,1186,Mesa,Water Body,Coldwater,public-indicated,Public-land/property indicator or official property URL is present,Trout: Cutthroat,White River National Forest,https://www.fs.usda.gov/activity/whiteriver/recreation/fishing,"https://www.google.com/search?q=""fishing report""+Reservoir Park+""Mesa County""+Colorado",Difficult,Low,No,No,Non-motorized,False,,39.33078090459001,-107.48289309119778,,,,0,no-project-stocking-record-found
import-public-confirmed,"Public indicator plus official property, survey, or land-manager context",Reynolds Lake,Reynolds Lake,Reynolds Lake,56160,536,Clear Creek,Water Body,Coldwater,public-indicated,Public-land/property indicator or official property URL is present,Trout: Brook,Arapaho National Forest,https://www.fs.usda.gov/activity/arp/recreation/fishing,"https://www.google.com/search?q=""fishing report""+Reynolds Lake+""Clear Creek County""+Colorado",Difficult,Low,No,No,Non-motorized,False,,39.837632335628214,-105.68285529213783,,,,0,no-project-stocking-record-found
import-public-confirmed,"Public indicator plus official property, survey, or land-manager context",Rich Creek,Rich Creek,Rich Creek,30647,1491,Park,Stream or River,Coldwater,public-indicated,Public-land/property indicator or official property URL is present,Trout: Brook | Trout: Cutthroat,Buffalo Peaks Wilderness Area,https://www.fs.usda.gov/activity/psicc/recreation/fishing,"https://www.google.com/search?q=""fishing report""+Rich Creek+""Park County""+Colorado",Difficult,Low,No,No,None,False,,39.07067007431963,-106.14966909742645,,,,0,no-project-stocking-record-found
import-public-confirmed,"Public indicator plus official property, survey, or land-manager context","Rifle Creek, East","Rifle Creek, East","Rifle Creek, East",24218,1630,Garfield,Stream or River,Coldwater,public-indicated,Public-land/property indicator or official property URL is present,Trout: Brook | Trout: Brown | Trout: Rainbow,White River National Forest,https://www.fs.usda.gov/activity/whiteriver/recreation/fishing,"https://www.google.com/search?q=""fishing report""+Rifle Creek, East+""Garfield County""+Colorado",Medium,Low,No,No,None,False,,39.75368007212013,-107.69202880978668,,,,0,no-project-stocking-record-found
import-public-confirmed,"Public indicator plus official property, survey, or land-manager context",Rim Rock Lake,Rim Rock Lake,Rim Rock Lake,91962,16,Delta,Water Body,Coldwater,public-indicated,Public-land/property indicator or official property URL is present,Trout: Cutthroat,Grand Mesa National Forest,https://www.fs.usda.gov/activity/gmug/recreation/fishing,"https://www.google.com/search?q=""fishing report""+Rim Rock Lake+""Delta County""+Colorado",Medium,Low,No,Yes,Non-motorized,False,,39.02282079556898,-108.00926191019298,,,,0,no-project-stocking-record-found
import-public-confirmed,"Public indicator plus official property, survey, or land-manager context",Rio Blanco Lake,Rio Blanco Lake,Rio Blanco Lake,69458,417,Rio Blanco,Water Body,Warmwater,public-indicated,Public-land/property indicator or official property URL is present,Bass: Largemouth | Crappie: Black | Crappie: Unspecified | Perch: Yellow | Pike: Tiger Muskie | Sunfish: Bluegill | Sunfish: Green,Rio Blanco Lake SWA,https://cpw.state.co.us/swa/Rio%20Blanco%20Lake%20SWA,"https://www.google.com/search?q=""fishing report""+Rio Blanco Lake+""Rio Blanco County""+Colorado",Easy,Medium,Yes,Yes,Motor boats,False,,40.088792660344254,-108.20878356037053,,,,0,no-project-stocking-record-found
import-public-confirmed,"Public indicator plus official property, survey, or land-manager context",Rio Grande River,Rio Grande River,Rio Grande River,42527,622,Rio Grande,Stream or River,Coldwater,public-indicated,Public-land/property indicator or official property URL is present,Trout: Brown | Trout: Rainbow,Rio Grande River SWA (Del Norte Fishing Easements),https://cpw.state.co.us/swa/Rio%20Grande%20River%20(Del%20Norte%20Fishing%20Easement),https://cpw.state.co.us/thingstodo/Fishery%20Survey%20Summaries/RioGrandeRiver.pdf,Medium,Low,No,No,Non-motorized,False,,37.68828530242331,-106.48282896669744,,,,1,no-project-stocking-record-found
import-public-confirmed,"Public indicator plus official property, survey, or land-manager context",Rio Grande River,Rio Grande River,Rio Grande River,42539,1768,Rio Grande,Stream or River,Coldwater,public-indicated,Public-land/property indicator or official property URL is present,Trout: Brown | Trout: Rainbow,Coller SWA,https://cpw.state.co.us/thingstodo/Pages/Fishing.aspx,https://cpw.state.co.us/thingstodo/Fishery%20Survey%20Summaries/RioGrandeRiver.pdf,Medium,Medium,No,No,Unsure,False,,37.72533744676591,-106.7087819208545,,,,4,no-project-stocking-record-found
import-public-confirmed,"Public indicator plus official property, survey, or land-manager context",Rito Hondo Lake,Rito Hondo Lake,Rito Hondo Lake,91998,451,Hinsdale,Water Body,Coldwater,public-indicated,Public-land/property indicator or official property URL is present,Trout: Brook | Trout: Cutthroat | Trout: Rainbow,Rito Hondo Reservoir SWA,https://cpw.state.co.us/swa/Rito%20Hondo%20Reservoir%20SWA,"https://www.google.com/search?q=""fishing report""+Rito Hondo Lake+""Hinsdale County""+Colorado",Easy,Low,Yes,Limited,Electric,False,,37.894824782457256,-107.17681657793673,,,,0,no-project-stocking-record-found
import-public-confirmed,"Public indicator plus official property, survey, or land-manager context",River Center Pond,River Center Pond,River Center Pond,92001,834,Archuleta,Water Body,Coldwater,public-indicated,Public-land/property indicator or official property URL is present,Trout: Rainbow,River Center Park,https://visitpagosasprings.com/index.php?section=things-to-do-activities&subcategory_id=134&season=,"https://www.google.com/search?q=""fishing report""+River Center Pond+""Archuleta County""+Colorado",Easy,High,Yes,Yes,None,False,,37.27052010573305,-106.99928845811542,,,,0,no-project-stocking-record-found
import-public-confirmed,"Public indicator plus official property, survey, or land-manager context",Riverbend Pond #1,[Purposely Left Blank],Riverbend Pond #1,57249,428,Larimer,Water Body,Warmwater,public-indicated,Public-land/property indicator or official property URL is present,Bass: Largemouth | Crappie: Black | Crappie: White | Perch: Yellow | Sunfish: Green,Riverbend Ponds Natural Area,https://www.fcgov.com/naturalareas/finder/riverbend,"https://www.google.com/search?q=""fishing report""+Riverbend Pond #1+""Larimer County""+Colorado",Easy,Medium,Yes,No,Non-motorized,False,,40.57530000872572,-105.02864548592122,,,,0,no-project-stocking-record-found
import-public-confirmed,"Public indicator plus official property, survey, or land-manager context",Riverbend Pond #3,[Purposely Left Blank],Riverbend Pond #3,57768,441,Larimer,Water Body,Warmwater,public-indicated,Public-land/property indicator or official property URL is present,Bass: Largemouth | Carp: Common | Crappie: Black | Perch: Yellow,Riverbend Ponds Natural Area,https://www.fcgov.com/naturalareas/finder/riverbend,"https://www.google.com/search?q=""fishing report""+Riverbend Pond #3+""Larimer County""+Colorado",Medium,Medium,Yes,No,Non-motorized,False,,40.5753495312735,-105.03222722706248,,,,0,no-project-stocking-record-found
import-public-confirmed,"Public indicator plus official property, survey, or land-manager context",Riverbend Pond #4,[Purposely Left Blank],Riverbend Pond #4,58051,438,Larimer,Water Body,Warmwater,public-indicated,Public-land/property indicator or official property URL is present,Bass: Largemouth | Carp: Common | Crappie: Black | Perch: Yellow,Riverbend Ponds Natural Area,https://www.fcgov.com/naturalareas/finder/riverbend,"https://www.google.com/search?q=""fishing report""+Riverbend Pond #4+""Larimer County""+Colorado",Easy,Medium,Yes,No,Non-motorized,False,,40.5769635764489,-105.0329422366213,,,,0,no-project-stocking-record-found
import-public-confirmed,"Public indicator plus official property, survey, or land-manager context",Riverbend Pond #7,[Purposely Left Blank],Riverbend Pond #7,58057,431,Larimer,Water Body,Warmwater,public-indicated,Public-land/property indicator or official property URL is present,Bass: Largemouth | Catfish: Black Bullhead | Crappie: Black | Perch: Yellow,Riverbend Ponds Natural Area,https://www.fcgov.com/naturalareas/finder/riverbend,"https://www.google.com/search?q=""fishing report""+Riverbend Pond #7+""Larimer County""+Colorado",Easy,Medium,Yes,No,Non-motorized,False,,40.56795875281892,-105.02357630894261,,,,0,no-project-stocking-record-found
import-public-confirmed,"Public indicator plus official property, survey, or land-manager context",Riverbend Ponds,Riverbend Ponds,Riverbend Pond #5,58055,432,Larimer,Water Body,Warmwater,public-indicated,Public-land/property indicator or official property URL is present,Bass: Largemouth | Carp: Common | Crappie: Black | Perch: Yellow,Riverbend Ponds Natural Area,https://www.fcgov.com/naturalareas/finder/riverbend,"https://www.google.com/search?q=""fishing report""+Riverbend Pond #5+""Larimer County""+Colorado",Medium,Low,Yes,No,Non-motorized,False,,40.570940644541174,-105.02576610336462,,,,0,no-project-stocking-record-found
import-public-confirmed,"Public indicator plus official property, survey, or land-manager context",Roaring Creek,Roaring Creek,Roaring Creek,12081,1473,Larimer,Stream or River,Coldwater,public-indicated,Public-land/property indicator or official property URL is present,Trout: Cutthroat,Roosevelt National Forest,https://www.fs.usda.gov/activity/arp/recreation/fishing,"https://www.google.com/search?q=""fishing report""+Roaring Creek+""Larimer County""+Colorado",Difficult,Low,No,No,None,False,,40.742739451532444,-105.77160091547476,,,,0,no-project-stocking-record-found
import-public-confirmed,"Public indicator plus official property, survey, or land-manager context",Roaring Fork,Roaring Fork,Roaring Fork,12079,672,Jackson,Stream or River,Coldwater,public-indicated,Public-land/property indicator or official property URL is present,Trout: Brown,Manville SWA,https://cpw.state.co.us/swa/Manville%20SWA,"https://www.google.com/search?q=""fishing report""+Roaring Fork+""Jackson County""+Colorado",Easy,Medium,No,No,None,False,,40.68305054339189,-106.46073067930438,,,,1,no-project-stocking-record-found
import-public-confirmed,"Public indicator plus official property, survey, or land-manager context",Roaring Fork River,Roaring Fork River,Roaring Fork River,21713,632,Garfield,Stream or River,Coldwater,public-indicated,Public-land/property indicator or official property URL is present,Trout: Brown | Trout: Mountain Whitefish | Trout: Rainbow,Jackson SWA,https://cpw.state.co.us/swa/Jackson%20SWA,"https://www.google.com/search?q=""fishing report""+Roaring Fork River+""Garfield County""+Colorado",Easy,High,Yes,No,Non-motorized,False,,39.49119900549855,-107.30680610175584,,,,0,no-project-stocking-record-found
import-public-confirmed,"Public indicator plus official property, survey, or land-manager context",Roaring Fork River,Roaring Fork River,Roaring Fork River,21725,681,Garfield,Stream or River,Coldwater,public-indicated,Public-land/property indicator or official property URL is present,Trout: Brown | Trout: Mountain Whitefish | Trout: Rainbow,Roaring Fork SWA - Gianinetti Easement,https://cpw.state.co.us/swa/Roaring%20Fork%20SWA%20-%20Gianinetti%20Parcel,"https://www.google.com/search?q=""fishing report""+Roaring Fork River+""Garfield County""+Colorado",Medium,High,Yes,No,Non-motorized,False,,39.414494430106,-107.21840318839472,,,,0,no-project-stocking-record-found
import-public-confirmed,"Public indicator plus official property, survey, or land-manager context",Roaring Forks Creek,Roaring Forks Creek,Roaring Forks Creek,42628,1529,Montezuma,Stream or River,Coldwater,public-indicated,Public-land/property indicator or official property URL is present,Trout: Brook | Trout: Cutthroat,San Juan National Forest,https://www.fs.usda.gov/activity/sanjuan/recreation/fishing,"https://www.google.com/search?q=""fishing report""+Roaring Forks Creek+""Montezuma County""+Colorado",Difficult,Low,No,No,None,False,,37.580326909489315,-108.0854087362303,,,,0,no-project-stocking-record-found
import-public-confirmed,"Public indicator plus official property, survey, or land-manager context",Rock Creek,Rock Creek,Rock Creek,21787,650,Routt,Stream or River,Coldwater,public-indicated,Public-land/property indicator or official property URL is present,Trout: Brook | Trout: Brown | Trout: Rainbow,Rock Creek SWA,https://cpw.state.co.us/swa/Rock%20Creek%20SWA,"https://www.google.com/search?q=""fishing report""+Rock Creek+""Routt County""+Colorado",Medium,Medium,No,No,None,False,,40.05565878181689,-106.64314064412991,,,,0,no-project-stocking-record-found
import-public-confirmed,"Public indicator plus official property, survey, or land-manager context",Rock Lake,Rock Lake,Rock Lake,72087,722,Mesa,Water Body,Coldwater,public-indicated,Public-land/property indicator or official property URL is present,Trout: Cutthroat,Grand Mesa National Forest,https://www.fs.usda.gov/activity/gmug/recreation/fishing,"https://www.google.com/search?q=""fishing report""+Rock Lake+""Mesa County""+Colorado",Difficult,Low,No,No,Non-motorized,False,,39.13258337106084,-107.82876060663138,,,,0,no-project-stocking-record-found
import-public-confirmed,"Public indicator plus official property, survey, or land-manager context",Rocky Fork Creek,Rocky Fork Creek,Rocky Fork Creek,24454,1552,Pitkin,Stream or River,Coldwater,public-indicated,Public-land/property indicator or official property URL is present,Trout: Cutthroat,White River National Forest,https://www.fs.usda.gov/activity/whiteriver/recreation/fishing,"https://www.google.com/search?q=""fishing report""+Rocky Fork Creek+""Pitkin County""+Colorado",Difficult,Low,No,Unsure,None,False,,39.35032548062686,-106.81866138682076,,,,0,no-project-stocking-record-found
import-public-confirmed,"Public indicator plus official property, survey, or land-manager context",Rogers Peak Lake,Rogers Peak Lake,Rogers Peak Lake,56209,280,Gilpin,Water Body,Coldwater,public-indicated,Public-land/property indicator or official property URL is present,Trout: Cutthroat,James Peak Wilderness Area,https://www.fs.usda.gov/activity/arp/recreation/fishing,https://cpw.state.co.us/thingstodo/Fishery%20Survey%20Summaries/JamesPeakWildernessLakes.pdf,Difficult,Low,No,No,Non-motorized,False,,39.87133045147101,-105.68988984731247,,,,0,no-project-stocking-record-found
import-public-confirmed,"Public indicator plus official property, survey, or land-manager context",Rolland Moore Pond,Rolland Moore Pond,Rolland Moore Pond,57779,1684,Larimer,Water Body,Warmwater,public-indicated,Public-land/property indicator or official property URL is present,Bass: Largemouth | Catfish: Channel | Sunfish: Bluegill,Rolland Moore Park,https://www.fcgov.com/parks/,"https://www.google.com/search?q=""fishing report""+Rolland Moore Pond+""Larimer County""+Colorado",Easy,High,Yes,No,None,False,,40.55929566114489,-105.09714970693099,,,,0,no-project-stocking-record-found
import-public-confirmed,"Public indicator plus official property, survey, or land-manager context",Rolling Creek,Rolling Creek,Rolling Creek,18261,1376,Park,Stream or River,Coldwater,public-indicated,Public-land/property indicator or official property URL is present,Trout: Brook,Lost Creek Wilderness Area,https://www.fs.usda.gov/activity/psicc/recreation/fishing,"https://www.google.com/search?q=""fishing report""+Rolling Creek+""Park County""+Colorado",Medium,Low,No,No,None,False,,39.3116897669283,-105.40028367529118,,,,0,no-project-stocking-record-found
import-public-confirmed,"Public indicator plus official property, survey, or land-manager context","Roosevelt Lake, Upper",[Purposely Left Blank],"Roosevelt Lake, Upper",60525,549,Park,Water Body,Coldwater,public-indicated,Public-land/property indicator or official property URL is present,Trout: Cutthroat,Mount Evans Wilderness Area,https://www.fs.usda.gov/activity/arp/recreation/fishing,"https://www.google.com/search?q=""fishing report""+Roosevelt Lake, Upper+""Park County""+Colorado",Difficult,Low,No,No,Non-motorized,False,,39.562332979235975,-105.58755331919131,,,,0,no-project-stocking-record-found
import-public-confirmed,"Public indicator plus official property, survey, or land-manager context",Roosevelt Lakes,Roosevelt Lakes,"Roosevelt Lake, Lower",56247,107,Park,Water Body,Coldwater,public-indicated,Public-land/property indicator or official property URL is present,Trout: Cutthroat,Mount Evans Wilderness Area,https://www.fs.usda.gov/activity/arp/recreation/fishing,"https://www.google.com/search?q=""fishing report""+Roosevelt Lake, Lower+""Park County""+Colorado",Difficult,Low,No,No,Non-motorized,False,,39.56335927592227,-105.58577442675669,,,,0,no-project-stocking-record-found
import-public-confirmed,"Public indicator plus official property, survey, or land-manager context",Rotella Park Lake,Rotella Park Lake,Rotella Park Lake,57542,464,Adams,Water Body,Warmwater,public-indicated,Public-land/property indicator or official property URL is present,Bass: Largemouth | Catfish: Channel | Crappie: Black | Sunfish: Bluegill,Rotella Park,https://www.adcogov.org/parks,"https://www.google.com/search?q=""fishing report""+Rotella Park Lake+""Adams County""+Colorado",Easy,Low,Yes,No,None,False,,39.841273709795445,-104.9681287906687,,,,0,no-project-stocking-record-found
import-public-confirmed,"Public indicator plus official property, survey, or land-manager context",Rough and Tumbling Creek,Rough and Tumbling Creek,Rough and Tumbling Creek,30673,1492,Park,Stream or River,Coldwater,public-indicated,Public-land/property indicator or official property URL is present,Trout: Brook | Trout: Cutthroat,Pike National Forest,https://www.fs.usda.gov/activity/psicc/recreation/fishing,"https://www.google.com/search?q=""fishing report""+Rough and Tumbling Creek+""Park County""+Colorado",Difficult,Low,No,No,None,False,,39.05010145063051,-106.10832838370952,,,,0,no-project-stocking-record-found
import-public-confirmed,"Public indicator plus official property, survey, or land-manager context",Rowdy Reservoir,Rowdy Reservoir,Rowdy Reservoir,96708,53,Gunnison,Water Body,Coldwater,public-indicated,Public-land/property indicator or official property URL is present,Trout: Brook | Trout: Rainbow | Trout: Tiger,Uncompahgre National Forest,https://www.fs.usda.gov/activity/gmug/recreation/fishing,"https://www.google.com/search?q=""fishing report""+Rowdy Reservoir+""Gunnison County""+Colorado",Easy,High,Yes,Yes,Non-motorized,False,,38.23925731350859,-107.52850175293186,,,,0,no-project-stocking-record-found
import-public-confirmed,"Public indicator plus official property, survey, or land-manager context",Ruby Anthracite Creek,Ruby Anthracite Creek,Ruby Anthracite Creek,42755,1564,Gunnison,Stream or River,Coldwater,public-indicated,Public-land/property indicator or official property URL is present,Trout: Brook | Trout: Brown | Trout: Cutthroat | Trout: Rainbow,Grand Mesa National Forest,https://www.fs.usda.gov/activity/gmug/recreation/fishing,"https://www.google.com/search?q=""fishing report""+Ruby Anthracite Creek+""Gunnison County""+Colorado",Difficult,Low,No,No,None,False,,38.862703536268135,-107.163918651529,,,,0,no-project-stocking-record-found
import-public-confirmed,"Public indicator plus official property, survey, or land-manager context",Sackett Reservoir,Sackett Reservoir,Sackett Reservoir,92116,559,Delta,Water Body,Coldwater,public-indicated,Public-land/property indicator or official property URL is present,Trout: Brook | Trout: Rainbow | Trout: Tiger,Grand Mesa National Forest,https://www.fs.usda.gov/activity/gmug/recreation/fishing,"https://www.google.com/search?q=""fishing report""+Sackett Reservoir+""Delta County""+Colorado",Easy,Medium,No,Yes,Non-motorized,False,,39.06628414783976,-107.83357257258794,,,,0,no-project-stocking-record-found
import-public-confirmed,"Public indicator plus official property, survey, or land-manager context",Saguache Creek,Saguache Creek,Saguache Creek,42793,1514,Saguache,Stream or River,Coldwater,public-indicated,Public-land/property indicator or official property URL is present,Trout: Brown | Trout: Rainbow,Rio Grande National Forest,https://www.fs.usda.gov/activity/riogrande/recreation/fishing,"https://www.google.com/search?q=""fishing report""+Saguache Creek+""Saguache County""+Colorado",Medium,Low,No,No,None,False,,38.0423887768318,-106.61996488235079,,,,0,no-project-stocking-record-found
import-public-confirmed,"Public indicator plus official property, survey, or land-manager context","San Francisco Lakes, Upper","San Francisco Lakes, Upper","San Francisco Lakes, Upper",93283,1154,Rio Grande,Water Body,Coldwater,public-indicated,Public-land/property indicator or official property URL is present,Trout: Cutthroat,Rio Grande National Forest,https://www.fs.usda.gov/activity/riogrande/recreation/fishing,"https://www.google.com/search?q=""fishing report""+San Francisco Lakes, Upper+""Rio Grande County""+Colorado",Difficult,Low,No,No,Unsure,False,,37.4893269528082,-106.42633398675113,,,,0,no-project-stocking-record-found
import-public-confirmed,"Public indicator plus official property, survey, or land-manager context","San Miguel River, Lake Fork","San Miguel River, Lake Fork","San Miguel River, Lake Fork",42983,1565,San Miguel,Stream or River,Coldwater,public-indicated,Public-land/property indicator or official property URL is present,Trout: Brook | Trout: Brown | Trout: Rainbow,Uncompahgre National Forest,https://www.fs.usda.gov/activity/gmug/recreation/fishing,"https://www.google.com/search?q=""fishing report""+San Miguel River, Lake Fork+""San Miguel County""+Colorado",Easy,Medium,No,No,None,False,,37.842581807565445,-107.88132847554903,,,,0,no-project-stocking-record-found
import-public-confirmed,"Public indicator plus official property, survey, or land-manager context",Sanchez Reservoir,Sanchez Reservoir,Sanchez Reservoir,92128,123,Costilla,Water Body,Warmwater,public-indicated,Public-land/property indicator or official property URL is present,Carp: Common | Catfish: Channel | Perch: Walleye | Perch: Yellow | Pike: Northern,Sanchez Reservoir SWA,https://cpw.state.co.us/swa/Sanchez%20Reservoir%20SWA,"https://www.google.com/search?q=""fishing report""+Sanchez Reservoir+""Costilla County""+Colorado",Easy,Low,Yes,Yes,Motor boats,False,,37.08179490543162,-105.41114760928319,,,,0,no-project-stocking-record-found
import-public-confirmed,"Public indicator plus official property, survey, or land-manager context",Sand Creek,Sand Creek,Sand Creek,12207,1470,Larimer,Stream or River,Coldwater,public-indicated,Public-land/property indicator or official property URL is present,Trout: Brook,Roosevelt National Forest,https://www.fs.usda.gov/activity/arp/recreation/fishing,"https://www.google.com/search?q=""fishing report""+Sand Creek+""Larimer County""+Colorado",Easy,Low,No,No,None,False,,40.861396214022875,-105.81233895395916,,,,0,no-project-stocking-record-found
import-public-confirmed,"Public indicator plus official property, survey, or land-manager context",Sawhill Pond #1,[Purposely Left Blank],Sawhill Pond #1,61084,340,Boulder,Water Body,Warmwater,public-indicated,Public-land/property indicator or official property URL is present,Bass: Largemouth | Catfish: Black Bullhead | Catfish: Channel | Crappie: Unspecified | Perch: Yellow | Sunfish: Bluegill | Sunfish: Pumpkinseed,Sawhill Ponds,https://bouldercolorado.gov/services/fishing-osmp,"https://www.google.com/search?q=""fishing report""+Sawhill Pond #1+""Boulder County""+Colorado",Easy,Low,Yes,Yes,Belly boats,False,,40.04052874699931,-105.18630868914761,,,,0,no-project-stocking-record-found
import-public-confirmed,"Public indicator plus official property, survey, or land-manager context",Sawhill Pond #10,[Purposely Left Blank],Sawhill Pond #10,61173,313,Boulder,Water Body,Warmwater,public-indicated,Public-land/property indicator or official property URL is present,Bass: Largemouth | Catfish: Black Bullhead | Catfish: Channel | Crappie: Unspecified | Perch: Yellow | Sunfish: Bluegill | Sunfish: Pumpkinseed,Sawhill Ponds,https://bouldercolorado.gov/services/fishing-osmp,"https://www.google.com/search?q=""fishing report""+Sawhill Pond #10+""Boulder County""+Colorado",Easy,Low,Yes,No,Belly boats,False,,40.036959213423785,-105.19828361636388,,,,0,no-project-stocking-record-found
import-public-confirmed,"Public indicator plus official property, survey, or land-manager context",Sawhill Pond #11,[Purposely Left Blank],Sawhill Pond #11,61185,326,Boulder,Water Body,Warmwater,public-indicated,Public-land/property indicator or official property URL is present,Bass: Largemouth | Catfish: Black Bullhead | Catfish: Channel | Crappie: Unspecified | Perch: Yellow | Sunfish: Bluegill | Sunfish: Pumpkinseed,Sawhill Ponds,https://bouldercolorado.gov/services/fishing-osmp,"https://www.google.com/search?q=""fishing report""+Sawhill Pond #11+""Boulder County""+Colorado",Easy,Low,Yes,No,Belly boats,False,,40.038617080656586,-105.19625298993547,,,,0,no-project-stocking-record-found
import-public-confirmed,"Public indicator plus official property, survey, or land-manager context",Sawhill Pond #12,[Purposely Left Blank],Sawhill Pond #12,61197,332,Boulder,Water Body,Warmwater,public-indicated,Public-land/property indicator or official property URL is present,Bass: Largemouth | Catfish: Black Bullhead | Catfish: Channel | Crappie: Unspecified | Perch: Yellow | Sunfish: Bluegill | Sunfish: Pumpkinseed,Sawhill Ponds,https://bouldercolorado.gov/services/fishing-osmp,"https://www.google.com/search?q=""fishing report""+Sawhill Pond #12+""Boulder County""+Colorado",Easy,Low,Yes,No,Belly boats,False,,40.04165181299318,-105.19462070255521,,,,0,no-project-stocking-record-found
import-public-confirmed,"Public indicator plus official property, survey, or land-manager context",Sawhill Pond #13,[Purposely Left Blank],Sawhill Pond #13,61200,331,Boulder,Water Body,Warmwater,public-indicated,Public-land/property indicator or official property URL is present,Bass: Largemouth | Catfish: Black Bullhead | Catfish: Channel | Crappie: Unspecified | Perch: Yellow | Sunfish: Bluegill | Sunfish: Pumpkinseed,Sawhill Ponds,https://bouldercolorado.gov/services/fishing-osmp,"https://www.google.com/search?q=""fishing report""+Sawhill Pond #13+""Boulder County""+Colorado",Easy,Low,Yes,No,Belly boats,False,,40.042705431179144,-105.19427616720272,,,,0,no-project-stocking-record-found
import-public-confirmed,"Public indicator plus official property, survey, or land-manager context",Sawhill Pond #14,[Purposely Left Blank],Sawhill Pond #14,61212,330,Boulder,Water Body,Warmwater,public-indicated,Public-land/property indicator or official property URL is present,Bass: Largemouth | Carp: Common | Catfish: Black Bullhead | Catfish: Channel | Crappie: Unspecified | Perch: Yellow | Sunfish: Bluegill | Sunfish: Pumpkinseed,Sawhill Ponds,https://bouldercolorado.gov/services/fishing-osmp,"https://www.google.com/search?q=""fishing report""+Sawhill Pond #14+""Boulder County""+Colorado",Easy,Low,Yes,No,Belly boats,False,,40.04329854966327,-105.1952720763576,,,,0,no-project-stocking-record-found
import-public-confirmed,"Public indicator plus official property, survey, or land-manager context",Sawhill Pond #15,[Purposely Left Blank],Sawhill Pond #15,61224,329,Boulder,Water Body,Warmwater,public-indicated,Public-land/property indicator or official property URL is present,Bass: Largemouth | Catfish: Black Bullhead | Catfish: Channel | Crappie: Unspecified | Sunfish: Bluegill | Sunfish: Pumpkinseed,Sawhill Ponds,https://bouldercolorado.gov/services/fishing-osmp,"https://www.google.com/search?q=""fishing report""+Sawhill Pond #15+""Boulder County""+Colorado",Easy,Low,Yes,No,Belly boats,False,,40.04286067184291,-105.19623549704197,,,,0,no-project-stocking-record-found
import-public-confirmed,"Public indicator plus official property, survey, or land-manager context",Sawhill Pond #2,[Purposely Left Blank],Sawhill Pond #2,61096,339,Boulder,Water Body,Warmwater,public-indicated,Public-land/property indicator or official property URL is present,Bass: Largemouth | Catfish: Black Bullhead | Catfish: Channel | Crappie: Unspecified | Perch: Yellow | Sunfish: Bluegill | Sunfish: Pumpkinseed,Sawhill Ponds,https://bouldercolorado.gov/services/fishing-osmp,"https://www.google.com/search?q=""fishing report""+Sawhill Pond #2+""Boulder County""+Colorado",Easy,Low,Yes,No,Belly boats,False,,40.03861205519339,-105.1901479925522,,,,0,no-project-stocking-record-found
import-public-confirmed,"Public indicator plus official property, survey, or land-manager context",Sawhill Pond #3,[Purposely Left Blank],Sawhill Pond #3,61109,336,Boulder,Water Body,Warmwater,public-indicated,Public-land/property indicator or official property URL is present,Bass: Largemouth | Catfish: Black Bullhead | Catfish: Channel | Crappie: Unspecified | Perch: Yellow | Sunfish: Bluegill | Sunfish: Pumpkinseed,Sawhill Ponds,https://bouldercolorado.gov/services/fishing-osmp,"https://www.google.com/search?q=""fishing report""+Sawhill Pond #3+""Boulder County""+Colorado",Easy,Low,Yes,No,Belly boats,False,,40.04052653453709,-105.18988177681777,,,,0,no-project-stocking-record-found
import-public-confirmed,"Public indicator plus official property, survey, or land-manager context",Sawhill Pond #4,[Purposely Left Blank],Sawhill Pond #4,61111,335,Boulder,Water Body,Warmwater,public-indicated,Public-land/property indicator or official property URL is present,Bass: Largemouth | Catfish: Black Bullhead | Catfish: Channel | Crappie: Unspecified | Perch: Yellow | Sunfish: Bluegill | Sunfish: Pumpkinseed,Sawhill Ponds,https://bouldercolorado.gov/services/fishing-osmp,"https://www.google.com/search?q=""fishing report""+Sawhill Pond #4+""Boulder County""+Colorado",Easy,Low,Yes,No,Belly boats,False,,40.0423059100551,-105.18898700808239,,,,0,no-project-stocking-record-found
import-public-confirmed,"Public indicator plus official property, survey, or land-manager context",Sawhill Pond #5,[Purposely Left Blank],Sawhill Pond #5,61123,333,Boulder,Water Body,Warmwater,public-indicated,Public-land/property indicator or official property URL is present,Bass: Largemouth | Catfish: Black Bullhead | Catfish: Channel | Crappie: Unspecified | Perch: Yellow | Sunfish: Bluegill | Sunfish: Pumpkinseed,Sawhill Ponds,https://bouldercolorado.gov/services/fishing-osmp,"https://www.google.com/search?q=""fishing report""+Sawhill Pond #5+""Boulder County""+Colorado",Easy,Low,Yes,No,Belly boats,False,,40.04286644660475,-105.19148671049764,,,,0,no-project-stocking-record-found
import-public-confirmed,"Public indicator plus official property, survey, or land-manager context",Sawhill Pond #7,[Purposely Left Blank],Sawhill Pond #7,61147,337,Boulder,Water Body,Warmwater,public-indicated,Public-land/property indicator or official property URL is present,Bass: Largemouth | Catfish: Black Bullhead | Catfish: Channel | Crappie: Unspecified | Perch: Yellow | Sunfish: Bluegill | Sunfish: Pumpkinseed,Sawhill Ponds,https://bouldercolorado.gov/services/fishing-osmp,"https://www.google.com/search?q=""fishing report""+Sawhill Pond #7+""Boulder County""+Colorado",Easy,Low,Yes,No,Belly boats,False,,40.03985812282202,-105.19178680170145,,,,0,no-project-stocking-record-found
import-public-confirmed,"Public indicator plus official property, survey, or land-manager context",Sawhill Pond #8,[Purposely Left Blank],Sawhill Pond #8,61159,328,Boulder,Water Body,Warmwater,public-indicated,Public-land/property indicator or official property URL is present,Bass: Largemouth | Carp: Common | Catfish: Black Bullhead | Catfish: Channel | Crappie: Unspecified | Perch: Yellow | Sunfish: Bluegill | Sunfish: Pumpkinseed,Sawhill Ponds,https://bouldercolorado.gov/services/fishing-osmp,"https://www.google.com/search?q=""fishing report""+Sawhill Pond #8+""Boulder County""+Colorado",Easy,Low,Yes,No,Belly boats,False,,40.03915600664803,-105.19366223158809,,,,0,no-project-stocking-record-found
import-public-confirmed,"Public indicator plus official property, survey, or land-manager context",Sawhill Pond #9,[Purposely Left Blank],Sawhill Pond #9,61161,327,Boulder,Water Body,Warmwater,public-indicated,Public-land/property indicator or official property URL is present,Bass: Largemouth | Catfish: Black Bullhead | Catfish: Channel | Crappie: Unspecified | Perch: Yellow | Sunfish: Bluegill | Sunfish: Pumpkinseed,Sawhill Ponds,https://bouldercolorado.gov/services/fishing-osmp,"https://www.google.com/search?q=""fishing report""+Sawhill Pond #9+""Boulder County""+Colorado",Easy,Low,Yes,No,Belly boats,False,,40.037492248688096,-105.19473349502228,,,,0,no-project-stocking-record-found
import-public-confirmed,"Public indicator plus official property, survey, or land-manager context",Sawhill Ponds,Sawhill Ponds,Sawhill Pond #6,61135,334,Boulder,Water Body,Warmwater,public-indicated,Public-land/property indicator or official property URL is present,Bass: Largemouth | Bass: Smallmouth | Carp: Common | Catfish: Black Bullhead | Catfish: Channel | Crappie: Unspecified | Perch: Yellow | Sunfish: Bluegill | Sunfish: Pumpkinseed,Sawhill Ponds,https://bouldercolorado.gov/services/fishing-osmp,"https://www.google.com/search?q=""fishing report""+Sawhill Pond #6+""Boulder County""+Colorado",Easy,Low,Yes,No,Belly boats,False,,40.04099633143303,-105.19215007680909,,,,0,no-project-stocking-record-found
import-public-confirmed,"Public indicator plus official property, survey, or land-manager context",Sawmill Creek,Sawmill Creek,Sawmill Creek,12219,1469,Jackson,Stream or River,Coldwater,public-indicated,Public-land/property indicator or official property URL is present,Trout: Brook,Routt National Forest,https://www.fs.usda.gov/activity/mbr/recreation/fishing,"https://www.google.com/search?q=""fishing report""+Sawmill Creek+""Jackson County""+Colorado",Medium,Low,No,No,None,False,,40.52255861820738,-106.62490397788636,,,,0,no-project-stocking-record-found
import-public-confirmed,"Public indicator plus official property, survey, or land-manager context",Scenery Pond,Scenery Pond,Scenery Pond,73626,1769,Rio Blanco,Water Body,Coldwater,public-indicated,Public-land/property indicator or official property URL is present,Trout: Unspecified,Colorow Mountain State Wildlife Area,https://cpw.state.co.us/swa/Colorow%20Mountain%20SWA,"https://www.google.com/search?q=""fishing report""+Scenery Pond+""Rio Blanco County""+Colorado",Easy,Low,No,No,None,False,,40.16556032103874,-108.11561011045545,,,,0,no-project-stocking-record-found
import-public-confirmed,"Public indicator plus official property, survey, or land-manager context",Seaman Reservoir,Seaman Reservoir,Seaman Reservoir,56398,1062,Larimer,Water Body,Mixed coldwater/warmwater,public-indicated,Public-land/property indicator or official property URL is present,Catfish: Black Bullhead | Perch: Yellow | Sunfish: Green | Trout: Brown | Trout: Rainbow,Poudre River STL,https://cpw.state.co.us/placestogo/Pages/StateTrustLands.aspx,"https://www.google.com/search?q=""fishing report""+Seaman Reservoir+""Larimer County""+Colorado",Medium,Medium,No,Yes,Electric,False,,40.70789955568379,-105.2332991322652,,,,0,no-project-stocking-record-found
import-public-confirmed,"Public indicator plus official property, survey, or land-manager context",Sheep Creek,Sheep Creek,Sheep Creek,12257,648,Larimer,Stream or River,Coldwater,public-indicated,Public-land/property indicator or official property URL is present,Trout: Brown,Cherokee SWA - Upper Unit,https://cpw.state.co.us/swa/Cherokee%20SWA%20(All%20units),"https://www.google.com/search?q=""fishing report""+Sheep Creek+""Larimer County""+Colorado",Easy,Low,No,No,None,False,,40.89520616925753,-105.56797870126526,,,,0,no-project-stocking-record-found
import-public-confirmed,"Public indicator plus official property, survey, or land-manager context",Sheep Creek,Sheep Creek,Sheep Creek,21096,1450,Mesa,Stream or River,Coldwater,public-indicated,Public-land/property indicator or official property URL is present,Trout: Brook | Trout: Cutthroat,Grand Mesa National Forest,https://www.fs.usda.gov/activity/gmug/recreation/fishing,"https://www.google.com/search?q=""fishing report""+Sheep Creek+""Mesa County""+Colorado",Difficult,Low,No,No,None,False,,38.97391311291824,-108.14159671513163,,,,0,no-project-stocking-record-found
import-public-confirmed,"Public indicator plus official property, survey, or land-manager context","Sheep Creek, East Fork","Sheep Creek, East Fork","Sheep Creek, East Fork",13730,1474,Larimer,Stream or River,Coldwater,public-indicated,Public-land/property indicator or official property URL is present,Trout: Cutthroat,Roosevelt National Forest,https://www.fs.usda.gov/activity/arp/recreation/fishing,"https://www.google.com/search?q=""fishing report""+Sheep Creek, East Fork+""Larimer County""+Colorado",Difficult,Low,No,No,None,False,,40.624500789421425,-105.70939350012772,,,,0,no-project-stocking-record-found
import-public-confirmed,"Public indicator plus official property, survey, or land-manager context","Sheep Creek, West Fork","Sheep Creek, West Fork","Sheep Creek, West Fork",13742,1475,Larimer,Stream or River,Coldwater,public-indicated,Public-land/property indicator or official property URL is present,Trout: Cutthroat,Roosevelt National Forest,https://www.fs.usda.gov/activity/arp/recreation/fishing,"https://www.google.com/search?q=""fishing report""+Sheep Creek, West Fork+""Larimer County""+Colorado",Difficult,Low,No,No,None,False,,40.609106328229366,-105.72637238842958,,,,0,no-project-stocking-record-found
import-public-confirmed,"Public indicator plus official property, survey, or land-manager context",Sheep Lake,Sheep Lake,Sheep Lake,92231,317,Delta,Water Body,Coldwater,public-indicated,Public-land/property indicator or official property URL is present,Trout: Cutthroat | Trout: Rainbow,Grand Mesa National Forest,https://www.fs.usda.gov/activity/gmug/recreation/fishing,"https://www.google.com/search?q=""fishing report""+Sheep Lake+""Delta County""+Colorado",Difficult,Low,No,Yes,Non-motorized,False,,39.027849182124626,-107.98584225222093,,,,0,no-project-stocking-record-found
import-public-confirmed,"Public indicator plus official property, survey, or land-manager context",Sheets Lake,Sheets Lake,Sheets Lake,61034,254,Adams,Water Body,Warmwater,public-indicated,Public-land/property indicator or official property URL is present,Bass: Largemouth | Catfish: Black Bullhead | Catfish: Channel | Sunfish: Bluegill,Lowell Ponds Open Space,https://www.adcogov.org/openspace,"https://www.google.com/search?q=""fishing report""+Sheets Lake+""Adams County""+Colorado",Medium,Medium,No,No,None,False,,39.79775962829145,-105.04249021507886,,,,0,no-project-stocking-record-found
import-public-confirmed,"Public indicator plus official property, survey, or land-manager context",Shelf Lake,Shelf Lake,Shelf Lake,56449,125,Clear Creek,Water Body,Coldwater,public-indicated,Public-land/property indicator or official property URL is present,Trout: Cutthroat,Pike National Forest,https://www.fs.usda.gov/activity/psicc/recreation/fishing,"https://www.google.com/search?q=""fishing report""+Shelf Lake+""Clear Creek County""+Colorado",Difficult,Low,No,Yes,None,False,,39.59423514852292,-105.78928950159718,,,,0,no-project-stocking-record-found
import-public-confirmed,"Public indicator plus official property, survey, or land-manager context",Sherwin Lake,Sherwin Lake,Sherwin Lake,56451,386,Clear Creek,Water Body,Coldwater,public-indicated,Public-land/property indicator or official property URL is present,Trout: Cutthroat,Arapaho National Forest,https://www.fs.usda.gov/activity/arp/recreation/fishing,"https://www.google.com/search?q=""fishing report""+Sherwin Lake+""Clear Creek County""+Colorado",Difficult,Low,No,No,Non-motorized,False,,39.816461336929876,-105.69964879511451,,,,0,no-project-stocking-record-found
import-public-confirmed,"Public indicator plus official property, survey, or land-manager context",Silver Creek,Silver Creek,Silver Creek,30798,1498,Saguache,Stream or River,Coldwater,public-indicated,Public-land/property indicator or official property URL is present,Trout: Brook,San Isabel National Forest,https://www.fs.usda.gov/activity/psicc/recreation/fishing,"https://www.google.com/search?q=""fishing report""+Silver Creek+""Saguache County""+Colorado",Difficult,Low,No,No,None,False,,38.37653715187471,-106.16765092599695,,,,0,no-project-stocking-record-found
import-public-confirmed,"Public indicator plus official property, survey, or land-manager context",Silver Dollar Lake,Silver Dollar Lake,Silver Dollar Lake,56487,109,Clear Creek,Water Body,Coldwater,public-indicated,Public-land/property indicator or official property URL is present,Trout: Cutthroat,Arapaho National Forest,https://www.fs.usda.gov/activity/arp/recreation/fishing,"https://www.google.com/search?q=""fishing report""+Silver Dollar Lake+""Clear Creek County""+Colorado",Difficult,Low,No,No,Non-motorized,False,,39.600156964646565,-105.75330594228106,,,,0,no-project-stocking-record-found
import-public-confirmed,"Public indicator plus official property, survey, or land-manager context",Silver King Lake,Silver King Lake,Silver King Lake,81187,937,Chaffee,Water Body,Coldwater,public-indicated,Public-land/property indicator or official property URL is present,Grayling: Arctic | Trout: Cutthroat,Collegiate Peaks Wilderness Area,https://www.fs.usda.gov/activity/psicc/recreation/fishing,"https://www.google.com/search?q=""fishing report""+Silver King Lake+""Chaffee County""+Colorado",Difficult,Low,No,No,None,False,,38.91280849895066,-106.36953161948426,,,,0,no-project-stocking-record-found
import-public-confirmed,"Public indicator plus official property, survey, or land-manager context",Silver Lake,Silver Lake,Silver Lake,69890,353,Mesa,Water Body,Coldwater,public-indicated,Public-land/property indicator or official property URL is present,Grayling: Arctic | Trout: Brook | Trout: Cutthroat,Grand Mesa National Forest,https://www.fs.usda.gov/activity/gmug/recreation/fishing,"https://www.google.com/search?q=""fishing report""+Silver Lake+""Mesa County""+Colorado",Medium,High,No,No,Electric,False,,39.080548718502065,-107.92080813242383,,,,0,no-project-stocking-record-found
import-public-confirmed,"Public indicator plus official property, survey, or land-manager context",Silver Lake,Silver Lake,Silver Lake,81199,875,Custer,Water Body,Coldwater,public-indicated,Public-land/property indicator or official property URL is present,Trout: Cutthroat,San Isabel National Forest,https://www.fs.usda.gov/activity/psicc/recreation/fishing,"https://www.google.com/search?q=""fishing report""+Silver Lake+""Custer County""+Colorado",Difficult,Low,No,No,Unsure,False,,38.22693858608118,-105.74634177549882,,,,0,no-project-stocking-record-found
import-public-confirmed,"Public indicator plus official property, survey, or land-manager context",Silverjack Reservoir,Silverjack Reservoir,Silverjack Reservoir,92255,66,Gunnison,Water Body,Coldwater,public-indicated,Public-land/property indicator or official property URL is present,Trout: Cutthroat | Trout: Rainbow,Uncompahgre National Forest,https://www.fs.usda.gov/activity/gmug/recreation/fishing,"https://www.google.com/search?q=""fishing report""+Silverjack Reservoir+""Gunnison County""+Colorado",Easy,Medium,Yes,Yes,Non-motorized,False,,38.22482059258633,-107.53711333652039,,,,0,no-project-stocking-record-found
import-public-confirmed,"Public indicator plus official property, survey, or land-manager context",Simpson Property Pond #1,[Purposely Left Blank],Simpson Property Pond #1,57201,350,Larimer,Water Body,Warmwater,public-indicated,Public-land/property indicator or official property URL is present,Bass: Largemouth | Carp: Common | Catfish: Channel | Crappie: Unspecified | Perch: Yellow | Sunfish: Bluegill,Simpson Ponds SWA,https://cpw.state.co.us/swa/Simpson%20Ponds%20SWA,"https://www.google.com/search?q=""fishing report""+Simpson Property Pond #1+""Larimer County""+Colorado",Easy,Medium,Yes,Yes,Belly boats,False,,40.3879359454123,-105.03407653483899,,,,0,no-project-stocking-record-found
import-public-confirmed,"Public indicator plus official property, survey, or land-manager context",Simpson Property Pond #2,[Purposely Left Blank],Simpson Property Pond #2,58152,34,Larimer,Water Body,Warmwater,public-indicated,Public-land/property indicator or official property URL is present,Bass: Largemouth | Carp: Common | Catfish: Channel | Crappie: Unspecified | Crappie: White | Perch: Yellow,Simpson Ponds SWA,https://cpw.state.co.us/swa/Simpson%20Ponds%20SWA,"https://www.google.com/search?q=""fishing report""+Simpson Property Pond #2+""Larimer County""+Colorado",Easy,Medium,Yes,Yes,Belly boats,False,,40.384071004411204,-105.03177704983257,,,,0,no-project-stocking-record-found
import-public-confirmed,"Public indicator plus official property, survey, or land-manager context",Simpson Property Ponds,Simpson Property Ponds,Simpson Property Pond #3,58164,351,Larimer,Water Body,Warmwater,public-indicated,Public-land/property indicator or official property URL is present,Bass: Largemouth | Carp: Common | Catfish: Channel | Crappie: Unspecified | Perch: Yellow | Sunfish: Bluegill,Simpson Ponds SWA,https://cpw.state.co.us/swa/Simpson%20Ponds%20SWA,"https://www.google.com/search?q=""fishing report""+Simpson Property Pond #3+""Larimer County""+Colorado",Easy,Medium,Yes,Yes,Belly boats,False,,40.384598635752276,-105.03300850803477,,,,0,no-project-stocking-record-found
import-public-confirmed,"Public indicator plus official property, survey, or land-manager context",Skyscraper Lake,Skyscraper Lake,Skyscraper Lake,56499,31,Boulder,Water Body,Coldwater,public-indicated,Public-land/property indicator or official property URL is present,Trout: Cutthroat,Indian Peaks Wilderness Area,https://www.fs.usda.gov/activity/arp/recreation/fishing,https://cpw.state.co.us/thingstodo/Fishery%20Survey%20Summaries/IndianPeaksWildernessLakes.pdf,Difficult,Low,No,No,Non-motorized,False,,39.95558253061229,-105.67251308618812,,,,0,no-project-stocking-record-found
import-public-confirmed,"Public indicator plus official property, survey, or land-manager context",Slater Lake,Slater Lake,Slater Lake,56514,385,Clear Creek,Water Body,Coldwater,public-indicated,Public-land/property indicator or official property URL is present,Trout: Cutthroat,James Peak Wilderness Area,https://www.fs.usda.gov/activity/arp/recreation/fishing,"https://www.google.com/search?q=""fishing report""+Slater Lake+""Clear Creek County""+Colorado",Difficult,Low,No,No,Non-motorized,False,,39.81985680349413,-105.70240224554638,,,,0,no-project-stocking-record-found
import-public-confirmed,"Public indicator plus official property, survey, or land-manager context",Smelter Gulch,Smelter Gulch,Smelter Gulch,14009,1489,Clear Creek,Stream or River,Coldwater,public-indicated,Public-land/property indicator or official property URL is present,Trout: Brook,Pike National Forest,https://www.fs.usda.gov/activity/psicc/recreation/fishing,"https://www.google.com/search?q=""fishing report""+Smelter Gulch+""Clear Creek County""+Colorado",Medium,Low,No,No,None,False,,39.58448137901383,-105.77593325922305,,,,0,no-project-stocking-record-found
import-public-confirmed,"Public indicator plus official property, survey, or land-manager context",Smith Lake,Smith Lake,Smith Lake,53506,577,Jefferson,Water Body,Warmwater,public-indicated,Public-land/property indicator or official property URL is present,Bass: Largemouth | Bass: Smallmouth | Catfish: Channel | Perch: Yellow | Sunfish: Bluegill,Smith Reservoir,https://www.lakewood.org/Government/Departments/Community-Resources/Parks-Forestry-and-Open-Space/A-to-Z-Park-Listing/Smith-Reservoir,"https://www.google.com/search?q=""fishing report""+Smith Lake+""Jefferson County""+Colorado",Easy,Low,No,No,None,False,,39.68546248747003,-105.11563451031391,,,,0,no-project-stocking-record-found
import-public-confirmed,"Public indicator plus official property, survey, or land-manager context",Smith Lake Upper,Smith Lake Upper,Smith Lake Upper,70083,1001,Garfield,Water Body,Coldwater,public-indicated,Public-land/property indicator or official property URL is present,Trout: Cutthroat,Flat Tops Wilderness Area,https://www.fs.usda.gov/activity/mbr/recreation/fishing,"https://www.google.com/search?q=""fishing report""+Smith Lake Upper+""Garfield County""+Colorado",Medium,Low,No,Yes,Non-motorized,False,,40.04019238933236,-107.119764425122,,,,0,no-project-stocking-record-found
import-public-confirmed,"Public indicator plus official property, survey, or land-manager context","Snake River, North Fork","Snake River, North Fork","Snake River, North Fork",21989,1571,Summit,Stream or River,Coldwater,public-indicated,Public-land/property indicator or official property URL is present,Trout: Brook,White River National Forest,https://www.fs.usda.gov/activity/whiteriver/recreation/fishing,"https://www.google.com/search?q=""fishing report""+Snake River, North Fork+""Summit County""+Colorado",Medium,Low,No,No,None,False,,39.62633227197822,-105.90613267979816,,,,0,no-project-stocking-record-found
import-public-confirmed,"Public indicator plus official property, survey, or land-manager context",Snell Creek,Snell Creek,Snell Creek,22044,1578,Rio Blanco,Stream or River,Coldwater,public-indicated,Public-land/property indicator or official property URL is present,Trout: Brook | Trout: Cutthroat,White River National Forest,https://www.fs.usda.gov/activity/whiteriver/recreation/fishing,"https://www.google.com/search?q=""fishing report""+Snell Creek+""Rio Blanco County""+Colorado",Medium,Low,No,No,None,False,,40.09595020433568,-107.32758520956091,,,,0,no-project-stocking-record-found
import-public-confirmed,"Public indicator plus official property, survey, or land-manager context",Soap Creek,Soap Creek,Soap Creek,43175,1535,Gunnison,Stream or River,Coldwater,public-indicated,Public-land/property indicator or official property URL is present,Trout: Brook | Trout: Brown | Trout: Rainbow,Gunnison National Forest,https://www.fs.usda.gov/activity/gmug/recreation/fishing,"https://www.google.com/search?q=""fishing report""+Soap Creek+""Gunnison County""+Colorado",Medium,Low,No,No,None,False,,38.54887800664207,-107.31670021007551,,,,0,no-project-stocking-record-found
import-public-confirmed,"Public indicator plus official property, survey, or land-manager context",Soda Lake #2,Soda Lake #2,Soda Lake #2,60121,503,Jefferson,Water Body,Mixed coldwater/warmwater,public-indicated,Public-land/property indicator or official property URL is present,Bass: Largemouth | Perch: Saugeye | Perch: Yellow | Trout: Brown,Bear Creek Lake Park,"https://www.lakewood.org/Community_Resources/Parks,_Forestry_and_Open_Space/Bear_Creek_Lake_Park/Bear_Creek_Lake_Park.aspx","https://www.google.com/search?q=""fishing report""+Soda Lake #2+""Jefferson County""+Colorado",Easy,Medium,Yes,Yes,Non-motorized,False,,39.64316793402326,-105.16979295154499,,,,0,no-project-stocking-record-found
import-public-confirmed,"Public indicator plus official property, survey, or land-manager context","South Colony Lake, Lower","South Colony Lake, Lower","South Colony Lake, Lower",80301,862,Custer,Water Body,Coldwater,public-indicated,Public-land/property indicator or official property URL is present,Trout: Cutthroat,Sangre De Cristo Wilderness Area,https://www.fs.usda.gov/activity/psicc/recreation/fishing,"https://www.google.com/search?q=""fishing report""+South Colony Lake, Lower+""Custer County""+Colorado",Difficult,Low,No,No,Unsure,False,,37.96461357088173,-105.56385074400706,,,,0,no-project-stocking-record-found
import-public-confirmed,"Public indicator plus official property, survey, or land-manager context","South Colony Lake, Upper",[Purposely Left Blank],"South Colony Lake, Upper",80298,1139,Custer,Water Body,Coldwater,public-indicated,Public-land/property indicator or official property URL is present,Trout: Cutthroat,Sangre De Cristo Wilderness Area,https://www.fs.usda.gov/activity/psicc/recreation/fishing,"https://www.google.com/search?q=""fishing report""+South Colony Lake, Upper+""Custer County""+Colorado",Difficult,Low,No,No,Unsure,False,,37.968796132177815,-105.57009781624072,,,,0,no-project-stocking-record-found
import-public-confirmed,"Public indicator plus official property, survey, or land-manager context",South Platte River,South Platte River,South Platte River,14681,1803,Jefferson,Stream or River,Mixed coldwater/warmwater,public-indicated,Public-land/property indicator or official property URL is present,Bass: Smallmouth | Trout: Brown | Trout: Cutbow | Trout: Rainbow,Pike National Forest,https://www.fs.usda.gov/activity/psicc/recreation/fishing,"https://www.google.com/search?q=""fishing report""+South Platte River+""Jefferson County""+Colorado",Easy,Medium,Yes,No,None,False,,39.46909659821462,-105.13368221683578,,,,0,no-project-stocking-record-found
import-public-confirmed,Reviewed import override: Distinct Charlie Meyers SWA / Dream Stream access point; verified from Fishing Atlas record 689. The generic South Platte name match is more than 50 miles away and is not a duplicate.,South Platte River,South Platte River,South Platte River,30851,689,Park,Stream or River,Coldwater,public-indicated,Public-land/property indicator or official property URL is present,Salmon: Kokanee | Trout: Brown | Trout: Cutbow | Trout: Rainbow,Charlie Meyers SWA,https://cpw.state.co.us/swa/Charlie%20Meyers%20SWA,https://cpw.state.co.us/thingstodo/Fishery%20Survey%20Summaries/SouthPlatteRiverAtTheDreamStream.pdf,Easy,High,No,No,None,False,,38.96967057322516,-105.58853954810073,,,,0,no-project-stocking-record-found
import-public-confirmed,"Public indicator plus official property, survey, or land-manager context",South Platte River,South Platte River,South Platte River,30837,1393,Park,Stream or River,Coldwater,public-indicated,Public-land/property indicator or official property URL is present,Trout: Brown | Trout: Rainbow,Pike National Forest,https://www.fs.usda.gov/activity/psicc/recreation/fishing,"https://www.google.com/search?q=""fishing report""+South Platte River+""Park County""+Colorado",Easy,Medium,Yes,No,None,False,,39.10180495589663,-105.3367737234434,,,,0,no-project-stocking-record-found
import-public-confirmed,"Public indicator plus official property, survey, or land-manager context",South Platte River,South Platte River,South Platte River,11837,1383,Jefferson,Stream or River,Coldwater,public-indicated,Public-land/property indicator or official property URL is present,Trout: Brown | Trout: Cutbow | Trout: Rainbow,Pike National Forest,https://www.fs.usda.gov/activity/psicc/recreation/fishing,https://cpw.state.co.us/thingstodo/Fishery%20Survey%20Summaries/SouthPlatteRiverAtDeckers.pdf,Medium,High,No,No,None,False,,39.25199696558494,-105.23435756685882,,,,1,no-project-stocking-record-found
import-public-confirmed,"Public indicator plus official property, survey, or land-manager context",South Platte River,South Platte River,South Platte River,11813,1321,Jefferson,Stream or River,Coldwater,public-indicated,Public-land/property indicator or official property URL is present,Trout: Brown | Trout: Rainbow,Chatfield State Park,https://cpw.state.co.us/placestogo/Parks/Chatfield,"https://www.google.com/search?q=""fishing report""+South Platte River+""Jefferson County""+Colorado",Easy,Low,No,No,None,False,,39.51865894141427,-105.0782100137562,,,,0,no-project-stocking-record-found
import-public-confirmed,"Public indicator plus official property, survey, or land-manager context",South Platte River,South Platte River,South Platte River,33819,671,Park,Stream or River,Coldwater,public-indicated,Public-land/property indicator or official property URL is present,Trout: Brown | Trout: Rainbow,Spinney Mountain SWA,https://cpw.state.co.us/swa/Spinney%20Mountain%20SWA,"https://www.google.com/search?q=""fishing report""+South Platte River+""Park County""+Colorado",Medium,Medium,No,No,None,False,,39.00330976983987,-105.71315571280957,,,,0,no-project-stocking-record-found
import-public-confirmed,"Public indicator plus official property, survey, or land-manager context","South Platte River, Middle Fork","South Platte River, Middle Fork","South Platte River, Middle Fork",32641,1439,Park,Stream or River,Coldwater,public-indicated,Public-land/property indicator or official property URL is present,Trout: Brown | Trout: Cutbow | Trout: Rainbow,Badger Basin SWA,https://cpw.state.co.us/swa/Badger%20Basin%20SWA,"https://www.google.com/search?q=""fishing report""+South Platte River, Middle Fork+""Park County""+Colorado",Easy,Low,No,No,None,False,,39.0368187670409,-105.79217717470554,,,,0,no-project-stocking-record-found
import-public-confirmed,"Public indicator plus official property, survey, or land-manager context","South Platte River, Middle Fork","South Platte River, Middle Fork","South Platte River, Middle Fork",31390,667,Park,Stream or River,Coldwater,public-indicated,Public-land/property indicator or official property URL is present,Trout: Brook | Trout: Brown | Trout: Cutbow | Trout: Cutthroat | Trout: Rainbow,Tomahawk SWA,https://cpw.state.co.us/swa/Garo%20SWA,"https://www.google.com/search?q=""fishing report""+South Platte River, Middle Fork+""Park County""+Colorado",Medium,High,No,No,None,False,,39.070799304129636,-105.84166474926005,,,,0,no-project-stocking-record-found
import-public-confirmed,"Public indicator plus official property, survey, or land-manager context","South Platte River, Middle Fork","South Platte River, Middle Fork","South Platte River, Middle Fork",30875,651,Park,Stream or River,Coldwater,public-indicated,Public-land/property indicator or official property URL is present,Trout: Brook | Trout: Brown,Alma SWA,https://cpw.state.co.us/swa/Alma%20SWA,"https://www.google.com/search?q=""fishing report""+South Platte River, Middle Fork+""Park County""+Colorado",Medium,Medium,No,No,None,False,,39.32607339101307,-106.05747682699057,,,,0,no-project-stocking-record-found
import-public-confirmed,"Public indicator plus official property, survey, or land-manager context","South Platte River, North Fork","South Platte River, North Fork","South Platte River, North Fork",11855,1373,Park,Stream or River,Coldwater,public-indicated,Public-land/property indicator or official property URL is present,Trout: Brook | Trout: Brown | Trout: Rainbow,Pike National Forest,https://www.fs.usda.gov/activity/psicc/recreation/fishing,"https://www.google.com/search?q=""fishing report""+South Platte River, North Fork+""Park County""+Colorado",Easy,Low,No,No,None,False,,39.45028837132642,-105.62129514259738,,,,0,no-project-stocking-record-found
import-public-confirmed,"Public indicator plus official property, survey, or land-manager context","South Platte River, North Fork","South Platte River, North Fork","South Platte River, North Fork",10980,1374,Park,Stream or River,Coldwater,public-indicated,Public-land/property indicator or official property URL is present,Trout: Brook,Pike National Forest,https://www.fs.usda.gov/activity/psicc/recreation/fishing,"https://www.google.com/search?q=""fishing report""+South Platte River, North Fork+""Park County""+Colorado",Easy,Low,No,No,None,False,,39.50387520350861,-105.83428901573708,,,,0,no-project-stocking-record-found
import-public-confirmed,"Public indicator plus official property, survey, or land-manager context","South Platte River, South Fork","South Platte River, South Fork","South Platte River, South Fork",30825,616,Park,Stream or River,Coldwater,public-indicated,Public-land/property indicator or official property URL is present,Trout: Brown | Trout: Rainbow,Knight-Imler SWA,https://cpw.state.co.us/swa/Knight-Imler%20SWA,"https://www.google.com/search?q=""fishing report""+South Platte River, South Fork+""Park County""+Colorado",Easy,Medium,No,No,None,False,,39.05984243922555,-105.96934902268521,,,,0,no-project-stocking-record-found
import-public-confirmed,"Public indicator plus official property, survey, or land-manager context","South Platte River, South Fork","South Platte River, South Fork","South Platte River, South Fork",30813,618,Park,Stream or River,Coldwater,public-indicated,Public-land/property indicator or official property URL is present,Trout: Brown | Trout: Rainbow,Badger Basin SWA,https://cpw.state.co.us/swa/Badger%20Basin%20SWA,"https://www.google.com/search?q=""fishing report""+South Platte River, South Fork+""Park County""+Colorado",Easy,Medium,No,No,None,False,,39.02362363900829,-105.81126175625423,,,,1,no-project-stocking-record-found
import-public-confirmed,"Public indicator plus official property, survey, or land-manager context",Sprague Lake,Sprague Lake,Sprague Lake,57491,1328,Larimer,Water Body,Coldwater,public-indicated,Public-land/property indicator or official property URL is present,Trout: Brook | Trout: Cutthroat,Rocky Mountain National Park,https://www.nps.gov/romo/planyourvisit/fishing.htm,"https://www.google.com/search?q=""fishing report""+Sprague Lake+""Larimer County""+Colorado",Easy,Medium,Yes,Yes,None,False,,40.32022994031877,-105.60507629909445,,,,0,no-project-stocking-record-found
import-public-confirmed,"Public indicator plus official property, survey, or land-manager context",Spring Creek,Spring Creek,Spring Creek,43252,1534,Gunnison,Stream or River,Coldwater,public-indicated,Public-land/property indicator or official property URL is present,Trout: Brown | Trout: Cutthroat | Trout: Rainbow,Gunnison National Forest,https://www.fs.usda.gov/activity/gmug/recreation/fishing,"https://www.google.com/search?q=""fishing report""+Spring Creek+""Gunnison County""+Colorado",Medium,Medium,No,No,None,False,,38.75133960661439,-106.76776421185502,,,,0,no-project-stocking-record-found
import-public-confirmed,"Public indicator plus official property, survey, or land-manager context",Spring Creek,Spring Creek,Spring Creek,18831,1407,Jefferson,Stream or River,Coldwater,public-indicated,Public-land/property indicator or official property URL is present,Trout: Brook | Trout: Brown,Pike National Forest,https://www.fs.usda.gov/activity/psicc/recreation/fishing,"https://www.google.com/search?q=""fishing report""+Spring Creek+""Jefferson County""+Colorado",Medium,Low,No,No,None,False,,39.3878795907288,-105.19962950466189,,,,0,no-project-stocking-record-found
import-public-confirmed,"Public indicator plus official property, survey, or land-manager context","Spruce Lake, Upper",[Purposely Left Blank],"Spruce Lake, Upper",93649,1245,Mineral,Water Body,Coldwater,public-indicated,Public-land/property indicator or official property URL is present,Trout: Brook,Weminuche Wilderness Area,https://www.fs.usda.gov/activity/riogrande/recreation/fishing,"https://www.google.com/search?q=""fishing report""+Spruce Lake, Upper+""Mineral County""+Colorado",Difficult,Low,No,No,None,False,,37.512145378679975,-106.86826451706013,,,,0,no-project-stocking-record-found
import-public-confirmed,"Public indicator plus official property, survey, or land-manager context",St Louis Creek,St Louis Creek,St Louis Creek,23494,1572,Grand,Stream or River,Coldwater,public-indicated,Public-land/property indicator or official property URL is present,Trout: Brook,Fraser Experimental Forest - Arapaho National Forest,https://www.fs.usda.gov/activity/arp/recreation/fishing,"https://www.google.com/search?q=""fishing report""+St Louis Creek+""Grand County""+Colorado",Difficult,Low,No,No,None,False,,39.83517427197588,-105.92047461299083,,,,0,no-project-stocking-record-found
import-public-confirmed,"Public indicator plus official property, survey, or land-manager context",St. Marys Lake,St. Marys Lake,St. Marys Lake,56324,519,Clear Creek,Water Body,Coldwater,public-indicated,Public-land/property indicator or official property URL is present,Trout: Brook | Trout: Tiger,Arapaho National Forest,https://www.fs.usda.gov/activity/arp/recreation/fishing,"https://www.google.com/search?q=""fishing report""+St. Marys Lake+""Clear Creek County""+Colorado",Difficult,Low,No,No,Non-motorized,False,,39.83294921362557,-105.64635912088292,,,,0,no-project-stocking-record-found
import-public-confirmed,"Public indicator plus official property, survey, or land-manager context","St. Vrain Creek, North","St. Vrain Creek, North","St. Vrain Creek, North",13285,1484,Boulder,Stream or River,Coldwater,public-indicated,Public-land/property indicator or official property URL is present,Trout: Brook | Trout: Brown | Trout: Cutthroat,Rocky Mountain National Park,https://www.nps.gov/romo/planyourvisit/fishing.htm,"https://www.google.com/search?q=""fishing report""+St. Vrain Creek, North+""Boulder County""+Colorado",Difficult,Unsure,No,No,None,False,,40.20055781931242,-105.58346634936458,,,,0,no-project-stocking-record-found
import-public-confirmed,"Public indicator plus official property, survey, or land-manager context","St. Vrain Creek, North","St. Vrain Creek, North","St. Vrain Creek, North",12182,1483,Boulder,Stream or River,Coldwater,public-indicated,Public-land/property indicator or official property URL is present,Trout: Brook | Trout: Brown | Trout: Cutthroat | Trout: Rainbow,North St. Vrain RNA,https://www.fs.usda.gov/activity/arp/recreation/fishing,"https://www.google.com/search?q=""fishing report""+St. Vrain Creek, North+""Boulder County""+Colorado",Medium,Low,No,No,None,False,,40.21268753949971,-105.44991904965937,,,,0,no-project-stocking-record-found
import-public-confirmed,"Public indicator plus official property, survey, or land-manager context","St. Vrain Creek, South","St. Vrain Creek, South","St. Vrain Creek, South",14782,1423,Boulder,Stream or River,Coldwater,public-indicated,Public-land/property indicator or official property URL is present,Trout: Brook | Trout: Brown | Trout: Rainbow,Indian Peaks Wilderness Area,https://www.fs.usda.gov/activity/arp/recreation/fishing,"https://www.google.com/search?q=""fishing report""+St. Vrain Creek, South+""Boulder County""+Colorado",Medium,Low,Yes,No,None,False,,40.06900545610226,-105.6033054097507,,,,0,no-project-stocking-record-found
import-public-confirmed,"Public indicator plus official property, survey, or land-manager context",St. Vrain State Park Blue Heron,[Purposely Left Blank],St. Vrain State Park Blue Heron,58083,237,Weld,Water Body,Warmwater,public-indicated,Public-land/property indicator or official property URL is present,Bass: Largemouth | Catfish: Channel | Crappie: Unspecified | Perch: Walleye | Perch: Yellow,St. Vrain State Park,https://cpw.state.co.us/placestogo/Parks/stvrain,https://cpw.state.co.us/thingstodo/Fishery%20Survey%20Summaries/StVrainStateParkPonds.pdf,Easy,Medium,Yes,Yes,Electric,False,,40.16480809070276,-104.99417150142261,,,,0,no-project-stocking-record-found
import-public-confirmed,"Public indicator plus official property, survey, or land-manager context",St. Vrain State Park Yellow Legs,[Purposely Left Blank],St. Vrain State Park Yellow Legs,58089,235,Weld,Water Body,Warmwater,public-indicated,Public-land/property indicator or official property URL is present,Catfish: Channel,St. Vrain State Park,https://cpw.state.co.us/placestogo/Parks/stvrain,https://cpw.state.co.us/thingstodo/Fishery%20Survey%20Summaries/StVrainStateParkPonds.pdf,Easy,Low,Yes,Yes,Electric,False,,40.16370293042054,-104.98891415434143,,,,0,no-project-stocking-record-found
import-public-confirmed,"Public indicator plus official property, survey, or land-manager context",Stalker Lake,Stalker Lake,Stalker Lake,56590,189,Yuma,Water Body,Warmwater,public-indicated,Public-land/property indicator or official property URL is present,Bass: Largemouth | Catfish: Channel | Catfish: Yellow Bullhead | Sunfish: Bluegill | Sunfish: Green | Sunfish: Redear,Stalker Lake SWA,https://cpw.state.co.us/swa/Stalker%20Lake%20SWA,https://cpw.state.co.us/thingstodo/Fishery%20Survey%20Summaries/StalkerLake.pdf,Easy,High,Yes,Yes,Electric,False,,40.08505071439926,-102.27677644648334,,,,0,no-project-stocking-record-found
import-public-confirmed,"Public indicator plus official property, survey, or land-manager context",Stearns Reservoir,Stearns Reservoir,Stearns Reservoir,60917,374,Boulder,Water Body,Warmwater,public-indicated,Public-land/property indicator or official property URL is present,Bass: Largemouth | Catfish: Channel | Crappie: Black | Sunfish: Bluegill,Rock Creek Farm,https://www.bouldercounty.org/open-space/parks-and-trails/carolyn-holmberg-preserve-rock-creek-farm/,"https://www.google.com/search?q=""fishing report""+Stearns Reservoir+""Boulder County""+Colorado",Medium,Medium,No,No,None,False,,39.947340317315636,-105.10534054838656,,,,0,no-project-stocking-record-found
import-public-confirmed,"Public indicator plus official property, survey, or land-manager context",Sterling Pond,Sterling Pond,Sterling Pond,57788,12,Larimer,Water Body,Warmwater,public-indicated,Public-land/property indicator or official property URL is present,Crappie: Black | Perch: Yellow | Sunfish: Green,North Shields Ponds Natural Area,https://www.fcgov.com/naturalareas/finder/nshieldspond,"https://www.google.com/search?q=""fishing report""+Sterling Pond+""Larimer County""+Colorado",Medium,Medium,Yes,No,Non-motorized,False,,40.60851418696467,-105.10213368139988,,,,0,no-project-stocking-record-found
import-public-confirmed,"Public indicator plus official property, survey, or land-manager context",Sterns Park Pond,Sterns Park Pond,Sterne Park Pond,57148,501,Arapahoe,Water Body,Warmwater,public-indicated,Public-land/property indicator or official property URL is present,Carp: Common | Sunfish: Green,Sterne Park,https://sspr.maps.arcgis.com/apps/webappviewer/index.html?id=27fb075d4a6346d598dc29b553c3c288&find=Sterne%20Park,"https://www.google.com/search?q=""fishing report""+Sterne Park Pond+""Arapahoe County""+Colorado",Easy,Low,No,No,None,False,,39.610547230819215,-105.01175770565378,,,,0,no-project-stocking-record-found
import-public-confirmed,"Public indicator plus official property, survey, or land-manager context",Stewart Lake,Stewart Lake,Stewart Lake,56615,239,Clear Creek,Water Body,Coldwater,public-indicated,Public-land/property indicator or official property URL is present,Trout: Brook,Arapaho National Forest,https://www.fs.usda.gov/activity/arp/recreation/fishing,"https://www.google.com/search?q=""fishing report""+Stewart Lake+""Clear Creek County""+Colorado",Difficult,Low,No,No,Non-motorized,False,,39.83959340830594,-105.681451909865,,,,0,no-project-stocking-record-found
import-public-confirmed,"Public indicator plus official property, survey, or land-manager context",Stoner Creek,Stoner Creek,Stoner Creek,43416,1530,Montezuma,Stream or River,Coldwater,public-indicated,Public-land/property indicator or official property URL is present,Trout: Cutthroat,San Juan National Forest,https://www.fs.usda.gov/activity/sanjuan/recreation/fishing,"https://www.google.com/search?q=""fishing report""+Stoner Creek+""Montezuma County""+Colorado",Difficult,Low,No,No,None,False,,37.62025707549701,-108.27435080962748,,,,0,no-project-stocking-record-found
import-public-confirmed,"Public indicator plus official property, survey, or land-manager context",Storm Lake,Storm Lake,Storm Lake,56627,244,Boulder,Water Body,Coldwater,public-indicated,Public-land/property indicator or official property URL is present,Trout: Cutthroat,Indian Peaks Wilderness Area,https://www.fs.usda.gov/activity/arp/recreation/fishing,"https://www.google.com/search?q=""fishing report""+Storm Lake+""Boulder County""+Colorado",Difficult,Low,No,No,Non-motorized,False,,39.982926396672646,-105.67183512225331,,,,0,no-project-stocking-record-found
import-public-confirmed,"Public indicator plus official property, survey, or land-manager context",Stout Creek Lake #3,[Purposely Left Blank],Stout Creek Lake #3,83129,529,Fremont,Water Body,Coldwater,public-indicated,Public-land/property indicator or official property URL is present,Trout: Cutthroat,Sangre De Cristo Wilderness Area,https://www.fs.usda.gov/activity/psicc/recreation/fishing,"https://www.google.com/search?q=""fishing report""+Stout Creek Lake #3+""Fremont County""+Colorado",Difficult,Low,No,No,None,False,,38.356217027069036,-105.88341875088973,,,,0,no-project-stocking-record-found
import-public-confirmed,"Public indicator plus official property, survey, or land-manager context",Stout Creek Lake Upper,[Purposely Left Blank],Stout Creek Lake Upper,81264,264,Fremont,Water Body,Coldwater,public-indicated,Public-land/property indicator or official property URL is present,Trout: Cutthroat,Sangre De Cristo Wilderness Area,https://www.fs.usda.gov/activity/psicc/recreation/fishing,"https://www.google.com/search?q=""fishing report""+Stout Creek Lake Upper+""Fremont County""+Colorado",Difficult,Low,No,No,None,False,,38.35050663178498,-105.89144865916212,,,,0,no-project-stocking-record-found
import-public-confirmed,"Public indicator plus official property, survey, or land-manager context",Stout Creek Lakes,Stout Creek Lakes,Stout Creek Lake Lower,81252,470,Fremont,Water Body,Coldwater,public-indicated,Public-land/property indicator or official property URL is present,Trout: Cutthroat,Sangre De Cristo Wilderness Area,https://www.fs.usda.gov/activity/psicc/recreation/fishing,"https://www.google.com/search?q=""fishing report""+Stout Creek Lake Lower+""Fremont County""+Colorado",Difficult,Low,No,No,None,False,,38.35315606118077,-105.88947309137582,,,,0,no-project-stocking-record-found
import-public-confirmed,"Public indicator plus official property, survey, or land-manager context",Strontia Springs Reservoir,Strontia Springs Reservoir,Strontia Springs Reservoir,58443,180,Douglas,Water Body,Mixed coldwater/warmwater,public-indicated,Public-land/property indicator or official property URL is present,Perch: Yellow | Trout: Brown | Trout: Rainbow,Strontia Springs Reservoir,https://www.denverwater.org/recreation/waterton-canyon-strontia-springs-resevoir,"https://www.google.com/search?q=""fishing report""+Strontia Springs Reservoir+""Douglas County""+Colorado",Medium,Low,No,No,None,False,,39.426588758761824,-105.13460735401766,,,,0,no-project-stocking-record-found
import-public-confirmed,"Public indicator plus official property, survey, or land-manager context",Summit Lake,Summit Lake,Summit Lake,56641,566,Clear Creek,Water Body,Coldwater,public-indicated,Public-land/property indicator or official property URL is present,Trout: Cutthroat,Summit Lake Park,https://www.denvergov.org/content/denvergov/en/denver-parks-and-recreation/parks/mountain-parks.html,"https://www.google.com/search?q=""fishing report""+Summit Lake+""Clear Creek County""+Colorado",Easy,Medium,Yes,No,None,False,,39.597887070628076,-105.6450387636036,,,,0,no-project-stocking-record-found
import-public-confirmed,"Public indicator plus official property, survey, or land-manager context","Surface Creek, West Fork","Surface Creek, West Fork","Surface Creek, West Fork",38560,1561,Delta,Stream or River,Coldwater,public-indicated,Public-land/property indicator or official property URL is present,Trout: Rainbow,Grand Mesa National Forest,https://www.fs.usda.gov/activity/gmug/recreation/fishing,"https://www.google.com/search?q=""fishing report""+Surface Creek, West Fork+""Delta County""+Colorado",Medium,Low,No,No,None,False,,39.03470480646305,-107.85659780996312,,,,0,no-project-stocking-record-found
import-public-confirmed,"Public indicator plus official property, survey, or land-manager context",Sweetwater Creek,Sweetwater Creek,Sweetwater Creek,23507,1551,Garfield,Stream or River,Coldwater,public-indicated,Public-land/property indicator or official property URL is present,Trout: Brook | Trout: Brown | Trout: Cutthroat,White River National Forest,https://www.fs.usda.gov/activity/whiteriver/recreation/fishing,"https://www.google.com/search?q=""fishing report""+Sweetwater Creek+""Garfield County""+Colorado",Medium,Medium,No,No,None,False,,39.831796270999604,-107.2324318772512,,,,0,no-project-stocking-record-found
import-public-confirmed,"Public indicator plus official property, survey, or land-manager context",Sweitzer Lake,Sweitzer Lake,Sweitzer Lake,89501,1354,Delta,Water Body,Warmwater,public-indicated,Public-land/property indicator or official property URL is present,Carp: Common | Sunfish: Green,Sweitzer Lake State Park,https://cpw.state.co.us/placestogo/Parks/sweitzerlake,"https://www.google.com/search?q=""fishing report""+Sweitzer Lake+""Delta County""+Colorado",Easy,Medium,Yes,No,Motor boats,False,,38.712531802676104,-108.03295587412691,,,,0,no-project-stocking-record-found
import-public-confirmed,"Public indicator plus official property, survey, or land-manager context",Taylor River,Taylor River,Taylor River,43531,621,Gunnison,Stream or River,Coldwater,public-indicated,Public-land/property indicator or official property URL is present,Trout: Brown | Trout: Cutthroat | Trout: Rainbow,Gunnison National Forest,https://www.fs.usda.gov/activity/gmug/recreation/fishing/?recid=32366&actid=43,https://cpw.state.co.us/thingstodo/Fishery%20Survey%20Summaries/TaylorRiverbelowTaylorParkRes.pdf,Easy,High,No,No,Non-motorized,False,,38.814038155707145,-106.61268683073354,,,,0,no-project-stocking-record-found
import-public-confirmed,"Public indicator plus official property, survey, or land-manager context",Teller Lake,Teller Lake,Teller Lake,60993,376,Boulder,Water Body,Warmwater,public-indicated,Public-land/property indicator or official property URL is present,Bass: Largemouth | Carp: Common | Catfish: Black Bullhead | Catfish: Channel | Sunfish: Bluegill,Teller Farm - Open Space,https://bouldercolorado.gov/services/fishing-osmp,"https://www.google.com/search?q=""fishing report""+Teller Lake+""Boulder County""+Colorado",Easy,Low,Yes,No,None,False,,40.02063046085199,-105.1512076464447,,,,0,no-project-stocking-record-found
import-public-confirmed,"Public indicator plus official property, survey, or land-manager context",Teller Lake #5,Teller Lake #5,Teller Lake #5,60999,413,Boulder,Water Body,Warmwater,public-indicated,Public-land/property indicator or official property URL is present,Bass: Largemouth | Carp: Common | Catfish: Channel | Sunfish: Bluegill | Sunfish: Green,Teller Farm - Open Space,https://bouldercolorado.gov/services/fishing-osmp,"https://www.google.com/search?q=""fishing report""+Teller Lake #5+""Boulder County""+Colorado",Easy,Low,No,No,None,False,,40.03817607232818,-105.13885414401491,,,,0,no-project-stocking-record-found
import-public-confirmed,"Public indicator plus official property, survey, or land-manager context","Tennessee Creek, West","Tennessee Creek, West","Tennessee Creek, West",31055,1499,Lake,Stream or River,Coldwater,public-indicated,Public-land/property indicator or official property URL is present,Trout: Brook,San Isabel National Forest,https://www.fs.usda.gov/activity/psicc/recreation/fishing,"https://www.google.com/search?q=""fishing report""+Tennessee Creek, West+""Lake County""+Colorado",Difficult,Low,No,No,None,False,,39.351614969461245,-106.38117081034625,,,,0,no-project-stocking-record-found
import-public-confirmed,"Public indicator plus official property, survey, or land-manager context",Texas Creek,Texas Creek,Texas Creek,43618,1533,Gunnison,Stream or River,Coldwater,public-indicated,Public-land/property indicator or official property URL is present,Trout: Brook | Trout: Brown | Trout: Cutthroat,Gunnison National Forest,https://www.fs.usda.gov/activity/gmug/recreation/fishing,"https://www.google.com/search?q=""fishing report""+Texas Creek+""Gunnison County""+Colorado",Medium,Medium,No,No,None,False,,38.86099660638105,-106.50375407858397,,,,0,no-project-stocking-record-found
import-public-confirmed,"Public indicator plus official property, survey, or land-manager context",The Trails Pond,The Trails Pond,The Trails Pond,52305,1638,Broomfield,Water Body,Warmwater,public-indicated,Public-land/property indicator or official property URL is present,Bass: Largemouth | Sunfish: Bluegill,The Trails at West Lake,https://www.broomfield.org/1062/Fishing-in-Broomfield,"https://www.google.com/search?q=""fishing report""+The Trails Pond+""Broomfield County""+Colorado",Easy,Medium,No,No,None,False,,39.936974873654115,-105.02992241414813,,,,0,no-project-stocking-record-found
import-public-confirmed,"Public indicator plus official property, survey, or land-manager context","Thompson River, Big North Fork","Thompson River, Big North Fork","Thompson River, Big North Fork",12384,604,Larimer,Stream or River,Coldwater,public-indicated,Public-land/property indicator or official property URL is present,Trout: Brook | Trout: Brown | Trout: Cutthroat | Trout: Rainbow,North Fork SWA,https://cpw.state.co.us/swa/North%20Fork%20SWA,"https://www.google.com/search?q=""fishing report""+Thompson River, Big North Fork+""Larimer County""+Colorado",Medium,Low,Yes,No,None,False,,40.43738435707695,-105.35058998409139,,,,0,no-project-stocking-record-found
import-public-confirmed,"Public indicator plus official property, survey, or land-manager context",Thornton Recreation Center Lake,Thornton Recreation Center Lake,Thornton Recreation Center Lake,52832,1702,Adams,Water Body,Warmwater,public-indicated,Public-land/property indicator or official property URL is present,Bass: Largemouth | Catfish: Channel | Sunfish: Bluegill,Thornton Recreation Center,https://www.thorntonco.gov/recreation/facilities/Pages/thornton-community-center.aspx,"https://www.google.com/search?q=""fishing report""+Thornton Recreation Center Lake+""Adams County""+Colorado",Easy,Low,Yes,No,None,False,,39.896844201354725,-104.94732438630523,,,,0,no-project-stocking-record-found
import-public-confirmed,"Public indicator plus official property, survey, or land-manager context",Threemile Creek,Threemile Creek,Threemile Creek,13970,1381,Park,Stream or River,Coldwater,public-indicated,Public-land/property indicator or official property URL is present,Trout: Brook | Trout: Brown,Mount Evans Wilderness Area,https://www.fs.usda.gov/activity/psicc/recreation/fishing,"https://www.google.com/search?q=""fishing report""+Threemile Creek+""Park County""+Colorado",Medium,Low,No,No,None,False,,39.50491501337913,-105.68275762280857,,,,0,no-project-stocking-record-found
import-public-confirmed,"Public indicator plus official property, survey, or land-manager context",Timberline Lake,Timberline Lake,Timberline Lake,81341,1043,Lake,Water Body,Coldwater,public-indicated,Public-land/property indicator or official property URL is present,Trout: Cutthroat,Holy Cross Wilderness Area,https://www.fs.usda.gov/activity/psicc/recreation/fishing,"https://www.google.com/search?q=""fishing report""+Timberline Lake+""Lake County""+Colorado",Difficult,Low,No,No,None,False,,39.29804600705118,-106.4758788127353,,,,0,no-project-stocking-record-found
import-public-confirmed,"Public indicator plus official property, survey, or land-manager context",Tomichi Creek,Tomichi Creek,Tomichi Creek,43632,1607,Gunnison,Stream or River,Coldwater,public-indicated,Public-land/property indicator or official property URL is present,Trout: Brown | Trout: Rainbow,Tomichi Creek SWA,https://cpw.state.co.us/swa/Tomichi%20Creek%20SWA,"https://www.google.com/search?q=""fishing report""+Tomichi Creek+""Gunnison County""+Colorado",Medium,Low,No,No,Non-motorized,False,,38.53931007364655,-106.87942767717833,,,,0,no-project-stocking-record-found
import-public-confirmed,"Public indicator plus official property, survey, or land-manager context",Tommy Davis Park Pond,Tommy Davis Park Pond,Tommy Davis Park Pond,COFA11,1714,Arapahoe,Water Body,Mixed coldwater/warmwater,public-indicated,Public-land/property indicator or official property URL is present,Bass: Largemouth | Carp: Common | Catfish: Channel | Sunfish: Bluegill | Trout: Rainbow,Tommy Davis Park,https://www.greenwoodvillage.com/index.aspx?NID=350,"https://www.google.com/search?q=""fishing report""+Tommy Davis Park Pond+""Arapahoe County""+Colorado",Easy,Medium,No,No,None,False,,39.6088527154637,-104.88210161850186,,,,0,no-project-stocking-record-found
import-public-confirmed,"Public indicator plus official property, survey, or land-manager context",Trail Creek,Trail Creek,Trail Creek,22424,1589,Routt,Stream or River,Coldwater,public-indicated,Public-land/property indicator or official property URL is present,Trout: Brook,Routt National Forest,https://www.fs.usda.gov/activity/mbr/recreation/fishing,"https://www.google.com/search?q=""fishing report""+Trail Creek+""Routt County""+Colorado",Difficult,Low,No,No,None,False,,40.83069940324338,-106.7803076118477,,,,0,no-project-stocking-record-found
import-public-confirmed,"Public indicator plus official property, survey, or land-manager context",Trappers Lake,Trappers Lake,Trappers Lake,70552,194,Garfield,Water Body,Coldwater,public-indicated,Public-land/property indicator or official property URL is present,Trout: Brook | Trout: Cutthroat,Flat Tops Wilderness Area,https://www.fs.usda.gov/activity/whiteriver/recreation/fishing,"https://www.google.com/search?q=""fishing report""+Trappers Lake+""Garfield County""+Colorado",Medium,Medium,Yes,No,Non-motorized,False,,39.98575493186988,-107.23106777650911,,,,0,no-project-stocking-record-found
import-public-confirmed,"Public indicator plus official property, survey, or land-manager context",Trio Reservoir,Trio Reservoir,Trio Reservoir,94108,735,Delta,Water Body,Coldwater,public-indicated,Public-land/property indicator or official property URL is present,Trout: Brook | Trout: Cutthroat,Grand Mesa National Forest,https://www.fs.usda.gov/activity/gmug/recreation/fishing,"https://www.google.com/search?q=""fishing report""+Trio Reservoir+""Delta County""+Colorado",Medium,Low,No,Yes,Non-motorized,False,,39.047428639171734,-107.8325267503409,,,,0,no-project-stocking-record-found
import-public-confirmed,"Public indicator plus official property, survey, or land-manager context","Troublesome Creek, East Fork","Troublesome Creek, East Fork","Troublesome Creek, East Fork",22450,1568,Grand,Stream or River,Coldwater,public-indicated,Public-land/property indicator or official property URL is present,Trout: Brook | Trout: Brown,Routt National Forest,https://www.fs.usda.gov/activity/mbr/recreation/fishing,"https://www.google.com/search?q=""fishing report""+Troublesome Creek, East Fork+""Grand County""+Colorado",Difficult,Low,No,No,None,False,,40.19009600417952,-106.22466381255235,,,,0,no-project-stocking-record-found
import-public-confirmed,"Public indicator plus official property, survey, or land-manager context",Trout Creek,Trout Creek,Trout Creek,23557,1592,Rio Blanco,Stream or River,Coldwater,public-indicated,Public-land/property indicator or official property URL is present,Trout: Brook | Trout: Cutthroat | Trout: Rainbow,Flat Tops Wilderness Area,https://www.fs.usda.gov/activity/mbr/recreation/fishing,"https://www.google.com/search?q=""fishing report""+Trout Creek+""Rio Blanco County""+Colorado",Difficult,Low,No,No,None,False,,40.130204604231324,-107.13483107686505,,,,0,no-project-stocking-record-found
import-public-confirmed,"Public indicator plus official property, survey, or land-manager context",Trout Creek,Trout Creek,Trout Creek,12435,1362,Douglas,Stream or River,Coldwater,public-indicated,Public-land/property indicator or official property URL is present,Trout: Brook | Trout: Brown,Pike National Forest,https://www.fs.usda.gov/activity/psicc/recreation/fishing,"https://www.google.com/search?q=""fishing report""+Trout Creek+""Douglas County""+Colorado",Easy,Low,No,No,None,False,,39.219561640581,-105.17397765987128,,,,0,no-project-stocking-record-found
import-public-confirmed,"Public indicator plus official property, survey, or land-manager context",Trout Creek,Trout Creek,Trout Creek,23545,1587,Rio Blanco,Stream or River,Coldwater,public-indicated,Public-land/property indicator or official property URL is present,Trout: Brook | Trout: Cutthroat,Routt National Forest,https://www.fs.usda.gov/activity/mbr/recreation/fishing,"https://www.google.com/search?q=""fishing report""+Trout Creek+""Rio Blanco County""+Colorado",Difficult,Low,No,No,None,False,,40.207185004509704,-107.09917447826122,,,,0,no-project-stocking-record-found
import-public-confirmed,"Public indicator plus official property, survey, or land-manager context",Troutman Park Pond,[Purposely Left Blank],Troutman Park Pond,61325,1683,Larimer,Water Body,Warmwater,public-indicated,Public-land/property indicator or official property URL is present,Bass: Largemouth | Perch: Yellow | Sunfish: Bluegill | Sunfish: Green,Troutman Park,https://www.fcgov.com/parks/,"https://www.google.com/search?q=""fishing report""+Troutman Park Pond+""Larimer County""+Colorado",Easy,Medium,Yes,No,None,False,,40.53031424652367,-105.08594802076524,,,,1,no-project-stocking-record-found
import-public-confirmed,"Public indicator plus official property, survey, or land-manager context","Twin Crater Lake, Upper",[Purposely Left Blank],"Twin Crater Lake, Upper",56742,1105,Larimer,Water Body,Coldwater,public-indicated,Public-land/property indicator or official property URL is present,Trout: Cutthroat,Rawah Wilderness Area,https://www.fs.usda.gov/activity/arp/recreation/fishing,"https://www.google.com/search?q=""fishing report""+Twin Crater Lake, Upper+""Larimer County""+Colorado",Difficult,Low,No,No,Belly boats,False,,40.64559227189145,-105.94059099408494,,,,0,no-project-stocking-record-found
import-public-confirmed,"Public indicator plus official property, survey, or land-manager context",Twin Lakes Upper,[Purposely Left Blank],Twin Lakes Upper,80034,84,Lake,Water Body,Coldwater,public-indicated,Public-land/property indicator or official property URL is present,Trout: Brown | Trout: Cutbow | Trout: Lake | Trout: Rainbow | Trout: Snake River Cutthroat,San Isabel National Forest,https://www.fs.usda.gov/activity/psicc/recreation/fishing,https://cpw.state.co.us/thingstodo/Fishery%20Survey%20Summaries/TwinLakesReservoirs.pdf,Easy,Medium,Yes,Yes,Motor boats,False,,39.07847721862704,-106.36886440658677,,,,0,no-project-stocking-record-found
import-public-confirmed,"Public indicator plus official property, survey, or land-manager context",Two Ledge Reservoir,Two Ledge Reservoir,Two Ledge Reservoir,56829,1300,Jackson,Water Body,Coldwater,public-indicated,Public-land/property indicator or official property URL is present,Trout: Cutthroat,Routt National Forest,https://www.fs.usda.gov/activity/mbr/recreation/fishing,"https://www.google.com/search?q=""fishing report""+Two Ledge Reservoir+""Jackson County""+Colorado",Difficult,Low,No,No,Non-motorized,False,,40.41998081880715,-106.34103042102033,,,,0,no-project-stocking-record-found
import-public-confirmed,"Public indicator plus official property, survey, or land-manager context",Uncompahgre River,Uncompahgre River,Uncompahgre River,46917,1794,Montrose,Stream or River,Coldwater,public-indicated,Public-land/property indicator or official property URL is present,Trout: Brown | Trout: Rainbow,Baldridge Park,https://www.cityofmontrose.org/266/Parks-Trails-Sports-Facilities,"https://www.google.com/search?q=""fishing report""+Uncompahgre River+""Montrose County""+Colorado",Easy,Medium,Yes,No,None,False,,38.46333287322133,-107.88031587659445,,,,0,no-project-stocking-record-found
import-public-confirmed,"Public indicator plus official property, survey, or land-manager context",Union Square Ponds,Union Square Ponds,Union Square Ponds,58316,186,Jefferson,Water Body,Warmwater,public-indicated,Public-land/property indicator or official property URL is present,Sunfish: Bluegill,Union Square Park,https://www.lakewood.org/Government/Departments/Community-Resources/Parks-Forestry-and-Open-Space/A-to-Z-Park-Listing/Union-Square-Park,"https://www.google.com/search?q=""fishing report""+Union Square Ponds+""Jefferson County""+Colorado",Easy,Low,No,No,None,False,,39.71772896055343,-105.13614123634844,,,,0,no-project-stocking-record-found
import-public-confirmed,"Public indicator plus official property, survey, or land-manager context","Ute Lake, Lower Twin (#2)",[Purposely Left Blank],"Ute Lake, Lower Twin (#2)",92837,897,Hinsdale,Water Body,Coldwater,public-indicated,Public-land/property indicator or official property URL is present,Trout: Cutthroat,Weminuche Wilderness Area,https://www.fs.usda.gov/activity/riogrande/recreation/fishing,"https://www.google.com/search?q=""fishing report""+Ute Lake, Lower Twin (#2)+""Hinsdale County""+Colorado",Difficult,Low,No,No,None,False,,37.640227100540876,-107.4566462041596,,,,0,no-project-stocking-record-found
import-public-confirmed,"Public indicator plus official property, survey, or land-manager context",Valco Pond #1,[Purposely Left Blank],Valco Pond #1,81410,1357,Pueblo,Water Body,Warmwater,public-indicated,Public-land/property indicator or official property URL is present,Bass: Largemouth | Bass: Smallmouth | Catfish: Channel | Crappie: Black | Perch: Saugeye | Perch: Walleye | Perch: Yellow | Sunfish: Bluegill | Sunfish: Green,Lake Pueblo State Park,https://cpw.state.co.us/placestogo/Parks/lakepueblo,"https://www.google.com/search?q=""fishing report""+Valco Pond #1+""Pueblo County""+Colorado",Medium,Medium,No,No,Belly boats,False,,38.26022885202353,-104.69686354156623,,,,0,no-project-stocking-record-found
import-public-confirmed,"Public indicator plus official property, survey, or land-manager context",Valco Ponds,Valco Ponds,Valco Pond #2,81412,1356,Pueblo,Water Body,Warmwater,public-indicated,Public-land/property indicator or official property URL is present,Bass: Largemouth | Bass: Smallmouth | Catfish: Black Bullhead | Catfish: Channel | Crappie: Black | Perch: Saugeye | Perch: Walleye | Perch: Yellow | Sunfish: Bluegill | Sunfish: Green,Lake Pueblo State Park,https://cpw.state.co.us/placestogo/Parks/lakepueblo,"https://www.google.com/search?q=""fishing report""+Valco Pond #2+""Pueblo County""+Colorado",Medium,Medium,No,No,Belly boats,False,,38.259508265225094,-104.70192329072592,,,,0,no-project-stocking-record-found
import-public-confirmed,"Public indicator plus official property, survey, or land-manager context",Valente Open Space North Pond,[Purposely Left Blank],Valente Open Space North Pond ,57537,1722,Adams,Water Body,Warmwater,public-indicated,Public-land/property indicator or official property URL is present,Bass: Largemouth | Carp: Common | Perch: Yellow | Sunfish: Bluegill,Elaine T. Valente Open Space,https://www.adcogov.org/openspace,"https://www.google.com/search?q=""fishing report""+Valente Open Space North Pond +""Adams County""+Colorado",Easy,Low,Yes,No,None,False,,39.89132447843325,-104.90472243882772,,,,0,no-project-stocking-record-found
import-public-confirmed,"Public indicator plus official property, survey, or land-manager context",Valente Open Space Ponds,Valente Open Space Ponds ,Valente Open Space East Pond ,57538,1721,Adams,Water Body,Warmwater,public-indicated,Public-land/property indicator or official property URL is present,Bass: Largemouth | Crappie: Black | Sunfish: Bluegill | Sunfish: Green,Elaine T. Valente Open Space,https://www.adcogov.org/openspace,"https://www.google.com/search?q=""fishing report""+Valente Open Space East Pond +""Adams County""+Colorado",Easy,Medium,Yes,No,None,False,,39.88655033861171,-104.90609930642661,,,,0,no-project-stocking-record-found
import-public-confirmed,"Public indicator plus official property, survey, or land-manager context",Valente Open Space West Pond,[Purposely Left Blank],Valente Open Space West Pond,57536,1723,Adams,Water Body,Warmwater,public-indicated,Public-land/property indicator or official property URL is present,Bass: Largemouth | Carp: Common | Sunfish: Bluegill,Elaine T. Valente Open Space,https://www.adcogov.org/openspace,"https://www.google.com/search?q=""fishing report""+Valente Open Space West Pond+""Adams County""+Colorado",Easy,Medium,Yes,No,None,False,,39.88735850047325,-104.90951154445693,,,,0,no-project-stocking-record-found
import-public-confirmed,"Public indicator plus official property, survey, or land-manager context",Vance Creek,Vance Creek,Vance Creek,12548,1390,Clear Creek,Stream or River,Coldwater,public-indicated,Public-land/property indicator or official property URL is present,Trout: Brook,Mount Evans Wilderness Area,https://www.fs.usda.gov/activity/arp/recreation/fishing,"https://www.google.com/search?q=""fishing report""+Vance Creek+""Clear Creek County""+Colorado",Difficult,Low,No,No,None,False,,39.648317362783416,-105.55795679232507,,,,0,no-project-stocking-record-found
import-public-confirmed,"Public indicator plus official property, survey, or land-manager context",Vanderbuilt Pond,Vanderbuilt Pond,Vanderbuilt Pond,58037,113,Denver,Water Body,Warmwater,public-indicated,Public-land/property indicator or official property URL is present,Sunfish: Green,Vanderbilt Park,https://www.denvergov.org/content/denvergov/en/denver-parks-and-recreation/parks/city-parks.html,"https://www.google.com/search?q=""fishing report""+Vanderbuilt Pond+""Denver County""+Colorado",Easy,Low,No,No,None,False,,39.69914654588576,-104.99501608307968,,,,0,no-project-stocking-record-found
import-public-confirmed,"Public indicator plus official property, survey, or land-manager context",Vaughn Lake,Vaughn Lake,Vaughn Lake,70689,240,Rio Blanco,Water Body,Coldwater,public-indicated,Public-land/property indicator or official property URL is present,Trout: Cutthroat,Routt National Forest,https://www.fs.usda.gov/activity/mbr/recreation/fishing,"https://www.google.com/search?q=""fishing report""+Vaughn Lake+""Rio Blanco County""+Colorado",Easy,Medium,Yes,Yes,Non-motorized,False,,40.1302354534388,-107.26036779734784,,,,0,no-project-stocking-record-found
import-public-confirmed,"Public indicator plus official property, survey, or land-manager context","Venable Lake, Upper",[Purposely Left Blank],"Venable Lake, Upper",81404,1149,Custer,Water Body,Coldwater,public-indicated,Public-land/property indicator or official property URL is present,Trout: Cutthroat,Sangre De Cristo Wilderness Area,https://www.fs.usda.gov/activity/psicc/recreation/fishing,"https://www.google.com/search?q=""fishing report""+Venable Lake, Upper+""Custer County""+Colorado",Easy,Medium,No,No,Unsure,False,,38.06707959719497,-105.62033559634686,,,,0,no-project-stocking-record-found
import-public-confirmed,"Public indicator plus official property, survey, or land-manager context",Venable Lakes,Venable Lakes,"Venable Lake, Lower",81391,950,Custer,Water Body,Coldwater,public-indicated,Public-land/property indicator or official property URL is present,Trout: Cutthroat,Sangre De Cristo Wilderness Area,https://www.fs.usda.gov/activity/psicc/recreation/fishing,"https://www.google.com/search?q=""fishing report""+Venable Lake, Lower+""Custer County""+Colorado",Difficult,Low,No,No,Unsure,False,,38.066556908292924,-105.61769817501204,,,,0,no-project-stocking-record-found
import-public-confirmed,"Public indicator plus official property, survey, or land-manager context",Virginia Lake,Virginia Lake,Virginia Lake,81416,1177,Lake,Water Body,Coldwater,public-indicated,Public-land/property indicator or official property URL is present,Trout: Cutthroat,San Isabel National Forest,https://www.fs.usda.gov/activity/psicc/recreation/fishing,"https://www.google.com/search?q=""fishing report""+Virginia Lake+""Lake County""+Colorado",Difficult,Low,No,No,None,False,,39.27858384945407,-106.48776074904829,,,,0,no-project-stocking-record-found
import-public-confirmed,"Public indicator plus official property, survey, or land-manager context",Walden Pond - Bass Pond,[Purposely Left Blank],Walden Pond - Bass Pond,61274,297,Boulder,Water Body,Warmwater,public-indicated,Public-land/property indicator or official property URL is present,Bass: Largemouth | Carp: Common | Catfish: Black Bullhead | Catfish: Channel | Crappie: Unspecified | Perch: Yellow | Sunfish: Bluegill,Walden Ponds Wildlife Habitat,https://www.bouldercounty.org/open-space/parks-and-trails/walden-ponds-wildlife-habitat/,"https://www.google.com/search?q=""fishing report""+Walden Pond - Bass Pond+""Boulder County""+Colorado",Easy,Medium,Yes,No,None,False,,40.04541678312686,-105.18954339582328,,,,0,no-project-stocking-record-found
import-public-confirmed,"Public indicator plus official property, survey, or land-manager context",Walden Pond - Duck Pond,[Purposely Left Blank],Walden Pond - Duck Pond,61010,301,Boulder,Water Body,Warmwater,public-indicated,Public-land/property indicator or official property URL is present,Bass: Largemouth | Carp: Common | Catfish: Black Bullhead | Catfish: Channel | Crappie: Unspecified | Perch: Yellow | Sunfish: Bluegill | Sunfish: Pumpkinseed,Walden Ponds Wildlife Habitat,https://www.bouldercounty.org/open-space/parks-and-trails/walden-ponds-wildlife-habitat/,"https://www.google.com/search?q=""fishing report""+Walden Pond - Duck Pond+""Boulder County""+Colorado",Easy,Low,No,No,None,False,,40.042982965060304,-105.18703688238155,,,,0,no-project-stocking-record-found
import-public-confirmed,"Public indicator plus official property, survey, or land-manager context",Walden Pond - Ricky Weiser Wetland,[Purposely Left Blank],Walden Pond - Ricky Weiser Wetland,61286,296,Boulder,Water Body,Mixed coldwater/warmwater,public-indicated,Public-land/property indicator or official property URL is present,Bass: Largemouth | Bass: Wiper | Carp: Common | Catfish: Black Bullhead | Catfish: Channel | Crappie: Unspecified | Perch: Walleye | Perch: Yellow | Sunfish: Bluegill | Sunfish: Pumpkinseed | Trout: Rainbow,Walden Ponds Wildlife Habitat,https://www.bouldercounty.org/open-space/parks-and-trails/walden-ponds-wildlife-habitat/,"https://www.google.com/search?q=""fishing report""+Walden Pond - Ricky Weiser Wetland+""Boulder County""+Colorado",Easy,Medium,No,No,None,False,,40.04464728499825,-105.19117399796407,,,,0,no-project-stocking-record-found
import-public-confirmed,"Public indicator plus official property, survey, or land-manager context",Walden Pond - Wally Toevs Pond (aka Picnic Pond),Walden Pond - Wally Toevs Pond (aka Picnic Pond),Walden Pond - Wally Toevs Pond (aka Picnic Pond),57821,300,Boulder,Water Body,Mixed coldwater/warmwater,public-indicated,Public-land/property indicator or official property URL is present,Bass: Largemouth | Carp: Common | Catfish: Black Bullhead | Catfish: Channel | Crappie: Unspecified | Perch: Yellow | Sunfish: Bluegill | Sunfish: Pumpkinseed | Trout: Rainbow,Walden Ponds Wildlife Habitat,https://www.bouldercounty.org/open-space/parks-and-trails/walden-ponds-wildlife-habitat/,"https://www.google.com/search?q=""fishing report""+Walden Pond - Wally Toevs Pond (aka Picnic Pond)+""Boulder County""+Colorado",Easy,Low,Yes,No,None,False,,40.046504200401436,-105.18090367250846,,,,0,no-project-stocking-record-found
import-public-confirmed,"Public indicator plus official property, survey, or land-manager context",Walton Creek,Walton Creek,Walton Creek,22626,1591,Routt,Stream or River,Coldwater,public-indicated,Public-land/property indicator or official property URL is present,Trout: Brook,Routt National Forest,https://www.fs.usda.gov/activity/mbr/recreation/fishing,"https://www.google.com/search?q=""fishing report""+Walton Creek+""Routt County""+Colorado",Difficult,Low,No,No,None,False,,40.40079247079288,-106.72275587805566,,,,0,no-project-stocking-record-found
import-public-confirmed,"Public indicator plus official property, survey, or land-manager context",West Bellows Creek,West Bellows Creek,West Bellows Creek,38376,1520,Mineral,Stream or River,Coldwater,public-indicated,Public-land/property indicator or official property URL is present,Trout: Cutthroat,La Garita Wilderness Area,https://www.fs.usda.gov/activity/riogrande/recreation/fishing,"https://www.google.com/search?q=""fishing report""+West Bellows Creek+""Mineral County""+Colorado",Difficult,Low,No,No,None,False,,37.88218727626074,-106.79894930509668,,,,0,no-project-stocking-record-found
import-public-confirmed,"Public indicator plus official property, survey, or land-manager context",West Creek,West Creek,West Creek,43997,1710,Mesa,Stream or River,Coldwater,public-indicated,Public-land/property indicator or official property URL is present,Trout: Brown | Trout: Rainbow,Bureau of Land Management,https://www.blm.gov/colorado,"https://www.google.com/search?q=""fishing report""+West Creek+""Mesa County""+Colorado",Easy,Low,No,No,None,False,,38.767442125595,-108.89552494370984,,,,0,no-project-stocking-record-found
import-public-confirmed,"Public indicator plus official property, survey, or land-manager context",West Creek,West Creek,West Creek,12512,1361,Douglas,Stream or River,Coldwater,public-indicated,Public-land/property indicator or official property URL is present,Trout: Brown,Pike National Forest,https://www.fs.usda.gov/activity/psicc/recreation/fishing,"https://www.google.com/search?q=""fishing report""+West Creek+""Douglas County""+Colorado",Easy,Low,No,No,None,False,,39.201953858824425,-105.17670949953235,,,,0,no-project-stocking-record-found
import-public-confirmed,"Public indicator plus official property, survey, or land-manager context",West Creek,West Creek,West Creek,12524,1481,Larimer,Stream or River,Coldwater,public-indicated,Public-land/property indicator or official property URL is present,Trout: Brook,Roosevelt National Forest,https://www.fs.usda.gov/activity/arp/recreation/fishing,"https://www.google.com/search?q=""fishing report""+West Creek+""Larimer County""+Colorado",Medium,Low,No,No,None,False,,40.44209694520929,-105.47697601406458,,,,0,no-project-stocking-record-found
import-public-confirmed,"Public indicator plus official property, survey, or land-manager context","West Creek, North Fork","West Creek, North Fork","West Creek, North Fork",46373,1509,Mesa,Stream or River,Coldwater,public-indicated,Public-land/property indicator or official property URL is present,Trout: Brook | Trout: Rainbow,The Palisade ACEC/ONA/WSA,https://www.blm.gov/colorado,"https://www.google.com/search?q=""fishing report""+West Creek, North Fork+""Mesa County""+Colorado",Medium,Low,No,No,None,False,,38.769175256027424,-108.91909239520736,,,,0,no-project-stocking-record-found
import-public-confirmed,"Public indicator plus official property, survey, or land-manager context",West Divide Creek,West Divide Creek,West Divide Creek,22967,1512,Mesa,Stream or River,Coldwater,public-indicated,Public-land/property indicator or official property URL is present,Trout: Cutthroat,White River National Forest,https://www.fs.usda.gov/activity/whiteriver/recreation/fishing,"https://www.google.com/search?q=""fishing report""+West Divide Creek+""Mesa County""+Colorado",Medium,Low,No,No,None,False,,39.27497948604777,-107.49826200986432,,,,0,no-project-stocking-record-found
import-public-confirmed,"Public indicator plus official property, survey, or land-manager context",West Prospect Lake,[Purposely Left Blank],West Prospect Lake,58013,217,Jefferson,Water Body,Warmwater,public-indicated,Public-land/property indicator or official property URL is present,Bass: Largemouth | Carp: Common | Perch: Yellow | Sunfish: Bluegill | Sunfish: Green,Prospect Park,https://www.rootedinfun.com/Facilities/Facility/Details/Clear-Creek-Trail-5,"https://www.google.com/search?q=""fishing report""+West Prospect Lake+""Jefferson County""+Colorado",Medium,Medium,No,No,Non-motorized,False,,39.773066785799735,-105.13803083985364,,,,0,no-project-stocking-record-found
import-public-confirmed,"Public indicator plus official property, survey, or land-manager context","West Tennessee Lake, Upper",[Purposely Left Blank],"West Tennessee Lake, Upper",81303,1202,Lake,Water Body,Coldwater,public-indicated,Public-land/property indicator or official property URL is present,Trout: Brook | Trout: Cutthroat,Holy Cross Wilderness Area,https://www.fs.usda.gov/activity/psicc/recreation/fishing,"https://www.google.com/search?q=""fishing report""+West Tennessee Lake, Upper+""Lake County""+Colorado",Difficult,Low,No,No,None,False,,39.34263299271016,-106.4265921634621,,,,0,no-project-stocking-record-found
import-public-confirmed,"Public indicator plus official property, survey, or land-manager context","White River, South Fork","White River, South Fork","White River, South Fork",21313,1577,Garfield,Stream or River,Coldwater,public-indicated,Public-land/property indicator or official property URL is present,Trout: Brook | Trout: Cutthroat | Trout: Mountain Whitefish | Trout: Rainbow,Flat Tops Wilderness Area,https://www.fs.usda.gov/activity/whiteriver/recreation/fishing,"https://www.google.com/search?q=""fishing report""+White River, South Fork+""Garfield County""+Colorado",Easy,Medium,Yes,No,None,False,,39.83948320542358,-107.37598561061921,,,,0,no-project-stocking-record-found
import-public-confirmed,"Public indicator plus official property, survey, or land-manager context","White River, South Fork","White River, South Fork","White River, South Fork",22753,687,Rio Blanco,Stream or River,Coldwater,public-indicated,Public-land/property indicator or official property URL is present,Trout: Brook | Trout: Cutbow | Trout: Rainbow,Oak Ridge SWA - Bel Aire Unit,https://cpw.state.co.us/swa/Oak%20Ridge%20SWA,"https://www.google.com/search?q=""fishing report""+White River, South Fork+""Rio Blanco County""+Colorado",Medium,Low,No,No,None,False,,39.97171196606197,-107.6416278569974,,,,0,no-project-stocking-record-found
import-public-confirmed,"Public indicator plus official property, survey, or land-manager context",Wigwam Creek,Wigwam Creek,Wigwam Creek,12574,1365,Jefferson,Stream or River,Coldwater,public-indicated,Public-land/property indicator or official property URL is present,Trout: Brook | Trout: Brown | Trout: Rainbow,Lost Creek Wilderness Area,https://www.fs.usda.gov/activity/psicc/recreation/fishing,"https://www.google.com/search?q=""fishing report""+Wigwam Creek+""Jefferson County""+Colorado",Easy,Low,No,No,None,False,,39.26094976099332,-105.38119513217212,,,,0,no-project-stocking-record-found
import-public-confirmed,"Public indicator plus official property, survey, or land-manager context","Williams Fork Yampa, East Fork","Williams Fork Yampa, East Fork","Williams Fork Yampa, East Fork",23292,1582,Rio Blanco,Stream or River,Coldwater,public-indicated,Public-land/property indicator or official property URL is present,Trout: Brook | Trout: Cutthroat,Flat Tops Wilderness Area,https://www.fs.usda.gov/activity/mbr/recreation/fishing,"https://www.google.com/search?q=""fishing report""+Williams Fork Yampa, East Fork+""Rio Blanco County""+Colorado",Difficult,Low,No,No,None,False,,40.10867900386378,-107.20630761024927,,,,0,no-project-stocking-record-found
import-public-confirmed,"Public indicator plus official property, survey, or land-manager context",Willow Creek,Willow Creek,Willow Creek,25723,1508,Mesa,Stream or River,Coldwater,public-indicated,Public-land/property indicator or official property URL is present,Trout: Brook,Grand Mesa National Forest,https://www.fs.usda.gov/activity/gmug/recreation/fishing,"https://www.google.com/search?q=""fishing report""+Willow Creek+""Mesa County""+Colorado",Medium,Medium,No,No,None,False,,39.14725419083636,-107.67289503379811,,,,0,no-project-stocking-record-found
import-public-confirmed,"Public indicator plus official property, survey, or land-manager context",Windsor Lake,Windsor Lake,Windsor Lake,81480,916,Lake,Water Body,Coldwater,public-indicated,Public-land/property indicator or official property URL is present,Trout: Cutthroat | Trout: Golden | Trout: Lake,Mount Massive Wilderness Area,https://www.fs.usda.gov/activity/psicc/recreation/fishing,"https://www.google.com/search?q=""fishing report""+Windsor Lake+""Lake County""+Colorado",Difficult,Low,No,No,None,False,,39.24227534415221,-106.48666662528673,,,,0,no-project-stocking-record-found
import-public-confirmed,"Public indicator plus official property, survey, or land-manager context",Woodland Lake,Woodland Lake,Woodland Lake,57023,68,Boulder,Water Body,Coldwater,public-indicated,Public-land/property indicator or official property URL is present,Trout: Cutthroat,Indian Peaks Wilderness Area,https://www.fs.usda.gov/activity/arp/recreation/fishing,https://cpw.state.co.us/thingstodo/Fishery%20Survey%20Summaries/IndianPeaksWildernessLakes.pdf,Difficult,Low,No,No,Non-motorized,False,,39.95422297761887,-105.66462721558503,,,,0,no-project-stocking-record-found
import-public-confirmed,"Public indicator plus official property, survey, or land-manager context",Y & S Reservoir,Y & S Reservoir,Y & S Reservoir,93322,560,Delta,Water Body,Coldwater,public-indicated,Public-land/property indicator or official property URL is present,Trout: Cutthroat,Grand Mesa National Forest,https://www.fs.usda.gov/activity/gmug/recreation/fishing,"https://www.google.com/search?q=""fishing report""+Y & S Reservoir+""Delta County""+Colorado",Medium,Low,No,Yes,Non-motorized,False,,39.05412589172311,-107.8092003572583,,,,0,no-project-stocking-record-found
import-public-confirmed,"Public indicator plus official property, survey, or land-manager context",Yampa River,Yampa River,Yampa River,28634,1796,Routt,Stream or River,Coldwater,public-indicated,Public-land/property indicator or official property URL is present,Trout: Brown | Trout: Mountain Whitefish | Trout: Rainbow,Stagecoach State Park,https://cpw.state.co.us/placestogo/parks/Stagecoach/Pages/default.aspx,"https://www.google.com/search?q=""fishing report""+Yampa River+""Routt County""+Colorado",Easy,High,Yes,No,None,False,,40.269150070634225,-106.88220407866737,,,,0,no-project-stocking-record-found
import-public-confirmed,"Public indicator plus official property, survey, or land-manager context",Yampa River,Yampa River,Yampa River,22917,624,Routt,Stream or River,Mixed coldwater/warmwater,public-indicated,Public-land/property indicator or official property URL is present,Pike: Northern | Trout: Brook | Trout: Brown | Trout: Mountain Whitefish | Trout: Rainbow | Trout: Snake River Cutthroat,Steamboat Springs SWA,https://cpw.state.co.us/swa/Steamboat%20Springs%20SWA,"https://www.google.com/search?q=""fishing report""+Yampa River+""Routt County""+Colorado",Medium,High,No,No,Non-motorized,False,,40.46928529671479,-106.8304048361546,,,,1,no-project-stocking-record-found
import-public-confirmed,"Public indicator plus official property, survey, or land-manager context",Yampa River,Yampa River,Yampa River,22905,669,Routt,Stream or River,Mixed coldwater/warmwater,public-indicated,Public-land/property indicator or official property URL is present,Bass: Smallmouth | Carp: Common | Pike: Northern | Trout: Brook | Trout: Brown | Trout: Mountain Whitefish | Trout: Rainbow,Yampa River SWA,https://cpw.state.co.us/swa/Yampa%20River%20SWA,"https://www.google.com/search?q=""fishing report""+Yampa River+""Routt County""+Colorado",Difficult,Medium,No,No,Non-motorized,False,,40.517172054007894,-107.39711893581891,,,,0,no-project-stocking-record-found
import-public-confirmed,"Public indicator plus official property, survey, or land-manager context",Yankee Doodle Lake,Yankee Doodle Lake,Yankee Doodle Lake,57035,252,Boulder,Water Body,Coldwater,public-indicated,Public-land/property indicator or official property URL is present,Trout: Rainbow | Trout: Tiger,Roosevelt National Forest,https://www.fs.usda.gov/activity/arp/recreation/fishing,"https://www.google.com/search?q=""fishing report""+Yankee Doodle Lake+""Boulder County""+Colorado",Medium,Low,Yes,No,Non-motorized,False,,39.937682028188604,-105.65394529464264,,,,0,no-project-stocking-record-found
import-public-confirmed,"Public indicator plus official property, survey, or land-manager context",Youngs Creek Lake,Youngs Creek Lake,Youngs Creek Lake,71023,75,Mesa,Water Body,Coldwater,public-indicated,Public-land/property indicator or official property URL is present,Trout: Brook,Grand Mesa National Forest,https://www.fs.usda.gov/activity/gmug/recreation/fishing,"https://www.google.com/search?q=""fishing report""+Youngs Creek Lake+""Mesa County""+Colorado",Difficult,Low,No,No,Electric,False,,39.121623537859854,-107.82506490880641,,,,0,no-project-stocking-record-found
import-public-confirmed,"Public indicator plus official property, survey, or land-manager context",Youngs Creek Reservoir #3,Youngs Creek Reservoir #3,Youngs Creek Reservoir #3,93346,359,Delta,Water Body,Coldwater,public-indicated,Public-land/property indicator or official property URL is present,Trout: Cutthroat,Grand Mesa National Forest,https://www.fs.usda.gov/activity/gmug/recreation/fishing,"https://www.google.com/search?q=""fishing report""+Youngs Creek Reservoir #3+""Delta County""+Colorado",Easy,Medium,No,Yes,Non-motorized,False,,39.04419935644545,-107.917508568283,,,,0,no-project-stocking-record-found
hold-likely-existing-water,Likely alias or coordinate/name match to a water already in the project,Allen Park Lake,Allen Park Lake,Allen Park Lake,52345,850,Weld,Water Body,Mixed coldwater/warmwater,public-indicated,Public-land/property indicator or official property URL is present,Bass: Largemouth | Catfish: Channel | Crappie: Black | Trout: Cutbow | Trout: Rainbow,Allen Park,https://greeleygov.com/activities/parks,"https://www.google.com/search?q=""fishing report""+Allen Park Lake+""Weld County""+Colorado",Easy,Medium,Yes,No,Non-motorized,False,,40.423779820617746,-104.75776158513156,exact-name-unmapped,Allen Park Lake,,0,no-project-stocking-record-found
hold-likely-existing-water,Likely alias or coordinate/name match to a water already in the project,Animas River,Animas River,Animas River,37994,1432,La Plata,Stream or River,Coldwater,public-indicated,Public-land/property indicator or official property URL is present,Trout: Brown | Trout: Cutbow | Trout: Rainbow | Trout: Snake River Cutthroat,Santa Rita Park,https://co-durango.civicplus.com/Facilities/Facility/Details/28,https://cpw.state.co.us/thingstodo/Fishery%20Survey%20Summaries/AnimasRiverDurango.pdf,Easy,Medium,No,No,Non-motorized,False,,37.2610146598798,-107.87968251581012,near-name-near-coordinate,Animas River #2,0.215,0,no-project-stocking-record-found
hold-likely-existing-water,Likely alias or coordinate/name match to a water already in the project,Arapahoe Bend Cormorant Pond,[Purposely Left Blank],Arapahoe Bend Cormorant Pond,53592,95,Larimer,Water Body,Warmwater,public-indicated,Public-land/property indicator or official property URL is present,Bass: Largemouth | Catfish: Channel | Crappie: Black | Perch: Yellow | Sunfish: Bluegill,Arapaho Bend Natural Area,https://www.fcgov.com/naturalareas/finder/arapaho,"https://www.google.com/search?q=""fishing report""+Arapahoe Bnd Cormorant Pond+""Larimer County""+Colorado",Medium,Medium,Yes,No,Non-motorized,False,,40.53136778478706,-104.99798528818155,exact-name-unmapped,Arapahoe Bend Cormorant Pond,,0,no-project-stocking-record-found
hold-likely-existing-water,Likely alias or coordinate/name match to a water already in the project,Avery Pond,Avery Pond,Avery Pond,58354,1658,Larimer,Water Body,Warmwater,public-indicated,Public-land/property indicator or official property URL is present,Bass: Largemouth | Sunfish: Bluegill | Sunfish: Green,Avery Park,https://www.fcgov.com/parks/,"https://www.google.com/search?q=""fishing report""+Avery Pond+""Larimer County""+Colorado",Easy,Medium,Yes,No,None,False,,40.57190414968633,-105.10848267468903,exact-name-unmapped,Avery Pond,,0,no-project-stocking-record-found
hold-likely-existing-water,Likely alias or coordinate/name match to a water already in the project,Balman Reservoir,Balman Reservoir,Balman Reservoir,81682,1597,Custer,Water Body,Coldwater,public-indicated,Public-land/property indicator or official property URL is present,Trout: Brook | Trout: Cutthroat | Trout: Rainbow,San Isabel National Forest,https://www.fs.usda.gov/activity/psicc/recreation/fishing,"https://www.google.com/search?q=""fishing report""+Balman Reservoir+""Custer County""+Colorado",Medium,Medium,No,No,Unsure,False,,38.26281382494421,-105.68993976040463,exact-name-unmapped,Balman Reservoir,,0,no-project-stocking-record-found
hold-likely-existing-water,Likely alias or coordinate/name match to a water already in the project,Barnes Meadow Reservoir,Barnes Meadow Reservoir,Barnes Meadow Reservoir,53784,466,Larimer,Water Body,Coldwater,public-indicated,Public-land/property indicator or official property URL is present,Trout: Brown | Trout: Cutbow | Trout: Rainbow,Roosevelt National Forest,https://www.fs.usda.gov/activity/arp/recreation/fishing,"https://www.google.com/search?q=""fishing report""+Barnes Meadow Reservoir+""Larimer County""+Colorado",Easy,Medium,Yes,Yes,Non-motorized,False,,40.59801090175889,-105.8308351012675,exact-name-unmapped,Barnes Meadow Reservoir,,0,no-project-stocking-record-found
hold-likely-existing-water,Likely alias or coordinate/name match to a water already in the project,Bass Pond,[Purposely Left Blank],Bass Pond,18515,1776,Larimer,Water Body,Warmwater,public-indicated,Public-land/property indicator or official property URL is present,Bass: Largemouth | Catfish: Channel | Crappie: Black | Sunfish: Bluegill,River's Edge Natural Area,https://www.lovgov.org/services/parks-recreation/trail-info/river-s-edge-natural-area,https://cpw.state.co.us/thingstodo/Fishery%20Survey%20Summaries/RiversEdgeNaturalArea.pdf,Easy,High,Yes,No,Belly boats,False,,40.38935194593632,-105.08525442614449,exact-name-unmapped,Bass Pond,,0,no-project-stocking-record-found
hold-likely-existing-water,Likely alias or coordinate/name match to a water already in the project,Beaver Creek,Beaver Creek,Beaver Creek,38237,673,Gunnison,Stream or River,Coldwater,public-indicated,Public-land/property indicator or official property URL is present,Trout: Brook | Trout: Brown | Trout: Cutbow | Trout: Cutthroat | Trout: Rainbow,Gunnison SWA,https://cpw.state.co.us/swa/Gunnison%20SWA,"https://www.google.com/search?q=""fishing report""+Beaver Creek+""Gunnison County""+Colorado",Medium,Low,No,No,None,False,,38.52618794924266,-107.04163122636209,exact-name-unmapped,Beaver Creek,,0,no-project-stocking-record-found
hold-likely-existing-water,Likely alias or coordinate/name match to a water already in the project,Beaver Creek,Beaver Creek,Beaver Creek,38275,1532,Mineral,Stream or River,Coldwater,public-indicated,Public-land/property indicator or official property URL is present,Trout: Cutthroat,Weminuche Wilderness Area,https://www.fs.usda.gov/activity/sanjuan/recreation/fishing,"https://www.google.com/search?q=""fishing report""+Beaver Creek+""Mineral County""+Colorado",Difficult,Low,No,No,None,False,,37.53238600896135,-106.90888981158648,exact-name-unmapped,Beaver Creek,,0,no-project-stocking-record-found
hold-likely-existing-water,Likely alias or coordinate/name match to a water already in the project,Beaver Creek,Beaver Creek,Beaver Creek,29149,656,Fremont,Stream or River,Coldwater,public-indicated,Public-land/property indicator or official property URL is present,Trout: Brown | Trout: Rainbow,Beaver Creek SWA,https://cpw.state.co.us/swa/Beaver%20Creek%20SWA,"https://www.google.com/search?q=""fishing report""+Beaver Creek+""Fremont County""+Colorado",Medium,Low,No,No,None,False,,38.54259388401796,-105.02807277399496,exact-name-unmapped,Beaver Creek,,0,no-project-stocking-record-found
hold-likely-existing-water,Likely alias or coordinate/name match to a water already in the project,Beaver Creek,Beaver Creek,Beaver Creek,10140,1388,Park,Stream or River,Coldwater,public-indicated,Public-land/property indicator or official property URL is present,Trout: Brook,Pike National Forest,https://www.fs.usda.gov/activity/psicc/recreation/fishing,"https://www.google.com/search?q=""fishing report""+Beaver Creek+""Park County""+Colorado",Medium,Low,No,No,None,False,,39.45111162572876,-105.797942049261,exact-name-unmapped,Beaver Creek,,0,no-project-stocking-record-found
hold-likely-existing-water,Likely alias or coordinate/name match to a water already in the project,Big Mac Pond,Big Mac Pond,Big Mac Pond,83259,1646,Otero,Water Body,Warmwater,public-indicated,Public-land/property indicator or official property URL is present,Bass: Largemouth | Catfish: Channel | Crappie: Black | Sunfish: Bluegill,Rocky Ford SWA,https://cpw.state.co.us/swa/Rocky%20Ford%20SWA,"https://www.google.com/search?q=""fishing report""+Big Mac Pond+""Otero County""+Colorado",Easy,Medium,Yes,Limited,None,False,,38.046384908232305,-103.6486084483346,exact-name-unmapped,Big Mac Pond,,0,no-project-stocking-record-found
hold-likely-existing-water,Likely alias or coordinate/name match to a water already in the project,Big Thompson Pond #4,[Purposely Left Blank],Big Thompson Pond #4,58138,139,Larimer,Water Body,Warmwater,public-indicated,Public-land/property indicator or official property URL is present,Bass: Largemouth | Carp: Common | Catfish: Channel | Sunfish: Bluegill,Big Thompson Ponds SWA,https://cpw.state.co.us/swa/Big%20Thompson%20Ponds%20SWA,"https://www.google.com/search?q=""fishing report""+Big Thompson Pond #4+""Larimer County""+Colorado",Easy,Low,Yes,Yes,Belly boats,False,,40.39091232142706,-104.99966901129837,exact-name-unmapped,Big Thompson Pond #4,,0,no-project-stocking-record-found
hold-likely-existing-water,Likely alias or coordinate/name match to a water already in the project,Big Thompson Pond #5,[Purposely Left Blank],Big Thompson Pond #5,58140,143,Larimer,Water Body,Warmwater,public-indicated,Public-land/property indicator or official property URL is present,Bass: Largemouth | Carp: Common | Catfish: Channel | Crappie: Black | Crappie: Unspecified | Perch: Yellow | Sunfish: Bluegill,Big Thompson Ponds SWA,https://cpw.state.co.us/swa/Big%20Thompson%20Ponds%20SWA,"https://www.google.com/search?q=""fishing report""+Big Thompson Pond #5+""Larimer County""+Colorado",Medium,Low,No,Yes,Belly boats,False,,40.39042378130809,-105.00143274017101,exact-name-unmapped,Big Thompson Pond #5,,0,no-project-stocking-record-found
hold-likely-existing-water,Likely alias or coordinate/name match to a water already in the project,Blackrock Lake,[Purposely Left Blank],Blackrock Lake,60208,172,Arapahoe,Water Body,Warmwater,public-indicated,Public-land/property indicator or official property URL is present,Bass: Largemouth | Bass: Smallmouth | Catfish: Channel | Perch: Yellow | Sunfish: Green,South Platte Park/Carson Nature Area,https://www.ssprd.org/nature,"https://www.google.com/search?q=""fishing report""+Blackrock Lake+""Arapahoe County""+Colorado",Easy,Medium,Yes,No,None,False,,39.56839283311716,-105.04166112397053,exact-name-unmapped,Blackrock Lake,,0,no-project-stocking-record-found
hold-likely-existing-water,Likely alias or coordinate/name match to a water already in the project,Blue Lake Lower,Blue Lake Lower,"Blue Lake, Lower",82610,818,Huerfano,Water Body,Coldwater,public-indicated,Public-land/property indicator or official property URL is present,Trout: Cutbow | Trout: Rainbow,San Isabel National Forest,https://www.fs.usda.gov/activity/psicc/recreation/fishing,"https://www.google.com/search?q=""fishing report""+Blue Lake, Lower+""Huerfano County""+Colorado",Medium,Low,No,No,Unsure,False,,37.90194652526731,-105.04216920121377,exact-name-unmapped,"Blue Lake, Lower",,0,no-project-stocking-record-found
hold-likely-existing-water,Likely alias or coordinate/name match to a water already in the project,"Brown Lake, Upper",[Purposely Left Blank],"Brown Lake, Upper",88802,647,Hinsdale,Water Body,Coldwater,public-indicated,Public-land/property indicator or official property URL is present,Trout: Brook | Trout: Rainbow,Brown Lakes SWA,https://cpw.state.co.us/swa/Brown%20Lakes%20SWA,"https://www.google.com/search?q=""fishing report""+Brown Lake, Upper+""Hinsdale County""+Colorado",Medium,Low,Yes,Yes,Motor boats,False,,37.82175024976508,-107.19440022107104,exact-name-unmapped,"Brown Lake, Upper",,0,no-project-stocking-record-found
hold-likely-existing-water,Likely alias or coordinate/name match to a water already in the project,Buckeye Reservoir,Buckeye Reservoir,Buckeye Reservoir,88814,366,Montrose,Water Body,Coldwater,public-indicated,Public-land/property indicator or official property URL is present,Trout: Brown | Trout: Cutbow | Trout: Rainbow,Manti-La Sal National Forest,https://www.fs.usda.gov/activity/mantilasal/recreation/fishing,"https://www.google.com/search?q=""fishing report""+Buckeye Reservoir+""Montrose County""+Colorado",Easy,Medium,Yes,Yes,Motor boats,False,,38.441676865526944,-109.04259026249038,exact-name-unmapped,Buckeye Reservoir,,0,no-project-stocking-record-found
hold-likely-existing-water,Likely alias or coordinate/name match to a water already in the project,Chatfield Pond #2,[Purposely Left Blank],Chatfield Pond #2,60296,7,Jefferson,Water Body,Warmwater,public-indicated,Public-land/property indicator or official property URL is present,Bass: Largemouth | Perch: Yellow | Sunfish: Bluegill | Sunfish: Green,Chatfield State Park,https://cpw.state.co.us/placestogo/Parks/Chatfield,"https://www.google.com/search?q=""fishing report""+Chatfield Pond #2+""Jefferson County""+Colorado",Easy,Low,Yes,Yes,Non-motorized,False,,39.51387598017579,-105.0813242761152,near-name-near-coordinate,CHATFIELD POND #1,0.157,0,no-project-stocking-record-found
hold-likely-existing-water,Likely alias or coordinate/name match to a water already in the project,Chatfield Pond #3,[Purposely Left Blank],Chatfield Pond #3,60309,8,Jefferson,Water Body,Warmwater,public-indicated,Public-land/property indicator or official property URL is present,Bass: Largemouth | Perch: Yellow | Sunfish: Bluegill,Chatfield State Park,https://cpw.state.co.us/placestogo/Parks/Chatfield,"https://www.google.com/search?q=""fishing report""+Chatfield Pond #3+""Jefferson County""+Colorado",Medium,Low,No,Yes,Non-motorized,False,,39.50329346389919,-105.08622937850211,near-name-near-coordinate,CHATFIELD POND #1,0.845,0,no-project-stocking-record-found
hold-likely-existing-water,Likely alias or coordinate/name match to a water already in the project,Chatfield Pond #5,[Purposely Left Blank],Chatfield Pond #5,60323,11,Douglas,Water Body,Warmwater,public-indicated,Public-land/property indicator or official property URL is present,Bass: Largemouth | Perch: Yellow | Sunfish: Bluegill | Sunfish: Green,Chatfield State Park,https://cpw.state.co.us/placestogo/Parks/Chatfield,"https://www.google.com/search?q=""fishing report""+Chatfield Pond #5+""Douglas County""+Colorado",Medium,Low,No,Yes,Non-motorized,False,,39.50441988485901,-105.08097592292275,near-name-near-coordinate,CHATFIELD POND #1,0.768,0,no-project-stocking-record-found
hold-likely-existing-water,Likely alias or coordinate/name match to a water already in the project,Chatfield Ponds,Chatfield Ponds,Chatfield Pond #4,60311,10,Douglas,Water Body,Warmwater,public-indicated,Public-land/property indicator or official property URL is present,Bass: Largemouth | Crappie: Black | Perch: Yellow | Sunfish: Bluegill | Sunfish: Green,Chatfield State Park,https://cpw.state.co.us/placestogo/Parks/Chatfield,"https://www.google.com/search?q=""fishing report""+Chatfield Pond #4+""Douglas County""+Colorado",Medium,Low,No,Yes,Non-motorized,False,,39.50970514654986,-105.07769873132405,near-name-near-coordinate,CHATFIELD POND #1,0.5,0,no-project-stocking-record-found
hold-likely-existing-water,Likely alias or coordinate/name match to a water already in the project,Circle Park Pond,Circle Park Pond,Circle Park Pond,68444,1352,Rio Blanco,Water Body,Coldwater,public-indicated,Public-land/property indicator or official property URL is present,Trout: Brown | Trout: Rainbow,Circle Park,https://www.townofmeeker.org/parks/,"https://www.google.com/search?q=""fishing report""+Meeker Kids Pond+""Rio Blanco County""+Colorado",Easy,Low,Yes,No,None,False,,40.03381043451295,-107.91176064224199,exact-name-unmapped,Circle park pond,,0,no-project-stocking-record-found
hold-likely-existing-water,Likely alias or coordinate/name match to a water already in the project,City Park Lake,City Park Lake,City Park Lake,57946,226,Denver,Water Body,Mixed coldwater/warmwater,public-indicated,Public-land/property indicator or official property URL is present,Bass: Largemouth | Carp: Common | Catfish: Channel | Crappie: Black | Sunfish: Bluegill | Sunfish: Green | Trout: Rainbow,City Park,https://www.denvergov.org/content/denvergov/en/denver-parks-and-recreation/parks/city-parks.html,"https://www.google.com/search?q=""fishing report""+City Park Lake+""Denver County""+Colorado",Easy,High,Yes,No,None,False,,39.74621859174536,-104.94882042171479,exact-name-unmapped,City Park Lake,,0,no-project-stocking-record-found
hold-likely-existing-water,Likely alias or coordinate/name match to a water already in the project,Clear Lake,Clear Lake,Clear Lake,54407,780,Clear Creek,Water Body,Coldwater,public-indicated,Public-land/property indicator or official property URL is present,Trout: Brook | Trout: Lake | Trout: Rainbow,Arapaho National Forest,https://www.fs.usda.gov/recarea/arp/recreation/fishing/recarea/?recid=28406&actid=42,"https://www.google.com/search?q=""fishing report""+Clear Lake+""Clear Creek County""+Colorado",Easy,Medium,Yes,No,Non-motorized,False,,39.66892271917135,-105.70132335092384,exact-name-unmapped,Clear Lake,,0,no-project-stocking-record-found
hold-likely-existing-water,Likely alias or coordinate/name match to a water already in the project,Clear Lake,Clear Lake,Clear Lake,54394,1211,Jackson,Water Body,Coldwater,public-indicated,Public-land/property indicator or official property URL is present,Trout: Cutthroat,State Forest State Park,https://cpw.state.co.us/placestogo/Parks/stateforest,"https://www.google.com/search?q=""fishing report""+Clear Lake+""Jackson County""+Colorado",Difficult,Low,No,No,None,False,,40.653570957868396,-105.96794895968735,exact-name-unmapped,Clear Lake,,0,no-project-stocking-record-found
hold-likely-existing-water,Likely alias or coordinate/name match to a water already in the project,Clearwater Pond - Belly Boat #3,[Purposely Left Blank],Clearwater Pond - Belly Boat #3,60418,283,Boulder,Water Body,Warmwater,public-indicated,Public-land/property indicator or official property URL is present,Bass: Largemouth | Catfish: Channel | Crappie: Black | Crappie: Unspecified | Perch: Yellow | Sunfish: Bluegill | Sunfish: Green,Pella Crossing,https://www.bouldercounty.org/open-space/parks-and-trails/pella-crossing/,"https://www.google.com/search?q=""fishing report""+Clearwater Pond - Belly Boat #3+""Boulder County""+Colorado",Easy,Medium,No,No,Non-motorized,False,,40.18381323558415,-105.18383912341352,exact-name-unmapped,Clearwater Pond - Belly Boat #3,,0,no-project-stocking-record-found
hold-likely-existing-water,Likely alias or coordinate/name match to a water already in the project,Cochetopa Creek,Cochetopa Creek,Cochetopa Creek,39203,1540,Saguache,Stream or River,Coldwater,public-indicated,Public-land/property indicator or official property URL is present,Trout: Brook | Trout: Brown | Trout: Cutthroat | Trout: Rainbow,La Garita Wilderness Area,https://www.fs.usda.gov/activity/gmug/recreation/fishing,"https://www.google.com/search?q=""fishing report""+Cochetopa Creek+""Saguache County""+Colorado",Medium,Low,No,No,None,False,,37.97819727402727,-106.868711411846,exact-name-unmapped,Cochetopa Creek,,0,no-project-stocking-record-found
hold-likely-existing-water,Likely alias or coordinate/name match to a water already in the project,Cochetopa Creek,Cochetopa Creek,Cochetopa Creek,39188,1789,Saguache,Stream or River,Coldwater,public-indicated,Public-land/property indicator or official property URL is present,Trout: Brown | Trout: Rainbow,Bureau of Land Management,https://www.blm.gov/colorado,"https://www.google.com/search?q=""fishing report""+Cochetopa Creek+""Saguache County""+Colorado",Easy,Medium,No,No,None,False,,38.35764648175077,-106.77796007326181,exact-name-unmapped,Cochetopa Creek,,0,no-project-stocking-record-found
hold-likely-existing-water,Likely alias or coordinate/name match to a water already in the project,Cochetopa Creek,Cochetopa Creek,Cochetopa Creek,39190,666,Saguache,Stream or River,Coldwater,public-indicated,Public-land/property indicator or official property URL is present,Trout: Brown | Trout: Rainbow,Cochetopa SWA,https://cpw.state.co.us/swa/Cochetopa%20SWA,"https://www.google.com/search?q=""fishing report""+Cochetopa Creek+""Saguache County""+Colorado",Medium,Medium,No,No,None,False,,38.16326931889973,-106.75534565792394,exact-name-unmapped,Cochetopa Creek,,0,no-project-stocking-record-found
hold-likely-existing-water,Likely alias or coordinate/name match to a water already in the project,Columbine Ponds,Columbine Ponds,Columbine Ponds,94348,756,Montrose,Water Body,Coldwater,public-indicated,Public-land/property indicator or official property URL is present,Trout: Rainbow,Uncompahgre National Forest,https://www.fs.usda.gov/activity/gmug/recreation/fishing,"https://www.google.com/search?q=""fishing report""+Columbine Ponds+""Montrose County""+Colorado",Easy,High,Yes,No,Non-motorized,False,,38.42615070024311,-108.37453234495908,exact-name-unmapped,Columbine Ponds,,0,no-project-stocking-record-found
hold-likely-existing-water,Likely alias or coordinate/name match to a water already in the project,Cottonwood Lake #2,Cottonwood Lake #2,Cottonwood Lake #2,65993,491,Mesa,Water Body,Coldwater,public-indicated,Public-land/property indicator or official property URL is present,Trout: Cutbow | Trout: Cutthroat | Trout: Rainbow,Grand Mesa National Forest,https://www.fs.usda.gov/activity/gmug/recreation/fishing,"https://www.google.com/search?q=""fishing report""+Cottonwood Lake #2+""Mesa County""+Colorado",Medium,Low,No,No,None,False,,39.07987258665042,-107.98310522389077,exact-name-unmapped,Cottonwood Lake #2,,0,no-project-stocking-record-found
hold-likely-existing-water,Likely alias or coordinate/name match to a water already in the project,Cottonwood Lake #5,Cottonwood Lake #5,Cottonwood Lake #5,66010,132,Mesa,Water Body,Coldwater,public-indicated,Public-land/property indicator or official property URL is present,Trout: Brown | Trout: Cutthroat | Trout: Rainbow,Grand Mesa National Forest,https://www.fs.usda.gov/activity/gmug/recreation/fishing,"https://www.google.com/search?q=""fishing report""+Cottonwood Lake #5+""Mesa County""+Colorado",Medium,Medium,No,No,Electric,False,,39.08730982845002,-107.95158577051386,near-name-near-coordinate,COTTONWOOD LAKE #4,0.984,0,no-project-stocking-record-found
hold-likely-existing-water,Likely alias or coordinate/name match to a water already in the project,Creedmore Lakes,[Purposely Left Blank],Creedmore Lakes,54558,1005,Larimer,Water Body,Coldwater,public-indicated,Public-land/property indicator or official property URL is present,Trout: Brook | Trout: Brown,Roosevelt National Forest,https://www.fs.usda.gov/activity/arp/recreation/fishing,"https://www.google.com/search?q=""fishing report""+Creedmore Lakes+""Larimer County""+Colorado",Medium,Medium,Yes,Yes,Non-motorized,False,,40.860120516327534,-105.58987166702205,exact-name-unmapped,Creedmore Lakes,,1,no-project-stocking-record-found
hold-likely-existing-water,Likely alias or coordinate/name match to a water already in the project,Dawn Pond,Dawn Pond,Dawn Pond,81577,692,Bent,Water Body,Warmwater,public-indicated,Public-land/property indicator or official property URL is present,Bass: Largemouth | Carp: Common | Catfish: Black Bullhead | Catfish: Channel | Sunfish: Bluegill,Dawn Pond SWA,https://cpw.state.co.us/swa/Dawn%20Pond%20SWA,"https://www.google.com/search?q=""fishing report""+Dawn Pond+""Bent County""+Colorado",Easy,Low,Yes,Limited,Electric,False,,38.09105923074266,-103.31525670161386,exact-name-unmapped,Dawn Pond,,0,no-project-stocking-record-found
hold-likely-existing-water,Likely alias or coordinate/name match to a water already in the project,Deep Ward Lake,Deep Ward Lake,Deep Ward Lake,92988,35,Delta,Water Body,Coldwater,public-indicated,Public-land/property indicator or official property URL is present,Trout: Brook | Trout: Brown | Trout: Rainbow | Trout: Splake,Grand Mesa National Forest,https://www.fs.usda.gov/activity/gmug/recreation/fishing,"https://www.google.com/search?q=""fishing report""+Deep Ward Lake+""Delta County""+Colorado",Easy,High,Yes,Yes,Motor boats,False,,39.03609858502091,-107.98025353010617,exact-name-unmapped,Deep Ward Lake,,0,no-project-stocking-record-found
hold-likely-existing-water,Likely alias or coordinate/name match to a water already in the project,Deer Lakes,[Purposely Left Blank],Deer Lakes,97611,1641,Hinsdale,Water Body,Coldwater,public-indicated,Public-land/property indicator or official property URL is present,Trout: Rainbow,Gunnison National Forest,https://www.fs.usda.gov/activity/gmug/recreation/fishing,"https://www.google.com/search?q=""fishing report""+Deer Lakes+""Hinsdale County""+Colorado",Easy,High,No,No,Non-motorized,False,,38.023340767322914,-107.18677111862053,exact-name,Deer Lakes,0.058,0,no-project-stocking-record-found
hold-likely-existing-water,Likely alias or coordinate/name match to a water already in the project,Deer Lakes,[Purposely Left Blank],Deer Lakes,97635,1643,Hinsdale,Water Body,Coldwater,public-indicated,Public-land/property indicator or official property URL is present,Trout: Cutthroat,Gunnison National Forest,https://www.fs.usda.gov/activity/gmug/recreation/fishing,"https://www.google.com/search?q=""fishing report""+Deer Lakes+""Hinsdale County""+Colorado",Easy,High,No,No,Non-motorized,False,,38.02468661618765,-107.19050463012907,exact-name,Deer Lakes,0.259,0,no-project-stocking-record-found
hold-likely-existing-water,Likely alias or coordinate/name match to a water already in the project,Deer Lakes,Deer Lakes,Deer Lakes,97609,1603,Hinsdale,Water Body,Coldwater,public-indicated,Public-land/property indicator or official property URL is present,Trout: Cutthroat | Trout: Rainbow,Gunnison National Forest,https://www.fs.usda.gov/activity/gmug/recreation/fishing,"https://www.google.com/search?q=""fishing report""+Deer Lakes+""Hinsdale County""+Colorado",Easy,High,No,No,Non-motorized,False,,38.022802194686555,-107.18883174338953,exact-name,Deer Lakes,0.121,0,no-project-stocking-record-found
hold-likely-existing-water,Likely alias or coordinate/name match to a water already in the project,Denny Lake,Denny Lake,Denny Lake,89525,1344,Montezuma,Water Body,Warmwater,public-indicated,Public-land/property indicator or official property URL is present,Bass: Largemouth | Sunfish: Bluegill,Denny Lake Park,https://www.cityofcortez.com/Facilities/Facility/Details/Denny-Lake-Park-39,"https://www.google.com/search?q=""fishing report""+Denny Lake+""Montezuma County""+Colorado",Easy,High,Yes,Limited,Unsure,False,,37.35118883048282,-108.5491763921197,exact-name-unmapped,DENNY LAKE,,0,no-project-stocking-record-found
hold-likely-existing-water,Likely alias or coordinate/name match to a water already in the project,"Dome Lake, Lower","Dome Lake, Lower","Dome Lake, Lower",89638,105,Saguache,Water Body,Coldwater,public-indicated,Public-land/property indicator or official property URL is present,Trout: Brook | Trout: Brown | Trout: Rainbow,Dome Lakes SWA,https://cpw.state.co.us/swa/Dome%20Lakes%20SWA,"https://www.google.com/search?q=""fishing report""+Dome Lake, Lower+""Saguache County""+Colorado",Easy,Medium,Yes,Yes,Motor boats,False,,38.20590956556227,-106.73446369930701,exact-name-unmapped,"Dome Lake, Lower",,0,no-project-stocking-record-found
hold-likely-existing-water,Likely alias or coordinate/name match to a water already in the project,Dorothy Lake,Dorothy Lake,Dorothy Lake,54661,71,Boulder,Water Body,Coldwater,public-indicated,Public-land/property indicator or official property URL is present,Trout: Cutthroat,Indian Peaks Wilderness Area,https://www.fs.usda.gov/activity/arp/recreation/fishing,"https://www.google.com/search?q=""fishing report""+Dorothy Lake+""Boulder County""+Colorado",Difficult,Low,No,No,Non-motorized,False,,40.012449099759614,-105.68585288220604,exact-name-unmapped,Dorothy Lake,,0,no-project-stocking-record-found
hold-likely-existing-water,Likely alias or coordinate/name match to a water already in the project,Doty Park Pond,Doty Park Pond,Doty Park Pond,52517,801,Morgan,Water Body,Warmwater,public-indicated,Public-land/property indicator or official property URL is present,Bass: Largemouth | Catfish: Channel | Sunfish: Redear,Prairie Trails Park,https://www.brushcolo.com/Pages/aboutPages/parks.html,"https://www.google.com/search?q=""fishing report""+Doty Park Pond+""Morgan County""+Colorado",Easy,Medium,Yes,No,None,False,,40.25062275873368,-103.62203743027727,exact-name-unmapped,DOTY PARK POND,,0,no-project-stocking-record-found
hold-likely-existing-water,Likely alias or coordinate/name match to a water already in the project,Doughty Reservoir,Doughty Reservoir,Doughty Reservoir,89688,733,Delta,Water Body,Coldwater,public-indicated,Public-land/property indicator or official property URL is present,Trout: Brook | Trout: Rainbow,Grand Mesa National Forest,https://www.fs.usda.gov/activity/gmug/recreation/fishing,"https://www.google.com/search?q=""fishing report""+Doughty Reservoir+""Delta County""+Colorado",Medium,Low,No,Yes,Non-motorized,False,,39.015088083669,-107.72680580411544,exact-name-unmapped,Doughty Reservoir,,0,no-project-stocking-record-found
hold-likely-existing-water,Likely alias or coordinate/name match to a water already in the project,Dragonfly Pond - Belly Boat #1,[Purposely Left Blank],Dragonfly Pond - Belly Boat #1,60414,282,Boulder,Water Body,Warmwater,public-indicated,Public-land/property indicator or official property URL is present,Bass: Largemouth | Catfish: Channel | Crappie: Black | Crappie: Unspecified | Perch: Yellow | Sunfish: Bluegill,Pella Crossing,https://www.bouldercounty.org/open-space/parks-and-trails/pella-crossing/,"https://www.google.com/search?q=""fishing report""+Dragonfly Pond - Belly Boat #1+""Boulder County""+Colorado",Easy,Medium,Yes,No,Non-motorized,False,,40.18668263840268,-105.1840572864668,exact-name-unmapped,Dragonfly Pond - Belly Boat #1,,0,no-project-stocking-record-found
hold-likely-existing-water,Likely alias or coordinate/name match to a water already in the project,Eagle River,Eagle River,Eagle River,20026,617,Eagle,Stream or River,Coldwater,public-indicated,Public-land/property indicator or official property URL is present,Trout: Brown | Trout: Mountain Whitefish | Trout: Rainbow,Eagle River SWA,https://cpw.state.co.us/swa/Eagle%20River%20SWA,"https://www.google.com/search?q=""fishing report""+Eagle River+""Eagle County""+Colorado",Easy,High,Yes,No,Non-motorized,False,,39.6730125951914,-106.78731218934301,exact-name-unmapped,Eagle River,,1,no-project-stocking-record-found
hold-likely-existing-water,Likely alias or coordinate/name match to a water already in the project,Eagle River,Eagle River,Eagle River,20038,1637,Eagle,Stream or River,Coldwater,public-indicated,Public-land/property indicator or official property URL is present,Trout: Brown | Trout: Mountain Whitefish | Trout: Rainbow,Eagle River Preserve,https://evlt.org/eagle-river-preserve/,"https://www.google.com/search?q=""fishing report""+Eagle River+""Eagle County""+Colorado",Easy,High,Yes,No,Non-motorized,False,,39.648753107108185,-106.59592193191213,exact-name-unmapped,Eagle River,,0,no-project-stocking-record-found
hold-likely-existing-water,Likely alias or coordinate/name match to a water already in the project,East River,East River,East River,39913,1602,Gunnison,Stream or River,Coldwater,public-indicated,Public-land/property indicator or official property URL is present,Salmon: Kokanee | Trout: Brown | Trout: Rainbow,Roaring Judy SFU,https://cpw.state.co.us/swa/Roaring%20Judy%20SFU%20(Hatchery),"https://www.google.com/search?q=""fishing report""+East River+""Gunnison County""+Colorado",Easy,High,No,No,Non-motorized,False,,38.70819840661444,-106.85038347766788,exact-name-unmapped,East River,,0,no-project-stocking-record-found
hold-likely-existing-water,Likely alias or coordinate/name match to a water already in the project,Elkhead Reservoir,Elkhead Reservoir,Elkhead Reservoir,66438,361,Moffat,Water Body,Mixed coldwater/warmwater,public-indicated,Public-land/property indicator or official property URL is present,Bass: Largemouth | Bass: Smallmouth | Crappie: Black | Pike: Northern | Pike: Tiger Muskie | Sunfish: Bluegill | Trout: Rainbow,Elkhead State Park,https://cpw.state.co.us/placestogo/Parks/elkheadreservoir,"https://www.google.com/search?q=""fishing report""+Elkhead Reservoir+""Moffat County""+Colorado",Easy,Medium,Yes,Yes,Motor boats,False,,40.56161949647505,-107.38155049234464,exact-name-unmapped,Elkhead Reservoir,,0,no-project-stocking-record-found
hold-likely-existing-water,Likely alias or coordinate/name match to a water already in the project,Erie Lake,Erie Lake,Erie Lake,52693,1687,Boulder,Water Body,Warmwater,public-indicated,Public-land/property indicator or official property URL is present,Bass: Largemouth | Carp: Common | Catfish: Channel | Crappie: Black | Perch: Walleye | Sunfish: Bluegill,Erie Lake,https://www.erieco.gov/Facilities/Facility/Details/Erie-Lake-17,"https://www.google.com/search?q=""fishing report""+Erie Lake+""Boulder County""+Colorado",Easy,Medium,Yes,No,None,False,,40.018756548589124,-105.09956388074806,exact-name-unmapped,Erie Lake,,0,no-project-stocking-record-found
hold-likely-existing-water,Likely alias or coordinate/name match to a water already in the project,Flatiron Reservoir,Flatiron Reservoir,Flatiron Reservoir,54851,79,Larimer,Water Body,Coldwater,public-indicated,Public-land/property indicator or official property URL is present,Trout: Brown | Trout: Cutbow | Trout: Rainbow,Flatiron Reservoir,https://www.larimer.org/naturalresources/parks/flatiron-reservoir,"https://www.google.com/search?q=""fishing report""+Flatiron Reservoir+""Larimer County""+Colorado",Easy,High,Yes,No,None,False,,40.37059500552099,-105.23152613906704,exact-name-unmapped,Flatiron Reservoir,,0,no-project-stocking-record-found
hold-likely-existing-water,Likely alias or coordinate/name match to a water already in the project,Freeman Reservoir,Freeman Reservoir,Freeman Reservoir,66705,400,Moffat,Water Body,Coldwater,public-indicated,Public-land/property indicator or official property URL is present,Trout: Cutthroat,Routt National Forest,https://www.fs.usda.gov/activity/mbr/recreation/fishing,"https://www.google.com/search?q=""fishing report""+Freeman Reservoir+""Moffat County""+Colorado",Medium,Low,Yes,Yes,Non-motorized,False,,40.76500415778191,-107.42586599329461,exact-name-unmapped,FREEMAN RESERVOIR,,0,no-project-stocking-record-found
hold-likely-existing-water,Likely alias or coordinate/name match to a water already in the project,Golden Gravel Pond #1,[Purposely Left Blank],Golden Gravel Pond #1,57899,293,Boulder,Water Body,Warmwater,public-indicated,Public-land/property indicator or official property URL is present,Bass: Largemouth | Catfish: Channel | Crappie: Unspecified | Perch: Walleye | Perch: Yellow | Sunfish: Bluegill,Golden Ponds,https://www.longmontcolorado.gov/Home/Components/FacilityDirectory/FacilityDirectory/70/52,"https://www.google.com/search?q=""fishing report""+Golden Gravel Pond #1+""Boulder County""+Colorado",Easy,Low,Yes,No,Unsure,False,,40.17089470281017,-105.14354889240332,exact-name-unmapped,Golden Gravel Pond #1,,0,no-project-stocking-record-found
hold-likely-existing-water,Likely alias or coordinate/name match to a water already in the project,Golden Gravel Pond #3,[Purposely Left Blank],Golden Gravel Pond #3,57914,290,Boulder,Water Body,Mixed coldwater/warmwater,public-indicated,Public-land/property indicator or official property URL is present,Bass: Largemouth | Catfish: Black Bullhead | Catfish: Channel | Crappie: Unspecified | Pike: Tiger Muskie | Sunfish: Bluegill | Trout: Cutbow | Trout: Rainbow,Golden Ponds,https://www.longmontcolorado.gov/Home/Components/FacilityDirectory/FacilityDirectory/70/52,"https://www.google.com/search?q=""fishing report""+Golden Gravel Pond #3+""Boulder County""+Colorado",Easy,High,Yes,No,Unsure,False,,40.16861059230568,-105.13795980736919,exact-name-unmapped,Golden Gravel Pond #3,,0,no-project-stocking-record-found
hold-likely-existing-water,Likely alias or coordinate/name match to a water already in the project,Granby Reservoir # 1,[Purposely Left Blank],Granby Reservoir # 1,90148,585,Delta,Water Body,Coldwater,public-indicated,Public-land/property indicator or official property URL is present,Trout: Cutthroat,Grand Mesa National Forest,https://www.fs.usda.gov/activity/gmug/recreation/fishing,"https://www.google.com/search?q=""fishing report""+Granby Reservoir # 1+""Delta County""+Colorado",Medium,Low,No,Yes,Non-motorized,False,,39.01015160760713,-108.01678486052299,exact-name-unmapped,Granby Reservoir # 1,,0,no-project-stocking-record-found
hold-likely-existing-water,Likely alias or coordinate/name match to a water already in the project,Green Mountain Reservoir,Green Mountain Reservoir,Green Mountain Reservoir,67036,38,Summit,Water Body,Coldwater,public-indicated,Public-land/property indicator or official property URL is present,Salmon: Kokanee | Trout: Brown | Trout: Cutbow | Trout: Lake | Trout: Rainbow | Trout: Snake River Cutthroat,Blue River SWA - Blue River Unit,https://www.fs.usda.gov/activity/whiteriver/recreation/fishing,https://cpw.state.co.us/thingstodo/Fishery%20Survey%20Summaries/GreenMountainReservoir.pdf,Easy,Medium,Yes,Yes,Motor boats,False,,39.866598260243485,-106.27806357262705,exact-name-unmapped,GREEN MOUNTAIN RESERVOIR,,0,no-project-stocking-record-found
hold-likely-existing-water,Likely alias or coordinate/name match to a water already in the project,Gross Reservoir,Gross Reservoir,Gross Reservoir,55043,299,Boulder,Water Body,Mixed coldwater/warmwater,public-indicated,Public-land/property indicator or official property URL is present,Pike: Tiger Muskie | Salmon: Kokanee | Trout: Brook | Trout: Brown | Trout: Cutbow | Trout: Lake | Trout: Rainbow | Trout: Snake River Cutthroat | Trout: Splake,Gross Reservoir,https://www.denverwater.org/recreation/gross-resevoir,https://cpw.state.co.us/thingstodo/Fishery%20Survey%20Summaries/GrossReservoir.pdf,Medium,Medium,Yes,No,Non-motorized,False,,39.94754364078466,-105.36433914597754,exact-name-unmapped,Gross Reservoir,,0,no-project-stocking-record-found
hold-likely-existing-water,Likely alias or coordinate/name match to a water already in the project,Groundhog Reservoir,Groundhog Reservoir,Groundhog Reservoir,90275,405,Dolores,Water Body,Coldwater,public-indicated,Public-land/property indicator or official property URL is present,Trout: Cutthroat | Trout: Rainbow,Groundhog Reservoir SWA,https://cpw.state.co.us/swa/Groundhog%20Reservoir%20SWA,"https://www.google.com/search?q=""fishing report""+Groundhog Reservoir+""Dolores County""+Colorado",Easy,Medium,Yes,Yes,Motor boats,False,,37.79797876764729,-108.29758323893137,exact-name-unmapped,Groundhog Reservoir,,0,no-project-stocking-record-found
hold-likely-existing-water,Likely alias or coordinate/name match to a water already in the project,Heart Lake,Heart Lake,Heart Lake,67288,866,Garfield,Water Body,Coldwater,public-indicated,Public-land/property indicator or official property URL is present,Trout: Brook | Trout: Cutthroat | Trout: Tiger,White River National Forest,https://www.fs.usda.gov/activity/whiteriver/recreation/fishing,"https://www.google.com/search?q=""fishing report""+Heart Lake+""Garfield County""+Colorado",Medium,Low,Yes,Yes,Electric,False,,39.76769492592195,-107.32550057821426,exact-name-unmapped,Heart Lake,,0,no-project-stocking-record-found
hold-likely-existing-water,Likely alias or coordinate/name match to a water already in the project,Heart Lake,Heart Lake,Heart Lake,55106,266,Gilpin,Water Body,Coldwater,public-indicated,Public-land/property indicator or official property URL is present,Trout: Cutthroat,James Peak Wilderness Area,https://www.fs.usda.gov/activity/arp/recreation/fishing,https://cpw.state.co.us/thingstodo/Fishery%20Survey%20Summaries/JamesPeakWildernessLakes.pdf,Difficult,Low,No,No,Non-motorized,False,,39.87602166320241,-105.69334492330374,exact-name-unmapped,Heart Lake,,0,no-project-stocking-record-found
hold-likely-existing-water,Likely alias or coordinate/name match to a water already in the project,Henderson Lake,Henderson Lake,Henderson Lake,90427,1787,La Plata,Water Body,Coldwater,public-indicated,Public-land/property indicator or official property URL is present,Trout: Rainbow,San Juan National Forest,https://www.fs.usda.gov/activity/sanjuan/recreation/fishing,"https://www.google.com/search?q=""fishing report""+Henderson Lake+""La Plata County""+Colorado",Difficult,Low,No,Yes,Unsure,False,,37.51167682620603,-107.72521467215161,exact-name-unmapped,Henderson Lake,,0,no-project-stocking-record-found
hold-likely-existing-water,Likely alias or coordinate/name match to a water already in the project,Henry Lake,Henry Lake,Henry Lake,79473,487,Crowley,Water Body,Warmwater,public-indicated,Public-land/property indicator or official property URL is present,Bass: Largemouth | Bass: Wiper | Carp: Common | Catfish: Black Bullhead | Catfish: Blue | Catfish: Channel | Crappie: Black | Crappie: Unspecified | Perch: Saugeye | Perch: Walleye | Sunfish: Bluegill,Crowley County,https://crowleycounty.colorado.gov/lake-henry,https://cpw.state.co.us/thingstodo/Fishery%20Survey%20Summaries/HenryLake.pdf,Easy,Low,Yes,No,Motor boats,False,,38.264183743097284,-103.70928224096399,exact-name-unmapped,Henry Lake,,0,no-project-stocking-record-found
hold-likely-existing-water,Likely alias or coordinate/name match to a water already in the project,Homestead Ranch Park Pond,Homestead Ranch Park Pond,Homestead Ranch Park Pond,82807,1349,El Paso,Water Body,Warmwater,private-indicated,Name or property text contains a private-access indicator,Catfish: Channel,Homestead Ranch Regional Park,https://communityservices.elpasoco.com/parks-and-recreation/homestead-ranch-regional-park/,"https://www.google.com/search?q=""fishing report""+Homestead Ranch Park Pond+""El Paso County""+Colorado",Easy,Low,Yes,No,None,False,,39.07417563430497,-104.52495215782177,exact-name-unmapped,Homestead Ranch Park Pond,,0,no-project-stocking-record-found
hold-likely-existing-water,Likely alias or coordinate/name match to a water already in the project,Horsetooth Reservoir,Horsetooth Reservoir,Horsetooth Reservoir,55168,538,Larimer,Water Body,Mixed coldwater/warmwater,public-indicated,Public-land/property indicator or official property URL is present,Bass: Largemouth | Bass: Smallmouth | Carp: Common | Crappie: Black | Perch: Walleye | Perch: Yellow | Sunfish: Bluegill | Trout: Brown | Trout: Cutbow | Trout: Cutthroat | Trout: Rainbow | Trout: Splake,Horsetooth Reservoir Area,https://www.larimer.org/naturalresources/parks/horsetooth-reservoir,https://cpw.state.co.us/thingstodo/Fishery%20Survey%20Summaries/HorsetoothReservoir.pdf,Easy,Medium,Yes,No,Motor boats,False,,40.55828452980138,-105.15949153719403,exact-name-unmapped,Horsetooth Reservoir,,0,no-project-stocking-record-found
hold-likely-existing-water,Likely alias or coordinate/name match to a water already in the project,Hot Springs Reservoir,Hot Springs Reservoir,Hot Springs Reservoir,90580,774,Gunnison,Water Body,Coldwater,public-indicated,Public-land/property indicator or official property URL is present,Trout: Rainbow,Tomichi Dome STL,https://cpw.state.co.us/placestogo/Pages/StateTrustLands.aspx,"https://www.google.com/search?q=""fishing report""+Hot Springs Reservoir+""Gunnison County""+Colorado",Medium,Low,Yes,Yes,Motor boats,False,,38.51179300427121,-106.53748928410134,exact-name-unmapped,Hot Springs Reservoir,,0,no-project-stocking-record-found
hold-likely-existing-water,Likely alias or coordinate/name match to a water already in the project,Hugo SWA Pond #4,[Purposely Left Blank],Hugo SWA Pond #4,79521,157,Lincoln,Water Body,Warmwater,public-indicated,Public-land/property indicator or official property URL is present,Bass: Largemouth | Catfish: Channel | Sunfish: Bluegill | Sunfish: Green,Hugo SWA,https://cpw.state.co.us/swa/Hugo%20SWA,"https://www.google.com/search?q=""fishing report""+Hugo SWA Pond #4+""Lincoln County""+Colorado",Easy,Low,Yes,Yes,None,False,,38.93367918434959,-103.42969933254234,near-name-near-coordinate,Hugo SWA Pond #2,0.114,0,no-project-stocking-record-found
hold-likely-existing-water,Likely alias or coordinate/name match to a water already in the project,Hugo SWA Pond #7,[Purposely Left Blank],Hugo SWA Pond #7,24841,1780,Lincoln,Water Body,Mixed coldwater/warmwater,public-indicated,Public-land/property indicator or official property URL is present,Bass: Largemouth | Catfish: Channel | Sunfish: Bluegill | Trout: Rainbow,Hugo SWA,https://cpw.state.co.us/swa/Hugo%20SWA,"https://www.google.com/search?q=""fishing report""+Hugo SWA Pond #7+""Lincoln County""+Colorado",Medium,Low,No,Yes,None,False,,38.89432688503899,-103.42425590933152,near-name-near-coordinate,Hugo SWA Pond #5,0.358,0,no-project-stocking-record-found
hold-likely-existing-water,Likely alias or coordinate/name match to a water already in the project,Hugo SWA Ponds,Hugo SWA Ponds,Hugo SWA Pond #6,46639,1779,Lincoln,Water Body,Warmwater,public-indicated,Public-land/property indicator or official property URL is present,Crappie: Black | Sunfish: Bluegill,Hugo SWA,https://cpw.state.co.us/swa/Hugo%20SWA,"https://www.google.com/search?q=""fishing report""+Hugo SWA Pond #6+""Lincoln County""+Colorado",Medium,Low,No,Yes,None,False,,38.89639701596329,-103.42714695471545,exact-name-unmapped,Hugo SWA Pond #6,,0,no-project-stocking-record-found
hold-likely-existing-water,Likely alias or coordinate/name match to a water already in the project,Ivanhoe Creek,Ivanhoe Creek,Ivanhoe Creek,20761,1547,Pitkin,Stream or River,Coldwater,public-indicated,Public-land/property indicator or official property URL is present,Trout: Brook,White River National Forest,https://www.fs.usda.gov/activity/whiteriver/recreation/fishing,"https://www.google.com/search?q=""fishing report""+Ivanhoe Creek+""Pitkin County""+Colorado",Easy,Low,No,No,None,False,,39.29069867237726,-106.54892847764171,exact-name-unmapped,Ivanhoe Creek,,0,no-project-stocking-record-found
hold-likely-existing-water,Likely alias or coordinate/name match to a water already in the project,Ivanhoe Lake,Ivanhoe Lake,Ivanhoe Lake,67517,934,Pitkin,Water Body,Coldwater,public-indicated,Public-land/property indicator or official property URL is present,Trout: Brook | Trout: Cutthroat | Trout: Lake | Trout: Rainbow,White River National Forest,https://www.fs.usda.gov/activity/whiteriver/recreation/fishing,"https://www.google.com/search?q=""fishing report""+Ivanhoe Lake+""Pitkin County""+Colorado",Difficult,Low,No,Yes,None,False,,39.26862279271876,-106.50437746717033,exact-name-unmapped,Ivanhoe Lake,,0,no-project-stocking-record-found
hold-likely-existing-water,Likely alias or coordinate/name match to a water already in the project,Jackson Reservoir,Jackson Reservoir,Jackson Reservoir,53037,445,Morgan,Water Body,Warmwater,public-indicated,Public-land/property indicator or official property URL is present,Bass: Wiper | Carp: Common | Catfish: Channel | Crappie: Black | Crappie: White | Drum: Freshwater | Perch: Saugeye | Perch: Walleye | Perch: Yellow | Sunfish: Bluegill | Sunfish: Green,Jackson Lake State Park,https://cpw.state.co.us/placestogo/parks/jacksonlake,https://cpw.state.co.us/thingstodo/Fishery%20Survey%20Summaries/JacksonReservoir.pdf,Medium,Medium,No,Yes,Motor boats,False,,40.39171976862814,-104.07397954878218,exact-name-unmapped,Jackson Reservoir,,0,no-project-stocking-record-found
hold-likely-existing-water,Likely alias or coordinate/name match to a water already in the project,Joe Wright Reservoir,Joe Wright Reservoir,Joe Wright Reservoir,55322,994,Larimer,Water Body,Mixed coldwater/warmwater,public-indicated,Public-land/property indicator or official property URL is present,Grayling: Arctic | Pike: Tiger Muskie | Trout: Tiger,Roosevelt National Forest,https://www.fs.usda.gov/activity/arp/recreation/fishing,https://cpw.state.co.us/thingstodo/Fishery%20Survey%20Summaries/JoeWrightReservoir.pdf,Medium,Medium,Yes,Yes,Non-motorized,False,,40.552595696602964,-105.87383486587197,exact-name-unmapped,Joe Wright Reservoir,,0,no-project-stocking-record-found
hold-likely-existing-water,Likely alias or coordinate/name match to a water already in the project,John Martin Reservoir,John Martin Reservoir,John Martin Reservoir,79524,50,Bent,Water Body,Warmwater,public-indicated,Public-land/property indicator or official property URL is present,Bass: Largemouth | Bass: Smallmouth | Bass: Striped | Bass: White | Bass: Wiper | Carp: Common | Catfish: Blue | Catfish: Channel | Crappie: Black | Crappie: Unspecified | Perch: Saugeye | Perch: Walleye | Sunfish: Bluegill,John Martin Reservoir SWA,https://cpw.state.co.us/swa/John%20Martin%20Reservoir%20SWA,https://cpw.state.co.us/thingstodo/Fishery%20Survey%20Summaries/JohnMartinReservoir.pdf,Easy,Low,Yes,Limited,Motor boats,False,,38.07304315816845,-103.02798657423442,exact-name-unmapped,John Martin Reservoir,,0,no-project-stocking-record-found
hold-likely-existing-water,Likely alias or coordinate/name match to a water already in the project,Johnston Reservoir,Johnston Reservoir,Johnston Reservoir,60169,177,Jefferson,Water Body,Warmwater,public-indicated,Public-land/property indicator or official property URL is present,Bass: Largemouth | Bass: Smallmouth | Carp: Common | Catfish: Channel | Crappie: Black | Perch: Saugeye | Perch: Yellow | Pike: Tiger Muskie | Sunfish: Bluegill,Clement Park,https://www.ifoothills.org/clement-park/,"https://www.google.com/search?q=""fishing report""+Johnston Reservoir+""Jefferson County""+Colorado",Easy,Medium,Yes,No,None,False,,39.60633086741594,-105.08559609587121,exact-name-unmapped,Johnston Reservoir,,0,no-project-stocking-record-found
hold-likely-existing-water,Likely alias or coordinate/name match to a water already in the project,Johnstown Reservoir,Johnstown Reservoir,Johnstown Reservoir,52443,1656,Weld,Water Body,Warmwater,public-indicated,Public-land/property indicator or official property URL is present,Bass: Largemouth | Bass: Smallmouth | Carp: Common | Catfish: Channel | Crappie: Black | Crappie: White | Perch: Walleye | Sunfish: Bluegill,Johnstown Lake Park,https://johnstown.colorado.gov/community/parks,"https://www.google.com/search?q=""fishing report""+Johnstown Reservoir+""Weld County""+Colorado",Easy,Medium,Yes,No,None,False,,40.337984011361954,-104.96298211782717,exact-name-unmapped,Johnstown Reservoir,,0,no-project-stocking-record-found
hold-likely-existing-water,Likely alias or coordinate/name match to a water already in the project,Kissel Pond,Kissel Pond,Kissel Pond,81585,846,Lincoln,Water Body,Mixed coldwater/warmwater,public-indicated,Public-land/property indicator or official property URL is present,Catfish: Channel | Crappie: Black | Trout: Rainbow,Doug Kissel Fishing Pond,https://www.townoflimon.com/index.php/fishing,"https://www.google.com/search?q=""fishing report""+Kissel Pond+""Lincoln County""+Colorado",Easy,Medium,Yes,No,None,False,,39.26174947037156,-103.67971122535349,exact-name-unmapped,Kissel Pond,,0,no-project-stocking-record-found
hold-likely-existing-water,Likely alias or coordinate/name match to a water already in the project,KOA Lake - Boulder,KOA Lake - Boulder,KOA Lake - Boulder,57830,294,Boulder,Water Body,Mixed coldwater/warmwater,public-indicated,Public-land/property indicator or official property URL is present,Bass: Largemouth | Carp: Common | Catfish: Channel | Crappie: Unspecified | Sunfish: Bluegill | Trout: Rainbow,KOA Lake Open Space,https://bouldercolorado.gov/services/fishing-osmp,"https://www.google.com/search?q=""fishing report""+KOA Lake - Boulder+""Boulder County""+Colorado",Easy,Medium,Yes,No,Belly boats,False,,40.02791691707057,-105.21954430290793,exact-name-unmapped,KOA Lake Boulder,,0,no-project-stocking-record-found
hold-likely-existing-water,Likely alias or coordinate/name match to a water already in the project,Lagerman Reservoir,Lagerman Reservoir,Lagerman Reservoir,61248,135,Boulder,Water Body,Warmwater,public-indicated,Public-land/property indicator or official property URL is present,Bass: Largemouth | Bass: Wiper | Carp: Common | Catfish: Channel | Crappie: Unspecified | Perch: Walleye | Pike: Northern | Sunfish: Bluegill,Lagerman Reservoir,https://www.bouldercounty.org/open-space/parks-and-trails/lagerman/,"https://www.google.com/search?q=""fishing report""+Lagerman Reservoir+""Boulder County""+Colorado",Easy,Medium,Yes,No,Motor boats,False,,40.133783139098995,-105.18872759888283,exact-name-unmapped,Lagerman Reservoir,,0,no-project-stocking-record-found
hold-likely-existing-water,Likely alias or coordinate/name match to a water already in the project,Lake Arbor,Lake Arbor,Lake Arbor,57504,422,Jefferson,Water Body,Warmwater,public-indicated,Public-land/property indicator or official property URL is present,Bass: Largemouth | Carp: Common | Catfish: Channel | Crappie: Black | Perch: Walleye | Sunfish: Bluegill | Sunfish: Green,Lake Arbor Community Park,https://arvada.org/parks-and-recreation,"https://www.google.com/search?q=""fishing report""+Lake Arbor+""Jefferson County""+Colorado",Easy,Medium,Yes,No,Non-motorized,False,,39.84332951377823,-105.0667849659866,exact-name-unmapped,Lake Arbor,,0,no-project-stocking-record-found
hold-likely-existing-water,Likely alias or coordinate/name match to a water already in the project,Lake John,Lake John,Lake John,55411,446,Jackson,Water Body,Coldwater,public-indicated,Public-land/property indicator or official property URL is present,Trout: Cutbow | Trout: Rainbow | Trout: Snake River Cutthroat,Lake John SWA,https://cpw.state.co.us/swa/Lake%20John%20SWA,https://cpw.state.co.us/thingstodo/Fishery%20Survey%20Summaries/LakeJohn.pdf,Easy,High,Yes,Yes,Motor boats,False,,40.77959150232314,-106.4728901276665,exact-name-unmapped,Lake John,,0,no-project-stocking-record-found
hold-likely-existing-water,Likely alias or coordinate/name match to a water already in the project,Laramie Lake,Laramie Lake,Laramie Lake,55435,1237,Larimer,Water Body,Coldwater,public-indicated,Public-land/property indicator or official property URL is present,Trout: Rainbow,Roosevelt National Forest,https://www.fs.usda.gov/activity/arp/recreation/fishing,"https://www.google.com/search?q=""fishing report""+Laramie Lake+""Larimer County""+Colorado",Difficult,Low,No,No,Unsure,False,,40.61774332170932,-105.83972690173249,exact-name-unmapped,Laramie Lake,,0,no-project-stocking-record-found
hold-likely-existing-water,Likely alias or coordinate/name match to a water already in the project,Main Lake,Main Lake,Main Lake,53190,507,Jefferson,Water Body,Mixed coldwater/warmwater,public-indicated,Public-land/property indicator or official property URL is present,Bass: Largemouth | Carp: Common | Crappie: Black | Perch: Saugeye | Perch: Yellow | Sunfish: Bluegill | Sunfish: Green | Sunfish: Pumpkinseed | Trout: Rainbow,Main Reservoir,https://www.lakewood.org/Government/Departments/Community-Resources/Parks-Forestry-and-Open-Space/A-to-Z-Park-Listing/Main-Reservoir,"https://www.google.com/search?q=""fishing report""+Main Lake+""Jefferson County""+Colorado",Easy,Medium,Yes,No,None,False,,39.69423642271513,-105.11715409146538,exact-name-unmapped,Main Lake,,0,no-project-stocking-record-found
hold-likely-existing-water,Likely alias or coordinate/name match to a water already in the project,Mann-Nyholt Lake North,Mann-Nyholt Lake North,Mann-Nyholt Lake North,52302,286,Adams,Water Body,Warmwater,public-indicated,Public-land/property indicator or official property URL is present,Bass: Largemouth | Carp: Common | Catfish: Channel | Sunfish: Bluegill | Sunfish: Green,Adams County Regional Park,https://www.adcogov.org/riverdale-regional-park,"https://www.google.com/search?q=""fishing report""+Mann-Nyholt Lake North+""Adams County""+Colorado",Easy,Medium,Yes,No,Belly boats,False,,39.93015655766525,-104.86784663683878,exact-name-unmapped,Mann-Nyholt Lake North,,0,no-project-stocking-record-found
hold-likely-existing-water,Likely alias or coordinate/name match to a water already in the project,Marys Lake,Marys Lake,Marys Lake,55649,796,Larimer,Water Body,Coldwater,public-indicated,Public-land/property indicator or official property URL is present,Trout: Brook | Trout: Brown | Trout: Rainbow,Marys Lake,https://www.visitestespark.com/things-to-do/outdoor-adventures/fishing/,"https://www.google.com/search?q=""fishing report""+Marys Lake+""Larimer County""+Colorado",Easy,Medium,Yes,No,None,False,,40.34465725519968,-105.53261915396632,exact-name-unmapped,Marys Lake,,0,no-project-stocking-record-found
hold-likely-existing-water,Likely alias or coordinate/name match to a water already in the project,McDonough Reservoir,McDonough Reservoir,McDonough Reservoir,91215,750,Saguache,Water Body,Coldwater,public-indicated,Public-land/property indicator or official property URL is present,Trout: Brook | Trout: Rainbow,Gunnison National Forest,https://www.fs.usda.gov/activity/gmug/recreation/fishing,"https://www.google.com/search?q=""fishing report""+McDonough Reservoir+""Saguache County""+Colorado",Medium,Low,Yes,No,Motor boats,False,,38.15798155107357,-106.8831659183168,exact-name-unmapped,McDonough Reservoir,,0,no-project-stocking-record-found
hold-likely-existing-water,Likely alias or coordinate/name match to a water already in the project,McMurry Park Lake,McMurry Park Lake,McMurry Park Lake,57655,372,Larimer,Water Body,Warmwater,public-indicated,Public-land/property indicator or official property URL is present,Bass: Largemouth | Catfish: Channel | Crappie: Black | Sunfish: Bluegill,Mcmurry Natural Area,https://www.fcgov.com/naturalareas/finder/mcmurry,"https://www.google.com/search?q=""fishing report""+McMurry Park Lake+""Larimer County""+Colorado",Easy,Medium,Yes,No,Non-motorized,False,,40.60214999675519,-105.08973648132137,exact-name-unmapped,McMurry Park Lake,,0,no-project-stocking-record-found
hold-likely-existing-water,Likely alias or coordinate/name match to a water already in the project,Mead Pond #1,[Purposely Left Blank],Mead Pond #1,58534,305,Weld,Water Body,Warmwater,public-indicated,Public-land/property indicator or official property URL is present,Bass: Largemouth | Carp: Common | Catfish: Channel | Sunfish: Bluegill,Mead Ponds,https://www.townofmead.org/parksandrec/page/mead-ponds,"https://www.google.com/search?q=""fishing report""+Mead Pond #1+""Weld County""+Colorado",Easy,Medium,Yes,No,Unsure,False,,40.23490857962022,-105.02644568875851,exact-name-unmapped,Mead Pond #1,,0,no-project-stocking-record-found
hold-likely-existing-water,Likely alias or coordinate/name match to a water already in the project,Mead Pond #3,[Purposely Left Blank],Mead Pond #3,58536,303,Weld,Water Body,Warmwater,public-indicated,Public-land/property indicator or official property URL is present,Bass: Largemouth | Catfish: Channel | Sunfish: Bluegill,Mead Ponds,https://www.townofmead.org/parksandrec/page/mead-ponds,"https://www.google.com/search?q=""fishing report""+Mead Pond #3+""Weld County""+Colorado",Easy,Low,Yes,No,Unsure,False,,40.23363949077405,-105.02632268693823,exact-name-unmapped,Mead Pond #3,,0,no-project-stocking-record-found
hold-likely-existing-water,Likely alias or coordinate/name match to a water already in the project,Meadow Creek Park,Meadow Creek Park,Meadow Creek Park Pond,31238,1332,Summit,Water Body,Coldwater,public-indicated,Public-land/property indicator or official property URL is present,Trout: Rainbow,Meadow Creek Park,https://www.townoffrisco.com/play/parks/meadow-creek-park/#title,"https://www.google.com/search?q=""fishing report""+Meadow Creek Park Pond+""Summit County""+Colorado",Easy,Unsure,Yes,Yes,None,False,,39.58698476927969,-106.09786267557791,exact-name-unmapped,Meadow Creek Park Pond,,0,no-project-stocking-record-found
hold-likely-existing-water,Likely alias or coordinate/name match to a water already in the project,Meredith Reservoir,Meredith Reservoir,Meredith Reservoir,79586,210,Crowley,Water Body,Warmwater,public-indicated,Public-land/property indicator or official property URL is present,Bass: Largemouth | Bass: Wiper | Carp: Common | Catfish: Black Bullhead | Catfish: Blue | Catfish: Channel | Crappie: Black | Perch: Saugeye | Perch: Walleye | Sunfish: Bluegill,Meredith Reservoir SWA,https://cpw.state.co.us/swa/Meredith%20Reservoir%20SWA,https://cpw.state.co.us/thingstodo/Fishery%20Survey%20Summaries/MeredithReservoir.pdf,Easy,Low,Yes,No,Motor boats,False,,38.19175714571965,-103.70160874017887,exact-name-unmapped,Meredith Reservoir,,0,no-project-stocking-record-found
hold-likely-existing-water,Likely alias or coordinate/name match to a water already in the project,"Michigan River, North Fork","Michigan River, North Fork","Michigan River, North Fork",11615,1477,Jackson,Stream or River,Coldwater,public-indicated,Public-land/property indicator or official property URL is present,Trout: Brown | Trout: Rainbow,State Forest State Park,https://cpw.state.co.us/placestogo/Parks/stateforest,"https://www.google.com/search?q=""fishing report""+Michigan River, North Fork+""Jackson County""+Colorado",Easy,Low,Yes,No,None,False,,40.55904084031169,-105.97361087832809,exact-name-unmapped,"Michigan River, North Fork",,0,no-project-stocking-record-found
hold-likely-existing-water,Likely alias or coordinate/name match to a water already in the project,"Michigan River, North Fork","Michigan River, North Fork","Michigan River, North Fork",11611,1462,Jackson,Stream or River,Coldwater,public-indicated,Public-land/property indicator or official property URL is present,Trout: Brown,State Forest State Park,https://cpw.state.co.us/placestogo/Parks/stateforest,"https://www.google.com/search?q=""fishing report""+Michigan River, North Fork+""Jackson County""+Colorado",Medium,Low,No,No,None,False,,40.55861741097091,-106.0323461676598,exact-name-unmapped,"Michigan River, North Fork",,0,no-project-stocking-record-found
hold-likely-existing-water,Likely alias or coordinate/name match to a water already in the project,Monument Creek,Monument Creek,Monument Creek,21268,1632,Mesa,Stream or River,Coldwater,public-indicated,Public-land/property indicator or official property URL is present,Trout: Cutthroat,Grand Mesa National Forest,https://www.fs.usda.gov/activity/gmug/recreation/fishing,"https://www.google.com/search?q=""fishing report""+Monument Creek+""Mesa County""+Colorado",Difficult,Low,No,No,None,False,,39.11028427278302,-107.759007876497,exact-name-unmapped,Monument Creek,,0,no-project-stocking-record-found
hold-likely-existing-water,Likely alias or coordinate/name match to a water already in the project,Monument Reservoir #1,Monument Reservoir #1,Monument Reservoir #1,72544,720,Mesa,Water Body,Coldwater,public-indicated,Public-land/property indicator or official property URL is present,Trout: Cutthroat,Grand Mesa National Forest,https://www.fs.usda.gov/activity/gmug/recreation/fishing,"https://www.google.com/search?q=""fishing report""+Monument Reservoir #1+""Mesa County""+Colorado",Difficult,Low,No,No,Non-motorized,False,,39.10581720587883,-107.74428116073213,exact-name-unmapped,Monument Reservoir #1,,0,no-project-stocking-record-found
hold-likely-existing-water,Likely alias or coordinate/name match to a water already in the project,Mountain Home Reservoir,Mountain Home Reservoir,Mountain Home Reservoir,91431,262,Costilla,Water Body,Coldwater,public-indicated,Public-land/property indicator or official property URL is present,Trout: Rainbow,Mountain Home Reservoir SWA,https://cpw.state.co.us/swa/Mountain%20Home%20Reservoir%20SWA,"https://www.google.com/search?q=""fishing report""+Mountain Home Reservoir+""Costilla County""+Colorado",Easy,High,Yes,Yes,Motor boats,False,,37.394000079205284,-105.38520130303063,exact-name-unmapped,Mountain Home Reservoir,,0,no-project-stocking-record-found
hold-likely-existing-water,Likely alias or coordinate/name match to a water already in the project,North Platte River,North Platte River,North Platte River,11786,1431,Jackson,Stream or River,Coldwater,public-indicated,Public-land/property indicator or official property URL is present,Trout: Brook | Trout: Brown | Trout: Rainbow,Routt National Forest,https://www.fs.usda.gov/activity/mbr/recreation/fishing,"https://www.google.com/search?q=""fishing report""+North Platte River+""Jackson County""+Colorado",Medium,Medium,No,No,None,False,,40.97188304521451,-106.34472424675624,exact-name-unmapped,North Platte River,,0,no-project-stocking-record-found
hold-likely-existing-water,Likely alias or coordinate/name match to a water already in the project,North Platte River,North Platte River,North Platte River,10904,612,Jackson,Stream or River,Coldwater,public-indicated,Public-land/property indicator or official property URL is present,Trout: Brown | Trout: Rainbow,Verner SWA,https://cpw.state.co.us/swa/Verner%20SWA,"https://www.google.com/search?q=""fishing report""+North Platte River+""Jackson County""+Colorado",Easy,Low,No,No,None,False,,40.704908749222696,-106.40897767128264,exact-name-unmapped,North Platte River,,1,no-project-stocking-record-found
hold-likely-existing-water,Likely alias or coordinate/name match to a water already in the project,North Sterling Reservoir,North Sterling Reservoir,North Sterling Reservoir,53328,211,Logan,Water Body,Warmwater,public-indicated,Public-land/property indicator or official property URL is present,Bass: Largemouth | Bass: Wiper | Carp: Common | Catfish: Channel | Crappie: Black | Crappie: White | Drum: Freshwater | Perch: Saugeye | Perch: Walleye | Perch: Yellow | Sunfish: Bluegill | Sunfish: Green,North Sterling State Park,https://cpw.state.co.us/placestogo/Parks/northsterling,https://cpw.state.co.us/thingstodo/Fishery%20Survey%20Summaries/NorthSterlingReservoir.pdf,Medium,Medium,No,Yes,Motor boats,False,,40.76930807181084,-103.28416616773397,exact-name-unmapped,North Sterling Reservoir,,0,no-project-stocking-record-found
hold-likely-existing-water,Likely alias or coordinate/name match to a water already in the project,Officers Gulch Pond,Officers Gulch Pond,Officers Gulch Pond,68925,770,Summit,Water Body,Coldwater,public-indicated,Public-land/property indicator or official property URL is present,Trout: Brook | Trout: Rainbow | Trout: Tiger,White River National Forest,https://www.fs.usda.gov/activity/whiteriver/recreation/fishing,"https://www.google.com/search?q=""fishing report""+Officers Gulch Pond+""Summit County""+Colorado",Easy,High,Yes,Yes,Non-motorized,False,,39.53969200388153,-106.145957448217,exact-name-unmapped,Officers Gulch Pond,,0,no-project-stocking-record-found
hold-likely-existing-water,Likely alias or coordinate/name match to a water already in the project,Overland Reservoir,Overland Reservoir,Overland Reservoir,91645,307,Delta,Water Body,Coldwater,public-indicated,Public-land/property indicator or official property URL is present,Trout: Rainbow,Grand Mesa National Forest,https://www.fs.usda.gov/activity/gmug/recreation/fishing,"https://www.google.com/search?q=""fishing report""+Overland Reservoir+""Delta County""+Colorado",Easy,Medium,No,Yes,Non-motorized,False,,39.084203247937076,-107.64617556105524,exact-name-unmapped,Overland Reservoir,,0,no-project-stocking-record-found
hold-likely-existing-water,Likely alias or coordinate/name match to a water already in the project,Paonia Reservoir,Paonia Reservoir,Paonia Reservoir,91657,1353,Gunnison,Water Body,Coldwater,public-indicated,Public-land/property indicator or official property URL is present,Trout: Rainbow,Paonia State Park,https://cpw.state.co.us/placestogo/Parks/paonia,"https://www.google.com/search?q=""fishing report""+Paonia Reservoir+""Gunnison County""+Colorado",Easy,Low,No,No,Motor boats,False,,38.956317496575366,-107.3404973257569,exact-name-unmapped,Paonia Reservoir,,0,no-project-stocking-record-found
hold-likely-existing-water,Likely alias or coordinate/name match to a water already in the project,"Parachute Creek, East Fork","Parachute Creek, East Fork","Parachute Creek, East Fork",21460,1507,Garfield,Stream or River,Coldwater,public-indicated,Public-land/property indicator or official property URL is present,Trout: Cutthroat,US Bureau of Land Management,https://www.blm.gov/colorado,"https://www.google.com/search?q=""fishing report""+Parachute Creek, East Fork+""Garfield County""+Colorado",Medium,Low,No,No,None,False,,39.57205428808449,-108.02568316119739,exact-name-unmapped,"PARACHUTE CREEK, EAST FORK",,0,no-project-stocking-record-found
hold-likely-existing-water,Likely alias or coordinate/name match to a water already in the project,Park Lake,Park Lake,Park Lake,56037,1339,Boulder,Water Body,Warmwater,public-indicated,Public-land/property indicator or official property URL is present,Bass: Largemouth | Catfish: Channel | Sunfish: Bluegill,Lake Park,https://www.louisvilleco.gov/local-government/government/departments/parks-recreation-and-open-space,"https://www.google.com/search?q=""fishing report""+Park Lake+""Boulder County""+Colorado",Easy,Low,No,No,None,False,,39.983508654269976,-105.14295380254504,exact-name-unmapped,Park Lake,,0,no-project-stocking-record-found
hold-likely-existing-water,Likely alias or coordinate/name match to a water already in the project,Pinewood Reservoir,Pinewood Reservoir,Pinewood Reservoir,55928,284,Larimer,Water Body,Mixed coldwater/warmwater,public-indicated,Public-land/property indicator or official property URL is present,Pike: Tiger Muskie | Trout: Brown | Trout: Rainbow,Pinewood Reservoir,https://www.larimer.org/naturalresources/parks/pinewood-reservoir,"https://www.google.com/search?q=""fishing report""+Pinewood Reservoir+""Larimer County""+Colorado",Easy,Low,Yes,No,Non-motorized,False,,40.362682268904145,-105.28436150920831,exact-name-unmapped,Pinewood Reservoir,,0,no-project-stocking-record-found
hold-likely-existing-water,Likely alias or coordinate/name match to a water already in the project,Pioneer Lake,Pioneer Lake,Pioneer Lake,60083,263,Yuma,Water Body,Warmwater,public-indicated,Public-land/property indicator or official property URL is present,Bass: Largemouth | Catfish: Channel | Sunfish: Bluegill | Sunfish: Green,City of Yuma,https://cityofyuma.colorado.gov/departments/parks-recreation,"https://www.google.com/search?q=""fishing report""+Pioneer Lake+""Yuma County""+Colorado",Easy,Medium,Yes,No,None,False,,40.12197776963806,-102.70786148790806,exact-name-unmapped,PIONEER LAKE,,0,no-project-stocking-record-found
hold-likely-existing-water,Likely alias or coordinate/name match to a water already in the project,Poplar Pond - Belly Boat #2,[Purposely Left Blank],Poplar Pond - Belly Boat #2,60416,281,Boulder,Water Body,Warmwater,public-indicated,Public-land/property indicator or official property URL is present,Bass: Largemouth | Catfish: Channel | Crappie: Unspecified | Perch: Yellow | Sunfish: Bluegill,Pella Crossing,https://www.bouldercounty.org/open-space/parks-and-trails/pella-crossing/,"https://www.google.com/search?q=""fishing report""+Poplar Pond - Belly Boat #2+""Boulder County""+Colorado",Easy,Medium,Yes,No,Non-motorized,False,,40.186860903580886,-105.18618025701146,exact-name-unmapped,Poplar Pond - Belly Boat #2,,0,no-project-stocking-record-found
hold-likely-existing-water,Likely alias or coordinate/name match to a water already in the project,Pothole Lake #2 (upper),Pothole Lake #2 (upper),Pothole Lake #2 (upper),91809,772,Gunnison,Water Body,Coldwater,public-indicated,Public-land/property indicator or official property URL is present,Trout: Rainbow,Gunnison National Forest,https://www.fs.usda.gov/activity/gmug/recreation/fishing,"https://www.google.com/search?q=""fishing report""+Pothole Lake #2 (upper)+""Gunnison County""+Colorado",Easy,Medium,No,Unsure,Motor boats,False,,38.94899380322163,-106.61759627647484,exact-name-unmapped,Pothole Lake #2 (Upper),,0,no-project-stocking-record-found
hold-likely-existing-water,Likely alias or coordinate/name match to a water already in the project,Prospect Park Lakes,Prospect Park Lakes,Tabor Lake,58001,215,Jefferson,Water Body,Mixed coldwater/warmwater,public-indicated,Public-land/property indicator or official property URL is present,Bass: Largemouth | Catfish: Channel | Crappie: Black | Perch: Saugeye | Perch: Yellow | Sunfish: Bluegill | Sunfish: Green | Trout: Rainbow,Prospect Park,https://www.rootedinfun.com/Facilities/Facility/Details/Clear-Creek-Trail-5,"https://www.google.com/search?q=""fishing report""+Tabor Lake+""Jefferson County""+Colorado",Medium,Medium,No,No,None,False,,39.775262507266035,-105.13219177793046,exact-name-unmapped,Tabor Lake,,0,no-project-stocking-record-found
hold-likely-existing-water,Likely alias or coordinate/name match to a water already in the project,Red Rock Lake,Red Rock Lake,Red Rock Lake,56158,199,Boulder,Water Body,Coldwater,public-indicated,Public-land/property indicator or official property URL is present,Trout: Rainbow,Roosevelt National Forest,https://www.fs.usda.gov/activity/arp/recreation/fishing,"https://www.google.com/search?q=""fishing report""+Red Rock Lake+""Boulder County""+Colorado",Easy,Medium,Yes,No,Non-motorized,False,,40.08186422087971,-105.54127019425708,exact-name-unmapped,Red Rock Lake,,0,no-project-stocking-record-found
hold-likely-existing-water,Likely alias or coordinate/name match to a water already in the project,Reed Reservoir,Reed Reservoir,Reed Reservoir,91936,702,Delta,Water Body,Coldwater,public-indicated,Public-land/property indicator or official property URL is present,Trout: Rainbow,Grand Mesa National Forest,https://www.fs.usda.gov/activity/gmug/recreation/fishing,"https://www.google.com/search?q=""fishing report""+Reed Reservoir+""Delta County""+Colorado",Easy,Medium,No,Yes,Non-motorized,False,,39.03313581709559,-107.94796389444231,exact-name-unmapped,Reed Reservoir,,0,no-project-stocking-record-found
hold-likely-existing-water,Likely alias or coordinate/name match to a water already in the project,Ridgeview Park Pond,Ridgeview Park Pond,Ridgeview Park Pond,58304,115,Arapahoe,Water Body,Warmwater,public-indicated,Public-land/property indicator or official property URL is present,Bass: Largemouth | Carp: Common | Sunfish: Green,Ridgeview Park,https://www.ssprd.org/ridgeview-park,"https://www.google.com/search?q=""fishing report""+Ridgeview Park Pond+""Arapahoe County""+Colorado",Easy,Low,No,No,None,False,,39.588254750682985,-105.01835954505101,exact-name-unmapped,Ridgeview Park Pond,,0,no-project-stocking-record-found
hold-likely-existing-water,Likely alias or coordinate/name match to a water already in the project,River's Edge Natural Area Ponds,River's Edge Natural Area Ponds,Sandpiper Pond,16931,1775,Larimer,Water Body,Warmwater,public-indicated,Public-land/property indicator or official property URL is present,Bass: Largemouth | Catfish: Channel | Sunfish: Bluegill,River's Edge Natural Area,https://www.lovgov.org/services/parks-recreation/trail-info/river-s-edge-natural-area,https://cpw.state.co.us/thingstodo/Fishery%20Survey%20Summaries/RiversEdgeNaturalArea.pdf,Easy,High,Yes,No,Belly boats,False,,40.38939953475612,-105.09075098111109,exact-name-unmapped,Sandpiper Pond,,0,no-project-stocking-record-found
hold-likely-existing-water,Likely alias or coordinate/name match to a water already in the project,Riverbend Pond #2,[Purposely Left Blank],Riverbend Pond #2,57756,437,Larimer,Water Body,Warmwater,public-indicated,Public-land/property indicator or official property URL is present,Bass: Largemouth | Crappie: Black | Perch: Yellow,Riverbend Ponds Natural Area,https://www.fcgov.com/naturalareas/finder/riverbend,"https://www.google.com/search?q=""fishing report""+Riverbend Pond #2+""Larimer County""+Colorado",Easy,Medium,Yes,No,Non-motorized,False,,40.57650646867769,-105.0311541885573,exact-name-unmapped,Riverbend Pond #2,,0,no-project-stocking-record-found
hold-likely-existing-water,Likely alias or coordinate/name match to a water already in the project,Riverbend Pond #6,[Purposely Left Blank],Riverbend Pond #6,58056,430,Larimer,Water Body,Warmwater,public-indicated,Public-land/property indicator or official property URL is present,Bass: Largemouth | Crappie: Black | Perch: Yellow,Riverbend Ponds Natural Area,https://www.fcgov.com/naturalareas/finder/riverbend,"https://www.google.com/search?q=""fishing report""+Riverbend Pond #6+""Larimer County""+Colorado",Easy,Medium,Yes,No,Non-motorized,False,,40.568071593037956,-105.02526704251189,exact-name-unmapped,Riverbend Pond #6,,0,no-project-stocking-record-found
hold-likely-existing-water,Likely alias or coordinate/name match to a water already in the project,Road Canyon Reservoir,Road Canyon Reservoir,Road Canyon Reservoir,92003,269,Hinsdale,Water Body,Coldwater,public-indicated,Public-land/property indicator or official property URL is present,Trout: Brook | Trout: Cutbow | Trout: Cutthroat | Trout: Rainbow | Trout: Splake,Road Canyon Reservoir SWA,https://cpw.state.co.us/swa/Road%20Canyon%20Reservoir%20SWA,"https://www.google.com/search?q=""fishing report""+Road Canyon Reservoir+""Hinsdale County""+Colorado",Easy,High,Yes,Yes,Motor boats,False,,37.76685395038874,-107.18226193432204,exact-name-unmapped,Road Canyon Reservoir,,0,no-project-stocking-record-found
hold-likely-existing-water,Likely alias or coordinate/name match to a water already in the project,"Ryan Pond, Middle",[Purposely Left Blank],"Ryan Pond, Middle",82482,1666,Otero,Water Body,Warmwater,public-indicated,Public-land/property indicator or official property URL is present,Bass: Largemouth | Catfish: Channel | Crappie: Black | Sunfish: Bluegill,Rocky Ford SWA,https://cpw.state.co.us/swa/Rocky%20Ford%20SWA,"https://www.google.com/search?q=""fishing report""+Ryan Pond, Middle+""Otero County""+Colorado",Easy,Medium,Yes,Yes,Electric,False,,38.064696123511645,-103.68247699797611,exact-name-unmapped,"Ryan Pond, Middle",,0,no-project-stocking-record-found
hold-likely-existing-water,Likely alias or coordinate/name match to a water already in the project,"Ryan Pond, SE",[Purposely Left Blank],"Ryan Pond, SE",81810,1692,Otero,Water Body,Warmwater,public-indicated,Public-land/property indicator or official property URL is present,Bass: Largemouth | Catfish: Channel | Sunfish: Bluegill,Rocky Ford SWA,https://cpw.state.co.us/swa/Rocky%20Ford%20SWA,"https://www.google.com/search?q=""fishing report""+Ryan Pond, SE+""Otero County""+Colorado",Easy,Medium,Yes,Yes,Electric,False,,38.05697922553278,-103.67577385556427,exact-name-unmapped,"Ryan Pond, SE",,0,no-project-stocking-record-found
hold-likely-existing-water,Likely alias or coordinate/name match to a water already in the project,"Ryan Pond, West",[Purposely Left Blank],"Ryan Pond, West",81618,1644,Otero,Water Body,Warmwater,public-indicated,Public-land/property indicator or official property URL is present,Bass: Largemouth | Catfish: Channel | Crappie: Black | Sunfish: Bluegill,Rocky Ford SWA,https://cpw.state.co.us/swa/Rocky%20Ford%20SWA,"https://www.google.com/search?q=""fishing report""+Ryan Pond, West+""Otero County""+Colorado",Easy,Medium,Yes,Yes,Electric,False,,38.064631415110796,-103.68311161370688,exact-name-unmapped,"Ryan Pond, West",,0,no-project-stocking-record-found
hold-likely-existing-water,Likely alias or coordinate/name match to a water already in the project,Ryan Ponds,Ryan Ponds,"Ryan Pond, East",81620,1665,Otero,Water Body,Warmwater,public-indicated,Public-land/property indicator or official property URL is present,Bass: Largemouth | Catfish: Channel | Crappie: Black | Sunfish: Bluegill,Rocky Ford SWA,https://cpw.state.co.us/swa/Rocky%20Ford%20SWA,"https://www.google.com/search?q=""fishing report""+Ryan Pond, East+""Otero County""+Colorado",Easy,Medium,Yes,Yes,Electric,False,,38.06068765355321,-103.67527971478435,exact-name-unmapped,"Ryan Pond, East",,0,no-project-stocking-record-found
hold-likely-existing-water,Likely alias or coordinate/name match to a water already in the project,"San Juan River, West Fork","San Juan River, West Fork","San Juan River, West Fork",42933,1525,Mineral,Stream or River,Coldwater,public-indicated,Public-land/property indicator or official property URL is present,Trout: Brown | Trout: Rainbow,Weminuche Wilderness Area,https://www.fs.usda.gov/activity/sanjuan/recreation/fishing,"https://www.google.com/search?q=""fishing report""+San Juan River, West Fork+""Mineral County""+Colorado",Difficult,Low,No,No,Unsure,False,,37.48104987500314,-106.92889527679415,exact-name-unmapped,"San Juan River, West Fork",,0,no-project-stocking-record-found
hold-likely-existing-water,Likely alias or coordinate/name match to a water already in the project,San Luis Lake,San Luis Lake,San Luis Lake,92166,742,Alamosa,Water Body,Coldwater,public-indicated,Public-land/property indicator or official property URL is present,Trout: Rainbow,San Luis Lakes SWA,https://cpw.state.co.us/swa/San%20Luis%20Lakes%20SWA,"https://www.google.com/search?q=""fishing report""+San Luis Lake+""Alamosa County""+Colorado",Easy,Medium,Yes,Limited,Motor boats,False,,37.67440852710158,-105.72383086314966,exact-name-unmapped,San Luis Lake,,0,no-project-stocking-record-found
hold-likely-existing-water,Likely alias or coordinate/name match to a water already in the project,San Miguel River,San Miguel River,San Miguel River,46866,614,San Miguel,Stream or River,Coldwater,public-indicated,Public-land/property indicator or official property URL is present,Trout: Brown | Trout: Rainbow,San Miguel SWA,https://cpw.state.co.us/swa/San%20Miguel%20SWA,"https://www.google.com/search?q=""fishing report""+San Miguel River+""San Miguel County""+Colorado",Easy,Medium,No,No,None,False,,38.00391004416691,-108.04007736915307,exact-name-unmapped,San Miguel River,,0,no-project-stocking-record-found
hold-likely-existing-water,Likely alias or coordinate/name match to a water already in the project,Sawhill Pond #1A,[Purposely Left Blank],Sawhill Pond #1A,53487,338,Boulder,Water Body,Warmwater,public-indicated,Public-land/property indicator or official property URL is present,Bass: Largemouth | Catfish: Black Bullhead | Catfish: Channel | Crappie: Unspecified | Perch: Yellow | Sunfish: Bluegill | Sunfish: Pumpkinseed,Sawhill Ponds,https://bouldercolorado.gov/services/fishing-osmp,"https://www.google.com/search?q=""fishing report""+Sawhill Pond #1A+""Boulder County""+Colorado",Easy,Low,Yes,No,Belly boats,False,,40.040588750295456,-105.18806850855215,exact-name-unmapped,Sawhill Pond #1A,,0,no-project-stocking-record-found
hold-likely-existing-water,Likely alias or coordinate/name match to a water already in the project,St. Vrain State Park,St. Vrain State Park,St. Vrain State Park Bald Eagle,58092,233,Weld,Water Body,Warmwater,public-indicated,Public-land/property indicator or official property URL is present,Bass: Largemouth | Catfish: Channel | Crappie: Black | Perch: Yellow | Sunfish: Bluegill | Sunfish: Green,St. Vrain State Park,https://cpw.state.co.us/placestogo/Parks/stvrain,https://cpw.state.co.us/thingstodo/Fishery%20Survey%20Summaries/StVrainStateParkPonds.pdf,Easy,Medium,Yes,Yes,Electric,False,,40.16704390813804,-104.98453538386265,exact-name,St Vrain State Park,0.161,0,no-project-stocking-record-found
hold-likely-existing-water,Likely alias or coordinate/name match to a water already in the project,St. Vrain State Park Killdeer,[Purposely Left Blank],St. Vrain State Park Killdeer,58102,225,Weld,Water Body,Warmwater,public-indicated,Public-land/property indicator or official property URL is present,Bass: Largemouth | Carp: Common | Catfish: Channel | Crappie: Black | Sunfish: Bluegill,St. Vrain State Park,https://cpw.state.co.us/placestogo/Parks/stvrain,https://cpw.state.co.us/thingstodo/Fishery%20Survey%20Summaries/StVrainStateParkPonds.pdf,Easy,Medium,Yes,Yes,Electric,False,,40.168567632367015,-104.98784329874238,near-coordinate-possible-alias,St. Vrain State Park Mallard,0.129,0,no-project-stocking-record-found
hold-likely-existing-water,Likely alias or coordinate/name match to a water already in the project,St. Vrain State Park Pintail Pond,[Purposely Left Blank],St. Vrain State Park Pintail Pond,58090,234,Weld,Water Body,Warmwater,public-indicated,Public-land/property indicator or official property URL is present,Carp: Common | Catfish: Black Bullhead | Catfish: Channel | Sunfish: Green,St. Vrain State Park,https://cpw.state.co.us/placestogo/Parks/stvrain,https://cpw.state.co.us/thingstodo/Fishery%20Survey%20Summaries/StVrainStateParkPonds.pdf,Easy,Low,Yes,Yes,Electric,False,,40.16525278778789,-104.98955194831169,exact-name-unmapped,St. Vrain State Park — Pintail Pond,,0,no-project-stocking-record-found
hold-likely-existing-water,Likely alias or coordinate/name match to a water already in the project,St. Vrain State Park Red Tail,[Purposely Left Blank],St. Vrain State Park Red Tail,58085,232,Weld,Water Body,Mixed coldwater/warmwater,public-indicated,Public-land/property indicator or official property URL is present,Bass: Largemouth | Catfish: Channel | Perch: Yellow | Sunfish: Bluegill | Trout: Rainbow,St. Vrain State Park,https://cpw.state.co.us/placestogo/Parks/stvrain,https://cpw.state.co.us/thingstodo/Fishery%20Survey%20Summaries/StVrainStateParkPonds.pdf,Easy,Medium,Yes,Yes,Electric,False,,40.16465800898382,-104.98436670630343,near-coordinate-possible-alias,ST VRAIN STATE PARK PNDS,0.193,0,no-project-stocking-record-found
hold-likely-existing-water,Likely alias or coordinate/name match to a water already in the project,Steamboat Lake,Steamboat Lake,Steamboat Lake,70223,192,Routt,Water Body,Coldwater,public-indicated,Public-land/property indicator or official property URL is present,Trout: Rainbow | Trout: Snake River Cutthroat,Steamboat Lake State Park,https://cpw.state.co.us/placestogo/Parks/SteamboatLake,"https://www.google.com/search?q=""fishing report""+Steamboat Lake+""Routt County""+Colorado",Easy,High,Yes,Yes,Motor boats,False,,40.791822311761415,-106.96507098754617,exact-name-unmapped,Steamboat Lake,,0,no-project-stocking-record-found
hold-likely-existing-water,Likely alias or coordinate/name match to a water already in the project,Summit Reservoir,Summit Reservoir,Summit Reservoir,92445,220,Montezuma,Water Body,Mixed coldwater/warmwater,public-indicated,Public-land/property indicator or official property URL is present,Bass: Largemouth | Bass: Smallmouth | Catfish: Channel | Crappie: Black | Crappie: Unspecified | Sunfish: Bluegill | Trout: Rainbow,Summit Reservoir SWA,https://cpw.state.co.us/swa/Summit%20Reservoir%20SWA,"https://www.google.com/search?q=""fishing report""+Summit Reservoir+""Montezuma County""+Colorado",Easy,Medium,Yes,Yes,Non-motorized,False,,37.416313597148545,-108.3841879847068,exact-name-unmapped,Summit Reservoir,,0,no-project-stocking-record-found
hold-likely-existing-water,Likely alias or coordinate/name match to a water already in the project,Sylvan Lake,Sylvan Lake,Sylvan Lake,70437,412,Eagle,Water Body,Coldwater,public-indicated,Public-land/property indicator or official property URL is present,Trout: Brook | Trout: Brown | Trout: Rainbow | Trout: Snake River Cutthroat,Sylvan Lake State Park,https://cpw.state.co.us/placestogo/Parks/sylvanlake,"https://www.google.com/search?q=""fishing report""+Sylvan Lake+""Eagle County""+Colorado",Easy,High,Yes,Yes,Electric,False,,39.477406519719715,-106.73190508447712,exact-name-unmapped,Sylvan Lake,,0,no-project-stocking-record-found
hold-likely-existing-water,Likely alias or coordinate/name match to a water already in the project,"Tenmile Creek, North","Tenmile Creek, North","Tenmile Creek, North",22323,1570,Summit,Stream or River,Coldwater,public-indicated,Public-land/property indicator or official property URL is present,Trout: Brook,Eagles Nest Wilderness Area,https://www.fs.usda.gov/activity/whiteriver/recreation/fishing,"https://www.google.com/search?q=""fishing report""+Tenmile Creek, North+""Summit County""+Colorado",Difficult,Low,No,No,None,False,,39.57259527162959,-106.17391261292198,exact-name-unmapped,"Tenmile Creek, North",,0,no-project-stocking-record-found
hold-likely-existing-water,Likely alias or coordinate/name match to a water already in the project,Thunderbird Lake,Thunderbird Lake,Thunderbird Lake,60715,277,Boulder,Water Body,Warmwater,public-indicated,Public-land/property indicator or official property URL is present,Bass: Largemouth | Catfish: Channel | Sunfish: Bluegill | Sunfish: Green,Admiral Arleigh A. Burke Park/Thunderbird Lake,https://bouldercolorado.gov/locations/admiral-arleigh-burke-park,"https://www.google.com/search?q=""fishing report""+Thunderbird Lake+""Boulder County""+Colorado",Easy,Low,Yes,No,None,False,,39.99548793929527,-105.23577804047827,exact-name-unmapped,Thunderbird Lake,,0,no-project-stocking-record-found
hold-likely-existing-water,Likely alias or coordinate/name match to a water already in the project,Tom Frost Reservoir,Tom Frost Reservoir,Tom Frost Reservoir,52306,375,Broomfield,Water Body,Warmwater,public-indicated,Public-land/property indicator or official property URL is present,Bass: Largemouth | Catfish: Channel,Tom Frost Reservoir,https://www.broomfield.org/1062/Fishing-in-Broomfield,"https://www.google.com/search?q=""fishing report""+Tom Frost Reservoir+""Broomfield County""+Colorado",Easy,Medium,No,No,None,False,,39.929888220730234,-105.03773055173306,exact-name-unmapped,Tom Frost Reservoir,,0,no-project-stocking-record-found
hold-likely-existing-water,Likely alias or coordinate/name match to a water already in the project,Totten Reservoir,Totten Reservoir,Totten Reservoir,92659,416,Montezuma,Water Body,Warmwater,public-indicated,Public-land/property indicator or official property URL is present,Bass: Largemouth | Catfish: Channel | Crappie: Unspecified | Perch: Walleye | Perch: Yellow | Pike: Northern | Sunfish: Bluegill,Totten Reservoir SWA,https://cpw.state.co.us/swa/Totten%20Reservoir%20SWA,"https://www.google.com/search?q=""fishing report""+Totten Reservoir+""Montezuma County""+Colorado",Easy,Medium,Yes,Yes,Non-motorized,False,,37.36431348892451,-108.53002391141031,exact-name-unmapped,Totten Reservoir,,0,no-project-stocking-record-found
hold-likely-existing-water,Likely alias or coordinate/name match to a water already in the project,Trickle Park Reservoir,Trickle Park Reservoir,Trickle Park Reservoir,92685,495,Delta,Water Body,Coldwater,public-indicated,Public-land/property indicator or official property URL is present,Trout: Brown | Trout: Rainbow | Trout: Snake River Cutthroat,Grand Mesa National Forest,https://www.fs.usda.gov/recarea/gmug/recreation/recarea/?recid=33024,"https://www.google.com/search?q=""fishing report""+Trickle Park Reservoir+""Delta County""+Colorado",Easy,Medium,Yes,Yes,Motor boats,False,,39.0500890496032,-107.87624515279961,exact-name-unmapped,Trickle Park Reservoir,,0,no-project-stocking-record-found
hold-likely-existing-water,Likely alias or coordinate/name match to a water already in the project,Twin Lake #2,[Purposely Left Blank],Twin Lake #2,92762,725,Delta,Water Body,Coldwater,public-indicated,Public-land/property indicator or official property URL is present,Trout: Cutthroat | Trout: Rainbow,Grand Mesa National Forest,https://www.fs.usda.gov/activity/gmug/recreation/fishing,"https://www.google.com/search?q=""fishing report""+Twin Lake #2+""Delta County""+Colorado",Medium,Medium,No,Yes,Non-motorized,False,,39.069108065179655,-107.8446144691259,exact-name-unmapped,Twin Lake #2,,0,no-project-stocking-record-found
hold-likely-existing-water,Likely alias or coordinate/name match to a water already in the project,Twin Lakes,Twin Lakes,Twin Lake #1,92774,728,Delta,Water Body,Coldwater,public-indicated,Public-land/property indicator or official property URL is present,Trout: Cutthroat,Grand Mesa National Forest,https://www.fs.usda.gov/activity/gmug/recreation/fishing,"https://www.google.com/search?q=""fishing report""+Twin Lake #1+""Delta County""+Colorado",Easy,Medium,Yes,Yes,Non-motorized,False,,39.065861055742914,-107.84393342846124,exact-name-unmapped,Twin Lake #1,,0,no-project-stocking-record-found
hold-likely-existing-water,Likely alias or coordinate/name match to a water already in the project,Twin Lakes Park Pond,Twin Lakes Park Pond,Twin Lakes Park Pond,58025,228,Adams,Water Body,Warmwater,public-indicated,Public-land/property indicator or official property URL is present,Bass: Largemouth | Crappie: Black | Sunfish: Green | Sunfish: Pumpkinseed,Twin Lakes Park,https://www.adcogov.org/twin-lakes-park,"https://www.google.com/search?q=""fishing report""+Twin Lakes Park Pond+""Adams County""+Colorado",Easy,Low,Yes,No,None,False,,39.82145029458772,-104.99090880593764,exact-name-unmapped,Twin Lakes Park Pond,,0,no-project-stocking-record-found
hold-likely-existing-water,Likely alias or coordinate/name match to a water already in the project,Union Reservoir,Union Reservoir,Union Reservoir,53570,241,Weld,Water Body,Mixed coldwater/warmwater,public-indicated,Public-land/property indicator or official property URL is present,Bass: Largemouth | Bass: Smallmouth | Bass: Wiper | Carp: Common | Catfish: Black Bullhead | Catfish: Channel | Crappie: Black | Crappie: Unspecified | Perch: Walleye | Perch: Yellow | Sunfish: Bluegill | Trout: Rainbow,Union Reservoir and Park,https://www.longmontcolorado.gov/Home/Components/FacilityDirectory/FacilityDirectory/4/52,https://cpw.state.co.us/thingstodo/Fishery%20Survey%20Summaries/UnionReservoir.pdf,Easy,Medium,Yes,No,Motor boats,False,,40.182222552110446,-105.0390604257645,exact-name-unmapped,Union Reservoir,,0,no-project-stocking-record-found
hold-likely-existing-water,Likely alias or coordinate/name match to a water already in the project,Valco Pond #3,[Purposely Left Blank],Valco Pond #3,81413,1358,Pueblo,Water Body,Warmwater,public-indicated,Public-land/property indicator or official property URL is present,Bass: Largemouth | Bass: Smallmouth | Catfish: Channel | Crappie: Black | Perch: Saugeye | Perch: Walleye | Sunfish: Bluegill,Lake Pueblo State Park,https://cpw.state.co.us/placestogo/Parks/lakepueblo,"https://www.google.com/search?q=""fishing report""+Valco Pond #3+""Pueblo County""+Colorado",Medium,Medium,No,No,Belly boats,False,,38.25847606049245,-104.69981506153508,exact-name-unmapped,VALCO POND #3,,0,no-project-stocking-record-found
hold-likely-existing-water,Likely alias or coordinate/name match to a water already in the project,Valco Pond #4,Valco Pond #4,Valco Pond #4,81414,1596,Pueblo,Water Body,Warmwater,public-indicated,Public-land/property indicator or official property URL is present,Bass: Largemouth | Bass: Smallmouth | Catfish: Channel | Crappie: Black | Perch: Saugeye | Perch: Walleye | Sunfish: Bluegill | Sunfish: Green,Lake Pueblo State Park,https://cpw.state.co.us/placestogo/Parks/lakepueblo,"https://www.google.com/search?q=""fishing report""+Valco Pond #4+""Pueblo County""+Colorado",Medium,Medium,No,No,None,False,,38.25967866123205,-104.68816954653352,exact-name-unmapped,VALCO POND #4,,0,no-project-stocking-record-found
hold-likely-existing-water,Likely alias or coordinate/name match to a water already in the project,Vega Reservoir,Vega Reservoir,Vega Reservoir,70691,54,Mesa,Water Body,Coldwater,public-indicated,Public-land/property indicator or official property URL is present,Trout: Brook | Trout: Brown | Trout: Cutthroat | Trout: Rainbow | Trout: Snake River Cutthroat,Vega State Park,https://cpw.state.co.us/placestogo/Parks/vega,"https://www.google.com/search?q=""fishing report""+Vega Reservoir+""Mesa County""+Colorado",Easy,High,Yes,Yes,Motor boats,False,,39.21972583531707,-107.80268359730161,exact-name-unmapped,Vega Reservoir,,0,no-project-stocking-record-found
hold-likely-existing-water,Likely alias or coordinate/name match to a water already in the project,Vela Reservoir,Vela Reservoir,Vela Reservoir,92914,557,Delta,Water Body,Coldwater,public-indicated,Public-land/property indicator or official property URL is present,Trout: Brook | Trout: Cutthroat | Trout: Rainbow,Grand Mesa National Forest,https://www.fs.usda.gov/activity/gmug/recreation/fishing,"https://www.google.com/search?q=""fishing report""+Vela Reservoir+""Delta County""+Colorado",Easy,Medium,Yes,Yes,Non-motorized,False,,39.0631547198441,-107.86962674397695,exact-name-unmapped,Vela Reservoir,,0,no-project-stocking-record-found
hold-likely-existing-water,Likely alias or coordinate/name match to a water already in the project,Ward Creek,Ward Creek,Ward Creek,43947,1452,Delta,Stream or River,Coldwater,public-indicated,Public-land/property indicator or official property URL is present,Trout: Brook | Trout: Brown | Trout: Rainbow | Trout: Splake,Grand Mesa National Forest,https://www.fs.usda.gov/activity/gmug/recreation/fishing,"https://www.google.com/search?q=""fishing report""+Ward Creek+""Delta County""+Colorado",Easy,Medium,No,Yes,None,False,,39.02893636950187,-107.99702603765805,exact-name-unmapped,Ward Creek,,0,no-project-stocking-record-found
hold-likely-existing-water,Likely alias or coordinate/name match to a water already in the project,Watson Lake,Watson Lake,Watson Lake,56881,97,Larimer,Water Body,Mixed coldwater/warmwater,public-indicated,Public-land/property indicator or official property URL is present,Bass: Smallmouth | Perch: Yellow | Trout: Brown,Bellevue-Watson SFU,https://cpw.state.co.us/swa/Bellvue-Watson%20SFU%20(Hatchery),"https://www.google.com/search?q=""fishing report""+Watson Lake+""Larimer County""+Colorado",Easy,Medium,Yes,No,None,False,,40.636041478278855,-105.16957238549833,exact-name-unmapped,Watson Lake,,0,no-project-stocking-record-found
hold-likely-existing-water,Likely alias or coordinate/name match to a water already in the project,Watson Lake,Watson Lake,Watson Lake,58049,573,Arapahoe,Water Body,Warmwater,private-indicated,Name or property text contains a private-access indicator,Bass: Largemouth | Carp: Common | Crappie: Black | Sunfish: Bluegill,Centennial Golf Course,,"https://www.google.com/search?q=""fishing report""+Watson Lake+""Arapahoe County""+Colorado",Medium,Low,No,No,None,False,,39.61003969408784,-105.02535867516244,exact-name-unmapped,Watson Lake,,0,no-project-stocking-record-found
hold-likely-existing-water,Likely alias or coordinate/name match to a water already in the project,White River,White River,White River,22739,611,Rio Blanco,Stream or River,Coldwater,public-indicated,Public-land/property indicator or official property URL is present,Trout: Brown | Trout: Mountain Whitefish | Trout: Rainbow,Sleepy Cat Fishing Easement,https://cpw.state.co.us/thingstodo/Pages/Fishing.aspx,"https://www.google.com/search?q=""fishing report""+White River+""Rio Blanco County""+Colorado",Easy,Medium,No,No,None,False,,39.95098132309302,-107.68611681544219,exact-name-unmapped,White River,,0,no-project-stocking-record-found
hold-likely-existing-water,Likely alias or coordinate/name match to a water already in the project,Williams Creek Reservoir,Williams Creek Reservoir,Williams Creek Reservoir,93067,482,Hinsdale,Water Body,Coldwater,public-indicated,Public-land/property indicator or official property URL is present,Salmon: Kokanee | Trout: Brook | Trout: Cutbow | Trout: Cutthroat | Trout: Rainbow | Trout: Tiger,Williams Creek Reservoir SWA,https://cpw.state.co.us/swa/Williams%20Creek%20Reservoir%20SWA,"https://www.google.com/search?q=""fishing report""+Williams Creek Reservoir+""Hinsdale County""+Colorado",Easy,Medium,Yes,Yes,Motor boats,False,,37.51257013918718,-107.22087059457887,exact-name-unmapped,Williams Creek Reservoir,,0,no-project-stocking-record-found
hold-likely-existing-water,Likely alias or coordinate/name match to a water already in the project,Wonderland Lake,Wonderland Lake,Wonderland Lake,60727,81,Boulder,Water Body,Mixed coldwater/warmwater,public-indicated,Public-land/property indicator or official property URL is present,Bass: Largemouth | Catfish: Black Bullhead | Catfish: Channel | Crappie: Unspecified | Perch: Yellow | Pike: Tiger Muskie | Sunfish: Bluegill | Trout: Rainbow,Wonderland Lake,https://bouldercolorado.gov/services/fishing-osmp,"https://www.google.com/search?q=""fishing report""+Wonderland Lake+""Boulder County""+Colorado",Easy,Medium,Yes,No,None,False,,40.049997812011846,-105.28871528855589,exact-name-unmapped,Wonderland Lake,,0,no-project-stocking-record-found
hold-likely-existing-water,Likely alias or coordinate/name match to a water already in the project,Yamcolo Reservoir,Yamcolo Reservoir,Yamcolo Reservoir,72241,1028,Garfield,Water Body,Coldwater,public-indicated,Public-land/property indicator or official property URL is present,Trout: Brook | Trout: Brown | Trout: Mountain Whitefish | Trout: Rainbow,Routt National Forest,https://www.fs.usda.gov/activity/mbr/recreation/fishing,"https://www.google.com/search?q=""fishing report""+Yamcolo Reservoir+""Garfield County""+Colorado",Easy,Medium,Yes,Yes,Motor boats,False,,40.05208298332372,-107.05517313613241,exact-name-unmapped,Yamcolo Reservoir,,0,no-project-stocking-record-found
exclude-private-review,Private-access indicator requires proof of lawful public fishing access,"Boulder Creek, South","Boulder Creek, South","Boulder Creek, South",10304,1412,Boulder,Stream or River,Coldwater,private-indicated,Name or property text contains a private-access indicator,Trout: Brown | Trout: Rainbow,Walker Ranch,https://www.bouldercounty.org/open-space/parks-and-trails/walker-ranch/,"https://www.google.com/search?q=""fishing report""+Boulder Creek, South+""Boulder County""+Colorado",Medium,Unsure,No,No,None,False,,39.94032192544235,-105.3181445293533,,,,0,no-project-stocking-record-found
exclude-private-review,Private-access indicator requires proof of lawful public fishing access,"Brush Creek Lake, South Branch","Brush Creek Lake, South Branch","Brush Creek Lake, South Branch",83105,982,Custer,Water Body,Coldwater,private-indicated,Name or property text contains a private-access indicator,Trout: Cutthroat,Sangre De Cristo Wilderness Area,https://www.fs.usda.gov/activity/psicc/recreation/fishing,"https://www.google.com/search?q=""fishing report""+Brush Creek Lake, South Branch+""Custer County""+Colorado",Difficult,Low,No,No,Unsure,False,,38.19845640212934,-105.70795366871222,,,,0,no-project-stocking-record-found
exclude-private-review,Private-access indicator requires proof of lawful public fishing access,Flyin' B Pond,Flyin' B Pond,Flyin' B Pond,60328,1674,Douglas,Water Body,Warmwater,private-indicated,Name or property text contains a private-access indicator,Bass: Largemouth | Catfish: Channel | Sunfish: Bluegill,Fly'n B Park,https://highlandsranch.org/flyn-b-park/,"https://www.google.com/search?q=""fishing report""+Flyin' B Pond+""Douglas County""+Colorado",Easy,Medium,Yes,No,None,False,,39.56179831750917,-105.02385259389307,,,,0,no-project-stocking-record-found
exclude-private-review,Private-access indicator requires proof of lawful public fishing access,Fraser Pond #1,Fraser Pond #1,Fraser Pond #1,30056,1795,Grand,Water Body,Coldwater,private-indicated,Name or property text contains a private-access indicator,Trout: Brook | Trout: Cutbow | Trout: Cutthroat | Trout: Rainbow,Cozens Ranch Open Space,https://www.frasercolorado.com/238/Cozens-Ranch-Open-Space,"https://www.google.com/search?q=""fishing report""+Fraser Pond #1+""Grand County""+Colorado",Easy,Medium,Yes,Limited,Non-motorized,False,,39.93840996180092,-105.79724164810533,,,,0,no-project-stocking-record-found
exclude-private-review,Private-access indicator requires proof of lawful public fishing access,Fraser Pond #2,[Purposely Left Blank],Fraser Pond #2,20511,1782,Grand,Water Body,Coldwater,private-indicated,Name or property text contains a private-access indicator,Trout: Brook | Trout: Cutbow | Trout: Rainbow,Cozens Ranch Open Space,https://www.frasercolorado.com/238/Cozens-Ranch-Open-Space,"https://www.google.com/search?q=""fishing report""+Fraser Pond #2+""Grand County""+Colorado",Easy,Medium,Yes,Limited,Non-motorized,False,,39.93958676781345,-105.80024675168258,,,,0,no-project-stocking-record-found
exclude-private-review,Private-access indicator requires proof of lawful public fishing access,Haxtun Gun Club Lake,Haxtun Gun Club Lake,Haxtun Gun Club Lake,52886,819,Phillips,Water Body,Warmwater,private-indicated,Name or property text contains a private-access indicator,Bass: Largemouth | Catfish: Channel | Sunfish: Bluegill | Sunfish: Green | Sunfish: Redear,Haxtun Municipal Park,https://www.mountaintravelguide.com/Colorado/Phillips/Hiking/HaxtunMunicipalParkTrail.htm,"https://www.google.com/search?q=""fishing report""+Haxtun Gun Club Lake+""Phillips County""+Colorado",Easy,Medium,Yes,No,None,False,,40.621321083254415,-102.64281578972529,,,,0,no-project-stocking-record-found
exclude-private-review,Private-access indicator requires proof of lawful public fishing access,Johnny's Pond,Johnny's Pond,Johnny's Pond,54307,1682,Douglas,Water Body,Warmwater,private-indicated,Name or property text contains a private-access indicator,Catfish: Channel,Highlands Ranch Open Space,https://www.highlandsranch.org/explore/fishing-ponds,"https://www.google.com/search?q=""fishing report""+Johnny's Pond+""Douglas County""+Colorado",Easy,Low,No,No,None,False,,39.56278021327354,-105.0307932499677,,,,0,no-project-stocking-record-found
exclude-private-review,Private-access indicator requires proof of lawful public fishing access,"Ranch Pond, Lower","Ranch Pond, Lower","Ranch Pond, Lower",57795,247,Jefferson,Water Body,Warmwater,private-indicated,Name or property text contains a private-access indicator,Bass: Largemouth | Catfish: Channel | Sunfish: Bluegill,Golden Gate Canyon State Park,https://cpw.state.co.us/placestogo/Parks/goldengatecanyon,"https://www.google.com/search?q=""fishing report""+Ranch Pond, Lower+""Jefferson County""+Colorado",Easy,Low,No,No,None,False,,39.84726586667196,-105.36067940501844,,,,0,no-project-stocking-record-found
exclude-private-review,Private-access indicator requires proof of lawful public fishing access,"Ranch Pond, Upper","Ranch Pond, Upper","Ranch Pond, Upper",57794,554,Jefferson,Water Body,Warmwater,private-indicated,Name or property text contains a private-access indicator,Bass: Largemouth | Catfish: Channel | Sunfish: Bluegill,Golden Gate Canyon State Park,https://cpw.state.co.us/placestogo/Parks/goldengatecanyon,"https://www.google.com/search?q=""fishing report""+Ranch Pond, Upper+""Jefferson County""+Colorado",Easy,Low,No,No,None,False,,39.847302037257144,-105.36370302107707,,,,0,no-project-stocking-record-found
exclude-private-review,Private-access indicator requires proof of lawful public fishing access,Tamarack Ranch Pond,Tamarack Ranch Pond,Tamarack Ranch Pond,53544,1688,Logan,Water Body,Warmwater,private-indicated,Name or property text contains a private-access indicator,Bass: Largemouth | Carp: Common | Catfish: Channel | Sunfish: Bluegill | Sunfish: Green | Sunfish: Redear,Tamarack Ranch SWA,https://cpw.state.co.us/swa/Tamarack%20Ranch%20SWA,"https://www.google.com/search?q=""fishing report""+Tamarack Ranch Pond+""Logan County""+Colorado",Medium,Medium,No,Yes,Non-motorized,False,,40.85467685870878,-102.72601423353778,,,,0,no-project-stocking-record-found
exclude-private-review,Private-access indicator requires proof of lawful public fishing access,"Tenmile Creek, West","Tenmile Creek, West","Tenmile Creek, West",22335,1766,Summit,Stream or River,Coldwater,private-indicated,Name or property text contains a private-access indicator,Trout: Brook | Trout: Brown,Copper Mountain Resort,https://www.coppercolorado.com/,"https://www.google.com/search?q=""fishing report""+Tenmile Creek, West+""Summit County""+Colorado",Easy,Medium,Yes,No,None,False,,39.499640397600054,-106.16178998291007,,,,0,no-project-stocking-record-found
